/*******************************************************************************
 * Size: 20 px
 * Bpp: 4
 * Opts: --font /fonts/WristFlowSans-Regular.ttf -o /fonts/body_20_data.c --size 20 --bpp 4 --format lvgl --no-compress --symbols 布局列表三多组件编辑保存中失败稍后重试是否删除当前小完成退出将不再确认新增选择页面？月日周二步心率次分最近测量今日活动距离目标千米系统状态电池蓝牙已连接未充电运行时间控制中心勿扰手筒常亮设置小时钟关闭开启分钟数完成度秒表应用简洁扩散返回暂停继续开始重置已选显示盘度即将推出血氧压力活力指标计步站立天气睡眠闹钟供未接入传感器功能等待手机同步暂无数据，管理与声音振动模式消息通知按键关于屏幕自定义熄屏抬腕暂开放允许更换进入过长会减少续航确定使用本仅生效到恢复尚硬件提醒可短打开或首次唤助手以下操作机出厂固版本设备黄山派校实际容量核实识别变持暗。/ --range 0x20-0x7e
 ******************************************************************************/

#ifdef __has_include
    #if __has_include("lvgl.h")
        #ifndef LV_LVGL_H_INCLUDE_SIMPLE
            #define LV_LVGL_H_INCLUDE_SIMPLE
        #endif
    #endif
#endif

#ifdef LV_LVGL_H_INCLUDE_SIMPLE
    #include "lvgl.h"
#else
    #include "lvgl/lvgl.h"
#endif



#ifndef BODY_20_DATA
#define BODY_20_DATA 1
#endif

#if BODY_20_DATA

/*-----------------
 *    BITMAPS
 *----------------*/

/*Store the image of the glyphs*/
static LV_ATTRIBUTE_LARGE_CONST const uint8_t glyph_bitmap[] = {
    /* U+0020 " " */

    /* U+0021 "!" */
    0x0b, 0xf2, 0x0a, 0xf1, 0x0a, 0xf1, 0x09, 0xf0,
    0x09, 0xf0, 0x08, 0xf0, 0x08, 0xf0, 0x07, 0xf0,
    0x07, 0xe0, 0x07, 0xe0, 0x02, 0x60, 0x07, 0xa1,
    0x1f, 0xf8, 0x0b, 0xe3,

    /* U+0022 "\"" */
    0x3f, 0xb0, 0x4f, 0xa2, 0xfb, 0x03, 0xfa, 0x1f,
    0xa0, 0x2f, 0x90, 0xf8, 0x01, 0xf7, 0x0e, 0x70,
    0x0f, 0x50, 0x94, 0x00, 0x93,

    /* U+0023 "#" */
    0x00, 0x04, 0xe0, 0x02, 0xf1, 0x00, 0x00, 0x7b,
    0x00, 0x4e, 0x00, 0x00, 0x0a, 0x80, 0x07, 0xb0,
    0x00, 0xcf, 0xff, 0xff, 0xff, 0xf7, 0x02, 0x3e,
    0x73, 0x3c, 0x93, 0x10, 0x00, 0xf2, 0x00, 0xd5,
    0x00, 0x00, 0x1f, 0x10, 0x0f, 0x30, 0x00, 0x04,
    0xf0, 0x01, 0xf2, 0x00, 0x3f, 0xff, 0xff, 0xff,
    0xff, 0x00, 0x39, 0xc3, 0x37, 0xe3, 0x30, 0x00,
    0x99, 0x00, 0x6c, 0x00, 0x00, 0x0b, 0x80, 0x08,
    0xa0, 0x00, 0x00, 0xd6, 0x00, 0xa8, 0x00, 0x00,
    0x0e, 0x40, 0x0c, 0x60, 0x00,

    /* U+0024 "$" */
    0x00, 0x00, 0xf4, 0x00, 0x00, 0x00, 0x0f, 0x40,
    0x00, 0x00, 0x00, 0xf4, 0x00, 0x00, 0x07, 0xdf,
    0xfb, 0x20, 0x09, 0xfd, 0x89, 0xef, 0x31, 0xfc,
    0x00, 0x00, 0x70, 0x4f, 0x80, 0x00, 0x00, 0x02,
    0xfc, 0x00, 0x00, 0x00, 0x09, 0xfb, 0x20, 0x00,
    0x00, 0x07, 0xff, 0xa2, 0x00, 0x00, 0x01, 0x8f,
    0xf7, 0x00, 0x00, 0x00, 0x1d, 0xf4, 0x00, 0x00,
    0x00, 0x2f, 0xb0, 0x00, 0x00, 0x00, 0xfc, 0x48,
    0x00, 0x00, 0x5f, 0x97, 0xfe, 0x98, 0xaf, 0xe1,
    0x03, 0xae, 0xfe, 0xa2, 0x00, 0x00, 0x0f, 0x40,
    0x00, 0x00, 0x00, 0xf4, 0x00, 0x00,

    /* U+0025 "%" */
    0x00, 0x9f, 0xfb, 0x10, 0x00, 0x00, 0xa9, 0x00,
    0x00, 0x09, 0xe4, 0x2c, 0xd0, 0x00, 0x03, 0xe1,
    0x00, 0x00, 0x0f, 0x60, 0x02, 0xf3, 0x00, 0x0d,
    0x60, 0x00, 0x00, 0x3f, 0x30, 0x00, 0xf6, 0x00,
    0x6d, 0x00, 0x00, 0x00, 0x3f, 0x20, 0x00, 0xf6,
    0x01, 0xe4, 0x00, 0x00, 0x00, 0x1f, 0x50, 0x02,
    0xf4, 0x09, 0xa0, 0x5d, 0xeb, 0x20, 0x0a, 0xd1,
    0x0b, 0xd0, 0x2f, 0x24, 0xf6, 0x3b, 0xd0, 0x01,
    0xbf, 0xfd, 0x20, 0xb8, 0x0b, 0xa0, 0x01, 0xf5,
    0x00, 0x01, 0x10, 0x04, 0xe0, 0x0e, 0x60, 0x00,
    0xc9, 0x00, 0x00, 0x00, 0x0d, 0x50, 0x0f, 0x50,
    0x00, 0xba, 0x00, 0x00, 0x00, 0x7c, 0x00, 0x0f,
    0x60, 0x00, 0xc9, 0x00, 0x00, 0x01, 0xf3, 0x00,
    0x0b, 0xa0, 0x00, 0xf5, 0x00, 0x00, 0x09, 0xa0,
    0x00, 0x04, 0xf6, 0x2a, 0xe0, 0x00, 0x00, 0x3f,
    0x10, 0x00, 0x00, 0x6e, 0xfc, 0x20,

    /* U+0026 "&" */
    0x00, 0x01, 0xaf, 0xfa, 0x10, 0x00, 0x00, 0x00,
    0x0d, 0xe5, 0x6f, 0xa0, 0x00, 0x00, 0x00, 0x4f,
    0x50, 0x0a, 0xe0, 0x00, 0x00, 0x00, 0x5f, 0x30,
    0x0c, 0xb0, 0x00, 0x00, 0x00, 0x2f, 0x70, 0x8f,
    0x30, 0x00, 0x00, 0x00, 0x0c, 0xdc, 0xe3, 0x00,
    0x00, 0x00, 0x00, 0x0a, 0xfd, 0x10, 0x00, 0x05,
    0x80, 0x01, 0xcf, 0xcf, 0x30, 0x00, 0x0f, 0xb0,
    0x0b, 0xf3, 0x0d, 0xe2, 0x00, 0x6f, 0x40, 0x2f,
    0x90, 0x01, 0xee, 0x31, 0xec, 0x00, 0x4f, 0x80,
    0x00, 0x2d, 0xfd, 0xf2, 0x00, 0x1f, 0xe1, 0x00,
    0x03, 0xff, 0xc2, 0x00, 0x07, 0xfe, 0x87, 0x9f,
    0xf9, 0xff, 0xa1, 0x00, 0x5c, 0xff, 0xd9, 0x10,
    0x18, 0xd0,

    /* U+0027 "'" */
    0x3f, 0xb2, 0xfb, 0x1f, 0xa0, 0xf8, 0x0e, 0x70,
    0x94,

    /* U+0028 "(" */
    0x00, 0x00, 0x00, 0x00, 0x9a, 0x00, 0x2f, 0x40,
    0x09, 0xd0, 0x00, 0xf6, 0x00, 0x5f, 0x10, 0x0a,
    0xd0, 0x00, 0xda, 0x00, 0x0f, 0x80, 0x01, 0xf6,
    0x00, 0x2f, 0x50, 0x02, 0xf6, 0x00, 0x1f, 0x70,
    0x00, 0xf8, 0x00, 0x0c, 0xb0, 0x00, 0x9e, 0x00,
    0x04, 0xf3, 0x00, 0x0e, 0x80, 0x00, 0x7e, 0x00,
    0x01, 0xe6, 0x00, 0x06, 0x70,

    /* U+0029 ")" */
    0x00, 0x00, 0x00, 0xd5, 0x00, 0x08, 0xe0, 0x00,
    0x1f, 0x60, 0x00, 0xac, 0x00, 0x05, 0xf2, 0x00,
    0x1f, 0x60, 0x00, 0xe9, 0x00, 0x0b, 0xc0, 0x00,
    0xad, 0x00, 0x09, 0xe0, 0x00, 0x9e, 0x00, 0x0a,
    0xd0, 0x00, 0xcb, 0x00, 0x0e, 0x90, 0x02, 0xf5,
    0x00, 0x6f, 0x10, 0x0c, 0xa0, 0x02, 0xf4, 0x00,
    0xac, 0x00, 0x0a, 0x30, 0x00,

    /* U+002A "*" */
    0x00, 0x0e, 0x30, 0x00, 0x00, 0x0f, 0x50, 0x10,
    0x8f, 0xbf, 0xde, 0xd0, 0x05, 0xdf, 0xf7, 0x10,
    0x01, 0xed, 0xf5, 0x00, 0x09, 0xd0, 0x8e, 0x00,
    0x01, 0x10, 0x03, 0x00,

    /* U+002B "+" */
    0x00, 0x00, 0x2f, 0x40, 0x00, 0x00, 0x00, 0x03,
    0xf4, 0x00, 0x00, 0x00, 0x00, 0x3f, 0x40, 0x00,
    0x00, 0x11, 0x14, 0xf5, 0x11, 0x10, 0x3f, 0xff,
    0xff, 0xff, 0xff, 0x51, 0x44, 0x46, 0xf7, 0x44,
    0x41, 0x00, 0x00, 0x3f, 0x40, 0x00, 0x00, 0x00,
    0x03, 0xf4, 0x00, 0x00, 0x00, 0x00, 0x3f, 0x40,
    0x00, 0x00, 0x00, 0x03, 0xf4, 0x00, 0x00,

    /* U+002C "," */
    0x07, 0x50, 0x7f, 0xf3, 0x3e, 0xf6, 0x00, 0xf5,
    0x07, 0xe0, 0x9f, 0x40, 0x62, 0x00,

    /* U+002D "-" */
    0x01, 0x11, 0x11, 0x01, 0xff, 0xff, 0xf1, 0x04,
    0x44, 0x44, 0x00,

    /* U+002E "." */
    0x1a, 0x70, 0x8f, 0xf1, 0x3e, 0xb0,

    /* U+002F "/" */
    0x00, 0x00, 0x00, 0xe6, 0x00, 0x00, 0x04, 0xf1,
    0x00, 0x00, 0x09, 0xc0, 0x00, 0x00, 0x0e, 0x70,
    0x00, 0x00, 0x3f, 0x20, 0x00, 0x00, 0x8d, 0x00,
    0x00, 0x00, 0xd7, 0x00, 0x00, 0x02, 0xf2, 0x00,
    0x00, 0x07, 0xd0, 0x00, 0x00, 0x0c, 0x80, 0x00,
    0x00, 0x1f, 0x30, 0x00, 0x00, 0x6e, 0x00, 0x00,
    0x00, 0xb9, 0x00, 0x00, 0x01, 0xf4, 0x00, 0x00,
    0x05, 0xf0, 0x00, 0x00, 0x0a, 0xa0, 0x00, 0x00,
    0x0f, 0x50, 0x00, 0x00, 0x4f, 0x00, 0x00, 0x00,
    0x9b, 0x00, 0x00, 0x00,

    /* U+0030 "0" */
    0x00, 0x7d, 0xfe, 0x80, 0x00, 0x09, 0xfb, 0x7a,
    0xfb, 0x00, 0x3f, 0xb0, 0x00, 0x9f, 0x40, 0x9f,
    0x30, 0x00, 0x1f, 0xb0, 0xcf, 0x00, 0x00, 0x0d,
    0xe0, 0xed, 0x00, 0x00, 0x0b, 0xf0, 0xfc, 0x00,
    0x00, 0x0a, 0xf1, 0xfc, 0x00, 0x00, 0x0a, 0xf1,
    0xed, 0x00, 0x00, 0x0b, 0xf0, 0xcf, 0x00, 0x00,
    0x0d, 0xe0, 0x8f, 0x30, 0x00, 0x1f, 0xa0, 0x2f,
    0xb0, 0x00, 0x9f, 0x40, 0x08, 0xfc, 0x7b, 0xfa,
    0x00, 0x00, 0x6d, 0xfe, 0x80, 0x00,

    /* U+0031 "1" */
    0x00, 0x49, 0xfd, 0x00, 0x00, 0x9f, 0xff, 0xd0,
    0x00, 0x00, 0x11, 0xfd, 0x00, 0x00, 0x00, 0x0f,
    0xd0, 0x00, 0x00, 0x00, 0xfd, 0x00, 0x00, 0x00,
    0x0f, 0xd0, 0x00, 0x00, 0x00, 0xfd, 0x00, 0x00,
    0x00, 0x0f, 0xd0, 0x00, 0x00, 0x00, 0xfd, 0x00,
    0x00, 0x00, 0x0f, 0xd0, 0x00, 0x00, 0x00, 0xfd,
    0x00, 0x00, 0x00, 0x0f, 0xd0, 0x00, 0x18, 0x88,
    0xfe, 0x88, 0x63, 0xff, 0xff, 0xff, 0xfc,

    /* U+0032 "2" */
    0x00, 0x4c, 0xff, 0xd6, 0x00, 0x00, 0x9f, 0xc8,
    0x8d, 0xf9, 0x00, 0x0b, 0x70, 0x00, 0x0d, 0xf2,
    0x00, 0x00, 0x00, 0x00, 0x7f, 0x50, 0x00, 0x00,
    0x00, 0x07, 0xf5, 0x00, 0x00, 0x00, 0x00, 0xaf,
    0x20, 0x00, 0x00, 0x00, 0x1f, 0xc0, 0x00, 0x00,
    0x00, 0x0a, 0xf3, 0x00, 0x00, 0x00, 0x06, 0xf8,
    0x00, 0x00, 0x00, 0x05, 0xfb, 0x00, 0x00, 0x00,
    0x05, 0xfc, 0x00, 0x00, 0x00, 0x06, 0xfc, 0x00,
    0x00, 0x00, 0x09, 0xff, 0x77, 0x77, 0x77, 0x02,
    0xff, 0xff, 0xff, 0xff, 0xf1,

    /* U+0033 "3" */
    0x00, 0x4b, 0xff, 0xd8, 0x10, 0x08, 0xfd, 0x88,
    0xcf, 0xd0, 0x02, 0x60, 0x00, 0x0a, 0xf5, 0x00,
    0x00, 0x00, 0x06, 0xf7, 0x00, 0x00, 0x00, 0x0a,
    0xf3, 0x00, 0x00, 0x24, 0xaf, 0x80, 0x00, 0x07,
    0xff, 0xf7, 0x00, 0x00, 0x02, 0x57, 0xbf, 0xb0,
    0x00, 0x00, 0x00, 0x06, 0xf9, 0x00, 0x00, 0x00,
    0x00, 0xfe, 0x00, 0x00, 0x00, 0x00, 0xff, 0x1c,
    0x40, 0x00, 0x06, 0xfb, 0x1c, 0xfc, 0x88, 0xbf,
    0xe2, 0x00, 0x6c, 0xff, 0xe9, 0x10,

    /* U+0034 "4" */
    0x00, 0x00, 0x00, 0xdf, 0x80, 0x00, 0x00, 0x00,
    0x8f, 0xf8, 0x00, 0x00, 0x00, 0x3f, 0xaf, 0x80,
    0x00, 0x00, 0x0d, 0xe3, 0xf8, 0x00, 0x00, 0x08,
    0xf5, 0x3f, 0x80, 0x00, 0x03, 0xfa, 0x03, 0xf8,
    0x00, 0x00, 0xde, 0x00, 0x3f, 0x80, 0x00, 0x8f,
    0x40, 0x03, 0xf8, 0x00, 0x3f, 0xa2, 0x22, 0x4f,
    0x92, 0x19, 0xff, 0xff, 0xff, 0xff, 0xf7, 0x35,
    0x55, 0x55, 0x7f, 0xa5, 0x20, 0x00, 0x00, 0x03,
    0xf8, 0x00, 0x00, 0x00, 0x00, 0x3f, 0x80, 0x00,
    0x00, 0x00, 0x03, 0xf8, 0x00,

    /* U+0035 "5" */
    0x00, 0xdf, 0xff, 0xff, 0xf5, 0x00, 0x0e, 0xe8,
    0x88, 0x88, 0x20, 0x00, 0xfb, 0x00, 0x00, 0x00,
    0x00, 0x0f, 0x90, 0x00, 0x00, 0x00, 0x02, 0xf8,
    0x01, 0x00, 0x00, 0x00, 0x3f, 0xdf, 0xff, 0xc3,
    0x00, 0x02, 0xea, 0x55, 0x9f, 0xf3, 0x00, 0x00,
    0x00, 0x00, 0x5f, 0xc0, 0x00, 0x00, 0x00, 0x00,
    0xef, 0x00, 0x00, 0x00, 0x00, 0x0d, 0xf0, 0x00,
    0x00, 0x00, 0x00, 0xfe, 0x01, 0xb3, 0x00, 0x00,
    0x9f, 0x80, 0x2d, 0xfc, 0x88, 0xdf, 0xc0, 0x00,
    0x06, 0xcf, 0xfd, 0x70, 0x00,

    /* U+0036 "6" */
    0x00, 0x19, 0xef, 0xe9, 0x10, 0x02, 0xef, 0xa8,
    0x9f, 0xb0, 0x0c, 0xf3, 0x00, 0x01, 0x10, 0x4f,
    0x80, 0x00, 0x00, 0x00, 0x9f, 0x20, 0x00, 0x00,
    0x00, 0xcf, 0x1a, 0xff, 0xe7, 0x00, 0xdf, 0xea,
    0x55, 0xcf, 0x70, 0xdf, 0x50, 0x00, 0x0e, 0xf0,
    0xde, 0x00, 0x00, 0x09, 0xf2, 0xaf, 0x00, 0x00,
    0x08, 0xf3, 0x6f, 0x50, 0x00, 0x0a, 0xf1, 0x1e,
    0xd0, 0x00, 0x2f, 0xc0, 0x05, 0xfd, 0x78, 0xef,
    0x30, 0x00, 0x4b, 0xff, 0xb2, 0x00,

    /* U+0037 "7" */
    0x0f, 0xff, 0xff, 0xff, 0xff, 0x20, 0x88, 0x88,
    0x88, 0x9f, 0xc0, 0x00, 0x00, 0x00, 0x09, 0xf2,
    0x00, 0x00, 0x00, 0x03, 0xf6, 0x00, 0x00, 0x00,
    0x00, 0xcd, 0x00, 0x00, 0x00, 0x00, 0x4f, 0x60,
    0x00, 0x00, 0x00, 0x0b, 0xf0, 0x00, 0x00, 0x00,
    0x00, 0xfb, 0x00, 0x00, 0x00, 0x00, 0x5f, 0x70,
    0x00, 0x00, 0x00, 0x08, 0xf4, 0x00, 0x00, 0x00,
    0x00, 0xbf, 0x20, 0x00, 0x00, 0x00, 0x0d, 0xf0,
    0x00, 0x00, 0x00, 0x00, 0xff, 0x00, 0x00, 0x00,
    0x00, 0x0f, 0xe0, 0x00, 0x00,

    /* U+0038 "8" */
    0x00, 0x08, 0xdf, 0xea, 0x20, 0x00, 0x0b, 0xf9,
    0x58, 0xfe, 0x10, 0x03, 0xf9, 0x00, 0x04, 0xf7,
    0x00, 0x5f, 0x40, 0x00, 0x0f, 0xa0, 0x02, 0xf7,
    0x00, 0x00, 0xf7, 0x00, 0x09, 0xf3, 0x00, 0x5e,
    0x10, 0x00, 0x0b, 0xfa, 0x5d, 0x30, 0x00, 0x09,
    0xe4, 0x8e, 0xf8, 0x00, 0x08, 0xf2, 0x00, 0x09,
    0xf9, 0x00, 0xfa, 0x00, 0x00, 0x0c, 0xf1, 0x1f,
    0x90, 0x00, 0x00, 0x9f, 0x20, 0xde, 0x10, 0x00,
    0x0d, 0xf0, 0x04, 0xfe, 0x85, 0x7d, 0xf6, 0x00,
    0x02, 0xae, 0xff, 0xb4, 0x00,

    /* U+0039 "9" */
    0x00, 0x2b, 0xff, 0xc5, 0x00, 0x00, 0x3f, 0xe8,
    0x7c, 0xf7, 0x00, 0x0c, 0xf2, 0x00, 0x0a, 0xf3,
    0x01, 0xfa, 0x00, 0x00, 0x2f, 0x90, 0x1f, 0x90,
    0x00, 0x00, 0xdd, 0x00, 0xfd, 0x00, 0x00, 0x1e,
    0xf0, 0x09, 0xfa, 0x21, 0x6e, 0xef, 0x00, 0x09,
    0xff, 0xfe, 0x4b, 0xf0, 0x00, 0x01, 0x33, 0x00,
    0xdd, 0x00, 0x00, 0x00, 0x00, 0x1f, 0xb0, 0x00,
    0x00, 0x00, 0x06, 0xf5, 0x00, 0x14, 0x00, 0x02,
    0xee, 0x00, 0x09, 0xfb, 0x8a, 0xff, 0x30, 0x00,
    0x07, 0xdf, 0xea, 0x20, 0x00,

    /* U+003A ":" */
    0x3e, 0xb0, 0x8f, 0xf1, 0x2b, 0x70, 0x00, 0x00,
    0x00, 0x00, 0x00, 0x00, 0x00, 0x00, 0x00, 0x00,
    0x1a, 0x70, 0x8f, 0xf1, 0x3e, 0xb0,

    /* U+003B ";" */
    0x3e, 0xb0, 0x8f, 0xf1, 0x2b, 0x70, 0x00, 0x00,
    0x00, 0x00, 0x00, 0x00, 0x00, 0x00, 0x00, 0x00,
    0x07, 0x50, 0x7f, 0xf3, 0x3e, 0xf6, 0x00, 0xf5,
    0x07, 0xe0, 0x9f, 0x40, 0x62, 0x00,

    /* U+003C "<" */
    0x00, 0x00, 0x00, 0x00, 0x16, 0x40, 0x00, 0x00,
    0x04, 0xaf, 0xf5, 0x00, 0x01, 0x7d, 0xfd, 0x71,
    0x00, 0x5b, 0xfe, 0x93, 0x00, 0x00, 0x3f, 0xe5,
    0x00, 0x00, 0x00, 0x01, 0xaf, 0xe9, 0x30, 0x00,
    0x00, 0x00, 0x17, 0xdf, 0xd8, 0x20, 0x00, 0x00,
    0x00, 0x39, 0xff, 0xc3, 0x00, 0x00, 0x00, 0x00,
    0x6c, 0x50, 0x00, 0x00, 0x00, 0x00, 0x00,

    /* U+003D "=" */
    0x3f, 0xff, 0xff, 0xff, 0xff, 0x51, 0x55, 0x55,
    0x55, 0x55, 0x52, 0x00, 0x00, 0x00, 0x00, 0x00,
    0x00, 0x00, 0x00, 0x00, 0x00, 0x00, 0x01, 0x11,
    0x11, 0x11, 0x11, 0x03, 0xff, 0xff, 0xff, 0xff,
    0xf5, 0x14, 0x44, 0x44, 0x44, 0x44, 0x10,

    /* U+003E ">" */
    0x27, 0x10, 0x00, 0x00, 0x00, 0x03, 0xff, 0xb5,
    0x00, 0x00, 0x00, 0x01, 0x7c, 0xfe, 0x82, 0x00,
    0x00, 0x00, 0x02, 0x8e, 0xfc, 0x50, 0x00, 0x00,
    0x00, 0x04, 0xef, 0x50, 0x00, 0x00, 0x38, 0xef,
    0xb2, 0x00, 0x17, 0xdf, 0xe8, 0x10, 0x01, 0xbf,
    0xfa, 0x40, 0x00, 0x00, 0x3d, 0x71, 0x00, 0x00,
    0x00, 0x00, 0x00, 0x00, 0x00, 0x00, 0x00,

    /* U+003F "?" */
    0x00, 0x7d, 0xfe, 0xa2, 0x00, 0xcf, 0xa8, 0xbf,
    0xe0, 0x04, 0x20, 0x00, 0x9f, 0x50, 0x00, 0x00,
    0x06, 0xf6, 0x00, 0x00, 0x00, 0xbf, 0x10, 0x00,
    0x00, 0x7f, 0x60, 0x00, 0x00, 0x6f, 0x80, 0x00,
    0x00, 0x1f, 0xb0, 0x00, 0x00, 0x06, 0xf4, 0x00,
    0x00, 0x00, 0x49, 0x10, 0x00, 0x00, 0x00, 0x00,
    0x00, 0x00, 0x00, 0x5b, 0x30, 0x00, 0x00, 0x0d,
    0xfb, 0x00, 0x00, 0x00, 0x8f, 0x60, 0x00,

    /* U+0040 "@" */
    0x00, 0x00, 0x02, 0x8c, 0xff, 0xec, 0x71, 0x00,
    0x00, 0x00, 0x09, 0xfc, 0x74, 0x34, 0x8e, 0xe4,
    0x00, 0x00, 0x1d, 0xd4, 0x00, 0x00, 0x00, 0x09,
    0xf3, 0x00, 0x0d, 0xc1, 0x00, 0x00, 0x00, 0x00,
    0x0a, 0xd0, 0x09, 0xe1, 0x00, 0x00, 0x00, 0x00,
    0x00, 0x1f, 0x51, 0xf6, 0x00, 0x03, 0xcf, 0xe6,
    0xf0, 0x00, 0xb9, 0x7e, 0x00, 0x03, 0xfb, 0x46,
    0xfd, 0x00, 0x08, 0xbb, 0xa0, 0x00, 0xcc, 0x00,
    0x0c, 0xa0, 0x00, 0x8c, 0xd8, 0x00, 0x3f, 0x40,
    0x00, 0xf7, 0x00, 0x09, 0xbd, 0x70, 0x06, 0xf1,
    0x00, 0x1f, 0x30, 0x00, 0xd7, 0xd8, 0x00, 0x6f,
    0x10, 0x05, 0xf1, 0x00, 0x5f, 0x2a, 0xb0, 0x03,
    0xf8, 0x04, 0xdf, 0x70, 0x5f, 0x70, 0x5f, 0x10,
    0x07, 0xff, 0xd2, 0x8f, 0xff, 0x60, 0x00, 0xea,
    0x00, 0x01, 0x20, 0x00, 0x12, 0x00, 0x00, 0x04,
    0xf9, 0x00, 0x00, 0x00, 0x00, 0x00, 0x00, 0x00,
    0x04, 0xee, 0x72, 0x00, 0x25, 0xa0, 0x00, 0x00,
    0x00, 0x01, 0x8d, 0xff, 0xff, 0xd7, 0x00, 0x00,
    0x00, 0x00, 0x00, 0x01, 0x22, 0x00, 0x00, 0x00,
    0x00,

    /* U+0041 "A" */
    0x00, 0x00, 0x2f, 0xf4, 0x00, 0x00, 0x00, 0x00,
    0x07, 0xfe, 0xa0, 0x00, 0x00, 0x00, 0x00, 0xda,
    0x9f, 0x00, 0x00, 0x00, 0x00, 0x3f, 0x54, 0xf5,
    0x00, 0x00, 0x00, 0x08, 0xf1, 0x0f, 0xb0, 0x00,
    0x00, 0x00, 0xeb, 0x00, 0xaf, 0x10, 0x00, 0x00,
    0x4f, 0x60, 0x05, 0xf6, 0x00, 0x00, 0x09, 0xf3,
    0x22, 0x2f, 0xc0, 0x00, 0x00, 0xff, 0xff, 0xff,
    0xff, 0x10, 0x00, 0x5f, 0x95, 0x55, 0x58, 0xf7,
    0x00, 0x0a, 0xf1, 0x00, 0x00, 0x0f, 0xd0, 0x01,
    0xfc, 0x00, 0x00, 0x00, 0xbf, 0x30, 0x6f, 0x60,
    0x00, 0x00, 0x05, 0xf8, 0x0b, 0xf1, 0x00, 0x00,
    0x00, 0x1f, 0xe0,

    /* U+0042 "B" */
    0xff, 0xff, 0xfe, 0xc7, 0x00, 0x0f, 0xe7, 0x77,
    0x8d, 0xfc, 0x00, 0xfd, 0x00, 0x00, 0x0b, 0xf4,
    0x0f, 0xd0, 0x00, 0x00, 0x7f, 0x60, 0xfd, 0x00,
    0x00, 0x0a, 0xf3, 0x0f, 0xe1, 0x11, 0x39, 0xfa,
    0x00, 0xff, 0xff, 0xff, 0xfb, 0x10, 0x0f, 0xe4,
    0x44, 0x58, 0xef, 0x40, 0xfd, 0x00, 0x00, 0x01,
    0xee, 0x0f, 0xd0, 0x00, 0x00, 0x09, 0xf3, 0xfd,
    0x00, 0x00, 0x00, 0xaf, 0x2f, 0xd0, 0x00, 0x00,
    0x4f, 0xe0, 0xfe, 0x77, 0x78, 0xcf, 0xf3, 0x0f,
    0xff, 0xff, 0xfd, 0x81, 0x00,

    /* U+0043 "C" */
    0x00, 0x03, 0xae, 0xfe, 0xa3, 0x00, 0x00, 0x8f,
    0xfc, 0xab, 0xff, 0x50, 0x07, 0xfd, 0x20, 0x00,
    0x19, 0x10, 0x1f, 0xe1, 0x00, 0x00, 0x00, 0x00,
    0x7f, 0x70, 0x00, 0x00, 0x00, 0x00, 0xbf, 0x30,
    0x00, 0x00, 0x00, 0x00, 0xdf, 0x10, 0x00, 0x00,
    0x00, 0x00, 0xdf, 0x10, 0x00, 0x00, 0x00, 0x00,
    0xbf, 0x30, 0x00, 0x00, 0x00, 0x00, 0x8f, 0x70,
    0x00, 0x00, 0x00, 0x00, 0x2f, 0xe1, 0x00, 0x00,
    0x00, 0x00, 0x08, 0xfc, 0x20, 0x00, 0x1a, 0x90,
    0x00, 0x9f, 0xfb, 0x9b, 0xff, 0x70, 0x00, 0x04,
    0xbe, 0xfe, 0xb3, 0x00,

    /* U+0044 "D" */
    0xff, 0xff, 0xfd, 0x92, 0x00, 0x0f, 0xe7, 0x78,
    0xcf, 0xf7, 0x00, 0xfd, 0x00, 0x00, 0x3e, 0xf6,
    0x0f, 0xd0, 0x00, 0x00, 0x2f, 0xe0, 0xfd, 0x00,
    0x00, 0x00, 0xaf, 0x4f, 0xd0, 0x00, 0x00, 0x07,
    0xf7, 0xfd, 0x00, 0x00, 0x00, 0x5f, 0x8f, 0xd0,
    0x00, 0x00, 0x05, 0xf8, 0xfd, 0x00, 0x00, 0x00,
    0x7f, 0x7f, 0xd0, 0x00, 0x00, 0x0b, 0xf3, 0xfd,
    0x00, 0x00, 0x03, 0xfe, 0x0f, 0xd0, 0x00, 0x03,
    0xef, 0x50, 0xfe, 0x88, 0x9c, 0xff, 0x70, 0x0f,
    0xff, 0xff, 0xd9, 0x20, 0x00,

    /* U+0045 "E" */
    0xff, 0xff, 0xff, 0xff, 0x7f, 0xe8, 0x88, 0x88,
    0x83, 0xfd, 0x00, 0x00, 0x00, 0x0f, 0xd0, 0x00,
    0x00, 0x00, 0xfd, 0x00, 0x00, 0x00, 0x0f, 0xf9,
    0x99, 0x99, 0x30, 0xff, 0xff, 0xff, 0xf6, 0x0f,
    0xd0, 0x00, 0x00, 0x00, 0xfd, 0x00, 0x00, 0x00,
    0x0f, 0xd0, 0x00, 0x00, 0x00, 0xfd, 0x00, 0x00,
    0x00, 0x0f, 0xd0, 0x00, 0x00, 0x00, 0xff, 0x99,
    0x99, 0x99, 0x6f, 0xff, 0xff, 0xff, 0xfb,

    /* U+0046 "F" */
    0xff, 0xff, 0xff, 0xff, 0x7f, 0xe8, 0x88, 0x88,
    0x83, 0xfd, 0x00, 0x00, 0x00, 0x0f, 0xd0, 0x00,
    0x00, 0x00, 0xfd, 0x00, 0x00, 0x00, 0x0f, 0xd0,
    0x00, 0x00, 0x00, 0xff, 0xff, 0xff, 0xf7, 0x0f,
    0xe8, 0x88, 0x88, 0x30, 0xfd, 0x00, 0x00, 0x00,
    0x0f, 0xd0, 0x00, 0x00, 0x00, 0xfd, 0x00, 0x00,
    0x00, 0x0f, 0xd0, 0x00, 0x00, 0x00, 0xfd, 0x00,
    0x00, 0x00, 0x0f, 0xd0, 0x00, 0x00, 0x00,

    /* U+0047 "G" */
    0x00, 0x02, 0x9d, 0xff, 0xc6, 0x00, 0x00, 0x7f,
    0xfc, 0xaa, 0xdf, 0xb0, 0x07, 0xfd, 0x30, 0x00,
    0x05, 0x60, 0x1f, 0xf1, 0x00, 0x00, 0x00, 0x00,
    0x7f, 0x80, 0x00, 0x00, 0x00, 0x00, 0xbf, 0x30,
    0x00, 0x00, 0x00, 0x00, 0xdf, 0x10, 0x00, 0x48,
    0x88, 0x82, 0xdf, 0x10, 0x00, 0x8f, 0xff, 0xf4,
    0xbf, 0x30, 0x00, 0x00, 0x06, 0xf4, 0x8f, 0x70,
    0x00, 0x00, 0x06, 0xf4, 0x2f, 0xe1, 0x00, 0x00,
    0x06, 0xf4, 0x08, 0xfd, 0x20, 0x00, 0x08, 0xf4,
    0x00, 0x9f, 0xfc, 0x9a, 0xdf, 0xe2, 0x00, 0x03,
    0xae, 0xff, 0xc7, 0x00,

    /* U+0048 "H" */
    0xfd, 0x00, 0x00, 0x00, 0x4f, 0x9f, 0xd0, 0x00,
    0x00, 0x04, 0xf9, 0xfd, 0x00, 0x00, 0x00, 0x4f,
    0x9f, 0xd0, 0x00, 0x00, 0x04, 0xf9, 0xfd, 0x00,
    0x00, 0x00, 0x4f, 0x9f, 0xf9, 0x99, 0x99, 0x9b,
    0xf9, 0xff, 0xff, 0xff, 0xff, 0xff, 0x9f, 0xd0,
    0x00, 0x00, 0x04, 0xf9, 0xfd, 0x00, 0x00, 0x00,
    0x4f, 0x9f, 0xd0, 0x00, 0x00, 0x04, 0xf9, 0xfd,
    0x00, 0x00, 0x00, 0x4f, 0x9f, 0xd0, 0x00, 0x00,
    0x04, 0xf9, 0xfd, 0x00, 0x00, 0x00, 0x4f, 0x9f,
    0xd0, 0x00, 0x00, 0x04, 0xf9,

    /* U+0049 "I" */
    0xfd, 0xfd, 0xfd, 0xfd, 0xfd, 0xfd, 0xfd, 0xfd,
    0xfd, 0xfd, 0xfd, 0xfd, 0xfd, 0xfd,

    /* U+004A "J" */
    0x00, 0x00, 0x00, 0x1f, 0xc0, 0x00, 0x00, 0x01,
    0xfc, 0x00, 0x00, 0x00, 0x1f, 0xc0, 0x00, 0x00,
    0x01, 0xfc, 0x00, 0x00, 0x00, 0x1f, 0xc0, 0x00,
    0x00, 0x01, 0xfc, 0x00, 0x00, 0x00, 0x1f, 0xc0,
    0x00, 0x00, 0x01, 0xfc, 0x00, 0x00, 0x00, 0x1f,
    0xc0, 0x00, 0x00, 0x01, 0xfc, 0x00, 0x00, 0x00,
    0x2f, 0xb1, 0xc8, 0x00, 0x08, 0xf7, 0x0b, 0xfc,
    0x9c, 0xfe, 0x10, 0x07, 0xdf, 0xfa, 0x20,

    /* U+004B "K" */
    0xfd, 0x00, 0x00, 0x06, 0xfb, 0x0f, 0xd0, 0x00,
    0x04, 0xfc, 0x00, 0xfd, 0x00, 0x03, 0xfe, 0x10,
    0x0f, 0xd0, 0x01, 0xef, 0x20, 0x00, 0xfd, 0x00,
    0xdf, 0x40, 0x00, 0x0f, 0xd0, 0xbf, 0xb0, 0x00,
    0x00, 0xfd, 0xaf, 0xef, 0x40, 0x00, 0x0f, 0xff,
    0xa2, 0xfd, 0x00, 0x00, 0xff, 0xc0, 0x08, 0xf7,
    0x00, 0x0f, 0xe1, 0x00, 0x0e, 0xf2, 0x00, 0xfd,
    0x00, 0x00, 0x5f, 0xb0, 0x0f, 0xd0, 0x00, 0x00,
    0xbf, 0x50, 0xfd, 0x00, 0x00, 0x02, 0xfe, 0x0f,
    0xd0, 0x00, 0x00, 0x08, 0xf8,

    /* U+004C "L" */
    0xfd, 0x00, 0x00, 0x00, 0x0f, 0xd0, 0x00, 0x00,
    0x00, 0xfd, 0x00, 0x00, 0x00, 0x0f, 0xd0, 0x00,
    0x00, 0x00, 0xfd, 0x00, 0x00, 0x00, 0x0f, 0xd0,
    0x00, 0x00, 0x00, 0xfd, 0x00, 0x00, 0x00, 0x0f,
    0xd0, 0x00, 0x00, 0x00, 0xfd, 0x00, 0x00, 0x00,
    0x0f, 0xd0, 0x00, 0x00, 0x00, 0xfd, 0x00, 0x00,
    0x00, 0x0f, 0xd0, 0x00, 0x00, 0x00, 0xff, 0x99,
    0x99, 0x99, 0x2f, 0xff, 0xff, 0xff, 0xf4,

    /* U+004D "M" */
    0xff, 0x60, 0x00, 0x00, 0x03, 0xff, 0x3f, 0xfc,
    0x00, 0x00, 0x00, 0x9f, 0xf3, 0xfd, 0xf2, 0x00,
    0x00, 0x0e, 0xdf, 0x3f, 0x9f, 0x80, 0x00, 0x05,
    0xf8, 0xf3, 0xfa, 0x9e, 0x00, 0x00, 0xac, 0x6f,
    0x3f, 0xa3, 0xf4, 0x00, 0x1f, 0x67, 0xf3, 0xfb,
    0x0d, 0xa0, 0x06, 0xf1, 0x8f, 0x3f, 0xb0, 0x7f,
    0x10, 0xca, 0x08, 0xf3, 0xfb, 0x01, 0xf6, 0x2f,
    0x40, 0x8f, 0x3f, 0xb0, 0x0b, 0xc7, 0xe0, 0x08,
    0xf3, 0xfb, 0x00, 0x5f, 0xe8, 0x00, 0x8f, 0x3f,
    0xb0, 0x00, 0xef, 0x20, 0x08, 0xf3, 0xfb, 0x00,
    0x05, 0x70, 0x00, 0x8f, 0x3f, 0xb0, 0x00, 0x00,
    0x00, 0x08, 0xf3,

    /* U+004E "N" */
    0xff, 0x30, 0x00, 0x00, 0x5f, 0x7f, 0xfc, 0x00,
    0x00, 0x05, 0xf7, 0xfd, 0xf6, 0x00, 0x00, 0x5f,
    0x7f, 0x9b, 0xf1, 0x00, 0x05, 0xf7, 0xfa, 0x2f,
    0xa0, 0x00, 0x5f, 0x7f, 0xb0, 0x9f, 0x40, 0x05,
    0xf7, 0xfc, 0x01, 0xed, 0x00, 0x5f, 0x7f, 0xc0,
    0x06, 0xf7, 0x04, 0xf7, 0xfc, 0x00, 0x0c, 0xf1,
    0x4f, 0x7f, 0xc0, 0x00, 0x3f, 0xa3, 0xf7, 0xfc,
    0x00, 0x00, 0x9f, 0x5f, 0x7f, 0xc0, 0x00, 0x00,
    0xed, 0xf7, 0xfc, 0x00, 0x00, 0x05, 0xff, 0x7f,
    0xc0, 0x00, 0x00, 0x0c, 0xf7,

    /* U+004F "O" */
    0x00, 0x05, 0xbe, 0xfe, 0xa3, 0x00, 0x00, 0x0a,
    0xff, 0xba, 0xcf, 0xf8, 0x00, 0x09, 0xfc, 0x10,
    0x00, 0x2d, 0xf6, 0x02, 0xfe, 0x00, 0x00, 0x00,
    0x2f, 0xf0, 0x8f, 0x70, 0x00, 0x00, 0x00, 0x9f,
    0x5b, 0xf3, 0x00, 0x00, 0x00, 0x05, 0xf9, 0xdf,
    0x10, 0x00, 0x00, 0x00, 0x3f, 0xad, 0xf1, 0x00,
    0x00, 0x00, 0x03, 0xfa, 0xbf, 0x30, 0x00, 0x00,
    0x00, 0x5f, 0x98, 0xf7, 0x00, 0x00, 0x00, 0x0a,
    0xf5, 0x2f, 0xe1, 0x00, 0x00, 0x02, 0xfe, 0x00,
    0x8f, 0xc1, 0x00, 0x02, 0xdf, 0x60, 0x00, 0xaf,
    0xfb, 0x9b, 0xff, 0x80, 0x00, 0x00, 0x4b, 0xef,
    0xea, 0x30, 0x00,

    /* U+0050 "P" */
    0xff, 0xff, 0xfe, 0xc7, 0x00, 0xfe, 0x77, 0x79,
    0xdf, 0xc0, 0xfd, 0x00, 0x00, 0x0a, 0xf6, 0xfd,
    0x00, 0x00, 0x03, 0xfa, 0xfd, 0x00, 0x00, 0x03,
    0xfa, 0xfd, 0x00, 0x00, 0x08, 0xf7, 0xfe, 0x22,
    0x24, 0x9f, 0xe1, 0xff, 0xff, 0xff, 0xfa, 0x10,
    0xfe, 0x55, 0x53, 0x10, 0x00, 0xfd, 0x00, 0x00,
    0x00, 0x00, 0xfd, 0x00, 0x00, 0x00, 0x00, 0xfd,
    0x00, 0x00, 0x00, 0x00, 0xfd, 0x00, 0x00, 0x00,
    0x00, 0xfd, 0x00, 0x00, 0x00, 0x00,

    /* U+0051 "Q" */
    0x00, 0x05, 0xbe, 0xfe, 0xa3, 0x00, 0x00, 0x0a,
    0xff, 0xba, 0xcf, 0xf8, 0x00, 0x09, 0xfc, 0x10,
    0x00, 0x2d, 0xf6, 0x02, 0xfe, 0x00, 0x00, 0x00,
    0x2f, 0xf0, 0x8f, 0x70, 0x00, 0x00, 0x00, 0x9f,
    0x5b, 0xf3, 0x00, 0x00, 0x00, 0x05, 0xf9, 0xdf,
    0x10, 0x00, 0x00, 0x00, 0x3f, 0xad, 0xf1, 0x00,
    0x00, 0x00, 0x03, 0xfa, 0xbf, 0x30, 0x00, 0x00,
    0x00, 0x5f, 0x98, 0xf7, 0x00, 0x00, 0x00, 0x09,
    0xf5, 0x2f, 0xe0, 0x00, 0x00, 0x01, 0xfe, 0x00,
    0x8f, 0xb0, 0x00, 0x01, 0xdf, 0x60, 0x00, 0xaf,
    0xe9, 0x8a, 0xff, 0x80, 0x00, 0x00, 0x4b, 0xff,
    0xea, 0x30, 0x00, 0x00, 0x00, 0x03, 0xfd, 0x00,
    0x00, 0x00, 0x00, 0x00, 0x09, 0xfc, 0x40, 0x01,
    0x00, 0x00, 0x00, 0x08, 0xff, 0xff, 0xd0, 0x00,
    0x00, 0x00, 0x01, 0x68, 0x85,

    /* U+0052 "R" */
    0xff, 0xff, 0xff, 0xc8, 0x10, 0x0f, 0xe7, 0x77,
    0x9d, 0xfd, 0x00, 0xfd, 0x00, 0x00, 0x09, 0xf7,
    0x0f, 0xd0, 0x00, 0x00, 0x3f, 0xa0, 0xfd, 0x00,
    0x00, 0x02, 0xfb, 0x0f, 0xd0, 0x00, 0x00, 0x8f,
    0x80, 0xfe, 0x22, 0x24, 0x9f, 0xe1, 0x0f, 0xff,
    0xff, 0xff, 0xb2, 0x00, 0xfe, 0x55, 0x8f, 0xb0,
    0x00, 0x0f, 0xd0, 0x00, 0xbf, 0x50, 0x00, 0xfd,
    0x00, 0x02, 0xfe, 0x00, 0x0f, 0xd0, 0x00, 0x08,
    0xf9, 0x00, 0xfd, 0x00, 0x00, 0x0d, 0xf3, 0x0f,
    0xd0, 0x00, 0x00, 0x4f, 0xd0,

    /* U+0053 "S" */
    0x00, 0x05, 0xcf, 0xfe, 0x91, 0x00, 0x00, 0x8f,
    0xfa, 0xac, 0xff, 0x40, 0x02, 0xfd, 0x10, 0x00,
    0x2a, 0x10, 0x05, 0xf8, 0x00, 0x00, 0x00, 0x00,
    0x03, 0xfc, 0x00, 0x00, 0x00, 0x00, 0x00, 0xaf,
    0xd6, 0x00, 0x00, 0x00, 0x00, 0x06, 0xef, 0xf9,
    0x20, 0x00, 0x00, 0x00, 0x05, 0xbf, 0xf9, 0x00,
    0x00, 0x00, 0x00, 0x02, 0xcf, 0x90, 0x00, 0x00,
    0x00, 0x00, 0x0e, 0xf0, 0x00, 0x00, 0x00, 0x00,
    0x0d, 0xf0, 0x0a, 0xd3, 0x00, 0x00, 0x5f, 0xc0,
    0x06, 0xff, 0xda, 0x9c, 0xff, 0x30, 0x00, 0x18,
    0xdf, 0xfd, 0x91, 0x00,

    /* U+0054 "T" */
    0x6f, 0xff, 0xff, 0xff, 0xff, 0xf5, 0x38, 0x88,
    0x8f, 0xf8, 0x88, 0x83, 0x00, 0x00, 0x0f, 0xe0,
    0x00, 0x00, 0x00, 0x00, 0x0f, 0xe0, 0x00, 0x00,
    0x00, 0x00, 0x0f, 0xe0, 0x00, 0x00, 0x00, 0x00,
    0x0f, 0xe0, 0x00, 0x00, 0x00, 0x00, 0x0f, 0xe0,
    0x00, 0x00, 0x00, 0x00, 0x0f, 0xe0, 0x00, 0x00,
    0x00, 0x00, 0x0f, 0xe0, 0x00, 0x00, 0x00, 0x00,
    0x0f, 0xe0, 0x00, 0x00, 0x00, 0x00, 0x0f, 0xe0,
    0x00, 0x00, 0x00, 0x00, 0x0f, 0xe0, 0x00, 0x00,
    0x00, 0x00, 0x0f, 0xe0, 0x00, 0x00, 0x00, 0x00,
    0x0f, 0xe0, 0x00, 0x00,

    /* U+0055 "U" */
    0x0f, 0xc0, 0x00, 0x00, 0x04, 0xf7, 0x0f, 0xc0,
    0x00, 0x00, 0x04, 0xf7, 0x0f, 0xc0, 0x00, 0x00,
    0x04, 0xf7, 0x0f, 0xc0, 0x00, 0x00, 0x04, 0xf7,
    0x0f, 0xc0, 0x00, 0x00, 0x04, 0xf7, 0x0f, 0xc0,
    0x00, 0x00, 0x04, 0xf7, 0x0f, 0xc0, 0x00, 0x00,
    0x04, 0xf7, 0x0f, 0xc0, 0x00, 0x00, 0x04, 0xf7,
    0x0f, 0xd0, 0x00, 0x00, 0x05, 0xf7, 0x0f, 0xe0,
    0x00, 0x00, 0x06, 0xf6, 0x0b, 0xf3, 0x00, 0x00,
    0x0b, 0xf3, 0x05, 0xfc, 0x10, 0x00, 0x6f, 0xd0,
    0x00, 0xbf, 0xfa, 0x9c, 0xff, 0x30, 0x00, 0x06,
    0xcf, 0xfe, 0x92, 0x00,

    /* U+0056 "V" */
    0xdf, 0x10, 0x00, 0x00, 0x08, 0xf5, 0x7f, 0x60,
    0x00, 0x00, 0x0d, 0xf0, 0x2f, 0xb0, 0x00, 0x00,
    0x2f, 0xa0, 0x0d, 0xf1, 0x00, 0x00, 0x7f, 0x50,
    0x07, 0xf5, 0x00, 0x00, 0xcf, 0x00, 0x02, 0xfa,
    0x00, 0x01, 0xfa, 0x00, 0x00, 0xcf, 0x00, 0x06,
    0xf5, 0x00, 0x00, 0x7f, 0x50, 0x0b, 0xf0, 0x00,
    0x00, 0x2f, 0x90, 0x0f, 0xa0, 0x00, 0x00, 0x0c,
    0xe0, 0x5f, 0x50, 0x00, 0x00, 0x07, 0xf3, 0x9f,
    0x00, 0x00, 0x00, 0x02, 0xf8, 0xea, 0x00, 0x00,
    0x00, 0x00, 0xcf, 0xf5, 0x00, 0x00, 0x00, 0x00,
    0x7f, 0xf0, 0x00, 0x00,

    /* U+0057 "W" */
    0x6f, 0x80, 0x00, 0x02, 0xfd, 0x00, 0x00, 0x0d,
    0xe0, 0x2f, 0xb0, 0x00, 0x06, 0xff, 0x10, 0x00,
    0x0f, 0xb0, 0x0e, 0xe0, 0x00, 0x0a, 0xdf, 0x50,
    0x00, 0x4f, 0x70, 0x0b, 0xf2, 0x00, 0x0f, 0x7e,
    0x90, 0x00, 0x7f, 0x40, 0x07, 0xf5, 0x00, 0x3f,
    0x4b, 0xe0, 0x00, 0xaf, 0x00, 0x04, 0xf8, 0x00,
    0x7f, 0x07, 0xf2, 0x00, 0xed, 0x00, 0x00, 0xfb,
    0x00, 0xbc, 0x03, 0xf6, 0x01, 0xf9, 0x00, 0x00,
    0xde, 0x00, 0xf8, 0x00, 0xea, 0x04, 0xf6, 0x00,
    0x00, 0x9f, 0x23, 0xf3, 0x00, 0xae, 0x07, 0xf3,
    0x00, 0x00, 0x6f, 0x57, 0xf0, 0x00, 0x6f, 0x2a,
    0xf0, 0x00, 0x00, 0x2f, 0x8b, 0xb0, 0x00, 0x2f,
    0x6d, 0xc0, 0x00, 0x00, 0x0e, 0xbe, 0x70, 0x00,
    0x0e, 0xaf, 0x80, 0x00, 0x00, 0x0b, 0xff, 0x30,
    0x00, 0x0a, 0xff, 0x50, 0x00, 0x00, 0x07, 0xfe,
    0x00, 0x00, 0x05, 0xff, 0x10, 0x00,

    /* U+0058 "X" */
    0x1f, 0xe0, 0x00, 0x00, 0x5f, 0x80, 0x07, 0xf7,
    0x00, 0x00, 0xee, 0x00, 0x00, 0xdf, 0x10, 0x07,
    0xf6, 0x00, 0x00, 0x4f, 0x90, 0x1f, 0xc0, 0x00,
    0x00, 0x0b, 0xf2, 0x8f, 0x30, 0x00, 0x00, 0x02,
    0xfc, 0xfa, 0x00, 0x00, 0x00, 0x00, 0x9f, 0xf1,
    0x00, 0x00, 0x00, 0x00, 0xcf, 0xf3, 0x00, 0x00,
    0x00, 0x06, 0xf6, 0xfd, 0x00, 0x00, 0x00, 0x1e,
    0xc0, 0x7f, 0x60, 0x00, 0x00, 0x9f, 0x40, 0x0e,
    0xf1, 0x00, 0x03, 0xfb, 0x00, 0x05, 0xfa, 0x00,
    0x0c, 0xf2, 0x00, 0x00, 0xcf, 0x30, 0x5f, 0x90,
    0x00, 0x00, 0x3f, 0xd0,

    /* U+0059 "Y" */
    0x0c, 0xf3, 0x00, 0x00, 0x08, 0xf6, 0x04, 0xfa,
    0x00, 0x00, 0x0f, 0xd0, 0x00, 0xbf, 0x20, 0x00,
    0x7f, 0x50, 0x00, 0x3f, 0xa0, 0x00, 0xed, 0x00,
    0x00, 0x0b, 0xf1, 0x06, 0xf5, 0x00, 0x00, 0x03,
    0xf8, 0x0d, 0xc0, 0x00, 0x00, 0x00, 0xbf, 0x7f,
    0x40, 0x00, 0x00, 0x00, 0x3f, 0xfc, 0x00, 0x00,
    0x00, 0x00, 0x0b, 0xf4, 0x00, 0x00, 0x00, 0x00,
    0x0a, 0xf3, 0x00, 0x00, 0x00, 0x00, 0x0a, 0xf3,
    0x00, 0x00, 0x00, 0x00, 0x0a, 0xf3, 0x00, 0x00,
    0x00, 0x00, 0x0a, 0xf3, 0x00, 0x00, 0x00, 0x00,
    0x0a, 0xf3, 0x00, 0x00,

    /* U+005A "Z" */
    0x4f, 0xff, 0xff, 0xff, 0xff, 0x02, 0x88, 0x88,
    0x88, 0xbf, 0xb0, 0x00, 0x00, 0x00, 0x0e, 0xf1,
    0x00, 0x00, 0x00, 0x09, 0xf5, 0x00, 0x00, 0x00,
    0x04, 0xfa, 0x00, 0x00, 0x00, 0x01, 0xee, 0x10,
    0x00, 0x00, 0x00, 0xaf, 0x50, 0x00, 0x00, 0x00,
    0x5f, 0xa0, 0x00, 0x00, 0x00, 0x1e, 0xe1, 0x00,
    0x00, 0x00, 0x0b, 0xf4, 0x00, 0x00, 0x00, 0x06,
    0xf9, 0x00, 0x00, 0x00, 0x01, 0xfd, 0x00, 0x00,
    0x00, 0x00, 0xbf, 0xc9, 0x99, 0x99, 0x99, 0x1f,
    0xff, 0xff, 0xff, 0xff, 0xf2,

    /* U+005B "[" */
    0xef, 0xff, 0x1e, 0x80, 0x00, 0xe7, 0x00, 0x0e,
    0x70, 0x00, 0xe7, 0x00, 0x0e, 0x70, 0x00, 0xe7,
    0x00, 0x0e, 0x70, 0x00, 0xe7, 0x00, 0x0e, 0x70,
    0x00, 0xe7, 0x00, 0x0e, 0x70, 0x00, 0xe7, 0x00,
    0x0e, 0x70, 0x00, 0xe7, 0x00, 0x0e, 0x70, 0x00,
    0xe7, 0x00, 0x0e, 0x70, 0x00, 0xef, 0xee, 0x11,
    0x11, 0x10,

    /* U+005C "\\" */
    0x8c, 0x00, 0x00, 0x00, 0x3f, 0x10, 0x00, 0x00,
    0x0e, 0x60, 0x00, 0x00, 0x09, 0xb0, 0x00, 0x00,
    0x04, 0xf1, 0x00, 0x00, 0x00, 0xf5, 0x00, 0x00,
    0x00, 0xaa, 0x00, 0x00, 0x00, 0x5f, 0x00, 0x00,
    0x00, 0x0f, 0x40, 0x00, 0x00, 0x0b, 0x90, 0x00,
    0x00, 0x06, 0xe0, 0x00, 0x00, 0x01, 0xf3, 0x00,
    0x00, 0x00, 0xc8, 0x00, 0x00, 0x00, 0x7d, 0x00,
    0x00, 0x00, 0x2f, 0x20, 0x00, 0x00, 0x0d, 0x70,
    0x00, 0x00, 0x08, 0xc0, 0x00, 0x00, 0x03, 0xf1,
    0x00, 0x00, 0x00, 0xe6,

    /* U+005D "]" */
    0x5f, 0xff, 0xa0, 0x00, 0xba, 0x00, 0x0b, 0xa0,
    0x00, 0xba, 0x00, 0x0b, 0xa0, 0x00, 0xba, 0x00,
    0x0b, 0xa0, 0x00, 0xba, 0x00, 0x0b, 0xa0, 0x00,
    0xba, 0x00, 0x0b, 0xa0, 0x00, 0xba, 0x00, 0x0b,
    0xa0, 0x00, 0xba, 0x00, 0x0b, 0xa0, 0x00, 0xba,
    0x00, 0x0b, 0xa0, 0x00, 0xba, 0x4e, 0xef, 0xa0,
    0x11, 0x11,

    /* U+005E "^" */
    0x00, 0x02, 0x83, 0x00, 0x00, 0x00, 0xaf, 0xc0,
    0x00, 0x00, 0x1f, 0xaf, 0x20, 0x00, 0x07, 0xf1,
    0xe8, 0x00, 0x00, 0xda, 0x08, 0xe0, 0x00, 0x4f,
    0x40, 0x2f, 0x50, 0x0a, 0xe0, 0x00, 0xcc, 0x01,
    0xf8, 0x00, 0x06, 0xf2, 0x7f, 0x20, 0x00, 0x1f,
    0x90,

    /* U+005F "_" */
    0xbf, 0xff, 0xff, 0xff, 0xff, 0xe2, 0x33, 0x33,
    0x33, 0x33, 0x32,

    /* U+0060 "`" */
    0x00, 0x00, 0x00, 0x09, 0xc0, 0x00, 0x09, 0xfa,
    0x00, 0x00, 0x8f, 0x70, 0x00, 0x08, 0xf1, 0x00,
    0x00, 0x20,

    /* U+0061 "a" */
    0x01, 0x8d, 0xff, 0xb2, 0x02, 0xff, 0xa8, 0xaf,
    0xe0, 0x06, 0x10, 0x00, 0x8f, 0x60, 0x00, 0x00,
    0x03, 0xf9, 0x00, 0x04, 0x8b, 0xdf, 0xa0, 0x6e,
    0xfb, 0x77, 0xfa, 0x6f, 0xa1, 0x00, 0x2f, 0xab,
    0xf0, 0x00, 0x02, 0xfa, 0xcf, 0x10, 0x00, 0x9f,
    0xa7, 0xfd, 0x78, 0xdc, 0xfa, 0x08, 0xef, 0xd6,
    0x0e, 0xa0,

    /* U+0062 "b" */
    0x2f, 0xb0, 0x00, 0x00, 0x00, 0x02, 0xfb, 0x00,
    0x00, 0x00, 0x00, 0x2f, 0xb0, 0x00, 0x00, 0x00,
    0x02, 0xfb, 0x00, 0x00, 0x00, 0x00, 0x2f, 0xa0,
    0x00, 0x00, 0x00, 0x02, 0xfa, 0x2a, 0xff, 0xc3,
    0x00, 0x2f, 0xdf, 0xb8, 0xaf, 0xf3, 0x02, 0xff,
    0x40, 0x00, 0x5f, 0xd0, 0x2f, 0xb0, 0x00, 0x00,
    0xdf, 0x22, 0xfb, 0x00, 0x00, 0x09, 0xf4, 0x2f,
    0xb0, 0x00, 0x00, 0x9f, 0x52, 0xfb, 0x00, 0x00,
    0x0a, 0xf4, 0x2f, 0xb0, 0x00, 0x00, 0xef, 0x02,
    0xfd, 0x10, 0x00, 0x8f, 0x90, 0x2f, 0xef, 0xa8,
    0xcf, 0xd1, 0x02, 0xf5, 0x5d, 0xfe, 0x80, 0x00,

    /* U+0063 "c" */
    0x00, 0x3b, 0xef, 0xd6, 0x00, 0x6f, 0xfa, 0x8c,
    0xf2, 0x3f, 0xe2, 0x00, 0x02, 0x0a, 0xf5, 0x00,
    0x00, 0x00, 0xef, 0x00, 0x00, 0x00, 0x0f, 0xe0,
    0x00, 0x00, 0x00, 0xef, 0x00, 0x00, 0x00, 0x0a,
    0xf5, 0x00, 0x00, 0x00, 0x4f, 0xd1, 0x00, 0x04,
    0x00, 0x8f, 0xe9, 0x8b, 0xf6, 0x00, 0x5c, 0xff,
    0xc6, 0x00,

    /* U+0064 "d" */
    0x00, 0x00, 0x00, 0x04, 0xf9, 0x00, 0x00, 0x00,
    0x04, 0xf9, 0x00, 0x00, 0x00, 0x04, 0xf9, 0x00,
    0x00, 0x00, 0x04, 0xf9, 0x00, 0x00, 0x00, 0x04,
    0xf9, 0x00, 0x5c, 0xfe, 0x95, 0xf9, 0x07, 0xff,
    0x98, 0xdf, 0xf9, 0x3f, 0xe2, 0x00, 0x08, 0xf9,
    0xaf, 0x50, 0x00, 0x04, 0xf9, 0xdf, 0x00, 0x00,
    0x04, 0xf9, 0xef, 0x00, 0x00, 0x04, 0xf9, 0xef,
    0x00, 0x00, 0x04, 0xf9, 0xbf, 0x40, 0x00, 0x04,
    0xf9, 0x6f, 0xc0, 0x00, 0x0b, 0xf9, 0x0c, 0xfd,
    0x89, 0xec, 0xf9, 0x00, 0x8e, 0xfd, 0x70, 0xf9,

    /* U+0065 "e" */
    0x00, 0x4c, 0xff, 0xb3, 0x00, 0x07, 0xfd, 0x88,
    0xef, 0x30, 0x3f, 0xc0, 0x00, 0x1e, 0xb0, 0xaf,
    0x20, 0x00, 0x08, 0xf1, 0xde, 0x00, 0x00, 0x06,
    0xf3, 0xff, 0xff, 0xff, 0xff, 0xf3, 0xee, 0x33,
    0x33, 0x33, 0x30, 0xaf, 0x20, 0x00, 0x00, 0x00,
    0x3f, 0xc0, 0x00, 0x00, 0x00, 0x07, 0xfe, 0x87,
    0x8d, 0x80, 0x00, 0x4b, 0xff, 0xe9, 0x10,

    /* U+0066 "f" */
    0x00, 0x08, 0xef, 0xd0, 0x00, 0x6f, 0xc7, 0x70,
    0x00, 0xcf, 0x10, 0x00, 0x00, 0xdf, 0x00, 0x00,
    0x00, 0xdf, 0x00, 0x00, 0x5f, 0xff, 0xff, 0x40,
    0x26, 0xef, 0x66, 0x10, 0x00, 0xdf, 0x00, 0x00,
    0x00, 0xdf, 0x00, 0x00, 0x00, 0xdf, 0x00, 0x00,
    0x00, 0xdf, 0x00, 0x00, 0x00, 0xdf, 0x00, 0x00,
    0x00, 0xdf, 0x00, 0x00, 0x00, 0xdf, 0x00, 0x00,
    0x00, 0xdf, 0x00, 0x00, 0x00, 0xdf, 0x00, 0x00,

    /* U+0067 "g" */
    0x01, 0x8e, 0xff, 0xff, 0xfc, 0x0d, 0xf8, 0x58,
    0xfe, 0x64, 0x6f, 0x70, 0x00, 0x7f, 0x40, 0x9f,
    0x30, 0x00, 0x3f, 0x70, 0x6f, 0x50, 0x00, 0x5f,
    0x50, 0x0e, 0xe4, 0x04, 0xed, 0x00, 0x06, 0xff,
    0xff, 0xb1, 0x00, 0x2f, 0x61, 0x31, 0x00, 0x00,
    0x5f, 0x40, 0x00, 0x00, 0x00, 0x2f, 0xe8, 0x77,
    0x76, 0x10, 0x0a, 0xff, 0xff, 0xff, 0xf6, 0x7f,
    0x20, 0x00, 0x04, 0xfe, 0xea, 0x00, 0x00, 0x00,
    0xdf, 0xed, 0x00, 0x00, 0x03, 0xfa, 0x7f, 0xc6,
    0x44, 0x9f, 0xc1, 0x05, 0xbf, 0xfe, 0xc6, 0x00,

    /* U+0068 "h" */
    0x2f, 0xb0, 0x00, 0x00, 0x00, 0x2f, 0xb0, 0x00,
    0x00, 0x00, 0x2f, 0xb0, 0x00, 0x00, 0x00, 0x2f,
    0xb0, 0x00, 0x00, 0x00, 0x2f, 0xa0, 0x00, 0x00,
    0x00, 0x2f, 0xa1, 0x9e, 0xfc, 0x30, 0x2f, 0xce,
    0xd9, 0xcf, 0xe0, 0x2f, 0xf7, 0x00, 0x0a, 0xf5,
    0x2f, 0xb0, 0x00, 0x05, 0xf7, 0x2f, 0xb0, 0x00,
    0x04, 0xf8, 0x2f, 0xb0, 0x00, 0x04, 0xf8, 0x2f,
    0xb0, 0x00, 0x04, 0xf8, 0x2f, 0xb0, 0x00, 0x04,
    0xf8, 0x2f, 0xb0, 0x00, 0x04, 0xf8, 0x2f, 0xb0,
    0x00, 0x04, 0xf8, 0x2f, 0xb0, 0x00, 0x04, 0xf8,

    /* U+0069 "i" */
    0x3f, 0xb5, 0xfe, 0x04, 0x20, 0x00, 0x00, 0x02,
    0xfb, 0x2f, 0xb2, 0xfb, 0x2f, 0xb2, 0xfb, 0x2f,
    0xb2, 0xfb, 0x2f, 0xb2, 0xfb, 0x2f, 0xb2, 0xfb,

    /* U+006A "j" */
    0x00, 0x3f, 0xb0, 0x06, 0xfe, 0x00, 0x04, 0x20,
    0x00, 0x00, 0x00, 0x00, 0x00, 0x02, 0xfb, 0x00,
    0x2f, 0xb0, 0x02, 0xfb, 0x00, 0x2f, 0xb0, 0x02,
    0xfb, 0x00, 0x2f, 0xb0, 0x02, 0xfb, 0x00, 0x2f,
    0xb0, 0x02, 0xfb, 0x00, 0x2f, 0xb0, 0x02, 0xfb,
    0x00, 0x2f, 0xb0, 0x02, 0xfa, 0x00, 0x4f, 0x95,
    0x7d, 0xf4, 0xaf, 0xe7, 0x00,

    /* U+006B "k" */
    0x2f, 0xa0, 0x00, 0x00, 0x00, 0x2f, 0xa0, 0x00,
    0x00, 0x00, 0x2f, 0xa0, 0x00, 0x00, 0x00, 0x2f,
    0xa0, 0x00, 0x00, 0x00, 0x2f, 0xa0, 0x00, 0x00,
    0x00, 0x2f, 0xa0, 0x00, 0x2f, 0xd1, 0x2f, 0xa0,
    0x00, 0xdf, 0x20, 0x2f, 0xa0, 0x0a, 0xf5, 0x00,
    0x2f, 0xa0, 0x7f, 0x80, 0x00, 0x2f, 0xa4, 0xfe,
    0x00, 0x00, 0x2f, 0xce, 0xef, 0x60, 0x00, 0x2f,
    0xfe, 0x1d, 0xe1, 0x00, 0x2f, 0xf3, 0x03, 0xfa,
    0x00, 0x2f, 0xa0, 0x00, 0xaf, 0x40, 0x2f, 0xa0,
    0x00, 0x1f, 0xd0, 0x2f, 0xa0, 0x00, 0x06, 0xf8,

    /* U+006C "l" */
    0x2f, 0xb0, 0x2f, 0xb0, 0x2f, 0xb0, 0x2f, 0xb0,
    0x2f, 0xb0, 0x2f, 0xb0, 0x2f, 0xb0, 0x2f, 0xb0,
    0x2f, 0xb0, 0x2f, 0xb0, 0x2f, 0xb0, 0x2f, 0xb0,
    0x2f, 0xb0, 0x2f, 0xb0, 0x1f, 0xe5, 0x08, 0xfb,

    /* U+006D "m" */
    0x2f, 0x61, 0xaf, 0xfa, 0x10, 0x4c, 0xfe, 0x60,
    0x2f, 0xae, 0xc9, 0xdf, 0xa7, 0xfa, 0xaf, 0xf3,
    0x2f, 0xf7, 0x00, 0x0e, 0xfd, 0x20, 0x06, 0xf9,
    0x2f, 0xb0, 0x00, 0x0a, 0xf4, 0x00, 0x01, 0xfc,
    0x2f, 0xb0, 0x00, 0x09, 0xf3, 0x00, 0x00, 0xfd,
    0x2f, 0xb0, 0x00, 0x09, 0xf3, 0x00, 0x00, 0xfd,
    0x2f, 0xb0, 0x00, 0x09, 0xf3, 0x00, 0x00, 0xfd,
    0x2f, 0xb0, 0x00, 0x09, 0xf3, 0x00, 0x00, 0xfd,
    0x2f, 0xb0, 0x00, 0x09, 0xf3, 0x00, 0x00, 0xfd,
    0x2f, 0xb0, 0x00, 0x09, 0xf3, 0x00, 0x00, 0xfd,
    0x2f, 0xb0, 0x00, 0x09, 0xf3, 0x00, 0x00, 0xfd,

    /* U+006E "n" */
    0x2f, 0x61, 0x9e, 0xfc, 0x30, 0x2f, 0xae, 0xd9,
    0xcf, 0xe0, 0x2f, 0xf7, 0x00, 0x0a, 0xf5, 0x2f,
    0xb0, 0x00, 0x05, 0xf7, 0x2f, 0xb0, 0x00, 0x04,
    0xf8, 0x2f, 0xb0, 0x00, 0x04, 0xf8, 0x2f, 0xb0,
    0x00, 0x04, 0xf8, 0x2f, 0xb0, 0x00, 0x04, 0xf8,
    0x2f, 0xb0, 0x00, 0x04, 0xf8, 0x2f, 0xb0, 0x00,
    0x04, 0xf8, 0x2f, 0xb0, 0x00, 0x04, 0xf8,

    /* U+006F "o" */
    0x00, 0x4b, 0xff, 0xc5, 0x00, 0x00, 0x7f, 0xe9,
    0x9e, 0xf9, 0x00, 0x3f, 0xd1, 0x00, 0x0c, 0xf5,
    0x0a, 0xf4, 0x00, 0x00, 0x2f, 0xc0, 0xef, 0x00,
    0x00, 0x00, 0xef, 0x0f, 0xe0, 0x00, 0x00, 0x0c,
    0xf1, 0xef, 0x00, 0x00, 0x00, 0xdf, 0x0a, 0xf4,
    0x00, 0x00, 0x2f, 0xc0, 0x3f, 0xd1, 0x00, 0x0b,
    0xf5, 0x00, 0x7f, 0xe9, 0x8d, 0xf9, 0x00, 0x00,
    0x4b, 0xff, 0xc5, 0x00, 0x00,

    /* U+0070 "p" */
    0x2f, 0x62, 0xaf, 0xfc, 0x30, 0x02, 0xfc, 0xfb,
    0x8a, 0xff, 0x40, 0x2f, 0xf4, 0x00, 0x05, 0xfd,
    0x02, 0xfb, 0x00, 0x00, 0x0d, 0xf2, 0x2f, 0xb0,
    0x00, 0x00, 0x9f, 0x42, 0xfb, 0x00, 0x00, 0x09,
    0xf5, 0x2f, 0xb0, 0x00, 0x00, 0xaf, 0x42, 0xfb,
    0x00, 0x00, 0x0e, 0xf0, 0x2f, 0xd1, 0x00, 0x08,
    0xf9, 0x02, 0xff, 0xfa, 0x8c, 0xfd, 0x10, 0x2f,
    0xa5, 0xdf, 0xe8, 0x00, 0x02, 0xfa, 0x00, 0x00,
    0x00, 0x00, 0x2f, 0xb0, 0x00, 0x00, 0x00, 0x02,
    0xfb, 0x00, 0x00, 0x00, 0x00, 0x2f, 0xb0, 0x00,
    0x00, 0x00, 0x02, 0xfb, 0x00, 0x00, 0x00, 0x00,

    /* U+0071 "q" */
    0x00, 0x5c, 0xfe, 0xa2, 0xf9, 0x07, 0xff, 0x98,
    0xdf, 0xf9, 0x3f, 0xe2, 0x00, 0x08, 0xf9, 0xaf,
    0x50, 0x00, 0x04, 0xf9, 0xdf, 0x00, 0x00, 0x04,
    0xf9, 0xef, 0x00, 0x00, 0x04, 0xf9, 0xef, 0x00,
    0x00, 0x04, 0xf9, 0xbf, 0x40, 0x00, 0x04, 0xf9,
    0x6f, 0xc0, 0x00, 0x0b, 0xf9, 0x0c, 0xfd, 0x89,
    0xed, 0xf9, 0x00, 0x8e, 0xfd, 0x74, 0xf9, 0x00,
    0x00, 0x00, 0x04, 0xf9, 0x00, 0x00, 0x00, 0x04,
    0xf9, 0x00, 0x00, 0x00, 0x04, 0xf9, 0x00, 0x00,
    0x00, 0x04, 0xf9, 0x00, 0x00, 0x00, 0x04, 0xf9,

    /* U+0072 "r" */
    0x2f, 0x61, 0xbf, 0xb2, 0xf8, 0xed, 0xa6, 0x2f,
    0xfa, 0x00, 0x02, 0xfe, 0x00, 0x00, 0x2f, 0xb0,
    0x00, 0x02, 0xfb, 0x00, 0x00, 0x2f, 0xb0, 0x00,
    0x02, 0xfb, 0x00, 0x00, 0x2f, 0xb0, 0x00, 0x02,
    0xfb, 0x00, 0x00, 0x2f, 0xb0, 0x00, 0x00,

    /* U+0073 "s" */
    0x00, 0x5c, 0xff, 0xc4, 0x00, 0x5f, 0xd7, 0x7c,
    0xf1, 0x0b, 0xf1, 0x00, 0x02, 0x00, 0xbf, 0x30,
    0x00, 0x00, 0x03, 0xff, 0x93, 0x00, 0x00, 0x02,
    0x9f, 0xfc, 0x40, 0x00, 0x00, 0x17, 0xef, 0x30,
    0x00, 0x00, 0x04, 0xf9, 0x06, 0x10, 0x00, 0x4f,
    0x82, 0xff, 0x96, 0x7e, 0xf2, 0x02, 0x9d, 0xff,
    0xb3, 0x00,

    /* U+0074 "t" */
    0x00, 0x9f, 0x00, 0x00, 0x00, 0xaf, 0x00, 0x00,
    0x00, 0xbf, 0x00, 0x00, 0x7f, 0xff, 0xff, 0xf0,
    0x26, 0xef, 0x66, 0x50, 0x00, 0xdf, 0x00, 0x00,
    0x00, 0xdf, 0x00, 0x00, 0x00, 0xdf, 0x00, 0x00,
    0x00, 0xdf, 0x00, 0x00, 0x00, 0xdf, 0x00, 0x00,
    0x00, 0xdf, 0x00, 0x00, 0x00, 0xbf, 0x20, 0x00,
    0x00, 0x7f, 0xd7, 0x90, 0x00, 0x09, 0xef, 0xd1,

    /* U+0075 "u" */
    0x5f, 0x80, 0x00, 0x08, 0xf5, 0x5f, 0x80, 0x00,
    0x08, 0xf5, 0x5f, 0x80, 0x00, 0x08, 0xf5, 0x5f,
    0x80, 0x00, 0x08, 0xf5, 0x5f, 0x80, 0x00, 0x08,
    0xf5, 0x5f, 0x80, 0x00, 0x08, 0xf5, 0x5f, 0x80,
    0x00, 0x08, 0xf5, 0x4f, 0x90, 0x00, 0x09, 0xf5,
    0x2f, 0xd0, 0x00, 0x5f, 0xf5, 0x0c, 0xfd, 0x9b,
    0xf8, 0xf5, 0x01, 0xbf, 0xfb, 0x23, 0xf5,

    /* U+0076 "v" */
    0x8f, 0x50, 0x00, 0x00, 0xcf, 0x03, 0xfa, 0x00,
    0x00, 0x2f, 0xa0, 0x0d, 0xf0, 0x00, 0x07, 0xf4,
    0x00, 0x7f, 0x40, 0x00, 0xce, 0x00, 0x02, 0xfa,
    0x00, 0x2f, 0x90, 0x00, 0x0c, 0xe0, 0x07, 0xf3,
    0x00, 0x00, 0x6f, 0x40, 0xce, 0x00, 0x00, 0x01,
    0xf9, 0x1f, 0x80, 0x00, 0x00, 0x0b, 0xe6, 0xf2,
    0x00, 0x00, 0x00, 0x5f, 0xed, 0x00, 0x00, 0x00,
    0x00, 0xff, 0x70, 0x00, 0x00,

    /* U+0077 "w" */
    0x5f, 0x80, 0x00, 0x0e, 0xf1, 0x00, 0x05, 0xf6,
    0x0f, 0xc0, 0x00, 0x3f, 0xf5, 0x00, 0x09, 0xf1,
    0x0c, 0xf0, 0x00, 0x7d, 0xc9, 0x00, 0x0d, 0xd0,
    0x07, 0xf4, 0x00, 0xb9, 0x9e, 0x00, 0x1f, 0x90,
    0x03, 0xf8, 0x00, 0xf5, 0x5f, 0x20, 0x5f, 0x50,
    0x00, 0xec, 0x04, 0xf1, 0x1f, 0x60, 0x9f, 0x00,
    0x00, 0xaf, 0x08, 0xd0, 0x0d, 0xb0, 0xdc, 0x00,
    0x00, 0x6f, 0x4c, 0x90, 0x09, 0xe1, 0xf8, 0x00,
    0x00, 0x1f, 0x8f, 0x50, 0x04, 0xf7, 0xf3, 0x00,
    0x00, 0x0d, 0xef, 0x10, 0x00, 0xfe, 0xf0, 0x00,
    0x00, 0x09, 0xfd, 0x00, 0x00, 0xcf, 0xb0, 0x00,

    /* U+0078 "x" */
    0x2f, 0xd0, 0x00, 0x0c, 0xf1, 0x07, 0xf7, 0x00,
    0x5f, 0x70, 0x00, 0xdf, 0x10, 0xed, 0x00, 0x00,
    0x3f, 0xa6, 0xf4, 0x00, 0x00, 0x09, 0xff, 0xa0,
    0x00, 0x00, 0x04, 0xff, 0x30, 0x00, 0x00, 0x0d,
    0xdf, 0xc0, 0x00, 0x00, 0x8f, 0x37, 0xf6, 0x00,
    0x02, 0xfa, 0x00, 0xdf, 0x10, 0x0c, 0xf1, 0x00,
    0x4f, 0xb0, 0x6f, 0x80, 0x00, 0x0a, 0xf5,

    /* U+0079 "y" */
    0x8f, 0x50, 0x00, 0x00, 0xcf, 0x02, 0xfa, 0x00,
    0x00, 0x1f, 0xa0, 0x0c, 0xf1, 0x00, 0x06, 0xf5,
    0x00, 0x6f, 0x60, 0x00, 0xbf, 0x00, 0x00, 0xfc,
    0x00, 0x1f, 0xa0, 0x00, 0x09, 0xf1, 0x05, 0xf4,
    0x00, 0x00, 0x3f, 0x70, 0xaf, 0x00, 0x00, 0x00,
    0xdc, 0x0e, 0xa0, 0x00, 0x00, 0x07, 0xf5, 0xf4,
    0x00, 0x00, 0x00, 0x1f, 0xee, 0x00, 0x00, 0x00,
    0x00, 0xaf, 0xa0, 0x00, 0x00, 0x00, 0x07, 0xf4,
    0x00, 0x00, 0x00, 0x00, 0xce, 0x00, 0x00, 0x00,
    0x00, 0x5f, 0x70, 0x00, 0x00, 0x08, 0x9f, 0xd0,
    0x00, 0x00, 0x02, 0xff, 0xa1, 0x00, 0x00, 0x00,

    /* U+007A "z" */
    0x0b, 0xff, 0xff, 0xff, 0xb0, 0x57, 0x77, 0x7d,
    0xf6, 0x00, 0x00, 0x04, 0xfb, 0x00, 0x00, 0x00,
    0xef, 0x10, 0x00, 0x00, 0x9f, 0x60, 0x00, 0x00,
    0x4f, 0xb0, 0x00, 0x00, 0x0e, 0xe1, 0x00, 0x00,
    0x09, 0xf5, 0x00, 0x00, 0x04, 0xfb, 0x00, 0x00,
    0x00, 0xef, 0x97, 0x77, 0x76, 0x4f, 0xff, 0xff,
    0xff, 0xe0,

    /* U+007B "{" */
    0x00, 0x09, 0xff, 0x10, 0x05, 0xf6, 0x00, 0x00,
    0x7f, 0x00, 0x00, 0x08, 0xf0, 0x00, 0x00, 0x7f,
    0x00, 0x00, 0x06, 0xf0, 0x00, 0x00, 0x5f, 0x10,
    0x00, 0x05, 0xf1, 0x00, 0x01, 0xce, 0x00, 0x03,
    0xff, 0x40, 0x00, 0x04, 0xdc, 0x00, 0x00, 0x06,
    0xf0, 0x00, 0x00, 0x5f, 0x10, 0x00, 0x06, 0xf1,
    0x00, 0x00, 0x7f, 0x00, 0x00, 0x08, 0xf0, 0x00,
    0x00, 0x8f, 0x00, 0x00, 0x05, 0xf4, 0x00, 0x00,
    0x0b, 0xfe, 0x10, 0x00, 0x01, 0x10,

    /* U+007C "|" */
    0xf5, 0xf5, 0xf5, 0xf5, 0xf5, 0xf5, 0xf5, 0xf5,
    0xf5, 0xf5, 0xf5, 0xf5, 0xf5, 0xf5, 0xf5, 0xf5,
    0xf5, 0xf5, 0xf5, 0xf5, 0xf5, 0xf5,

    /* U+007D "}" */
    0x5f, 0xe7, 0x00, 0x01, 0x9f, 0x10, 0x00, 0x4f,
    0x40, 0x00, 0x3f, 0x40, 0x00, 0x4f, 0x30, 0x00,
    0x4f, 0x20, 0x00, 0x4f, 0x10, 0x00, 0x4f, 0x20,
    0x00, 0x1f, 0x90, 0x00, 0x06, 0xff, 0x00, 0x1f,
    0xb3, 0x00, 0x4f, 0x20, 0x00, 0x4f, 0x10, 0x00,
    0x4f, 0x20, 0x00, 0x4f, 0x30, 0x00, 0x3f, 0x40,
    0x00, 0x3f, 0x40, 0x00, 0x8f, 0x20, 0x4f, 0xf8,
    0x00, 0x01, 0x00, 0x00,

    /* U+007E "~" */
    0x00, 0x00, 0x00, 0x00, 0x00, 0x00, 0x1c, 0xfe,
    0x40, 0x00, 0x40, 0x0d, 0xb4, 0xaf, 0x82, 0x8f,
    0x10, 0x70, 0x00, 0x6f, 0xff, 0x40, 0x00, 0x00,
    0x00, 0x13, 0x10, 0x00,

    /* U+3002 "。" */
    0x00, 0x8d, 0xc6, 0x00, 0xab, 0x34, 0xd7, 0x1f,
    0x00, 0x03, 0xd1, 0xe0, 0x00, 0x2e, 0x0b, 0x91,
    0x2b, 0x80, 0x1a, 0xfe, 0x80,

    /* U+4E09 "三" */
    0x0b, 0xff, 0xff, 0xff, 0xff, 0xff, 0xff, 0xff,
    0x50, 0x06, 0x99, 0x99, 0x99, 0x99, 0x99, 0x99,
    0x99, 0x30, 0x00, 0x00, 0x00, 0x00, 0x00, 0x00,
    0x00, 0x00, 0x00, 0x00, 0x00, 0x00, 0x00, 0x00,
    0x00, 0x00, 0x00, 0x00, 0x00, 0x00, 0x00, 0x00,
    0x00, 0x00, 0x00, 0x00, 0x00, 0x00, 0x00, 0x00,
    0x00, 0x00, 0x00, 0x00, 0x00, 0x00, 0x00, 0x37,
    0x77, 0x77, 0x77, 0x77, 0x77, 0x50, 0x00, 0x00,
    0x7f, 0xff, 0xff, 0xff, 0xff, 0xff, 0xd0, 0x00,
    0x00, 0x00, 0x00, 0x00, 0x00, 0x00, 0x00, 0x00,
    0x00, 0x00, 0x00, 0x00, 0x00, 0x00, 0x00, 0x00,
    0x00, 0x00, 0x00, 0x00, 0x00, 0x00, 0x00, 0x00,
    0x00, 0x00, 0x00, 0x00, 0x00, 0x00, 0x00, 0x00,
    0x00, 0x00, 0x00, 0x00, 0x00, 0x00, 0x00, 0x00,
    0x00, 0x00, 0x00, 0x00, 0x00, 0x67, 0x77, 0x77,
    0x77, 0x77, 0x77, 0x77, 0x77, 0x73, 0xef, 0xff,
    0xff, 0xff, 0xff, 0xff, 0xff, 0xff, 0xf7, 0x00,
    0x00, 0x00, 0x00, 0x00, 0x00, 0x00, 0x00, 0x00,

    /* U+4E0B "下" */
    0x22, 0x22, 0x22, 0x22, 0x22, 0x22, 0x22, 0x22,
    0x22, 0x0c, 0xff, 0xff, 0xff, 0xff, 0xff, 0xff,
    0xff, 0xff, 0xf0, 0x45, 0x55, 0x55, 0x56, 0xfa,
    0x55, 0x55, 0x55, 0x55, 0x00, 0x00, 0x00, 0x00,
    0x1f, 0x80, 0x00, 0x00, 0x00, 0x00, 0x00, 0x00,
    0x00, 0x01, 0xf8, 0x00, 0x00, 0x00, 0x00, 0x00,
    0x00, 0x00, 0x00, 0x1f, 0xb3, 0x00, 0x00, 0x00,
    0x00, 0x00, 0x00, 0x00, 0x01, 0xff, 0xfb, 0x30,
    0x00, 0x00, 0x00, 0x00, 0x00, 0x00, 0x1f, 0x87,
    0xef, 0xa2, 0x00, 0x00, 0x00, 0x00, 0x00, 0x01,
    0xf8, 0x01, 0x8f, 0xf8, 0x00, 0x00, 0x00, 0x00,
    0x00, 0x1f, 0x80, 0x00, 0x2c, 0xfb, 0x00, 0x00,
    0x00, 0x00, 0x01, 0xf8, 0x00, 0x00, 0x07, 0x20,
    0x00, 0x00, 0x00, 0x00, 0x1f, 0x80, 0x00, 0x00,
    0x00, 0x00, 0x00, 0x00, 0x00, 0x01, 0xf8, 0x00,
    0x00, 0x00, 0x00, 0x00, 0x00, 0x00, 0x00, 0x1f,
    0x80, 0x00, 0x00, 0x00, 0x00, 0x00, 0x00, 0x00,
    0x01, 0xf8, 0x00, 0x00, 0x00, 0x00, 0x00, 0x00,
    0x00, 0x00, 0x1f, 0x80, 0x00, 0x00, 0x00, 0x00,
    0x00, 0x00, 0x00, 0x01, 0xf8, 0x00, 0x00, 0x00,
    0x00, 0x00,

    /* U+4E0D "不" */
    0x06, 0x88, 0x88, 0x88, 0x88, 0x88, 0x88, 0x88,
    0x88, 0x30, 0xdf, 0xff, 0xff, 0xff, 0xff, 0xff,
    0xff, 0xff, 0xf6, 0x00, 0x00, 0x00, 0x00, 0x04,
    0xfb, 0x00, 0x00, 0x00, 0x00, 0x00, 0x00, 0x00,
    0x01, 0xde, 0x10, 0x00, 0x00, 0x00, 0x00, 0x00,
    0x00, 0x00, 0xbf, 0x90, 0x00, 0x00, 0x00, 0x00,
    0x00, 0x00, 0x00, 0x9f, 0xf9, 0x47, 0x00, 0x00,
    0x00, 0x00, 0x00, 0x00, 0x9f, 0xaf, 0x98, 0xfc,
    0x20, 0x00, 0x00, 0x00, 0x00, 0xaf, 0xa0, 0xf9,
    0x04, 0xef, 0x60, 0x00, 0x00, 0x02, 0xdf, 0x80,
    0x0f, 0x90, 0x01, 0xbf, 0xa0, 0x00, 0x07, 0xff,
    0x60, 0x00, 0xf9, 0x00, 0x00, 0x8f, 0xd2, 0x1d,
    0xfc, 0x20, 0x00, 0x0f, 0x90, 0x00, 0x00, 0x5f,
    0xb0, 0x76, 0x00, 0x00, 0x00, 0xf9, 0x00, 0x00,
    0x00, 0x40, 0x00, 0x00, 0x00, 0x00, 0x0f, 0x90,
    0x00, 0x00, 0x00, 0x00, 0x00, 0x00, 0x00, 0x00,
    0xf9, 0x00, 0x00, 0x00, 0x00, 0x00, 0x00, 0x00,
    0x00, 0x0f, 0x90, 0x00, 0x00, 0x00, 0x00, 0x00,
    0x00, 0x00, 0x00, 0xf9, 0x00, 0x00, 0x00, 0x00,
    0x00, 0x00, 0x00, 0x00, 0x0f, 0x90, 0x00, 0x00,
    0x00, 0x00,

    /* U+4E0E "与" */
    0x00, 0x00, 0x42, 0x00, 0x00, 0x00, 0x00, 0x00,
    0x00, 0x00, 0x0f, 0x80, 0x00, 0x00, 0x00, 0x00,
    0x00, 0x00, 0x03, 0xf5, 0x00, 0x00, 0x00, 0x00,
    0x00, 0x00, 0x00, 0x6f, 0xff, 0xff, 0xff, 0xff,
    0xff, 0xf8, 0x00, 0x09, 0xe6, 0x66, 0x66, 0x66,
    0x66, 0x66, 0x30, 0x00, 0xdb, 0x00, 0x00, 0x00,
    0x00, 0x00, 0x00, 0x00, 0x0f, 0x80, 0x00, 0x00,
    0x00, 0x00, 0x00, 0x00, 0x04, 0xf4, 0x00, 0x00,
    0x00, 0x00, 0x00, 0x00, 0x00, 0x8f, 0xff, 0xff,
    0xff, 0xff, 0xff, 0xff, 0xc0, 0x04, 0x76, 0x66,
    0x66, 0x66, 0x66, 0x66, 0xfa, 0x00, 0x00, 0x00,
    0x00, 0x00, 0x00, 0x00, 0x0f, 0x90, 0x00, 0x00,
    0x00, 0x00, 0x00, 0x00, 0x02, 0xf7, 0xef, 0xff,
    0xff, 0xff, 0xff, 0xff, 0x80, 0x4f, 0x47, 0x88,
    0x88, 0x88, 0x88, 0x88, 0x84, 0x07, 0xf2, 0x00,
    0x00, 0x00, 0x00, 0x00, 0x00, 0x00, 0xbe, 0x00,
    0x00, 0x00, 0x00, 0x00, 0x00, 0x00, 0x1f, 0xa0,
    0x00, 0x00, 0x00, 0x00, 0x18, 0x76, 0x6c, 0xf4,
    0x00, 0x00, 0x00, 0x00, 0x00, 0xef, 0xff, 0xe7,
    0x00, 0x00, 0x00, 0x00, 0x00, 0x00, 0x00, 0x00,
    0x00, 0x00,

    /* U+4E2D "中" */
    0x00, 0x00, 0x00, 0x08, 0xc0, 0x00, 0x00, 0x00,
    0x00, 0x00, 0x00, 0x00, 0xaf, 0x00, 0x00, 0x00,
    0x00, 0x00, 0x00, 0x00, 0x0a, 0xf0, 0x00, 0x00,
    0x00, 0x03, 0x33, 0x33, 0x33, 0xbf, 0x33, 0x33,
    0x33, 0x31, 0xdf, 0xff, 0xff, 0xff, 0xff, 0xff,
    0xff, 0xff, 0x7d, 0xb3, 0x33, 0x33, 0xbf, 0x33,
    0x33, 0x34, 0xf7, 0xda, 0x00, 0x00, 0x0a, 0xf0,
    0x00, 0x00, 0x1f, 0x7d, 0xa0, 0x00, 0x00, 0xaf,
    0x00, 0x00, 0x01, 0xf7, 0xda, 0x00, 0x00, 0x0a,
    0xf0, 0x00, 0x00, 0x1f, 0x7d, 0xa0, 0x00, 0x00,
    0xaf, 0x00, 0x00, 0x01, 0xf7, 0xdc, 0x77, 0x77,
    0x7c, 0xf7, 0x77, 0x77, 0x7f, 0x7d, 0xff, 0xff,
    0xff, 0xff, 0xff, 0xff, 0xff, 0xf7, 0xda, 0x00,
    0x00, 0x0a, 0xf0, 0x00, 0x00, 0x1f, 0x73, 0x20,
    0x00, 0x00, 0xaf, 0x00, 0x00, 0x00, 0x31, 0x00,
    0x00, 0x00, 0x0a, 0xf0, 0x00, 0x00, 0x00, 0x00,
    0x00, 0x00, 0x00, 0xaf, 0x00, 0x00, 0x00, 0x00,
    0x00, 0x00, 0x00, 0x0a, 0xf0, 0x00, 0x00, 0x00,
    0x00, 0x00, 0x00, 0x00, 0xaf, 0x00, 0x00, 0x00,
    0x00,

    /* U+4E49 "义" */
    0x00, 0x00, 0x00, 0x00, 0x59, 0x00, 0x00, 0x00,
    0x00, 0x00, 0x00, 0x00, 0x00, 0x00, 0x5f, 0x30,
    0x00, 0x01, 0x20, 0x00, 0x00, 0x04, 0x20, 0x00,
    0x0e, 0xa0, 0x00, 0x07, 0xf3, 0x00, 0x00, 0x0d,
    0xb0, 0x00, 0x07, 0xf1, 0x00, 0x0d, 0xd0, 0x00,
    0x00, 0x06, 0xf2, 0x00, 0x01, 0xf7, 0x00, 0x3f,
    0x70, 0x00, 0x00, 0x00, 0xea, 0x00, 0x00, 0x40,
    0x00, 0xbf, 0x00, 0x00, 0x00, 0x00, 0x7f, 0x30,
    0x00, 0x00, 0x03, 0xf8, 0x00, 0x00, 0x00, 0x00,
    0x0e, 0xc0, 0x00, 0x00, 0x0c, 0xe1, 0x00, 0x00,
    0x00, 0x00, 0x05, 0xf7, 0x00, 0x00, 0x6f, 0x60,
    0x00, 0x00, 0x00, 0x00, 0x00, 0xaf, 0x30, 0x02,
    0xfb, 0x00, 0x00, 0x00, 0x00, 0x00, 0x00, 0x1d,
    0xe1, 0x1d, 0xe1, 0x00, 0x00, 0x00, 0x00, 0x00,
    0x00, 0x02, 0xfd, 0xcf, 0x30, 0x00, 0x00, 0x00,
    0x00, 0x00, 0x00, 0x00, 0x5f, 0xf7, 0x00, 0x00,
    0x00, 0x00, 0x00, 0x00, 0x00, 0x02, 0xdf, 0xfe,
    0x30, 0x00, 0x00, 0x00, 0x00, 0x00, 0x00, 0x6f,
    0xe3, 0x3e, 0xf8, 0x00, 0x00, 0x00, 0x00, 0x00,
    0x4d, 0xfa, 0x10, 0x01, 0xbf, 0xd5, 0x00, 0x00,
    0x00, 0x5c, 0xfd, 0x40, 0x00, 0x00, 0x06, 0xef,
    0xd6, 0x00, 0x1e, 0xfc, 0x50, 0x00, 0x00, 0x00,
    0x00, 0x07, 0xef, 0xd0, 0x04, 0x30, 0x00, 0x00,
    0x00, 0x00, 0x00, 0x00, 0x05, 0x30,

    /* U+4E8C "二" */
    0x02, 0xff, 0xff, 0xff, 0xff, 0xff, 0xff, 0xff,
    0x30, 0x01, 0xaa, 0xaa, 0xaa, 0xaa, 0xaa, 0xaa,
    0xaa, 0x20, 0x00, 0x00, 0x00, 0x00, 0x00, 0x00,
    0x00, 0x00, 0x00, 0x00, 0x00, 0x00, 0x00, 0x00,
    0x00, 0x00, 0x00, 0x00, 0x00, 0x00, 0x00, 0x00,
    0x00, 0x00, 0x00, 0x00, 0x00, 0x00, 0x00, 0x00,
    0x00, 0x00, 0x00, 0x00, 0x00, 0x00, 0x00, 0x00,
    0x00, 0x00, 0x00, 0x00, 0x00, 0x00, 0x00, 0x00,
    0x00, 0x00, 0x00, 0x00, 0x00, 0x00, 0x00, 0x00,
    0x00, 0x00, 0x00, 0x00, 0x00, 0x00, 0x00, 0x00,
    0x00, 0x00, 0x00, 0x00, 0x00, 0x00, 0x00, 0x00,
    0x00, 0x00, 0x00, 0x00, 0x00, 0x00, 0x00, 0x00,
    0x00, 0x00, 0x00, 0x00, 0x00, 0x00, 0x00, 0x00,
    0x00, 0x00, 0x00, 0x00, 0xdf, 0xff, 0xff, 0xff,
    0xff, 0xff, 0xff, 0xff, 0xfe, 0x8a, 0xaa, 0xaa,
    0xaa, 0xaa, 0xaa, 0xaa, 0xaa, 0xa9,

    /* U+4E8E "于" */
    0x03, 0x77, 0x77, 0x77, 0x77, 0x77, 0x77, 0x77,
    0x30, 0x08, 0xff, 0xff, 0xff, 0xff, 0xff, 0xff,
    0xff, 0x80, 0x00, 0x00, 0x00, 0x00, 0x9f, 0x00,
    0x00, 0x00, 0x00, 0x00, 0x00, 0x00, 0x00, 0x9f,
    0x00, 0x00, 0x00, 0x00, 0x00, 0x00, 0x00, 0x00,
    0x9f, 0x00, 0x00, 0x00, 0x00, 0x00, 0x00, 0x00,
    0x00, 0x9f, 0x00, 0x00, 0x00, 0x00, 0x00, 0x00,
    0x00, 0x00, 0x9f, 0x00, 0x00, 0x00, 0x00, 0xdf,
    0xff, 0xff, 0xff, 0xff, 0xff, 0xff, 0xff, 0xfe,
    0x78, 0x88, 0x88, 0x88, 0xdf, 0x88, 0x88, 0x88,
    0x88, 0x00, 0x00, 0x00, 0x00, 0x9f, 0x00, 0x00,
    0x00, 0x00, 0x00, 0x00, 0x00, 0x00, 0x9f, 0x00,
    0x00, 0x00, 0x00, 0x00, 0x00, 0x00, 0x00, 0x9f,
    0x00, 0x00, 0x00, 0x00, 0x00, 0x00, 0x00, 0x00,
    0x9f, 0x00, 0x00, 0x00, 0x00, 0x00, 0x00, 0x00,
    0x00, 0x9f, 0x00, 0x00, 0x00, 0x00, 0x00, 0x00,
    0x00, 0x00, 0x9f, 0x00, 0x00, 0x00, 0x00, 0x00,
    0x00, 0x58, 0x88, 0xdf, 0x00, 0x00, 0x00, 0x00,
    0x00, 0x00, 0x5f, 0xff, 0xd6, 0x00, 0x00, 0x00,
    0x00, 0x00, 0x00, 0x00, 0x00, 0x00, 0x00, 0x00,
    0x00, 0x00,

    /* U+4EAE "亮" */
    0x00, 0x00, 0x00, 0x01, 0xc7, 0x00, 0x00, 0x00,
    0x00, 0x00, 0x00, 0x00, 0x00, 0xbf, 0x10, 0x00,
    0x00, 0x00, 0xef, 0xff, 0xff, 0xff, 0xff, 0xff,
    0xff, 0xff, 0xf9, 0x45, 0x55, 0x55, 0x55, 0x55,
    0x55, 0x55, 0x55, 0x53, 0x00, 0x04, 0x44, 0x44,
    0x44, 0x44, 0x44, 0x40, 0x00, 0x00, 0x0f, 0xec,
    0xcc, 0xcc, 0xcc, 0xce, 0xf0, 0x00, 0x00, 0x0f,
    0x80, 0x00, 0x00, 0x00, 0x07, 0xf0, 0x00, 0x00,
    0x0f, 0xfe, 0xee, 0xee, 0xee, 0xef, 0xf0, 0x00,
    0x00, 0x02, 0x22, 0x22, 0x22, 0x22, 0x22, 0x20,
    0x00, 0x24, 0x44, 0x44, 0x44, 0x44, 0x44, 0x44,
    0x44, 0x41, 0x8f, 0xff, 0xff, 0xff, 0xff, 0xff,
    0xff, 0xff, 0xf5, 0x8e, 0x00, 0x00, 0x00, 0x00,
    0x00, 0x00, 0x02, 0xf5, 0x8e, 0x00, 0x0f, 0xff,
    0xff, 0xff, 0xd0, 0x02, 0xf5, 0x00, 0x00, 0x1f,
    0xa5, 0x55, 0x5c, 0xe0, 0x00, 0x10, 0x00, 0x00,
    0x5f, 0x40, 0x00, 0x0b, 0xe0, 0x00, 0x20, 0x00,
    0x01, 0xed, 0x00, 0x00, 0x0b, 0xe0, 0x00, 0xb8,
    0x03, 0x8f, 0xe3, 0x00, 0x00, 0x0a, 0xf5, 0x55,
    0xe7, 0x9f, 0xe8, 0x10, 0x00, 0x00, 0x05, 0xef,
    0xff, 0xd1, 0x02, 0x00, 0x00, 0x00, 0x00, 0x00,
    0x00, 0x00, 0x00,

    /* U+4EC5 "仅" */
    0x00, 0x00, 0x00, 0x61, 0x00, 0x00, 0x00, 0x00,
    0x00, 0x00, 0x00, 0x00, 0x06, 0xf4, 0x00, 0x00,
    0x00, 0x00, 0x00, 0x00, 0x00, 0x00, 0x0e, 0xd3,
    0x77, 0x77, 0x77, 0x77, 0x77, 0x20, 0x00, 0x00,
    0x7f, 0x47, 0xff, 0xff, 0xff, 0xff, 0xff, 0x40,
    0x00, 0x02, 0xfb, 0x00, 0xac, 0x00, 0x00, 0x00,
    0x6f, 0x10, 0x00, 0x0d, 0xf3, 0x00, 0x6f, 0x10,
    0x00, 0x00, 0xad, 0x00, 0x00, 0xaf, 0xf3, 0x00,
    0x1f, 0x60, 0x00, 0x00, 0xf8, 0x00, 0x09, 0xfd,
    0xf3, 0x00, 0x0b, 0xc0, 0x00, 0x05, 0xf2, 0x00,
    0x4f, 0xb4, 0xf3, 0x00, 0x05, 0xf2, 0x00, 0x0d,
    0xc0, 0x00, 0x08, 0x04, 0xf3, 0x00, 0x00, 0xea,
    0x00, 0x5f, 0x40, 0x00, 0x00, 0x04, 0xf3, 0x00,
    0x00, 0x6f, 0x31, 0xec, 0x00, 0x00, 0x00, 0x04,
    0xf3, 0x00, 0x00, 0x0d, 0xda, 0xf2, 0x00, 0x00,
    0x00, 0x04, 0xf3, 0x00, 0x00, 0x03, 0xff, 0x60,
    0x00, 0x00, 0x00, 0x04, 0xf3, 0x00, 0x00, 0x07,
    0xff, 0x70, 0x00, 0x00, 0x00, 0x04, 0xf3, 0x00,
    0x00, 0x9f, 0x99, 0xf8, 0x00, 0x00, 0x00, 0x04,
    0xf3, 0x00, 0x3d, 0xf7, 0x00, 0x8f, 0xc3, 0x00,
    0x00, 0x04, 0xf3, 0x4b, 0xfc, 0x30, 0x00, 0x04,
    0xef, 0xa3, 0x00, 0x04, 0xf3, 0x4d, 0x50, 0x00,
    0x00, 0x00, 0x07, 0xc1, 0x00, 0x00, 0x00, 0x00,
    0x00, 0x00, 0x00, 0x00, 0x00, 0x00,

    /* U+4ECA "今" */
    0x00, 0x00, 0x00, 0x00, 0x06, 0xa1, 0x00, 0x00,
    0x00, 0x00, 0x00, 0x00, 0x00, 0x00, 0x3f, 0xf3,
    0x00, 0x00, 0x00, 0x00, 0x00, 0x00, 0x00, 0x03,
    0xee, 0xde, 0x30, 0x00, 0x00, 0x00, 0x00, 0x00,
    0x00, 0x4f, 0xe2, 0x1d, 0xf4, 0x00, 0x00, 0x00,
    0x00, 0x00, 0x06, 0xfe, 0x20, 0x01, 0xcf, 0x80,
    0x00, 0x00, 0x00, 0x01, 0xaf, 0xc1, 0x42, 0x00,
    0x0a, 0xfc, 0x20, 0x00, 0x00, 0x6e, 0xf9, 0x00,
    0xdf, 0x50, 0x00, 0x6f, 0xf9, 0x10, 0x0d, 0xfe,
    0x40, 0x00, 0x0a, 0xf7, 0x00, 0x02, 0xcf, 0xe0,
    0x06, 0x70, 0x00, 0x00, 0x00, 0x8f, 0x60, 0x00,
    0x05, 0x40, 0x00, 0x00, 0x00, 0x00, 0x00, 0x06,
    0x00, 0x00, 0x00, 0x00, 0x00, 0x0b, 0xff, 0xff,
    0xff, 0xff, 0xff, 0xff, 0xc0, 0x00, 0x00, 0x07,
    0x99, 0x99, 0x99, 0x99, 0x99, 0xef, 0x70, 0x00,
    0x00, 0x00, 0x00, 0x00, 0x00, 0x00, 0x04, 0xfa,
    0x00, 0x00, 0x00, 0x00, 0x00, 0x00, 0x00, 0x00,
    0x2f, 0xd0, 0x00, 0x00, 0x00, 0x00, 0x00, 0x00,
    0x00, 0x01, 0xdf, 0x20, 0x00, 0x00, 0x00, 0x00,
    0x00, 0x00, 0x00, 0x0b, 0xf5, 0x00, 0x00, 0x00,
    0x00, 0x00, 0x00, 0x00, 0x00, 0x8f, 0x80, 0x00,
    0x00, 0x00, 0x00, 0x00, 0x00, 0x00, 0x06, 0xfb,
    0x00, 0x00, 0x00, 0x00, 0x00, 0x00, 0x00, 0x00,
    0x01, 0x70, 0x00, 0x00, 0x00, 0x00,

    /* U+4EE5 "以" */
    0x00, 0x00, 0x00, 0x00, 0x00, 0x00, 0x00, 0x00,
    0x00, 0x00, 0x03, 0x20, 0x00, 0x00, 0x00, 0x00,
    0x0e, 0xa0, 0x00, 0x00, 0xea, 0x00, 0x3b, 0x10,
    0x00, 0x00, 0xf9, 0x00, 0x00, 0x0e, 0xa0, 0x02,
    0xfb, 0x00, 0x00, 0x1f, 0x70, 0x00, 0x00, 0xea,
    0x00, 0x06, 0xf6, 0x00, 0x02, 0xf6, 0x00, 0x00,
    0x0e, 0xa0, 0x00, 0x0b, 0xf1, 0x00, 0x4f, 0x40,
    0x00, 0x00, 0xea, 0x00, 0x00, 0x2f, 0x80, 0x06,
    0xf2, 0x00, 0x00, 0x0e, 0xa0, 0x00, 0x00, 0x40,
    0x00, 0x9f, 0x00, 0x00, 0x00, 0xea, 0x00, 0x00,
    0x00, 0x00, 0x0c, 0xc0, 0x00, 0x00, 0x0e, 0xa0,
    0x00, 0x00, 0x00, 0x01, 0xf8, 0x00, 0x00, 0x00,
    0xea, 0x00, 0x00, 0x00, 0x00, 0x6f, 0x40, 0x00,
    0x00, 0x0e, 0xa0, 0x00, 0x12, 0x00, 0x0c, 0xe0,
    0x00, 0x00, 0x00, 0xea, 0x02, 0xaf, 0x90, 0x04,
    0xfb, 0x00, 0x00, 0x00, 0x0f, 0xca, 0xff, 0x81,
    0x00, 0xdf, 0xf9, 0x00, 0x00, 0x04, 0xff, 0xe7,
    0x10, 0x00, 0xbf, 0x47, 0xf9, 0x00, 0x00, 0xdf,
    0x80, 0x00, 0x01, 0xbf, 0x70, 0x08, 0xf8, 0x00,
    0x04, 0x10, 0x00, 0x06, 0xef, 0x70, 0x00, 0x0a,
    0xf6, 0x00, 0x00, 0x00, 0x0c, 0xfd, 0x40, 0x00,
    0x00, 0x0d, 0xe0, 0x00, 0x00, 0x00, 0x37, 0x00,
    0x00, 0x00, 0x00, 0x22, 0x00,

    /* U+4EF6 "件" */
    0x00, 0x00, 0x05, 0x20, 0x00, 0x00, 0x53, 0x00,
    0x00, 0x00, 0x00, 0x00, 0x0f, 0x80, 0x36, 0x00,
    0xe9, 0x00, 0x00, 0x00, 0x00, 0x00, 0x7f, 0x20,
    0x9e, 0x00, 0xe9, 0x00, 0x00, 0x00, 0x00, 0x00,
    0xea, 0x00, 0xda, 0x00, 0xe9, 0x00, 0x00, 0x00,
    0x00, 0x07, 0xf2, 0x02, 0xfb, 0x88, 0xfc, 0x88,
    0x88, 0x10, 0x00, 0x2f, 0xf0, 0x07, 0xff, 0xff,
    0xff, 0xff, 0xff, 0x20, 0x00, 0xcf, 0xf0, 0x0e,
    0xa0, 0x00, 0xe9, 0x00, 0x00, 0x00, 0x08, 0xfd,
    0xf0, 0x6f, 0x30, 0x00, 0xe9, 0x00, 0x00, 0x00,
    0x0e, 0x98, 0xf0, 0x37, 0x00, 0x00, 0xe9, 0x00,
    0x00, 0x00, 0x04, 0x08, 0xf0, 0x00, 0x00, 0x00,
    0xe9, 0x00, 0x00, 0x00, 0x00, 0x08, 0xf0, 0xaf,
    0xff, 0xff, 0xff, 0xff, 0xff, 0xf0, 0x00, 0x08,
    0xf0, 0x58, 0x88, 0x88, 0xfc, 0x88, 0x88, 0x80,
    0x00, 0x08, 0xf0, 0x00, 0x00, 0x00, 0xe9, 0x00,
    0x00, 0x00, 0x00, 0x08, 0xf0, 0x00, 0x00, 0x00,
    0xe9, 0x00, 0x00, 0x00, 0x00, 0x08, 0xf0, 0x00,
    0x00, 0x00, 0xe9, 0x00, 0x00, 0x00, 0x00, 0x08,
    0xf0, 0x00, 0x00, 0x00, 0xe9, 0x00, 0x00, 0x00,
    0x00, 0x08, 0xf0, 0x00, 0x00, 0x00, 0xe9, 0x00,
    0x00, 0x00, 0x00, 0x07, 0xe0, 0x00, 0x00, 0x00,
    0xe9, 0x00, 0x00, 0x00,

    /* U+4F1A "会" */
    0x00, 0x00, 0x00, 0x00, 0x00, 0x71, 0x00, 0x00,
    0x00, 0x00, 0x00, 0x00, 0x00, 0x00, 0x0a, 0xf4,
    0x00, 0x00, 0x00, 0x00, 0x00, 0x00, 0x00, 0x00,
    0x9f, 0xfc, 0x10, 0x00, 0x00, 0x00, 0x00, 0x00,
    0x00, 0x0a, 0xf7, 0x2e, 0xd2, 0x00, 0x00, 0x00,
    0x00, 0x00, 0x03, 0xdf, 0x60, 0x01, 0xcf, 0x70,
    0x00, 0x00, 0x00, 0x01, 0x9f, 0xe3, 0x00, 0x00,
    0x08, 0xfd, 0x40, 0x00, 0x01, 0x7e, 0xfd, 0x87,
    0x77, 0x77, 0x77, 0xad, 0xfc, 0x50, 0x0a, 0xfb,
    0x38, 0xff, 0xff, 0xff, 0xff, 0xe0, 0x6d, 0xd1,
    0x00, 0x30, 0x00, 0x00, 0x00, 0x00, 0x00, 0x00,
    0x00, 0x10, 0x00, 0x00, 0x00, 0x00, 0x00, 0x00,
    0x00, 0x00, 0x00, 0x00, 0x01, 0xff, 0xff, 0xff,
    0xff, 0xff, 0xff, 0xff, 0xff, 0x70, 0x00, 0x88,
    0x88, 0x8c, 0xfb, 0x88, 0x88, 0x88, 0x88, 0x40,
    0x00, 0x00, 0x00, 0x2f, 0xd0, 0x00, 0x18, 0x10,
    0x00, 0x00, 0x00, 0x00, 0x01, 0xee, 0x20, 0x00,
    0x2e, 0xd1, 0x00, 0x00, 0x00, 0x00, 0x1d, 0xf3,
    0x00, 0x00, 0x02, 0xed, 0x10, 0x00, 0x00, 0x01,
    0xcf, 0x41, 0x23, 0x46, 0x78, 0xcf, 0xc0, 0x00,
    0x00, 0x1e, 0xff, 0xff, 0xff, 0xff, 0xfe, 0xcc,
    0xf8, 0x00, 0x00, 0x0c, 0xb9, 0x76, 0x43, 0x20,
    0x00, 0x00, 0xae, 0x10, 0x00, 0x00, 0x00, 0x00,
    0x00, 0x00, 0x00, 0x00, 0x11, 0x00,

    /* U+4F20 "传" */
    0x00, 0x00, 0x08, 0x30, 0x00, 0x06, 0x70, 0x00,
    0x00, 0x00, 0x00, 0x04, 0xf5, 0x00, 0x00, 0xea,
    0x00, 0x00, 0x00, 0x00, 0x00, 0xcd, 0x17, 0x77,
    0x8f, 0xb7, 0x77, 0x77, 0x00, 0x00, 0x4f, 0x61,
    0xff, 0xff, 0xff, 0xff, 0xff, 0xf0, 0x00, 0x0d,
    0xd0, 0x00, 0x00, 0xad, 0x00, 0x00, 0x00, 0x00,
    0x08, 0xf8, 0x00, 0x00, 0x0f, 0x90, 0x00, 0x00,
    0x00, 0x03, 0xff, 0x82, 0x77, 0x79, 0xfa, 0x77,
    0x77, 0x77, 0x72, 0xed, 0xf8, 0x4f, 0xff, 0xff,
    0xff, 0xff, 0xff, 0xfe, 0x8f, 0x3e, 0x80, 0x00,
    0x0d, 0xb0, 0x00, 0x00, 0x00, 0x01, 0x40, 0xe8,
    0x00, 0x02, 0xf6, 0x00, 0x00, 0x00, 0x00, 0x00,
    0x0e, 0x80, 0x00, 0x8f, 0xff, 0xff, 0xff, 0xf8,
    0x00, 0x00, 0xe8, 0x00, 0x05, 0x77, 0x77, 0x77,
    0xfe, 0x20, 0x00, 0x0e, 0x80, 0x00, 0x00, 0x00,
    0x00, 0xbf, 0x30, 0x00, 0x00, 0xe8, 0x00, 0x00,
    0x07, 0x10, 0xaf, 0x30, 0x00, 0x00, 0x0e, 0x80,
    0x00, 0x03, 0xee, 0xbf, 0x40, 0x00, 0x00, 0x00,
    0xe8, 0x00, 0x00, 0x00, 0x9f, 0xc1, 0x00, 0x00,
    0x00, 0x0e, 0x80, 0x00, 0x00, 0x00, 0x5f, 0xe3,
    0x00, 0x00, 0x00, 0xe8, 0x00, 0x00, 0x00, 0x00,
    0x2c, 0x30, 0x00, 0x00, 0x00, 0x00, 0x00, 0x00,
    0x00, 0x00, 0x00, 0x00, 0x00,

    /* U+4F5C "作" */
    0x00, 0x00, 0x04, 0x70, 0x00, 0x54, 0x00, 0x00,
    0x00, 0x00, 0x00, 0x00, 0x0c, 0xd0, 0x00, 0xea,
    0x00, 0x00, 0x00, 0x00, 0x00, 0x00, 0x4f, 0x60,
    0x05, 0xf4, 0x00, 0x00, 0x00, 0x00, 0x00, 0x00,
    0xce, 0x00, 0x0c, 0xf7, 0x77, 0x77, 0x77, 0x71,
    0x00, 0x05, 0xf6, 0x00, 0x4f, 0xff, 0xff, 0xff,
    0xff, 0xf3, 0x00, 0x1e, 0xf1, 0x00, 0xdc, 0x08,
    0xf0, 0x00, 0x00, 0x00, 0x00, 0xbf, 0xf1, 0x08,
    0xf3, 0x08, 0xf0, 0x00, 0x00, 0x00, 0x08, 0xfe,
    0xf1, 0x5f, 0x80, 0x08, 0xf2, 0x22, 0x22, 0x10,
    0x1f, 0xb7, 0xf1, 0x7c, 0x00, 0x08, 0xff, 0xff,
    0xff, 0xc0, 0x06, 0x16, 0xf1, 0x00, 0x00, 0x08,
    0xf4, 0x44, 0x44, 0x30, 0x00, 0x06, 0xf1, 0x00,
    0x00, 0x08, 0xf0, 0x00, 0x00, 0x00, 0x00, 0x06,
    0xf1, 0x00, 0x00, 0x08, 0xf0, 0x00, 0x00, 0x00,
    0x00, 0x06, 0xf1, 0x00, 0x00, 0x08, 0xf7, 0x77,
    0x77, 0x70, 0x00, 0x06, 0xf1, 0x00, 0x00, 0x08,
    0xff, 0xff, 0xff, 0xf0, 0x00, 0x06, 0xf1, 0x00,
    0x00, 0x08, 0xf0, 0x00, 0x00, 0x00, 0x00, 0x06,
    0xf1, 0x00, 0x00, 0x08, 0xf0, 0x00, 0x00, 0x00,
    0x00, 0x06, 0xf1, 0x00, 0x00, 0x08, 0xf0, 0x00,
    0x00, 0x00, 0x00, 0x06, 0xf1, 0x00, 0x00, 0x08,
    0xf0, 0x00, 0x00, 0x00,

    /* U+4F7F "使" */
    0x00, 0x00, 0x05, 0x60, 0x00, 0x00, 0x84, 0x00,
    0x00, 0x00, 0x00, 0x00, 0x0e, 0xa0, 0x00, 0x00,
    0xf7, 0x00, 0x00, 0x00, 0x00, 0x00, 0x6f, 0x66,
    0x66, 0x66, 0xfb, 0x66, 0x66, 0x61, 0x00, 0x00,
    0xeb, 0x8f, 0xff, 0xff, 0xff, 0xff, 0xff, 0xf4,
    0x00, 0x09, 0xf2, 0x00, 0x00, 0x00, 0xf7, 0x00,
    0x00, 0x00, 0x00, 0x4f, 0xf0, 0x03, 0x33, 0x33,
    0xf9, 0x33, 0x33, 0x10, 0x02, 0xef, 0xf0, 0x0f,
    0xff, 0xff, 0xff, 0xff, 0xff, 0x80, 0x1d, 0xfa,
    0xf0, 0x0f, 0x70, 0x00, 0xf7, 0x00, 0x0e, 0x80,
    0x4f, 0x48, 0xf0, 0x0f, 0x70, 0x00, 0xf7, 0x00,
    0x0e, 0x80, 0x03, 0x08, 0xf0, 0x0f, 0x70, 0x00,
    0xf7, 0x00, 0x0e, 0x80, 0x00, 0x08, 0xf0, 0x0f,
    0xff, 0xff, 0xff, 0xff, 0xff, 0x80, 0x00, 0x08,
    0xf0, 0x06, 0x74, 0x47, 0xf7, 0x44, 0x44, 0x20,
    0x00, 0x08, 0xf0, 0x0a, 0xe1, 0x07, 0xf1, 0x00,
    0x00, 0x00, 0x00, 0x08, 0xf0, 0x00, 0xcd, 0x3d,
    0xb0, 0x00, 0x00, 0x00, 0x00, 0x08, 0xf0, 0x00,
    0x0b, 0xff, 0x30, 0x00, 0x00, 0x00, 0x00, 0x08,
    0xf0, 0x00, 0x2b, 0xfe, 0xf9, 0x30, 0x00, 0x00,
    0x00, 0x08, 0xf0, 0x5b, 0xfd, 0x30, 0x6c, 0xff,
    0xb8, 0x61, 0x00, 0x08, 0xf0, 0xab, 0x50, 0x00,
    0x00, 0x16, 0x9d, 0xb0,

    /* U+4F9B "供" */
    0x00, 0x00, 0x09, 0x30, 0x08, 0x40, 0x00, 0x48,
    0x00, 0x00, 0x00, 0x00, 0x4f, 0x40, 0x0e, 0x80,
    0x00, 0x8f, 0x00, 0x00, 0x00, 0x00, 0xcd, 0x00,
    0x0e, 0x80, 0x00, 0x8f, 0x00, 0x00, 0x00, 0x04,
    0xf5, 0x00, 0x0e, 0x80, 0x00, 0x8f, 0x00, 0x00,
    0x00, 0x0d, 0xd0, 0x37, 0x7f, 0xc7, 0x77, 0xcf,
    0x77, 0x60, 0x00, 0x7f, 0x90, 0x7f, 0xff, 0xff,
    0xff, 0xff, 0xff, 0xc0, 0x03, 0xff, 0x90, 0x00,
    0x0e, 0x80, 0x00, 0x8f, 0x00, 0x00, 0x1e, 0xef,
    0x90, 0x00, 0x0e, 0x80, 0x00, 0x8f, 0x00, 0x00,
    0x8f, 0x4e, 0x90, 0x00, 0x0e, 0x80, 0x00, 0x8f,
    0x00, 0x00, 0x16, 0x0e, 0x90, 0x00, 0x0e, 0x80,
    0x00, 0x8f, 0x00, 0x00, 0x00, 0x0e, 0x90, 0x00,
    0x0e, 0x80, 0x00, 0x8f, 0x00, 0x00, 0x00, 0x0e,
    0x90, 0xff, 0xff, 0xff, 0xff, 0xff, 0xff, 0xf0,
    0x00, 0x0e, 0x90, 0x77, 0x77, 0x77, 0x77, 0x77,
    0x77, 0x70, 0x00, 0x0e, 0x90, 0x00, 0x06, 0x40,
    0x00, 0x24, 0x00, 0x00, 0x00, 0x0e, 0x90, 0x00,
    0x4f, 0x70, 0x00, 0x7f, 0x50, 0x00, 0x00, 0x0e,
    0x90, 0x03, 0xfa, 0x00, 0x00, 0x07, 0xf5, 0x00,
    0x00, 0x0e, 0x90, 0x5f, 0xb0, 0x00, 0x00, 0x00,
    0x9f, 0x30, 0x00, 0x0e, 0x90, 0x9a, 0x00, 0x00,
    0x00, 0x00, 0x0b, 0x60, 0x00, 0x00, 0x00, 0x00,
    0x00, 0x00, 0x00, 0x00, 0x00, 0x00,

    /* U+4FDD "保" */
    0x00, 0x00, 0x07, 0x80, 0x00, 0x00, 0x00, 0x00,
    0x00, 0x00, 0x00, 0x00, 0x0e, 0x95, 0xff, 0xff,
    0xff, 0xff, 0xff, 0x00, 0x00, 0x00, 0x7f, 0x25,
    0xf7, 0x66, 0x66, 0x66, 0xaf, 0x00, 0x00, 0x01,
    0xea, 0x05, 0xf1, 0x00, 0x00, 0x00, 0x7f, 0x00,
    0x00, 0x09, 0xf2, 0x05, 0xf1, 0x00, 0x00, 0x00,
    0x7f, 0x00, 0x00, 0x4f, 0xf0, 0x05, 0xf1, 0x00,
    0x00, 0x00, 0x7f, 0x00, 0x01, 0xef, 0xf0, 0x05,
    0xfd, 0xdd, 0xdd, 0xdd, 0xef, 0x00, 0x0c, 0xfb,
    0xf0, 0x02, 0x88, 0x88, 0xfc, 0x88, 0x88, 0x00,
    0x4f, 0x68, 0xf0, 0x00, 0x00, 0x00, 0xf8, 0x00,
    0x00, 0x00, 0x04, 0x08, 0xf0, 0x00, 0x00, 0x00,
    0xf8, 0x00, 0x00, 0x00, 0x00, 0x08, 0xf0, 0xdf,
    0xff, 0xff, 0xff, 0xff, 0xff, 0xf2, 0x00, 0x08,
    0xf0, 0x56, 0x66, 0x7f, 0xff, 0xc6, 0x66, 0x60,
    0x00, 0x08, 0xf0, 0x00, 0x00, 0xcc, 0xfc, 0xf4,
    0x00, 0x00, 0x00, 0x08, 0xf0, 0x00, 0x0b, 0xe2,
    0xf8, 0x8f, 0x30, 0x00, 0x00, 0x08, 0xf0, 0x01,
    0xce, 0x30, 0xf8, 0x0a, 0xf5, 0x00, 0x00, 0x08,
    0xf0, 0x6e, 0xd2, 0x00, 0xf8, 0x00, 0xaf, 0x90,
    0x00, 0x08, 0xf1, 0xda, 0x10, 0x00, 0xf8, 0x00,
    0x07, 0xf4, 0x00, 0x07, 0xe0, 0x00, 0x00, 0x00,
    0xf8, 0x00, 0x00, 0x10,

    /* U+505C "停" */
    0x00, 0x00, 0x00, 0x00, 0x00, 0x00, 0x00, 0x00,
    0x00, 0x00, 0x00, 0x00, 0xd4, 0x00, 0x00, 0x6f,
    0x10, 0x00, 0x00, 0x00, 0x00, 0x6f, 0x43, 0x33,
    0x34, 0xf9, 0x33, 0x33, 0x30, 0x00, 0x0d, 0xb9,
    0xff, 0xff, 0xff, 0xff, 0xff, 0xfe, 0x00, 0x04,
    0xf4, 0x01, 0x11, 0x11, 0x11, 0x11, 0x11, 0x00,
    0x00, 0xdd, 0x00, 0x1d, 0xdd, 0xdd, 0xdd, 0xdd,
    0x30, 0x00, 0x6f, 0x70, 0x02, 0xf7, 0x33, 0x33,
    0x36, 0xf3, 0x00, 0x1e, 0xf7, 0x00, 0x2f, 0x40,
    0x00, 0x00, 0x3f, 0x30, 0x0b, 0xff, 0x70, 0x02,
    0xff, 0xff, 0xff, 0xff, 0xf3, 0x04, 0xf7, 0xe7,
    0x00, 0x02, 0x22, 0x22, 0x22, 0x22, 0x00, 0x08,
    0x0e, 0x70, 0x45, 0x55, 0x55, 0x55, 0x55, 0x55,
    0x40, 0x00, 0xe7, 0x0e, 0xfe, 0xee, 0xee, 0xee,
    0xee, 0xfe, 0x00, 0x0e, 0x70, 0xe6, 0x00, 0x00,
    0x00, 0x00, 0x07, 0xe0, 0x00, 0xe7, 0x0d, 0x79,
    0x99, 0x99, 0x99, 0x99, 0x9d, 0x00, 0x0e, 0x70,
    0x01, 0xaa, 0xaa, 0xfc, 0xaa, 0xa2, 0x00, 0x00,
    0xe7, 0x00, 0x00, 0x00, 0x1f, 0x60, 0x00, 0x00,
    0x00, 0x0e, 0x70, 0x00, 0x00, 0x01, 0xf6, 0x00,
    0x00, 0x00, 0x00, 0xe7, 0x00, 0x00, 0x44, 0x5f,
    0x60, 0x00, 0x00, 0x00, 0x0e, 0x70, 0x00, 0x0d,
    0xff, 0xd2, 0x00, 0x00, 0x00, 0x00, 0x00, 0x00,
    0x00, 0x00, 0x00, 0x00, 0x00, 0x00,

    /* U+5141 "允" */
    0x00, 0x00, 0x00, 0x00, 0x00, 0x00, 0x00, 0x00,
    0x00, 0x00, 0x00, 0x00, 0x00, 0x00, 0xdc, 0x00,
    0x00, 0x00, 0x00, 0x00, 0x00, 0x00, 0x00, 0x07,
    0xf6, 0x00, 0x00, 0x00, 0x00, 0x00, 0x00, 0x00,
    0x00, 0x2f, 0xb0, 0x00, 0x32, 0x00, 0x00, 0x00,
    0x00, 0x00, 0x00, 0xce, 0x10, 0x00, 0xde, 0x10,
    0x00, 0x00, 0x00, 0x00, 0x08, 0xf4, 0x00, 0x00,
    0x2f, 0xc0, 0x00, 0x00, 0x00, 0x00, 0x5f, 0x80,
    0x00, 0x00, 0x05, 0xf9, 0x00, 0x00, 0x00, 0x03,
    0xfa, 0x00, 0x01, 0x23, 0x45, 0xdf, 0x50, 0x00,
    0x00, 0x4f, 0xfd, 0xde, 0xff, 0xff, 0xff, 0xff,
    0xf2, 0x00, 0x00, 0x4f, 0xdb, 0xbf, 0xa5, 0x4b,
    0xf0, 0x02, 0xfb, 0x00, 0x00, 0x00, 0x00, 0x4f,
    0x40, 0x09, 0xf0, 0x00, 0x41, 0x00, 0x00, 0x00,
    0x00, 0x6f, 0x20, 0x09, 0xf0, 0x00, 0x00, 0x00,
    0x00, 0x00, 0x00, 0x8f, 0x00, 0x09, 0xf0, 0x00,
    0x00, 0x00, 0x00, 0x00, 0x00, 0xcd, 0x00, 0x09,
    0xf0, 0x00, 0x00, 0x00, 0x00, 0x00, 0x02, 0xf8,
    0x00, 0x09, 0xf0, 0x00, 0x02, 0xd2, 0x00, 0x00,
    0x0c, 0xf1, 0x00, 0x09, 0xf0, 0x00, 0x03, 0xf3,
    0x00, 0x00, 0xaf, 0x60, 0x00, 0x09, 0xf0, 0x00,
    0x04, 0xf1, 0x01, 0x7e, 0xf7, 0x00, 0x00, 0x08,
    0xf8, 0x77, 0x7c, 0xe0, 0x1e, 0xfb, 0x30, 0x00,
    0x00, 0x02, 0xdf, 0xff, 0xfe, 0x50, 0x03, 0x20,
    0x00, 0x00, 0x00, 0x00, 0x00, 0x00, 0x00, 0x00,

    /* U+5145 "充" */
    0x00, 0x00, 0x00, 0x01, 0x95, 0x00, 0x00, 0x00,
    0x00, 0x00, 0x00, 0x00, 0x00, 0x0c, 0xf1, 0x00,
    0x00, 0x00, 0x00, 0x00, 0x00, 0x00, 0x00, 0x3f,
    0xa0, 0x00, 0x00, 0x00, 0x03, 0x88, 0x88, 0x88,
    0x88, 0xd9, 0x88, 0x88, 0x88, 0x70, 0x6f, 0xff,
    0xff, 0xff, 0xff, 0xff, 0xff, 0xff, 0xfe, 0x00,
    0x00, 0x00, 0x5f, 0xb0, 0x00, 0x03, 0x00, 0x00,
    0x00, 0x00, 0x00, 0x2f, 0xd0, 0x00, 0x07, 0xf8,
    0x00, 0x00, 0x00, 0x00, 0x1e, 0xe1, 0x00, 0x00,
    0x06, 0xfb, 0x00, 0x00, 0x00, 0x1d, 0xf5, 0x34,
    0x55, 0x67, 0x7c, 0xfc, 0x10, 0x00, 0x2e, 0xff,
    0xff, 0xff, 0xff, 0xfe, 0xdc, 0xfc, 0x10, 0x00,
    0xa6, 0x54, 0xfa, 0x10, 0x5f, 0x40, 0x05, 0xe3,
    0x00, 0x00, 0x00, 0x2f, 0x70, 0x05, 0xf4, 0x00,
    0x00, 0x00, 0x00, 0x00, 0x05, 0xf4, 0x00, 0x5f,
    0x40, 0x00, 0x00, 0x00, 0x00, 0x00, 0xbf, 0x00,
    0x05, 0xf4, 0x00, 0x00, 0x50, 0x00, 0x00, 0x4f,
    0x90, 0x00, 0x5f, 0x40, 0x00, 0x1f, 0x50, 0x00,
    0x4e, 0xe1, 0x00, 0x05, 0xf4, 0x00, 0x03, 0xf3,
    0x03, 0xaf, 0xe3, 0x00, 0x00, 0x4f, 0xa6, 0x66,
    0xbf, 0x05, 0xff, 0x91, 0x00, 0x00, 0x00, 0xbf,
    0xff, 0xff, 0x70, 0x05, 0x10, 0x00, 0x00, 0x00,
    0x00, 0x00, 0x00, 0x00, 0x00,

    /* U+5165 "入" */
    0x00, 0x00, 0x00, 0x10, 0x00, 0x00, 0x00, 0x00,
    0x00, 0x00, 0x00, 0x00, 0x00, 0xcd, 0x10, 0x00,
    0x00, 0x00, 0x00, 0x00, 0x00, 0x00, 0x00, 0x5f,
    0xd1, 0x00, 0x00, 0x00, 0x00, 0x00, 0x00, 0x00,
    0x00, 0x04, 0xfc, 0x00, 0x00, 0x00, 0x00, 0x00,
    0x00, 0x00, 0x00, 0x00, 0x6f, 0x80, 0x00, 0x00,
    0x00, 0x00, 0x00, 0x00, 0x00, 0x00, 0x0f, 0xf2,
    0x00, 0x00, 0x00, 0x00, 0x00, 0x00, 0x00, 0x00,
    0x3f, 0xfb, 0x00, 0x00, 0x00, 0x00, 0x00, 0x00,
    0x00, 0x00, 0x8f, 0xbf, 0x40, 0x00, 0x00, 0x00,
    0x00, 0x00, 0x00, 0x00, 0xde, 0x1e, 0xc0, 0x00,
    0x00, 0x00, 0x00, 0x00, 0x00, 0x04, 0xf8, 0x07,
    0xf4, 0x00, 0x00, 0x00, 0x00, 0x00, 0x00, 0x0b,
    0xf2, 0x00, 0xec, 0x00, 0x00, 0x00, 0x00, 0x00,
    0x00, 0x3f, 0xa0, 0x00, 0x7f, 0x50, 0x00, 0x00,
    0x00, 0x00, 0x00, 0xdf, 0x20, 0x00, 0x0e, 0xe1,
    0x00, 0x00, 0x00, 0x00, 0x09, 0xf7, 0x00, 0x00,
    0x05, 0xfa, 0x00, 0x00, 0x00, 0x00, 0x7f, 0xc0,
    0x00, 0x00, 0x00, 0xaf, 0x80, 0x00, 0x00, 0x08,
    0xfd, 0x10, 0x00, 0x00, 0x00, 0x1d, 0xf9, 0x00,
    0x02, 0xbf, 0xc1, 0x00, 0x00, 0x00, 0x00, 0x02,
    0xdf, 0xc1, 0x0c, 0xf9, 0x00, 0x00, 0x00, 0x00,
    0x00, 0x00, 0x1b, 0xd0, 0x00, 0x30, 0x00, 0x00,
    0x00, 0x00, 0x00, 0x00, 0x00, 0x20,

    /* U+5173 "关" */
    0x00, 0x01, 0x70, 0x00, 0x00, 0x00, 0x09, 0x40,
    0x00, 0x00, 0x00, 0x2f, 0x90, 0x00, 0x00, 0x05,
    0xf7, 0x00, 0x00, 0x00, 0x00, 0x8f, 0x30, 0x00,
    0x00, 0xdd, 0x00, 0x00, 0x00, 0x00, 0x00, 0xea,
    0x00, 0x00, 0x6f, 0x40, 0x00, 0x00, 0x03, 0x88,
    0x8c, 0x98, 0x88, 0x8f, 0xe8, 0x88, 0x50, 0x00,
    0x6f, 0xff, 0xff, 0xff, 0xff, 0xff, 0xff, 0xf9,
    0x00, 0x00, 0x00, 0x00, 0x00, 0xce, 0x00, 0x00,
    0x00, 0x00, 0x00, 0x00, 0x00, 0x00, 0x0c, 0xe0,
    0x00, 0x00, 0x00, 0x00, 0x00, 0x00, 0x00, 0x00,
    0xce, 0x00, 0x00, 0x00, 0x00, 0x03, 0x77, 0x77,
    0x77, 0x7e, 0xf7, 0x77, 0x77, 0x77, 0x70, 0x6f,
    0xff, 0xff, 0xff, 0xff, 0xff, 0xff, 0xff, 0xfe,
    0x00, 0x00, 0x00, 0x00, 0x4f, 0xfa, 0x00, 0x00,
    0x00, 0x00, 0x00, 0x00, 0x00, 0x0c, 0xf9, 0xf4,
    0x00, 0x00, 0x00, 0x00, 0x00, 0x00, 0x07, 0xf9,
    0x0c, 0xf3, 0x00, 0x00, 0x00, 0x00, 0x00, 0x08,
    0xfc, 0x00, 0x1e, 0xf4, 0x00, 0x00, 0x00, 0x00,
    0x2c, 0xfc, 0x10, 0x00, 0x2e, 0xf9, 0x10, 0x00,
    0x03, 0xaf, 0xf8, 0x00, 0x00, 0x00, 0x1b, 0xff,
    0x93, 0x07, 0xff, 0x92, 0x00, 0x00, 0x00, 0x00,
    0x05, 0xdf, 0xe1, 0x06, 0x10, 0x00, 0x00, 0x00,
    0x00, 0x00, 0x00, 0x33, 0x00,

    /* U+518D "再" */
    0x03, 0x77, 0x77, 0x77, 0x77, 0x77, 0x77, 0x77,
    0x77, 0x20, 0x08, 0xff, 0xff, 0xff, 0xff, 0xff,
    0xff, 0xff, 0xff, 0x60, 0x00, 0x00, 0x00, 0x00,
    0x0e, 0x90, 0x00, 0x00, 0x00, 0x00, 0x00, 0x02,
    0x33, 0x33, 0x3f, 0xb3, 0x33, 0x33, 0x20, 0x00,
    0x00, 0x0d, 0xff, 0xff, 0xff, 0xff, 0xff, 0xff,
    0xd0, 0x00, 0x00, 0x0d, 0xb2, 0x22, 0x2f, 0xa2,
    0x22, 0x2b, 0xd0, 0x00, 0x00, 0x0d, 0xa0, 0x00,
    0x0e, 0x90, 0x00, 0x0a, 0xd0, 0x00, 0x00, 0x0d,
    0xc5, 0x55, 0x5f, 0xc5, 0x55, 0x5c, 0xd0, 0x00,
    0x00, 0x0d, 0xff, 0xff, 0xff, 0xff, 0xff, 0xff,
    0xd0, 0x00, 0x00, 0x0d, 0xa0, 0x00, 0x0e, 0x90,
    0x00, 0x0a, 0xd0, 0x00, 0x00, 0x0d, 0xa0, 0x00,
    0x0e, 0x90, 0x00, 0x0a, 0xd0, 0x00, 0x2a, 0xaf,
    0xea, 0xaa, 0xaf, 0xea, 0xaa, 0xae, 0xfa, 0xa2,
    0x2c, 0xcf, 0xec, 0xcc, 0xcc, 0xcc, 0xcc, 0xce,
    0xfc, 0xc2, 0x00, 0x0d, 0xa0, 0x00, 0x00, 0x00,
    0x00, 0x0a, 0xd0, 0x00, 0x00, 0x0d, 0xa0, 0x00,
    0x00, 0x00, 0x00, 0x0a, 0xd0, 0x00, 0x00, 0x0d,
    0xa0, 0x00, 0x00, 0x00, 0x65, 0x5d, 0xc0, 0x00,
    0x00, 0x0d, 0xa0, 0x00, 0x00, 0x00, 0xcf, 0xfe,
    0x60, 0x00, 0x00, 0x00, 0x00, 0x00, 0x00, 0x00,
    0x00, 0x00, 0x00, 0x00,

    /* U+51CF "减" */
    0x00, 0x00, 0x00, 0x00, 0x00, 0x00, 0x07, 0x52,
    0x40, 0x00, 0x08, 0x20, 0x00, 0x00, 0x00, 0x00,
    0x0c, 0x95, 0xf8, 0x00, 0x0a, 0xc0, 0x00, 0x00,
    0x00, 0x00, 0x0b, 0xa0, 0x3e, 0x70, 0x01, 0xf7,
    0x01, 0x76, 0x66, 0x66, 0x6d, 0xd6, 0x68, 0x60,
    0x00, 0x7f, 0x14, 0xff, 0xff, 0xff, 0xff, 0xff,
    0xff, 0xf0, 0x00, 0x0e, 0x54, 0xf1, 0x00, 0x00,
    0x08, 0xc0, 0x00, 0x00, 0x00, 0x00, 0x04, 0xf2,
    0xdd, 0xdd, 0xc7, 0xe0, 0x08, 0x50, 0x00, 0x00,
    0x04, 0xf1, 0x55, 0x55, 0x56, 0xf0, 0x0f, 0x60,
    0x00, 0x00, 0x04, 0xf1, 0x00, 0x00, 0x04, 0xf1,
    0x4f, 0x10, 0x00, 0x00, 0x04, 0xf0, 0xbf, 0xff,
    0xc2, 0xf3, 0xab, 0x00, 0x00, 0x0b, 0x45, 0xf0,
    0xc8, 0x47, 0xd0, 0xf7, 0xf5, 0x00, 0x00, 0x2f,
    0x46, 0xf0, 0xc6, 0x04, 0xd0, 0xef, 0xd0, 0x00,
    0x00, 0x9d, 0x08, 0xd0, 0xc6, 0x04, 0xd0, 0xbf,
    0x40, 0x00, 0x01, 0xf7, 0x0a, 0xa0, 0xc9, 0x47,
    0xd0, 0xdf, 0x00, 0x00, 0x08, 0xf1, 0x0e, 0x70,
    0xcf, 0xff, 0xcb, 0xff, 0x30, 0x82, 0x0e, 0x90,
    0x4f, 0x20, 0xc6, 0x00, 0xbe, 0x3e, 0xa0, 0xe4,
    0x2c, 0x20, 0xcc, 0x00, 0x00, 0x3d, 0xe3, 0x06,
    0xfc, 0xf0, 0x00, 0x00, 0xb4, 0x00, 0x00, 0x2a,
    0x10, 0x00, 0x9f, 0x70, 0x00, 0x00, 0x00, 0x00,
    0x00, 0x00, 0x00, 0x00, 0x00, 0x00,

    /* U+51FA "出" */
    0x00, 0x00, 0x00, 0x0b, 0x80, 0x00, 0x00, 0x00,
    0x00, 0x00, 0x00, 0x0e, 0xb0, 0x00, 0x00, 0x00,
    0x0f, 0x80, 0x00, 0x0e, 0xb0, 0x00, 0x08, 0xf1,
    0x0f, 0x80, 0x00, 0x0e, 0xb0, 0x00, 0x08, 0xf1,
    0x0f, 0x80, 0x00, 0x0e, 0xb0, 0x00, 0x08, 0xf1,
    0x0f, 0x80, 0x00, 0x0e, 0xb0, 0x00, 0x08, 0xf1,
    0x0f, 0x80, 0x00, 0x0e, 0xb0, 0x00, 0x08, 0xf1,
    0x0f, 0xc8, 0x88, 0x8f, 0xd8, 0x88, 0x8c, 0xf1,
    0x0f, 0xff, 0xff, 0xff, 0xff, 0xff, 0xff, 0xf1,
    0x00, 0x00, 0x00, 0x0e, 0xb0, 0x00, 0x00, 0x00,
    0xa8, 0x00, 0x00, 0x0e, 0xb0, 0x00, 0x00, 0x8a,
    0xeb, 0x00, 0x00, 0x0e, 0xb0, 0x00, 0x00, 0xbe,
    0xeb, 0x00, 0x00, 0x0e, 0xb0, 0x00, 0x00, 0xbe,
    0xeb, 0x00, 0x00, 0x0e, 0xb0, 0x00, 0x00, 0xbe,
    0xeb, 0x00, 0x00, 0x0e, 0xb0, 0x00, 0x00, 0xbe,
    0xeb, 0x00, 0x00, 0x0e, 0xb0, 0x00, 0x00, 0xbe,
    0xef, 0xff, 0xff, 0xff, 0xff, 0xff, 0xff, 0xfe,
    0x78, 0x88, 0x88, 0x88, 0x88, 0x88, 0x88, 0xde,

    /* U+5206 "分" */
    0x00, 0x00, 0x00, 0x63, 0x00, 0x00, 0x43, 0x00,
    0x00, 0x00, 0x00, 0x00, 0x02, 0xf9, 0x00, 0x00,
    0xdd, 0x00, 0x00, 0x00, 0x00, 0x00, 0x0a, 0xf2,
    0x00, 0x00, 0x5f, 0x60, 0x00, 0x00, 0x00, 0x00,
    0x3f, 0xa0, 0x00, 0x00, 0x0b, 0xf2, 0x00, 0x00,
    0x00, 0x00, 0xde, 0x10, 0x00, 0x00, 0x02, 0xfc,
    0x00, 0x00, 0x00, 0x0a, 0xf5, 0x00, 0x00, 0x00,
    0x00, 0x5f, 0xa0, 0x00, 0x00, 0x8f, 0x90, 0x00,
    0x00, 0x00, 0x00, 0x09, 0xf9, 0x00, 0x09, 0xfe,
    0x66, 0x66, 0x66, 0x66, 0x66, 0x76, 0xbf, 0xa0,
    0x0b, 0xb8, 0xff, 0xff, 0xff, 0xff, 0xff, 0xff,
    0x0a, 0x40, 0x00, 0x00, 0x11, 0x1b, 0xe1, 0x11,
    0x11, 0xaf, 0x00, 0x00, 0x00, 0x00, 0x00, 0x0e,
    0xb0, 0x00, 0x00, 0xae, 0x00, 0x00, 0x00, 0x00,
    0x00, 0x2f, 0x70, 0x00, 0x00, 0xbd, 0x00, 0x00,
    0x00, 0x00, 0x00, 0x8f, 0x20, 0x00, 0x00, 0xcc,
    0x00, 0x00, 0x00, 0x00, 0x01, 0xeb, 0x00, 0x00,
    0x00, 0xea, 0x00, 0x00, 0x00, 0x00, 0x0b, 0xf3,
    0x00, 0x00, 0x00, 0xf9, 0x00, 0x00, 0x00, 0x01,
    0xbf, 0x60, 0x00, 0x00, 0x03, 0xf6, 0x00, 0x00,
    0x01, 0x8f, 0xf5, 0x00, 0x02, 0x77, 0x6c, 0xf2,
    0x00, 0x00, 0x08, 0xfa, 0x20, 0x00, 0x01, 0xff,
    0xff, 0x80, 0x00, 0x00, 0x00, 0x10, 0x00, 0x00,
    0x00, 0x00, 0x00, 0x00, 0x00, 0x00,

    /* U+5217 "列" */
    0x00, 0x00, 0x00, 0x00, 0x00, 0x00, 0x00, 0x00,
    0x03, 0x10, 0x00, 0x00, 0x00, 0x00, 0x00, 0x00,
    0x00, 0x01, 0xf7, 0x0d, 0xee, 0xee, 0xee, 0xee,
    0xe4, 0x00, 0x00, 0x1f, 0x70, 0xdf, 0xff, 0xff,
    0xff, 0xff, 0x41, 0x40, 0x01, 0xf7, 0x00, 0x00,
    0xda, 0x00, 0x00, 0x00, 0x4f, 0x20, 0x1f, 0x70,
    0x00, 0x1f, 0x60, 0x00, 0x00, 0x04, 0xf2, 0x01,
    0xf7, 0x00, 0x06, 0xf2, 0x00, 0x01, 0x00, 0x4f,
    0x20, 0x1f, 0x70, 0x00, 0xcf, 0xff, 0xff, 0xf9,
    0x04, 0xf2, 0x01, 0xf7, 0x00, 0x3f, 0x95, 0x55,
    0x5f, 0x60, 0x4f, 0x20, 0x1f, 0x70, 0x0a, 0xe0,
    0x00, 0x04, 0xf3, 0x04, 0xf2, 0x01, 0xf7, 0x03,
    0xf7, 0x00, 0x00, 0x9e, 0x00, 0x4f, 0x20, 0x1f,
    0x70, 0xdd, 0x2b, 0x20, 0x0e, 0x90, 0x04, 0xf2,
    0x01, 0xf7, 0x02, 0x32, 0xdf, 0x67, 0xf2, 0x00,
    0x4f, 0x20, 0x1f, 0x70, 0x00, 0x00, 0xbf, 0xfa,
    0x00, 0x04, 0xf2, 0x01, 0xf7, 0x00, 0x00, 0x00,
    0xef, 0x10, 0x00, 0x4f, 0x20, 0x1f, 0x70, 0x00,
    0x00, 0xaf, 0x50, 0x00, 0x00, 0x00, 0x01, 0xf7,
    0x00, 0x01, 0xbf, 0x60, 0x00, 0x00, 0x00, 0x00,
    0x1f, 0x70, 0x07, 0xef, 0x50, 0x00, 0x00, 0x00,
    0x06, 0x67, 0xf6, 0x03, 0xfa, 0x10, 0x00, 0x00,
    0x00, 0x00, 0xbf, 0xfc, 0x10, 0x01, 0x00, 0x00,
    0x00, 0x00, 0x00, 0x00, 0x00, 0x00,

    /* U+5220 "删" */
    0x00, 0x00, 0x00, 0x00, 0x00, 0x00, 0x00, 0x00,
    0x03, 0x00, 0x0f, 0xff, 0xf4, 0x4f, 0xff, 0xf3,
    0x00, 0x02, 0xf3, 0x01, 0xf8, 0x6f, 0x54, 0xf6,
    0x6f, 0x40, 0x51, 0x2f, 0x30, 0x1f, 0x30, 0xf5,
    0x4f, 0x00, 0xf4, 0x0f, 0x32, 0xf3, 0x01, 0xf3,
    0x0f, 0x54, 0xf0, 0x0f, 0x40, 0xf3, 0x2f, 0x30,
    0x1f, 0x30, 0xf5, 0x4f, 0x00, 0xf4, 0x0f, 0x32,
    0xf3, 0x01, 0xf3, 0x0f, 0x54, 0xf0, 0x0f, 0x40,
    0xf3, 0x2f, 0x30, 0x1f, 0x30, 0xf5, 0x4f, 0x00,
    0xf4, 0x0f, 0x32, 0xf3, 0x4c, 0xfd, 0xcf, 0xdd,
    0xfc, 0xcf, 0xd4, 0xf3, 0x2f, 0x33, 0xaf, 0xa9,
    0xfb, 0xbf, 0x99, 0xfb, 0x3f, 0x32, 0xf3, 0x01,
    0xf3, 0x0f, 0x54, 0xf0, 0x0f, 0x40, 0xf3, 0x2f,
    0x30, 0x1f, 0x20, 0xf5, 0x5e, 0x00, 0xf4, 0x0f,
    0x32, 0xf3, 0x02, 0xf1, 0x0f, 0x55, 0xd0, 0x0f,
    0x40, 0xf3, 0x2f, 0x30, 0x3f, 0x00, 0xf5, 0x7c,
    0x00, 0xf4, 0x0f, 0x22, 0xf3, 0x06, 0xe0, 0x0f,
    0x59, 0xa0, 0x0f, 0x40, 0x00, 0x2f, 0x30, 0x9b,
    0x00, 0xf5, 0xc7, 0x00, 0xf4, 0x00, 0x02, 0xf3,
    0x0e, 0x63, 0x5f, 0x6f, 0x34, 0x5f, 0x30, 0x25,
    0x6f, 0x22, 0xc0, 0x8f, 0xc4, 0xb0, 0xbf, 0xc0,
    0x03, 0xff, 0xb0, 0x00, 0x00, 0x00, 0x00, 0x00,
    0x00, 0x00, 0x00, 0x00, 0x00,

    /* U+522B "别" */
    0x00, 0x44, 0x44, 0x44, 0x44, 0x00, 0x00, 0x00,
    0x1f, 0x60, 0x2f, 0xff, 0xff, 0xff, 0xe0, 0x00,
    0x00, 0x01, 0xf6, 0x02, 0xfb, 0x99, 0x99, 0xce,
    0x00, 0x12, 0x00, 0x1f, 0x60, 0x2f, 0x30, 0x00,
    0x08, 0xe0, 0x07, 0xf0, 0x01, 0xf6, 0x02, 0xf3,
    0x00, 0x00, 0x8e, 0x00, 0x7f, 0x00, 0x1f, 0x60,
    0x2f, 0x30, 0x00, 0x08, 0xe0, 0x07, 0xf0, 0x01,
    0xf6, 0x02, 0xfb, 0xaa, 0xaa, 0xde, 0x00, 0x7f,
    0x00, 0x1f, 0x60, 0x1a, 0xaa, 0xaa, 0xaa, 0x90,
    0x07, 0xf0, 0x01, 0xf6, 0x00, 0x00, 0x4d, 0x10,
    0x00, 0x00, 0x7f, 0x00, 0x1f, 0x60, 0x00, 0x06,
    0xf1, 0x00, 0x00, 0x07, 0xf0, 0x01, 0xf6, 0x0e,
    0xff, 0xff, 0xff, 0xff, 0x30, 0x7f, 0x00, 0x1f,
    0x60, 0x56, 0x6c, 0xd6, 0x68, 0xf2, 0x07, 0xf0,
    0x01, 0xf6, 0x00, 0x00, 0xd9, 0x00, 0x4f, 0x20,
    0x7f, 0x00, 0x1f, 0x60, 0x00, 0x2f, 0x50, 0x06,
    0xf0, 0x07, 0xe0, 0x01, 0xf6, 0x00, 0x09, 0xf0,
    0x00, 0x7f, 0x00, 0x00, 0x00, 0x1f, 0x60, 0x05,
    0xf7, 0x00, 0x0a, 0xd0, 0x00, 0x00, 0x01, 0xf6,
    0x07, 0xfb, 0x03, 0x55, 0xeb, 0x00, 0x03, 0x77,
    0x8f, 0x60, 0xc8, 0x00, 0x5f, 0xfe, 0x30, 0x00,
    0x3f, 0xff, 0xb1, 0x00, 0x00, 0x00, 0x00, 0x00,
    0x00, 0x00, 0x00, 0x00, 0x00,

    /* U+5230 "到" */
    0x00, 0x00, 0x00, 0x00, 0x00, 0x00, 0x00, 0x00,
    0x73, 0x27, 0x77, 0x77, 0x77, 0x77, 0x70, 0x10,
    0x00, 0xf7, 0x4d, 0xde, 0xfe, 0xdd, 0xdd, 0xc0,
    0xf7, 0x00, 0xf7, 0x00, 0x0b, 0xe0, 0x04, 0x00,
    0x00, 0xf7, 0x00, 0xf7, 0x00, 0x4f, 0x50, 0x2f,
    0x80, 0x00, 0xf7, 0x00, 0xf7, 0x00, 0xdb, 0x00,
    0x06, 0xf5, 0x00, 0xf7, 0x00, 0xf7, 0x0a, 0xf9,
    0x8a, 0xbc, 0xff, 0x20, 0xf7, 0x00, 0xf7, 0x0d,
    0xfd, 0xca, 0x87, 0x6f, 0xb0, 0xf7, 0x00, 0xf7,
    0x01, 0x00, 0x18, 0x20, 0x04, 0x10, 0xf7, 0x00,
    0xf7, 0x00, 0x00, 0x2f, 0x40, 0x00, 0x00, 0xf7,
    0x00, 0xf7, 0x05, 0x55, 0x7f, 0x85, 0x55, 0x10,
    0xf7, 0x00, 0xf7, 0x1f, 0xff, 0xff, 0xff, 0xff,
    0x40, 0xf7, 0x00, 0xf7, 0x00, 0x00, 0x2f, 0x40,
    0x00, 0x00, 0xf7, 0x00, 0xf7, 0x00, 0x00, 0x2f,
    0x40, 0x00, 0x00, 0xf7, 0x00, 0xf7, 0x00, 0x00,
    0x2f, 0x41, 0x47, 0x50, 0x00, 0x00, 0xf7, 0x01,
    0x46, 0xaf, 0xff, 0xfd, 0x60, 0x00, 0x00, 0xf7,
    0x7f, 0xfe, 0xc9, 0x63, 0x00, 0x00, 0x07, 0x78,
    0xf6, 0x24, 0x10, 0x00, 0x00, 0x00, 0x00, 0x0a,
    0xfe, 0xb1,

    /* U+5236 "制" */
    0x00, 0x00, 0x00, 0x00, 0x00, 0x00, 0x00, 0x00,
    0x01, 0x00, 0x02, 0x81, 0x2b, 0x20, 0x00, 0x00,
    0x00, 0x00, 0xe9, 0x00, 0x6f, 0x03, 0xf3, 0x00,
    0x00, 0x00, 0x00, 0x0e, 0x90, 0x0b, 0xc0, 0x3f,
    0x30, 0x00, 0x00, 0x7e, 0x00, 0xe9, 0x00, 0xff,
    0xee, 0xfe, 0xee, 0xe4, 0x07, 0xf0, 0x0e, 0x90,
    0x6f, 0x77, 0x9f, 0x97, 0x77, 0x20, 0x7f, 0x00,
    0xe9, 0x0e, 0xa0, 0x03, 0xf3, 0x00, 0x00, 0x07,
    0xf0, 0x0e, 0x90, 0xa9, 0x77, 0x9f, 0x97, 0x77,
    0x70, 0x7f, 0x00, 0xe9, 0x1f, 0xff, 0xff, 0xff,
    0xff, 0xff, 0x17, 0xf0, 0x0e, 0x90, 0x00, 0x00,
    0x3f, 0x30, 0x00, 0x00, 0x7f, 0x00, 0xe9, 0x00,
    0x00, 0x03, 0xf3, 0x00, 0x00, 0x07, 0xf0, 0x0e,
    0x90, 0x3f, 0xff, 0xff, 0xff, 0xff, 0x60, 0x7f,
    0x00, 0xe9, 0x03, 0xf7, 0x57, 0xf7, 0x55, 0xf6,
    0x07, 0xf0, 0x0e, 0x90, 0x3f, 0x30, 0x3f, 0x30,
    0x0f, 0x60, 0x7f, 0x00, 0xe9, 0x03, 0xf3, 0x03,
    0xf3, 0x00, 0xf6, 0x01, 0x10, 0x0e, 0x90, 0x3f,
    0x30, 0x3f, 0x30, 0x0f, 0x60, 0x00, 0x00, 0xe9,
    0x03, 0xf3, 0x03, 0xf3, 0x44, 0xf5, 0x00, 0x00,
    0x0e, 0x90, 0x2f, 0x20, 0x3f, 0x3b, 0xfd, 0x20,
    0x07, 0x88, 0xf8, 0x00, 0x00, 0x03, 0xf3, 0x00,
    0x00, 0x00, 0xaf, 0xfc, 0x20, 0x00, 0x00, 0x00,
    0x00, 0x00, 0x00, 0x00, 0x00, 0x00,

    /* U+524D "前" */
    0x00, 0x03, 0x60, 0x00, 0x00, 0x00, 0x07, 0x50,
    0x00, 0x00, 0x05, 0xf7, 0x00, 0x00, 0x00, 0x2f,
    0xa0, 0x00, 0x00, 0x00, 0xaf, 0x20, 0x00, 0x00,
    0xbe, 0x10, 0x00, 0x66, 0x66, 0x8f, 0x96, 0x66,
    0x69, 0xfb, 0x66, 0x66, 0xef, 0xff, 0xff, 0xff,
    0xff, 0xff, 0xff, 0xff, 0xfe, 0x00, 0x00, 0x00,
    0x00, 0x00, 0x00, 0x00, 0x04, 0x30, 0x06, 0x99,
    0x99, 0x99, 0x50, 0x03, 0x10, 0x0d, 0xa0, 0x0b,
    0xfd, 0xdd, 0xdf, 0xa0, 0x0e, 0x70, 0x0d, 0xa0,
    0x0b, 0xb0, 0x00, 0x0d, 0xa0, 0x0e, 0x70, 0x0d,
    0xa0, 0x0b, 0xc2, 0x22, 0x2d, 0xa0, 0x0e, 0x70,
    0x0d, 0xa0, 0x0b, 0xff, 0xff, 0xff, 0xa0, 0x0e,
    0x70, 0x0d, 0xa0, 0x0b, 0xb0, 0x00, 0x0d, 0xa0,
    0x0e, 0x70, 0x0d, 0xa0, 0x0b, 0xb0, 0x00, 0x0d,
    0xa0, 0x0e, 0x70, 0x0d, 0xa0, 0x0b, 0xff, 0xff,
    0xff, 0xa0, 0x0e, 0x70, 0x0d, 0xa0, 0x0b, 0xc3,
    0x33, 0x3d, 0xa0, 0x0e, 0x70, 0x0d, 0xa0, 0x0b,
    0xb0, 0x00, 0x0d, 0xa0, 0x00, 0x00, 0x0d, 0xa0,
    0x0b, 0xb0, 0x14, 0x4e, 0xa0, 0x00, 0x55, 0x6e,
    0x90, 0x0b, 0xb0, 0x1f, 0xfe, 0x40, 0x00, 0x8f,
    0xfd, 0x30, 0x00, 0x00, 0x00, 0x00, 0x00, 0x00,
    0x00, 0x00, 0x00,

    /* U+529B "力" */
    0x00, 0x00, 0x00, 0x00, 0xc8, 0x00, 0x00, 0x00,
    0x00, 0x00, 0x00, 0x00, 0x00, 0xea, 0x00, 0x00,
    0x00, 0x00, 0x00, 0x00, 0x00, 0x00, 0xea, 0x00,
    0x00, 0x00, 0x00, 0x00, 0x00, 0x00, 0x00, 0xea,
    0x00, 0x00, 0x00, 0x00, 0x03, 0x77, 0x77, 0x77,
    0xfc, 0x77, 0x77, 0x77, 0x77, 0x07, 0xff, 0xff,
    0xff, 0xff, 0xff, 0xff, 0xff, 0xfe, 0x00, 0x00,
    0x00, 0x02, 0xf8, 0x00, 0x00, 0x00, 0xbd, 0x00,
    0x00, 0x00, 0x03, 0xf6, 0x00, 0x00, 0x00, 0xcc,
    0x00, 0x00, 0x00, 0x06, 0xf3, 0x00, 0x00, 0x00,
    0xdb, 0x00, 0x00, 0x00, 0x0b, 0xf0, 0x00, 0x00,
    0x00, 0xea, 0x00, 0x00, 0x00, 0x1f, 0xa0, 0x00,
    0x00, 0x00, 0xf9, 0x00, 0x00, 0x00, 0x8f, 0x40,
    0x00, 0x00, 0x01, 0xf7, 0x00, 0x00, 0x02, 0xfc,
    0x00, 0x00, 0x00, 0x03, 0xf6, 0x00, 0x00, 0x0c,
    0xf3, 0x00, 0x00, 0x00, 0x05, 0xf4, 0x00, 0x00,
    0xaf, 0x80, 0x00, 0x00, 0x00, 0x08, 0xf1, 0x00,
    0x1b, 0xf9, 0x00, 0x00, 0x00, 0x00, 0x0c, 0xe0,
    0x04, 0xef, 0x90, 0x00, 0x00, 0x08, 0x77, 0x9f,
    0x90, 0x09, 0xe5, 0x00, 0x00, 0x00, 0x0c, 0xff,
    0xfb, 0x10, 0x00, 0x10, 0x00, 0x00, 0x00, 0x00,
    0x00, 0x00, 0x00,

    /* U+529F "功" */
    0x00, 0x00, 0x00, 0x00, 0x00, 0x00, 0x73, 0x00,
    0x00, 0x00, 0x00, 0x00, 0x00, 0x00, 0x00, 0x1f,
    0x60, 0x00, 0x00, 0x06, 0x77, 0x77, 0x77, 0x20,
    0x01, 0xf6, 0x00, 0x00, 0x00, 0xff, 0xff, 0xff,
    0xf6, 0x00, 0x1f, 0x60, 0x00, 0x00, 0x00, 0x00,
    0xf7, 0x00, 0x13, 0x35, 0xf8, 0x33, 0x33, 0x20,
    0x00, 0x0f, 0x70, 0x07, 0xff, 0xff, 0xff, 0xff,
    0xfb, 0x00, 0x00, 0xf7, 0x00, 0x13, 0x36, 0xf6,
    0x33, 0x3d, 0xb0, 0x00, 0x0f, 0x70, 0x00, 0x00,
    0x5f, 0x20, 0x00, 0xda, 0x00, 0x00, 0xf7, 0x00,
    0x00, 0x07, 0xf0, 0x00, 0x0d, 0xa0, 0x00, 0x0f,
    0x70, 0x00, 0x00, 0x9e, 0x00, 0x00, 0xe9, 0x00,
    0x00, 0xf7, 0x00, 0x00, 0x0d, 0xb0, 0x00, 0x0f,
    0x80, 0x00, 0x0f, 0x85, 0x99, 0x02, 0xf7, 0x00,
    0x00, 0xf7, 0x01, 0x59, 0xff, 0xfd, 0x70, 0x8f,
    0x20, 0x00, 0x2f, 0x62, 0xff, 0xea, 0x61, 0x00,
    0x1f, 0xb0, 0x00, 0x03, 0xf4, 0x07, 0x30, 0x00,
    0x00, 0x0b, 0xf2, 0x00, 0x00, 0x5f, 0x20, 0x00,
    0x00, 0x00, 0x0a, 0xf7, 0x00, 0x00, 0x09, 0xf0,
    0x00, 0x00, 0x00, 0x2c, 0xf9, 0x00, 0x37, 0x67,
    0xfc, 0x00, 0x00, 0x00, 0x05, 0xf6, 0x00, 0x02,
    0xff, 0xfd, 0x30, 0x00, 0x00, 0x00, 0x00, 0x00,
    0x00, 0x00, 0x00, 0x00, 0x00,

    /* U+52A8 "动" */
    0x00, 0x00, 0x00, 0x00, 0x00, 0x00, 0x63, 0x00,
    0x00, 0x02, 0x22, 0x22, 0x22, 0x10, 0x00, 0xf8,
    0x00, 0x00, 0x3f, 0xff, 0xff, 0xff, 0x80, 0x00,
    0xf8, 0x00, 0x00, 0x03, 0x33, 0x33, 0x33, 0x10,
    0x00, 0xf7, 0x00, 0x00, 0x00, 0x00, 0x00, 0x00,
    0x02, 0x22, 0xf9, 0x22, 0x32, 0x00, 0x00, 0x00,
    0x00, 0x0d, 0xff, 0xff, 0xff, 0xfb, 0x66, 0x66,
    0x66, 0x66, 0x53, 0x45, 0xf8, 0x44, 0xda, 0xef,
    0xff, 0xff, 0xff, 0xd0, 0x02, 0xf4, 0x00, 0xda,
    0x00, 0x4f, 0x40, 0x00, 0x00, 0x04, 0xf3, 0x00,
    0xe9, 0x00, 0x8f, 0x00, 0x21, 0x00, 0x06, 0xf1,
    0x00, 0xe8, 0x00, 0xcb, 0x00, 0xd9, 0x00, 0x09,
    0xf0, 0x00, 0xf8, 0x02, 0xf5, 0x00, 0x6f, 0x00,
    0x0c, 0xb0, 0x00, 0xf7, 0x07, 0xf0, 0x00, 0x1f,
    0x50, 0x1f, 0x80, 0x01, 0xf6, 0x0d, 0xb5, 0x8c,
    0xff, 0xb0, 0x6f, 0x30, 0x02, 0xf5, 0x6f, 0xff,
    0xc9, 0x57, 0xf1, 0xdd, 0x00, 0x04, 0xf3, 0x69,
    0x40, 0x00, 0x00, 0x37, 0xf6, 0x00, 0x07, 0xf1,
    0x00, 0x00, 0x00, 0x00, 0x3f, 0xc0, 0x67, 0x7e,
    0xd0, 0x00, 0x00, 0x00, 0x00, 0x6e, 0x10, 0x9f,
    0xfd, 0x40, 0x00, 0x00, 0x00, 0x00, 0x00, 0x00,
    0x00, 0x00, 0x00,

    /* U+52A9 "助" */
    0x00, 0x00, 0x00, 0x00, 0x00, 0x00, 0x2c, 0x30,
    0x00, 0x00, 0x0a, 0xff, 0xff, 0xfb, 0x00, 0x03,
    0xf4, 0x00, 0x00, 0x00, 0xbc, 0x66, 0x6c, 0xc0,
    0x00, 0x3f, 0x40, 0x00, 0x00, 0x0b, 0xa0, 0x00,
    0xac, 0x00, 0x03, 0xf3, 0x00, 0x00, 0x00, 0xba,
    0x00, 0x0a, 0xc1, 0x33, 0x6f, 0x53, 0x33, 0x20,
    0x0b, 0xc6, 0x66, 0xcc, 0x8f, 0xff, 0xff, 0xff,
    0xfb, 0x00, 0xbf, 0xff, 0xff, 0xc2, 0x44, 0x8f,
    0x64, 0x4d, 0xb0, 0x0b, 0xa0, 0x00, 0xac, 0x00,
    0x06, 0xf0, 0x00, 0xca, 0x00, 0xba, 0x00, 0x0a,
    0xc0, 0x00, 0x8e, 0x00, 0x0c, 0xa0, 0x0b, 0xb3,
    0x33, 0xcc, 0x00, 0x0b, 0xc0, 0x00, 0xd9, 0x00,
    0xbf, 0xff, 0xff, 0xc0, 0x00, 0xe9, 0x00, 0x0d,
    0x90, 0x0b, 0xb1, 0x11, 0xbc, 0x00, 0x3f, 0x50,
    0x00, 0xe8, 0x00, 0xba, 0x00, 0x0a, 0xc0, 0x09,
    0xf0, 0x00, 0x0f, 0x70, 0x0b, 0xa0, 0x02, 0xce,
    0xa1, 0xf9, 0x00, 0x00, 0xf6, 0x03, 0xde, 0xcf,
    0xff, 0xda, 0xbf, 0x20, 0x00, 0x2f, 0x50, 0xff,
    0xda, 0x74, 0x10, 0x8f, 0x70, 0x00, 0x05, 0xf3,
    0x03, 0x00, 0x00, 0x00, 0x9f, 0xa0, 0x06, 0x66,
    0xcf, 0x00, 0x00, 0x00, 0x00, 0x2d, 0x80, 0x00,
    0x9f, 0xfe, 0x60, 0x00, 0x00, 0x00, 0x00, 0x00,
    0x00, 0x00, 0x00, 0x00, 0x00,

    /* U+52FF "勿" */
    0x00, 0x00, 0x04, 0x70, 0x00, 0x00, 0x00, 0x00,
    0x00, 0x00, 0x00, 0x00, 0xbe, 0x00, 0x00, 0x00,
    0x00, 0x00, 0x00, 0x00, 0x00, 0x1f, 0x90, 0x00,
    0x00, 0x00, 0x00, 0x00, 0x00, 0x00, 0x08, 0xfa,
    0x88, 0x88, 0x88, 0x88, 0x88, 0x86, 0x00, 0x01,
    0xff, 0xff, 0xff, 0xff, 0xff, 0xff, 0xff, 0xb0,
    0x00, 0x8f, 0x30, 0x0d, 0xb0, 0x03, 0xf4, 0x00,
    0xda, 0x00, 0x2f, 0xa0, 0x03, 0xf5, 0x00, 0x7f,
    0x10, 0x0e, 0x90, 0x0d, 0xe1, 0x00, 0x9f, 0x00,
    0x0b, 0xd0, 0x00, 0xf9, 0x0b, 0xf4, 0x00, 0x1f,
    0x80, 0x00, 0xf8, 0x00, 0x0f, 0x80, 0x67, 0x00,
    0x09, 0xf1, 0x00, 0x5f, 0x30, 0x01, 0xf7, 0x00,
    0x00, 0x03, 0xf8, 0x00, 0x0b, 0xe0, 0x00, 0x2f,
    0x60, 0x00, 0x00, 0xdd, 0x00, 0x02, 0xf8, 0x00,
    0x03, 0xf4, 0x00, 0x00, 0xaf, 0x30, 0x00, 0xaf,
    0x10, 0x00, 0x5f, 0x30, 0x00, 0x8f, 0x70, 0x00,
    0x3f, 0x80, 0x00, 0x07, 0xf1, 0x00, 0xaf, 0x90,
    0x00, 0x0d, 0xe1, 0x00, 0x00, 0x9f, 0x00, 0x07,
    0x80, 0x00, 0x0a, 0xf5, 0x00, 0x00, 0x0d, 0xc0,
    0x00, 0x00, 0x00, 0x0a, 0xf8, 0x00, 0x68, 0x7a,
    0xf7, 0x00, 0x00, 0x00, 0x00, 0x89, 0x00, 0x07,
    0xff, 0xea, 0x00,

    /* U+5343 "千" */
    0x00, 0x00, 0x00, 0x00, 0x00, 0x00, 0x00, 0x37,
    0x00, 0x00, 0x00, 0x00, 0x00, 0x01, 0x46, 0x9c,
    0xff, 0xf8, 0x00, 0x00, 0x57, 0x9b, 0xdf, 0xff,
    0xfd, 0xb8, 0x41, 0x00, 0x00, 0x0a, 0xec, 0xb9,
    0x74, 0xfa, 0x00, 0x00, 0x00, 0x00, 0x00, 0x00,
    0x00, 0x00, 0x0e, 0xa0, 0x00, 0x00, 0x00, 0x00,
    0x00, 0x00, 0x00, 0x00, 0xea, 0x00, 0x00, 0x00,
    0x00, 0x00, 0x00, 0x00, 0x00, 0x0e, 0xa0, 0x00,
    0x00, 0x00, 0x00, 0x00, 0x00, 0x00, 0x00, 0xea,
    0x00, 0x00, 0x00, 0x00, 0x0f, 0xff, 0xff, 0xff,
    0xff, 0xff, 0xff, 0xff, 0xff, 0xd0, 0x88, 0x88,
    0x88, 0x88, 0xfd, 0x88, 0x88, 0x88, 0x87, 0x00,
    0x00, 0x00, 0x00, 0x0e, 0xa0, 0x00, 0x00, 0x00,
    0x00, 0x00, 0x00, 0x00, 0x00, 0xea, 0x00, 0x00,
    0x00, 0x00, 0x00, 0x00, 0x00, 0x00, 0x0e, 0xa0,
    0x00, 0x00, 0x00, 0x00, 0x00, 0x00, 0x00, 0x00,
    0xea, 0x00, 0x00, 0x00, 0x00, 0x00, 0x00, 0x00,
    0x00, 0x0e, 0xa0, 0x00, 0x00, 0x00, 0x00, 0x00,
    0x00, 0x00, 0x00, 0xea, 0x00, 0x00, 0x00, 0x00,
    0x00, 0x00, 0x00, 0x00, 0x0e, 0xa0, 0x00, 0x00,
    0x00, 0x00, 0x00, 0x00, 0x00, 0x00, 0xea, 0x00,
    0x00, 0x00, 0x00,

    /* U+5373 "即" */
    0x05, 0x99, 0x99, 0x99, 0x80, 0x07, 0x77, 0x77,
    0x83, 0x0a, 0xfc, 0xcc, 0xce, 0xe0, 0x1f, 0xff,
    0xff, 0xf8, 0x0a, 0xe0, 0x00, 0x09, 0xe0, 0x1f,
    0x60, 0x00, 0xf8, 0x0a, 0xe0, 0x00, 0x09, 0xe0,
    0x1f, 0x60, 0x00, 0xf8, 0x0a, 0xff, 0xff, 0xff,
    0xe0, 0x1f, 0x60, 0x00, 0xf8, 0x0a, 0xf6, 0x66,
    0x6c, 0xe0, 0x1f, 0x60, 0x00, 0xf8, 0x0a, 0xe0,
    0x00, 0x09, 0xe0, 0x1f, 0x60, 0x00, 0xf8, 0x0a,
    0xe0, 0x00, 0x09, 0xe0, 0x1f, 0x60, 0x00, 0xf8,
    0x0a, 0xf7, 0x77, 0x7c, 0xe0, 0x1f, 0x60, 0x00,
    0xf8, 0x0a, 0xfe, 0xee, 0xee, 0xd0, 0x1f, 0x60,
    0x00, 0xf8, 0x0a, 0xe0, 0x00, 0x00, 0x00, 0x1f,
    0x60, 0x00, 0xf8, 0x0a, 0xe0, 0x05, 0xf2, 0x00,
    0x1f, 0x60, 0x00, 0xf8, 0x0a, 0xe0, 0x00, 0xdc,
    0x00, 0x1f, 0x65, 0xdd, 0xf6, 0x0a, 0xe0, 0x26,
    0xdf, 0x60, 0x1f, 0x61, 0x98, 0x50, 0x0c, 0xfd,
    0xfe, 0x9c, 0xe1, 0x1f, 0x60, 0x00, 0x00, 0x3f,
    0xe8, 0x30, 0x03, 0xe3, 0x1f, 0x60, 0x00, 0x00,
    0x04, 0x00, 0x00, 0x00, 0x00, 0x1f, 0x60, 0x00,
    0x00,

    /* U+5382 "厂" */
    0x00, 0x28, 0x88, 0x88, 0x88, 0x88, 0x88, 0x88,
    0x88, 0x40, 0x05, 0xff, 0xff, 0xff, 0xff, 0xff,
    0xff, 0xff, 0xf7, 0x00, 0x5f, 0x40, 0x00, 0x00,
    0x00, 0x00, 0x00, 0x00, 0x00, 0x05, 0xf4, 0x00,
    0x00, 0x00, 0x00, 0x00, 0x00, 0x00, 0x00, 0x5f,
    0x40, 0x00, 0x00, 0x00, 0x00, 0x00, 0x00, 0x00,
    0x05, 0xf4, 0x00, 0x00, 0x00, 0x00, 0x00, 0x00,
    0x00, 0x00, 0x5f, 0x40, 0x00, 0x00, 0x00, 0x00,
    0x00, 0x00, 0x00, 0x05, 0xf3, 0x00, 0x00, 0x00,
    0x00, 0x00, 0x00, 0x00, 0x00, 0x5f, 0x30, 0x00,
    0x00, 0x00, 0x00, 0x00, 0x00, 0x00, 0x06, 0xf2,
    0x00, 0x00, 0x00, 0x00, 0x00, 0x00, 0x00, 0x00,
    0x8f, 0x00, 0x00, 0x00, 0x00, 0x00, 0x00, 0x00,
    0x00, 0x0a, 0xe0, 0x00, 0x00, 0x00, 0x00, 0x00,
    0x00, 0x00, 0x00, 0xdc, 0x00, 0x00, 0x00, 0x00,
    0x00, 0x00, 0x00, 0x00, 0x1f, 0x80, 0x00, 0x00,
    0x00, 0x00, 0x00, 0x00, 0x00, 0x06, 0xf4, 0x00,
    0x00, 0x00, 0x00, 0x00, 0x00, 0x00, 0x00, 0xde,
    0x00, 0x00, 0x00, 0x00, 0x00, 0x00, 0x00, 0x00,
    0x2f, 0x70, 0x00, 0x00, 0x00, 0x00, 0x00, 0x00,
    0x00, 0x00, 0x20, 0x00, 0x00, 0x00, 0x00, 0x00,
    0x00, 0x00, 0x00,

    /* U+538B "压" */
    0x00, 0xaf, 0xff, 0xff, 0xff, 0xff, 0xff, 0xff,
    0xff, 0xf1, 0x00, 0xbd, 0x77, 0x77, 0x77, 0x77,
    0x77, 0x77, 0x77, 0x71, 0x00, 0xbb, 0x00, 0x00,
    0x00, 0x24, 0x00, 0x00, 0x00, 0x00, 0x00, 0xbb,
    0x00, 0x00, 0x00, 0x7f, 0x10, 0x00, 0x00, 0x00,
    0x00, 0xbb, 0x00, 0x00, 0x00, 0x7f, 0x10, 0x00,
    0x00, 0x00, 0x00, 0xbb, 0x00, 0x00, 0x00, 0x7f,
    0x10, 0x00, 0x00, 0x00, 0x00, 0xbb, 0x00, 0x00,
    0x00, 0x7f, 0x10, 0x00, 0x00, 0x00, 0x00, 0xbb,
    0x0e, 0xff, 0xff, 0xff, 0xff, 0xff, 0xff, 0x00,
    0x00, 0xbb, 0x06, 0x66, 0x66, 0xaf, 0x76, 0x66,
    0x66, 0x00, 0x00, 0xca, 0x00, 0x00, 0x00, 0x7f,
    0x10, 0x00, 0x00, 0x00, 0x00, 0xd9, 0x00, 0x00,
    0x00, 0x7f, 0x11, 0xe8, 0x00, 0x00, 0x00, 0xe7,
    0x00, 0x00, 0x00, 0x7f, 0x10, 0x5f, 0x80, 0x00,
    0x00, 0xf5, 0x00, 0x00, 0x00, 0x7f, 0x10, 0x06,
    0xf5, 0x00, 0x03, 0xf3, 0x00, 0x00, 0x00, 0x7f,
    0x10, 0x00, 0x50, 0x00, 0x06, 0xf0, 0x00, 0x00,
    0x00, 0x7f, 0x10, 0x00, 0x00, 0x00, 0x0b, 0xc3,
    0xee, 0xee, 0xee, 0xff, 0xee, 0xee, 0xee, 0xe0,
    0x2f, 0x73, 0xff, 0xff, 0xff, 0xff, 0xff, 0xff,
    0xff, 0xf0, 0x09, 0x10, 0x00, 0x00, 0x00, 0x00,
    0x00, 0x00, 0x00, 0x00,

    /* U+53D8 "变" */
    0x00, 0x00, 0x00, 0x02, 0xd6, 0x00, 0x00, 0x00,
    0x00, 0x00, 0x00, 0x00, 0x00, 0x0b, 0xe0, 0x00,
    0x00, 0x00, 0x00, 0x7c, 0xcc, 0xcc, 0xcc, 0xdf,
    0xdc, 0xcc, 0xcc, 0xc7, 0x05, 0x99, 0x99, 0x9f,
    0xc9, 0x9c, 0xf9, 0x99, 0x99, 0x50, 0x00, 0x05,
    0x41, 0xf7, 0x00, 0x7f, 0x03, 0x20, 0x00, 0x00,
    0x01, 0xf7, 0x1f, 0x70, 0x07, 0xf0, 0xbe, 0x20,
    0x00, 0x00, 0xbe, 0x01, 0xf7, 0x00, 0x7f, 0x00,
    0xce, 0x10, 0x00, 0x7f, 0x40, 0x1f, 0x70, 0x07,
    0xf0, 0x01, 0xdc, 0x00, 0x0a, 0x80, 0x01, 0xf7,
    0x00, 0x7f, 0x00, 0x03, 0xd2, 0x00, 0x00, 0x00,
    0x0a, 0x40, 0x04, 0xa0, 0x00, 0x00, 0x00, 0x04,
    0xff, 0xff, 0xff, 0xff, 0xff, 0xff, 0xf3, 0x00,
    0x00, 0x16, 0xaf, 0x86, 0x66, 0x66, 0x66, 0xfe,
    0x10, 0x00, 0x00, 0x00, 0xcd, 0x20, 0x00, 0x00,
    0xbf, 0x30, 0x00, 0x00, 0x00, 0x01, 0xce, 0x40,
    0x03, 0xde, 0x30, 0x00, 0x00, 0x00, 0x00, 0x00,
    0xaf, 0xa9, 0xfc, 0x20, 0x00, 0x00, 0x00, 0x00,
    0x00, 0x04, 0xdf, 0xfe, 0x50, 0x00, 0x00, 0x00,
    0x01, 0x47, 0xbf, 0xfc, 0x65, 0xcf, 0xfb, 0x73,
    0x10, 0x0a, 0xff, 0xfb, 0x62, 0x00, 0x00, 0x27,
    0xbf, 0xff, 0xc0, 0x25, 0x20, 0x00, 0x00, 0x00,
    0x00, 0x00, 0x02, 0x52, 0x00,

    /* U+53EF "可" */
    0x46, 0x66, 0x66, 0x66, 0x66, 0x66, 0x66, 0x66,
    0x66, 0x0b, 0xff, 0xff, 0xff, 0xff, 0xff, 0xff,
    0xff, 0xff, 0xf1, 0x11, 0x11, 0x11, 0x11, 0x11,
    0x11, 0x11, 0xfb, 0x11, 0x00, 0x00, 0x00, 0x00,
    0x00, 0x00, 0x00, 0x0e, 0xa0, 0x00, 0x00, 0x00,
    0x00, 0x00, 0x00, 0x00, 0x00, 0xea, 0x00, 0x00,
    0x09, 0xff, 0xff, 0xff, 0xf8, 0x00, 0x0e, 0xa0,
    0x00, 0x00, 0xae, 0x77, 0x77, 0x7f, 0x90, 0x00,
    0xea, 0x00, 0x00, 0x0a, 0xd0, 0x00, 0x00, 0xe9,
    0x00, 0x0e, 0xa0, 0x00, 0x00, 0xad, 0x00, 0x00,
    0x0e, 0x90, 0x00, 0xea, 0x00, 0x00, 0x0a, 0xd0,
    0x00, 0x00, 0xe9, 0x00, 0x0e, 0xa0, 0x00, 0x00,
    0xad, 0x00, 0x00, 0x0e, 0x90, 0x00, 0xea, 0x00,
    0x00, 0x0a, 0xff, 0xff, 0xff, 0xf9, 0x00, 0x0e,
    0xa0, 0x00, 0x00, 0xae, 0x88, 0x88, 0x88, 0x40,
    0x00, 0xea, 0x00, 0x00, 0x0a, 0xd0, 0x00, 0x00,
    0x00, 0x00, 0x0e, 0xa0, 0x00, 0x00, 0x01, 0x00,
    0x00, 0x00, 0x00, 0x00, 0xea, 0x00, 0x00, 0x00,
    0x00, 0x00, 0x00, 0x09, 0x88, 0x9f, 0x90, 0x00,
    0x00, 0x00, 0x00, 0x00, 0x00, 0xbf, 0xff, 0xc2,
    0x00, 0x00, 0x00, 0x00, 0x00, 0x00, 0x00, 0x00,
    0x00, 0x00, 0x00,

    /* U+540C "同" */
    0x3f, 0xff, 0xff, 0xff, 0xff, 0xff, 0xff, 0xff,
    0xf7, 0x3f, 0x97, 0x77, 0x77, 0x77, 0x77, 0x77,
    0x77, 0xf7, 0x3f, 0x30, 0x00, 0x00, 0x00, 0x00,
    0x00, 0x00, 0xf7, 0x3f, 0x30, 0x33, 0x33, 0x33,
    0x33, 0x33, 0x00, 0xf7, 0x3f, 0x30, 0xff, 0xff,
    0xff, 0xff, 0xff, 0x20, 0xf7, 0x3f, 0x30, 0x11,
    0x11, 0x11, 0x11, 0x11, 0x00, 0xf7, 0x3f, 0x30,
    0x00, 0x00, 0x00, 0x00, 0x00, 0x00, 0xf7, 0x3f,
    0x30, 0x0f, 0xff, 0xff, 0xff, 0xf0, 0x00, 0xf7,
    0x3f, 0x30, 0x0f, 0x95, 0x55, 0x59, 0xf0, 0x00,
    0xf7, 0x3f, 0x30, 0x0f, 0x50, 0x00, 0x05, 0xf0,
    0x00, 0xf7, 0x3f, 0x30, 0x0f, 0x50, 0x00, 0x05,
    0xf0, 0x00, 0xf7, 0x3f, 0x30, 0x0f, 0x50, 0x00,
    0x05, 0xf0, 0x00, 0xf7, 0x3f, 0x30, 0x0f, 0xff,
    0xff, 0xff, 0xf0, 0x00, 0xf7, 0x3f, 0x30, 0x0f,
    0x95, 0x55, 0x55, 0x50, 0x00, 0xf7, 0x3f, 0x30,
    0x0c, 0x40, 0x00, 0x00, 0x00, 0x00, 0xf7, 0x3f,
    0x30, 0x00, 0x00, 0x00, 0x00, 0x27, 0x78, 0xf7,
    0x3f, 0x30, 0x00, 0x00, 0x00, 0x00, 0x0f, 0xfe,
    0xb1,

    /* U+540E "后" */
    0x00, 0x00, 0x00, 0x00, 0x00, 0x00, 0x00, 0x36,
    0x80, 0x00, 0x00, 0x00, 0x12, 0x35, 0x68, 0xac,
    0xef, 0xff, 0xe7, 0x00, 0x00, 0x0c, 0xff, 0xff,
    0xfd, 0xca, 0x86, 0x31, 0x00, 0x00, 0x00, 0x0c,
    0xd3, 0x20, 0x00, 0x00, 0x00, 0x00, 0x00, 0x00,
    0x00, 0x0c, 0xc0, 0x00, 0x00, 0x00, 0x00, 0x00,
    0x00, 0x00, 0x00, 0x0c, 0xd4, 0x44, 0x44, 0x44,
    0x44, 0x44, 0x44, 0x41, 0x00, 0x0c, 0xff, 0xff,
    0xff, 0xff, 0xff, 0xff, 0xff, 0xf4, 0x00, 0x0c,
    0xc3, 0x33, 0x33, 0x33, 0x33, 0x33, 0x33, 0x30,
    0x00, 0x0c, 0xb0, 0x00, 0x00, 0x00, 0x00, 0x00,
    0x00, 0x00, 0x00, 0x0d, 0xa0, 0x00, 0x00, 0x00,
    0x00, 0x00, 0x00, 0x00, 0x00, 0x0e, 0x90, 0x8f,
    0xff, 0xff, 0xff, 0xff, 0xfc, 0x00, 0x00, 0x0f,
    0x70, 0x8f, 0x77, 0x77, 0x77, 0x77, 0xdd, 0x00,
    0x00, 0x3f, 0x40, 0x8f, 0x00, 0x00, 0x00, 0x00,
    0xbd, 0x00, 0x00, 0x6f, 0x10, 0x8f, 0x00, 0x00,
    0x00, 0x00, 0xbd, 0x00, 0x00, 0xbd, 0x00, 0x8f,
    0x00, 0x00, 0x00, 0x00, 0xbd, 0x00, 0x01, 0xf7,
    0x00, 0x8f, 0x00, 0x00, 0x00, 0x00, 0xbd, 0x00,
    0x08, 0xf1, 0x00, 0x8f, 0xff, 0xff, 0xff, 0xff,
    0xfd, 0x00, 0x0b, 0x70, 0x00, 0x8f, 0x77, 0x77,
    0x77, 0x77, 0xdd, 0x00, 0x00, 0x00, 0x00, 0x00,
    0x00, 0x00, 0x00, 0x00, 0x00, 0x00,

    /* U+5426 "否" */
    0x06, 0x77, 0x77, 0x77, 0x77, 0x77, 0x77, 0x77,
    0x77, 0x30, 0xdf, 0xff, 0xff, 0xff, 0xff, 0xff,
    0xff, 0xff, 0xf7, 0x00, 0x00, 0x00, 0x00, 0x07,
    0xfb, 0x00, 0x00, 0x00, 0x00, 0x00, 0x00, 0x00,
    0x09, 0xfd, 0x00, 0x00, 0x00, 0x00, 0x00, 0x00,
    0x00, 0x3d, 0xff, 0xb1, 0xdb, 0x40, 0x00, 0x00,
    0x00, 0x02, 0xaf, 0xe4, 0xcb, 0x04, 0xcf, 0xb2,
    0x00, 0x00, 0x3a, 0xff, 0x80, 0x0c, 0xb0, 0x00,
    0x5e, 0xf8, 0x02, 0xdf, 0xf9, 0x10, 0x00, 0xcb,
    0x00, 0x00, 0x09, 0xfb, 0x09, 0x71, 0x00, 0x00,
    0x0c, 0xb0, 0x00, 0x00, 0x04, 0x20, 0x00, 0x00,
    0x00, 0x00, 0x87, 0x00, 0x00, 0x00, 0x00, 0x00,
    0x06, 0xff, 0xff, 0xff, 0xff, 0xff, 0xff, 0x90,
    0x00, 0x00, 0x7f, 0x65, 0x55, 0x55, 0x55, 0x55,
    0xfa, 0x00, 0x00, 0x07, 0xf1, 0x00, 0x00, 0x00,
    0x00, 0x0f, 0xa0, 0x00, 0x00, 0x7f, 0x10, 0x00,
    0x00, 0x00, 0x00, 0xfa, 0x00, 0x00, 0x07, 0xf1,
    0x00, 0x00, 0x00, 0x00, 0x0f, 0xa0, 0x00, 0x00,
    0x7f, 0xfe, 0xee, 0xee, 0xee, 0xee, 0xfa, 0x00,
    0x00, 0x07, 0xf7, 0x66, 0x66, 0x66, 0x66, 0x6f,
    0xa0, 0x00, 0x00, 0x00, 0x00, 0x00, 0x00, 0x00,
    0x00, 0x00, 0x00,

    /* U+542F "启" */
    0x00, 0x00, 0x00, 0x00, 0x0a, 0x60, 0x00, 0x00,
    0x00, 0x00, 0x00, 0x00, 0x00, 0x0b, 0xf1, 0x00,
    0x00, 0x00, 0x00, 0x00, 0x00, 0x00, 0x03, 0xf7,
    0x00, 0x00, 0x00, 0x00, 0x0a, 0xff, 0xff, 0xff,
    0xff, 0xff, 0xff, 0xf9, 0x00, 0x0b, 0xe7, 0x77,
    0x77, 0x77, 0x77, 0x77, 0xf9, 0x00, 0x0b, 0xd0,
    0x00, 0x00, 0x00, 0x00, 0x00, 0xe9, 0x00, 0x0b,
    0xd0, 0x00, 0x00, 0x00, 0x00, 0x00, 0xe9, 0x00,
    0x0b, 0xff, 0xff, 0xff, 0xff, 0xff, 0xff, 0xf9,
    0x00, 0x0b, 0xe7, 0x77, 0x77, 0x77, 0x77, 0x77,
    0x74, 0x00, 0x0b, 0xc0, 0x00, 0x00, 0x00, 0x00,
    0x00, 0x00, 0x00, 0x0c, 0xb1, 0x33, 0x33, 0x33,
    0x33, 0x33, 0x33, 0x00, 0x0e, 0x97, 0xff, 0xff,
    0xff, 0xff, 0xff, 0xff, 0x00, 0x1f, 0x67, 0xf3,
    0x33, 0x33, 0x33, 0x33, 0xaf, 0x00, 0x4f, 0x37,
    0xf0, 0x00, 0x00, 0x00, 0x00, 0x9f, 0x00, 0x9f,
    0x07, 0xf0, 0x00, 0x00, 0x00, 0x00, 0x9f, 0x00,
    0xea, 0x07, 0xf2, 0x22, 0x22, 0x22, 0x22, 0xaf,
    0x06, 0xf3, 0x07, 0xff, 0xff, 0xff, 0xff, 0xff,
    0xff, 0x0b, 0xa0, 0x07, 0xf3, 0x33, 0x33, 0x33,
    0x33, 0xaf, 0x00, 0x00, 0x00, 0x00, 0x00, 0x00,
    0x00, 0x00, 0x00,

    /* U+5468 "周" */
    0x00, 0x0d, 0xff, 0xff, 0xff, 0xff, 0xff, 0xff,
    0xfb, 0x00, 0x0e, 0xc7, 0x77, 0x77, 0x77, 0x77,
    0x77, 0xdc, 0x00, 0x0e, 0x90, 0x00, 0x08, 0xf0,
    0x00, 0x00, 0xcc, 0x00, 0x0e, 0x90, 0x44, 0x4a,
    0xf4, 0x44, 0x20, 0xcc, 0x00, 0x0e, 0x91, 0xff,
    0xff, 0xff, 0xff, 0xa0, 0xcc, 0x00, 0x0e, 0x90,
    0x00, 0x08, 0xf0, 0x00, 0x00, 0xcc, 0x00, 0x0e,
    0x90, 0x00, 0x08, 0xf0, 0x00, 0x00, 0xcc, 0x00,
    0x0e, 0x99, 0xff, 0xff, 0xff, 0xff, 0xf3, 0xcc,
    0x00, 0x0f, 0x82, 0x33, 0x33, 0x33, 0x33, 0x30,
    0xcc, 0x00, 0x0f, 0x70, 0x24, 0x33, 0x33, 0x33,
    0x00, 0xcc, 0x00, 0x2f, 0x50, 0x9f, 0xff, 0xff,
    0xff, 0x20, 0xcc, 0x00, 0x4f, 0x30, 0x9c, 0x00,
    0x00, 0x3f, 0x20, 0xcc, 0x00, 0x8f, 0x00, 0x9c,
    0x00, 0x00, 0x3f, 0x20, 0xcc, 0x00, 0xcb, 0x00,
    0x9d, 0x22, 0x22, 0x5f, 0x20, 0xcc, 0x03, 0xf6,
    0x00, 0x9f, 0xff, 0xff, 0xff, 0x20, 0xcc, 0x0b,
    0xf1, 0x00, 0x9c, 0x00, 0x00, 0x16, 0x55, 0xeb,
    0x0b, 0x70, 0x00, 0x11, 0x00, 0x00, 0x0c, 0xff,
    0xd5, 0x00, 0x00, 0x00, 0x00, 0x00, 0x00, 0x00,
    0x00, 0x00,

    /* U+5524 "唤" */
    0x00, 0x00, 0x00, 0x00, 0x06, 0x80, 0x00, 0x00,
    0x00, 0x00, 0x00, 0x00, 0x00, 0x00, 0xea, 0x00,
    0x00, 0x00, 0x00, 0x37, 0x66, 0x61, 0x00, 0x9f,
    0xfe, 0xee, 0xf9, 0x00, 0x08, 0xff, 0xff, 0x30,
    0x4f, 0x96, 0x66, 0xaf, 0x60, 0x00, 0x8c, 0x02,
    0xf3, 0x3f, 0xa0, 0x00, 0x3f, 0x80, 0x00, 0x08,
    0xc0, 0x2f, 0x4f, 0xfc, 0xbb, 0xbf, 0xfb, 0xb5,
    0x00, 0x8c, 0x02, 0xf3, 0x4f, 0xb7, 0x7f, 0xb7,
    0x7f, 0x80, 0x08, 0xc0, 0x2f, 0x30, 0xe7, 0x00,
    0xe7, 0x00, 0xf8, 0x00, 0x8c, 0x02, 0xf3, 0x0e,
    0x70, 0x0e, 0x70, 0x0f, 0x80, 0x08, 0xc0, 0x2f,
    0x30, 0xe7, 0x00, 0xf7, 0x00, 0xf8, 0x00, 0x8c,
    0x02, 0xf3, 0x0e, 0x70, 0x0f, 0x50, 0x0f, 0x80,
    0x08, 0xc0, 0x2f, 0x6c, 0xfe, 0xcd, 0xfd, 0xcc,
    0xfe, 0xa0, 0x8d, 0x67, 0xf5, 0x88, 0x88, 0xdf,
    0xd8, 0x88, 0x86, 0x08, 0xff, 0xff, 0x20, 0x00,
    0x2f, 0xcf, 0x20, 0x00, 0x00, 0x8c, 0x00, 0x00,
    0x00, 0x0c, 0xd0, 0xbd, 0x10, 0x00, 0x07, 0xa0,
    0x00, 0x00, 0x1c, 0xe2, 0x01, 0xdd, 0x20, 0x00,
    0x00, 0x00, 0x00, 0x4e, 0xd2, 0x00, 0x01, 0xdf,
    0x60, 0x00, 0x00, 0x00, 0xbf, 0xa1, 0x00, 0x00,
    0x00, 0xaf, 0xd0, 0x00, 0x00, 0x06, 0x30, 0x00,
    0x00, 0x00, 0x00, 0x35, 0x00,

    /* U+5668 "器" */
    0x00, 0x6f, 0xff, 0xff, 0xb0, 0x0e, 0xff, 0xff,
    0xf7, 0x00, 0x00, 0x7f, 0x55, 0x5c, 0xc0, 0x0f,
    0xa5, 0x55, 0xf8, 0x00, 0x00, 0x7e, 0x00, 0x0a,
    0xc0, 0x0f, 0x70, 0x00, 0xf8, 0x00, 0x00, 0x7e,
    0x00, 0x0a, 0xc0, 0x0f, 0x70, 0x00, 0xf8, 0x00,
    0x00, 0x7f, 0xff, 0xff, 0xc0, 0x0f, 0xff, 0xff,
    0xf8, 0x00, 0x00, 0x25, 0x55, 0x55, 0xaa, 0x05,
    0x8c, 0x65, 0x52, 0x00, 0x00, 0x00, 0x00, 0x01,
    0xea, 0x00, 0x3c, 0xe6, 0x00, 0x00, 0x05, 0x66,
    0x66, 0x6b, 0xf7, 0x66, 0x66, 0xcd, 0x66, 0x60,
    0x0e, 0xff, 0xff, 0xff, 0xff, 0xff, 0xff, 0xff,
    0xff, 0xf0, 0x00, 0x00, 0x0a, 0xf6, 0x00, 0x00,
    0xce, 0x30, 0x00, 0x00, 0x00, 0x03, 0xdf, 0x50,
    0x00, 0x00, 0x0a, 0xf9, 0x10, 0x00, 0x02, 0x9f,
    0xf8, 0x55, 0x40, 0x05, 0x55, 0xbf, 0xf9, 0x30,
    0x1f, 0xff, 0xff, 0xff, 0xc0, 0x0e, 0xff, 0xff,
    0xff, 0xe1, 0x02, 0x7f, 0x00, 0x0b, 0xc0, 0x0e,
    0x70, 0x00, 0xf8, 0x10, 0x00, 0x7f, 0x00, 0x0b,
    0xc0, 0x0e, 0x70, 0x00, 0xf8, 0x00, 0x00, 0x7f,
    0x55, 0x5c, 0xc0, 0x0e, 0xa5, 0x55, 0xf8, 0x00,
    0x00, 0x7f, 0xff, 0xff, 0xc0, 0x0e, 0xff, 0xff,
    0xf8, 0x00,

    /* U+56DE "回" */
    0x8f, 0xff, 0xff, 0xff, 0xff, 0xff, 0xff, 0xff,
    0xf6, 0x8f, 0x88, 0x88, 0x88, 0x88, 0x88, 0x88,
    0x89, 0xf6, 0x8f, 0x00, 0x00, 0x00, 0x00, 0x00,
    0x00, 0x03, 0xf6, 0x8f, 0x00, 0x00, 0x00, 0x00,
    0x00, 0x00, 0x03, 0xf6, 0x8f, 0x00, 0x05, 0x55,
    0x55, 0x55, 0x30, 0x03, 0xf6, 0x8f, 0x00, 0x2f,
    0xff, 0xff, 0xff, 0x90, 0x03, 0xf6, 0x8f, 0x00,
    0x2f, 0x40, 0x00, 0x0e, 0x90, 0x03, 0xf6, 0x8f,
    0x00, 0x2f, 0x40, 0x00, 0x0e, 0x90, 0x03, 0xf6,
    0x8f, 0x00, 0x2f, 0x40, 0x00, 0x0e, 0x90, 0x03,
    0xf6, 0x8f, 0x00, 0x2f, 0x40, 0x00, 0x0e, 0x90,
    0x03, 0xf6, 0x8f, 0x00, 0x2f, 0x96, 0x66, 0x6f,
    0x90, 0x03, 0xf6, 0x8f, 0x00, 0x1f, 0xff, 0xff,
    0xff, 0x80, 0x03, 0xf6, 0x8f, 0x00, 0x00, 0x00,
    0x00, 0x00, 0x00, 0x03, 0xf6, 0x8f, 0x00, 0x00,
    0x00, 0x00, 0x00, 0x00, 0x03, 0xf6, 0x8f, 0x00,
    0x00, 0x00, 0x00, 0x00, 0x00, 0x03, 0xf6, 0x8f,
    0xff, 0xff, 0xff, 0xff, 0xff, 0xff, 0xff, 0xf6,
    0x8f, 0x77, 0x77, 0x77, 0x77, 0x77, 0x77, 0x79,
    0xf6,

    /* U+56FA "固" */
    0x6f, 0xff, 0xff, 0xff, 0xff, 0xff, 0xff, 0xff,
    0xe7, 0xf7, 0x77, 0x77, 0x77, 0x77, 0x77, 0x77,
    0xce, 0x7f, 0x10, 0x00, 0x00, 0x94, 0x00, 0x00,
    0x0a, 0xe7, 0xf1, 0x00, 0x00, 0x0f, 0x80, 0x00,
    0x00, 0xae, 0x7f, 0x13, 0x44, 0x44, 0xfa, 0x44,
    0x44, 0x2a, 0xe7, 0xf1, 0xaf, 0xff, 0xff, 0xff,
    0xff, 0xf6, 0xae, 0x7f, 0x10, 0x00, 0x00, 0xf8,
    0x00, 0x00, 0x0a, 0xe7, 0xf1, 0x00, 0x00, 0x0f,
    0x80, 0x00, 0x00, 0xae, 0x7f, 0x10, 0x4c, 0xcc,
    0xfe, 0xcc, 0xc1, 0x0a, 0xe7, 0xf1, 0x05, 0xf6,
    0x66, 0x66, 0x9f, 0x20, 0xae, 0x7f, 0x10, 0x5f,
    0x00, 0x00, 0x04, 0xf2, 0x0a, 0xe7, 0xf1, 0x05,
    0xf0, 0x00, 0x00, 0x4f, 0x20, 0xae, 0x7f, 0x10,
    0x5f, 0xee, 0xee, 0xef, 0xf2, 0x0a, 0xe7, 0xf1,
    0x01, 0x44, 0x44, 0x44, 0x44, 0x00, 0xae, 0x7f,
    0x10, 0x00, 0x00, 0x00, 0x00, 0x00, 0x0a, 0xe7,
    0xf7, 0x66, 0x66, 0x66, 0x66, 0x66, 0x66, 0xce,
    0x7f, 0xff, 0xff, 0xff, 0xff, 0xff, 0xff, 0xff,
    0xe0,

    /* U+589E "增" */
    0x00, 0x08, 0x40, 0x00, 0x19, 0x30, 0x00, 0x09,
    0x80, 0x00, 0x00, 0xe7, 0x00, 0x00, 0xcd, 0x00,
    0x03, 0xf9, 0x00, 0x00, 0x0e, 0x70, 0x00, 0x03,
    0xe3, 0x00, 0xdd, 0x00, 0x00, 0x00, 0xe7, 0x00,
    0xde, 0xee, 0xee, 0xef, 0xfe, 0xe3, 0x00, 0x0e,
    0x70, 0x0e, 0x73, 0x32, 0xf5, 0x24, 0x3f, 0x31,
    0xff, 0xff, 0xf7, 0xe5, 0x88, 0x0e, 0x30, 0xe4,
    0xf3, 0x07, 0x7f, 0xb7, 0x3e, 0x51, 0xe1, 0xe3,
    0x89, 0x1f, 0x30, 0x00, 0xe7, 0x00, 0xe5, 0x07,
    0x3e, 0x4b, 0x01, 0xf3, 0x00, 0x0e, 0x70, 0x0e,
    0xa7, 0x77, 0xf9, 0x77, 0x8f, 0x30, 0x00, 0xe7,
    0x00, 0x89, 0x99, 0x99, 0x99, 0x99, 0x92, 0x00,
    0x0e, 0x70, 0x00, 0x00, 0x00, 0x00, 0x00, 0x00,
    0x00, 0x00, 0xe7, 0x00, 0x0a, 0xff, 0xff, 0xff,
    0xff, 0x40, 0x00, 0x0e, 0x74, 0x50, 0xac, 0x22,
    0x22, 0x24, 0xf4, 0x00, 0x02, 0xff, 0xf8, 0x0a,
    0xc2, 0x22, 0x22, 0x4f, 0x40, 0x2c, 0xff, 0x93,
    0x00, 0xaf, 0xff, 0xff, 0xff, 0xf4, 0x00, 0xd7,
    0x10, 0x00, 0x0a, 0xb0, 0x00, 0x00, 0x2f, 0x40,
    0x00, 0x00, 0x00, 0x00, 0xad, 0x55, 0x55, 0x57,
    0xf4, 0x00, 0x00, 0x00, 0x00, 0x0a, 0xfc, 0xcc,
    0xcc, 0xdf, 0x40,

    /* U+58F0 "声" */
    0x00, 0x00, 0x00, 0x00, 0x08, 0xc0, 0x00, 0x00,
    0x00, 0x00, 0x02, 0x22, 0x22, 0x22, 0xaf, 0x22,
    0x22, 0x22, 0x21, 0x06, 0xff, 0xff, 0xff, 0xff,
    0xff, 0xff, 0xff, 0xff, 0xc0, 0x13, 0x33, 0x33,
    0x33, 0xaf, 0x33, 0x33, 0x33, 0x32, 0x00, 0x00,
    0x00, 0x00, 0x09, 0xe0, 0x00, 0x00, 0x00, 0x00,
    0x02, 0xdd, 0xdd, 0xdd, 0xff, 0xdd, 0xdd, 0xdd,
    0xc0, 0x00, 0x17, 0x77, 0x77, 0x77, 0x77, 0x77,
    0x77, 0x76, 0x00, 0x00, 0x23, 0x33, 0x33, 0x33,
    0x33, 0x33, 0x33, 0x10, 0x00, 0x0d, 0xff, 0xff,
    0xff, 0xff, 0xff, 0xff, 0xf8, 0x00, 0x00, 0xda,
    0x11, 0x11, 0x9e, 0x11, 0x11, 0x1f, 0x80, 0x00,
    0x0d, 0x90, 0x00, 0x09, 0xe0, 0x00, 0x00, 0xf8,
    0x00, 0x00, 0xe9, 0x00, 0x00, 0x9e, 0x00, 0x00,
    0x0f, 0x80, 0x00, 0x0f, 0xec, 0xcc, 0xce, 0xfc,
    0xcc, 0xcc, 0xf8, 0x00, 0x02, 0xfa, 0x88, 0x88,
    0x88, 0x88, 0x88, 0x8f, 0x80, 0x00, 0x6f, 0x10,
    0x00, 0x00, 0x00, 0x00, 0x00, 0x84, 0x00, 0x0c,
    0xd0, 0x00, 0x00, 0x00, 0x00, 0x00, 0x00, 0x00,
    0x06, 0xf6, 0x00, 0x00, 0x00, 0x00, 0x00, 0x00,
    0x00, 0x00, 0xec, 0x00, 0x00, 0x00, 0x00, 0x00,
    0x00, 0x00, 0x00, 0x02, 0x10, 0x00, 0x00, 0x00,
    0x00, 0x00, 0x00, 0x00, 0x00,

    /* U+5907 "备" */
    0x00, 0x00, 0x00, 0x0b, 0x70, 0x00, 0x00, 0x00,
    0x00, 0x00, 0x00, 0x00, 0x00, 0xaf, 0x41, 0x11,
    0x11, 0x10, 0x00, 0x00, 0x00, 0x00, 0x09, 0xff,
    0xff, 0xff, 0xff, 0xfd, 0x00, 0x00, 0x00, 0x01,
    0xbf, 0xd3, 0x33, 0x33, 0x4d, 0xf5, 0x00, 0x00,
    0x00, 0x5e, 0xf8, 0xfb, 0x10, 0x02, 0xcf, 0x50,
    0x00, 0x00, 0x02, 0xeb, 0x10, 0x4e, 0xe6, 0x8f,
    0xe3, 0x00, 0x00, 0x00, 0x00, 0x10, 0x00, 0x03,
    0xff, 0xfe, 0x30, 0x00, 0x00, 0x00, 0x00, 0x00,
    0x37, 0xcf, 0xe9, 0x9f, 0xfd, 0x95, 0x10, 0x00,
    0x29, 0xcf, 0xff, 0xb5, 0x00, 0x00, 0x5a, 0xef,
    0xff, 0xc2, 0x0c, 0xbb, 0x95, 0x55, 0x55, 0x55,
    0x55, 0x57, 0x88, 0x70, 0x00, 0x09, 0xff, 0xff,
    0xff, 0xff, 0xff, 0xff, 0x80, 0x00, 0x00, 0x09,
    0xf0, 0x00, 0x0e, 0x90, 0x00, 0x2f, 0x80, 0x00,
    0x00, 0x09, 0xf0, 0x00, 0x0e, 0x90, 0x00, 0x2f,
    0x80, 0x00, 0x00, 0x09, 0xff, 0xff, 0xff, 0xff,
    0xff, 0xff, 0x80, 0x00, 0x00, 0x09, 0xf4, 0x44,
    0x4f, 0xb4, 0x44, 0x6f, 0x80, 0x00, 0x00, 0x09,
    0xf0, 0x00, 0x0e, 0x90, 0x00, 0x2f, 0x80, 0x00,
    0x00, 0x09, 0xf9, 0x99, 0x9f, 0xd9, 0x99, 0xaf,
    0x80, 0x00, 0x00, 0x09, 0xff, 0xff, 0xff, 0xff,
    0xff, 0xff, 0x80, 0x00, 0x00, 0x00, 0x00, 0x00,
    0x00, 0x00, 0x00, 0x00, 0x00, 0x00,

    /* U+590D "复" */
    0x00, 0x00, 0x09, 0x70, 0x00, 0x00, 0x00, 0x00,
    0x00, 0x00, 0x00, 0x00, 0x4f, 0x50, 0x00, 0x00,
    0x00, 0x00, 0x00, 0x00, 0x00, 0x01, 0xef, 0xff,
    0xff, 0xff, 0xff, 0xff, 0xff, 0x30, 0x00, 0x0c,
    0xe5, 0x55, 0x55, 0x55, 0x55, 0x55, 0x55, 0x10,
    0x01, 0xcf, 0x42, 0x22, 0x22, 0x22, 0x22, 0x22,
    0x10, 0x00, 0x09, 0xe3, 0x9f, 0xff, 0xff, 0xff,
    0xff, 0xff, 0xc0, 0x00, 0x00, 0x20, 0x9e, 0x00,
    0x00, 0x00, 0x00, 0x0c, 0xc0, 0x00, 0x00, 0x00,
    0x9f, 0xff, 0xff, 0xff, 0xff, 0xff, 0xc0, 0x00,
    0x00, 0x00, 0x9e, 0x11, 0x11, 0x11, 0x11, 0x1c,
    0xc0, 0x00, 0x00, 0x00, 0x9f, 0x44, 0x44, 0x44,
    0x44, 0x4d, 0xc0, 0x00, 0x00, 0x00, 0x7d, 0xef,
    0xed, 0xdd, 0xdd, 0xdd, 0xa0, 0x00, 0x00, 0x00,
    0x01, 0xdd, 0x11, 0x11, 0x11, 0x12, 0x00, 0x00,
    0x00, 0x00, 0x2d, 0xff, 0xff, 0xff, 0xff, 0xff,
    0x40, 0x00, 0x00, 0x06, 0xfe, 0xe3, 0x11, 0x11,
    0x17, 0xf9, 0x00, 0x00, 0x00, 0x9f, 0x80, 0x8f,
    0x80, 0x03, 0xbf, 0x70, 0x00, 0x00, 0x00, 0x13,
    0x00, 0x04, 0xee, 0xcf, 0xc3, 0x00, 0x00, 0x00,
    0x00, 0x00, 0x35, 0x9c, 0xff, 0xcf, 0xeb, 0x74,
    0x20, 0x00, 0x0c, 0xef, 0xff, 0xc9, 0x40, 0x01,
    0x6a, 0xef, 0xff, 0xe1, 0x06, 0x75, 0x20, 0x00,
    0x00, 0x00, 0x00, 0x00, 0x35, 0x40,

    /* U+591A "多" */
    0x00, 0x00, 0x00, 0x03, 0xc5, 0x00, 0x00, 0x00,
    0x00, 0x00, 0x00, 0x00, 0x3e, 0xd2, 0x11, 0x11,
    0x00, 0x00, 0x00, 0x00, 0x05, 0xff, 0xff, 0xff,
    0xff, 0xa0, 0x00, 0x00, 0x01, 0x9f, 0xa4, 0x44,
    0x44, 0xcf, 0x40, 0x00, 0x00, 0x7e, 0xe6, 0x10,
    0x00, 0x08, 0xf7, 0x00, 0x00, 0x05, 0xf8, 0x1a,
    0xe5, 0x01, 0xbf, 0x70, 0x00, 0x00, 0x00, 0x00,
    0x00, 0x9f, 0xae, 0xe4, 0x00, 0x00, 0x00, 0x00,
    0x00, 0x00, 0x6f, 0xfa, 0x2b, 0x80, 0x00, 0x00,
    0x00, 0x15, 0xaf, 0xfa, 0x20, 0xcf, 0x30, 0x00,
    0x00, 0x2d, 0xff, 0xd7, 0x10, 0x2d, 0xff, 0xff,
    0xff, 0xf9, 0x09, 0x62, 0x00, 0x06, 0xfd, 0x65,
    0x55, 0x5b, 0xf5, 0x00, 0x00, 0x04, 0xcf, 0x90,
    0x00, 0x00, 0x3f, 0xb0, 0x00, 0x06, 0xcf, 0xc4,
    0x87, 0x00, 0x04, 0xfd, 0x10, 0x00, 0x05, 0xb4,
    0x00, 0x7f, 0xb1, 0x7f, 0xc1, 0x00, 0x00, 0x00,
    0x00, 0x00, 0x05, 0xff, 0xf9, 0x00, 0x00, 0x00,
    0x00, 0x00, 0x02, 0x7d, 0xfc, 0x40, 0x00, 0x00,
    0x00, 0x13, 0x69, 0xdf, 0xfb, 0x40, 0x00, 0x00,
    0x00, 0x3e, 0xff, 0xfe, 0xa5, 0x10, 0x00, 0x00,
    0x00, 0x00, 0x09, 0x74, 0x10, 0x00, 0x00, 0x00,
    0x00, 0x00, 0x00,

    /* U+5929 "天" */
    0x00, 0x77, 0x77, 0x77, 0x77, 0x77, 0x77, 0x77,
    0x76, 0x00, 0x00, 0xff, 0xff, 0xff, 0xff, 0xff,
    0xff, 0xff, 0xfe, 0x00, 0x00, 0x00, 0x00, 0x00,
    0x0e, 0xa0, 0x00, 0x00, 0x00, 0x00, 0x00, 0x00,
    0x00, 0x00, 0x0e, 0xa0, 0x00, 0x00, 0x00, 0x00,
    0x00, 0x00, 0x00, 0x00, 0x0e, 0xa0, 0x00, 0x00,
    0x00, 0x00, 0x00, 0x00, 0x00, 0x00, 0x0f, 0xa0,
    0x00, 0x00, 0x00, 0x00, 0x00, 0x00, 0x00, 0x00,
    0x1f, 0x90, 0x00, 0x00, 0x00, 0x00, 0x08, 0xff,
    0xff, 0xff, 0xff, 0xff, 0xff, 0xff, 0xff, 0xe0,
    0x03, 0x77, 0x77, 0x77, 0xbf, 0xf9, 0x77, 0x77,
    0x77, 0x60, 0x00, 0x00, 0x00, 0x00, 0xbf, 0xf9,
    0x00, 0x00, 0x00, 0x00, 0x00, 0x00, 0x00, 0x02,
    0xfa, 0x8f, 0x20, 0x00, 0x00, 0x00, 0x00, 0x00,
    0x00, 0x0b, 0xf3, 0x1e, 0xb0, 0x00, 0x00, 0x00,
    0x00, 0x00, 0x00, 0x7f, 0x90, 0x06, 0xf8, 0x00,
    0x00, 0x00, 0x00, 0x00, 0x07, 0xfc, 0x00, 0x00,
    0xaf, 0x70, 0x00, 0x00, 0x00, 0x01, 0xaf, 0xc1,
    0x00, 0x00, 0x0b, 0xfa, 0x10, 0x00, 0x00, 0x6e,
    0xf9, 0x00, 0x00, 0x00, 0x00, 0x9f, 0xe7, 0x10,
    0x0c, 0xfd, 0x40, 0x00, 0x00, 0x00, 0x00, 0x04,
    0xcf, 0xf2, 0x03, 0x50, 0x00, 0x00, 0x00, 0x00,
    0x00, 0x00, 0x04, 0x50,

    /* U+5931 "失" */
    0x00, 0x00, 0x48, 0x10, 0x0d, 0xa0, 0x00, 0x00,
    0x00, 0x00, 0x00, 0x00, 0xaf, 0x00, 0x0e, 0xb0,
    0x00, 0x00, 0x00, 0x00, 0x00, 0x00, 0xfa, 0x00,
    0x0e, 0xb0, 0x00, 0x00, 0x00, 0x00, 0x00, 0x06,
    0xfa, 0x77, 0x7f, 0xd7, 0x77, 0x77, 0x72, 0x00,
    0x00, 0x0d, 0xff, 0xff, 0xff, 0xff, 0xff, 0xff,
    0xf4, 0x00, 0x00, 0x6f, 0x60, 0x00, 0x0e, 0xb0,
    0x00, 0x00, 0x00, 0x00, 0x01, 0xfc, 0x00, 0x00,
    0x0e, 0xa0, 0x00, 0x00, 0x00, 0x00, 0x06, 0xf3,
    0x00, 0x00, 0x0e, 0xa0, 0x00, 0x00, 0x00, 0x00,
    0x00, 0x00, 0x00, 0x00, 0x0f, 0x90, 0x00, 0x00,
    0x00, 0x00, 0x0e, 0xff, 0xff, 0xff, 0xff, 0xff,
    0xff, 0xff, 0xff, 0xe0, 0x08, 0x88, 0x88, 0x88,
    0xcf, 0xfb, 0x88, 0x88, 0x88, 0x80, 0x00, 0x00,
    0x00, 0x00, 0xce, 0xdc, 0x00, 0x00, 0x00, 0x00,
    0x00, 0x00, 0x00, 0x05, 0xf8, 0x5f, 0x60, 0x00,
    0x00, 0x00, 0x00, 0x00, 0x00, 0x2f, 0xe0, 0x0b,
    0xf2, 0x00, 0x00, 0x00, 0x00, 0x00, 0x03, 0xef,
    0x30, 0x01, 0xee, 0x30, 0x00, 0x00, 0x00, 0x00,
    0x8f, 0xf4, 0x00, 0x00, 0x2e, 0xf7, 0x00, 0x00,
    0x01, 0x7e, 0xfc, 0x20, 0x00, 0x00, 0x01, 0xcf,
    0xe8, 0x20, 0x0c, 0xfc, 0x50, 0x00, 0x00, 0x00,
    0x00, 0x05, 0xcf, 0xf1, 0x02, 0x30, 0x00, 0x00,
    0x00, 0x00, 0x00, 0x00, 0x02, 0x30,

    /* U+59CB "始" */
    0x00, 0x03, 0x60, 0x00, 0x00, 0x00, 0x45, 0x00,
    0x00, 0x00, 0x00, 0x09, 0xd0, 0x00, 0x00, 0x00,
    0xdd, 0x00, 0x00, 0x00, 0x00, 0x0b, 0xa0, 0x00,
    0x00, 0x05, 0xf6, 0x00, 0x00, 0x00, 0x00, 0x0e,
    0x70, 0x00, 0x00, 0x0d, 0xd0, 0x05, 0x40, 0x00,
    0x17, 0x8f, 0xa7, 0x75, 0x00, 0x6f, 0x40, 0x09,
    0xf2, 0x00, 0x2e, 0xff, 0xee, 0xfb, 0x01, 0xea,
    0x00, 0x00, 0xdc, 0x00, 0x00, 0x7e, 0x00, 0xc9,
    0x0b, 0xe1, 0x00, 0x01, 0x6f, 0x60, 0x00, 0xbb,
    0x00, 0xe7, 0x8f, 0xed, 0xef, 0xff, 0xff, 0xe0,
    0x00, 0xe7, 0x01, 0xf4, 0x8c, 0xa9, 0x76, 0x54,
    0x23, 0xf6, 0x02, 0xf3, 0x04, 0xf1, 0x00, 0x00,
    0x00, 0x00, 0x00, 0x40, 0x07, 0xf0, 0x08, 0xd0,
    0x05, 0x66, 0x66, 0x66, 0x66, 0x20, 0x06, 0xfc,
    0x1e, 0x90, 0x0c, 0xff, 0xff, 0xff, 0xff, 0x50,
    0x00, 0x3e, 0xff, 0x30, 0x0c, 0xa0, 0x00, 0x00,
    0x2f, 0x50, 0x00, 0x02, 0xff, 0x40, 0x0c, 0xa0,
    0x00, 0x00, 0x2f, 0x50, 0x00, 0x07, 0xfd, 0xf4,
    0x0c, 0xa0, 0x00, 0x00, 0x2f, 0x50, 0x00, 0x5f,
    0x80, 0xcf, 0x0c, 0xa0, 0x00, 0x00, 0x2f, 0x50,
    0x08, 0xfa, 0x00, 0x17, 0x0c, 0xc5, 0x55, 0x55,
    0x7f, 0x50, 0x09, 0x70, 0x00, 0x00, 0x0c, 0xff,
    0xff, 0xff, 0xff, 0x50, 0x00, 0x00, 0x00, 0x00,
    0x00, 0x00, 0x00, 0x00, 0x00, 0x00,

    /* U+5B58 "存" */
    0x00, 0x00, 0x00, 0x04, 0x91, 0x00, 0x00, 0x00,
    0x00, 0x00, 0x00, 0x00, 0x00, 0x0a, 0xe0, 0x00,
    0x00, 0x00, 0x00, 0x00, 0x01, 0x33, 0x33, 0x3f,
    0xb3, 0x33, 0x33, 0x33, 0x33, 0x20, 0x09, 0xff,
    0xff, 0xff, 0xff, 0xff, 0xff, 0xff, 0xff, 0xe0,
    0x02, 0x44, 0x44, 0xec, 0x44, 0x44, 0x44, 0x44,
    0x44, 0x30, 0x00, 0x00, 0x05, 0xf5, 0x00, 0x00,
    0x00, 0x00, 0x00, 0x00, 0x00, 0x00, 0x0e, 0xc0,
    0x46, 0x66, 0x66, 0x66, 0x72, 0x00, 0x00, 0x00,
    0x9f, 0x30, 0x9f, 0xff, 0xff, 0xff, 0xfb, 0x00,
    0x00, 0x06, 0xf9, 0x00, 0x00, 0x00, 0x00, 0x6f,
    0xa0, 0x00, 0x00, 0x3f, 0xf5, 0x00, 0x00, 0x00,
    0x1a, 0xf6, 0x00, 0x00, 0x04, 0xff, 0xf5, 0x00,
    0x00, 0x00, 0xbf, 0x20, 0x00, 0x00, 0x1f, 0xd4,
    0xf5, 0x15, 0x55, 0x55, 0xce, 0x55, 0x55, 0x50,
    0x05, 0x12, 0xf5, 0x4f, 0xff, 0xff, 0xff, 0xff,
    0xff, 0xf2, 0x00, 0x02, 0xf5, 0x01, 0x11, 0x11,
    0xbe, 0x11, 0x11, 0x10, 0x00, 0x02, 0xf5, 0x00,
    0x00, 0x00, 0xbd, 0x00, 0x00, 0x00, 0x00, 0x02,
    0xf5, 0x00, 0x00, 0x00, 0xbd, 0x00, 0x00, 0x00,
    0x00, 0x02, 0xf5, 0x00, 0x05, 0x55, 0xdd, 0x00,
    0x00, 0x00, 0x00, 0x02, 0xf5, 0x00, 0x0b, 0xff,
    0xe7, 0x00, 0x00, 0x00, 0x00, 0x00, 0x00, 0x00,
    0x00, 0x00, 0x00, 0x00, 0x00, 0x00,

    /* U+5B8C "完" */
    0x00, 0x00, 0x00, 0x00, 0x7c, 0x00, 0x00, 0x00,
    0x00, 0x00, 0x00, 0x00, 0x00, 0x00, 0x4f, 0x70,
    0x00, 0x00, 0x00, 0x00, 0x03, 0x77, 0x77, 0x77,
    0x7f, 0xe7, 0x77, 0x77, 0x77, 0x00, 0x06, 0xff,
    0xff, 0xff, 0xff, 0xff, 0xff, 0xff, 0xff, 0x10,
    0x06, 0xf1, 0x00, 0x00, 0x00, 0x00, 0x00, 0x00,
    0x7f, 0x10, 0x06, 0xf1, 0x00, 0x00, 0x00, 0x00,
    0x00, 0x00, 0x7f, 0x10, 0x06, 0xf1, 0xbf, 0xff,
    0xff, 0xff, 0xff, 0xf2, 0x7f, 0x10, 0x00, 0x00,
    0x46, 0x66, 0x66, 0x66, 0x66, 0x60, 0x00, 0x00,
    0x00, 0x00, 0x00, 0x00, 0x00, 0x00, 0x00, 0x00,
    0x00, 0x00, 0x05, 0x66, 0x66, 0x66, 0x66, 0x66,
    0x66, 0x66, 0x66, 0x50, 0x0e, 0xff, 0xff, 0xff,
    0xff, 0xff, 0xff, 0xff, 0xff, 0xd0, 0x00, 0x00,
    0x00, 0xdb, 0x00, 0x0b, 0xc0, 0x00, 0x00, 0x00,
    0x00, 0x00, 0x00, 0xf9, 0x00, 0x0b, 0xc0, 0x00,
    0x00, 0x00, 0x00, 0x00, 0x02, 0xf6, 0x00, 0x0b,
    0xc0, 0x00, 0x00, 0x00, 0x00, 0x00, 0x09, 0xf2,
    0x00, 0x0b, 0xc0, 0x00, 0x06, 0x90, 0x00, 0x00,
    0x6f, 0x90, 0x00, 0x0b, 0xc0, 0x00, 0x09, 0xf0,
    0x00, 0x5b, 0xfb, 0x00, 0x00, 0x0b, 0xe6, 0x66,
    0x6d, 0xe0, 0x0c, 0xfc, 0x50, 0x00, 0x00, 0x04,
    0xef, 0xff, 0xfe, 0x50, 0x02, 0x10, 0x00, 0x00,
    0x00, 0x00, 0x00, 0x00, 0x00, 0x00,

    /* U+5B9A "定" */
    0x00, 0x00, 0x00, 0x00, 0x2b, 0x30, 0x00, 0x00,
    0x00, 0x00, 0x00, 0x00, 0x00, 0x00, 0x0e, 0xb0,
    0x00, 0x00, 0x00, 0x00, 0x02, 0x77, 0x77, 0x77,
    0x7d, 0xf8, 0x77, 0x77, 0x77, 0x30, 0x05, 0xff,
    0xff, 0xff, 0xff, 0xff, 0xff, 0xff, 0xff, 0x70,
    0x05, 0xf2, 0x00, 0x00, 0x00, 0x00, 0x00, 0x00,
    0x1f, 0x70, 0x05, 0xf2, 0x00, 0x00, 0x00, 0x00,
    0x00, 0x00, 0x1f, 0x70, 0x05, 0xe1, 0x7a, 0xaa,
    0xaa, 0xaa, 0xaa, 0xa9, 0x1e, 0x60, 0x00, 0x00,
    0x9d, 0xdd, 0xdf, 0xfd, 0xdd, 0xdc, 0x00, 0x00,
    0x00, 0x00, 0x00, 0x00, 0x0c, 0xc0, 0x00, 0x00,
    0x00, 0x00, 0x00, 0x00, 0x57, 0x00, 0x0c, 0xc0,
    0x00, 0x00, 0x00, 0x00, 0x00, 0x00, 0xad, 0x00,
    0x0c, 0xc0, 0x00, 0x00, 0x00, 0x00, 0x00, 0x00,
    0xea, 0x00, 0x0c, 0xff, 0xff, 0xff, 0xb0, 0x00,
    0x00, 0x02, 0xfb, 0x00, 0x0c, 0xe7, 0x77, 0x77,
    0x50, 0x00, 0x00, 0x07, 0xff, 0x30, 0x0c, 0xc0,
    0x00, 0x00, 0x00, 0x00, 0x00, 0x0e, 0xbb, 0xe2,
    0x0c, 0xc0, 0x00, 0x00, 0x00, 0x00, 0x00, 0x8f,
    0x31, 0xdf, 0x7d, 0xc0, 0x00, 0x00, 0x00, 0x00,
    0x05, 0xf9, 0x00, 0x1a, 0xff, 0xfa, 0x88, 0x88,
    0x88, 0x81, 0x0d, 0xc0, 0x00, 0x00, 0x28, 0xbd,
    0xff, 0xff, 0xff, 0xe0, 0x01, 0x00, 0x00, 0x00,
    0x00, 0x00, 0x00, 0x00, 0x00, 0x00,

    /* U+5B9E "实" */
    0x00, 0x00, 0x00, 0x00, 0x97, 0x00, 0x00, 0x00,
    0x00, 0x00, 0x00, 0x00, 0x00, 0xbf, 0x10, 0x00,
    0x00, 0x00, 0x06, 0x77, 0x77, 0x77, 0x9f, 0xb7,
    0x77, 0x77, 0x73, 0x0f, 0xff, 0xff, 0xff, 0xff,
    0xff, 0xff, 0xff, 0xf7, 0x0f, 0x80, 0x00, 0x00,
    0x01, 0x10, 0x00, 0x01, 0xf7, 0x0f, 0x80, 0xac,
    0x20, 0x0b, 0xd0, 0x00, 0x01, 0xf7, 0x09, 0x50,
    0x3d, 0xf4, 0x0c, 0xc0, 0x00, 0x00, 0xa4, 0x00,
    0x00, 0x01, 0xb9, 0x0d, 0xb0, 0x00, 0x00, 0x00,
    0x00, 0x7a, 0x10, 0x00, 0x0e, 0xa0, 0x00, 0x00,
    0x00, 0x00, 0x4e, 0xe4, 0x00, 0x0f, 0x80, 0x00,
    0x00, 0x00, 0x00, 0x00, 0xbc, 0x00, 0x3f, 0x50,
    0x00, 0x00, 0x00, 0x02, 0x22, 0x23, 0x22, 0x8f,
    0x42, 0x22, 0x22, 0x21, 0x5f, 0xff, 0xff, 0xff,
    0xff, 0xff, 0xff, 0xff, 0xfe, 0x13, 0x33, 0x33,
    0x38, 0xf8, 0x43, 0x33, 0x33, 0x32, 0x00, 0x00,
    0x00, 0x3f, 0xc0, 0xce, 0x81, 0x00, 0x00, 0x00,
    0x00, 0x07, 0xfe, 0x10, 0x17, 0xef, 0xa2, 0x00,
    0x00, 0x38, 0xef, 0xa1, 0x00, 0x00, 0x06, 0xef,
    0x90, 0x0c, 0xff, 0xa3, 0x00, 0x00, 0x00, 0x00,
    0x08, 0xf9, 0x03, 0x51, 0x00, 0x00, 0x00, 0x00,
    0x00, 0x00, 0x30,

    /* U+5BB9 "容" */
    0x00, 0x00, 0x00, 0x00, 0x1c, 0x70, 0x00, 0x00,
    0x00, 0x00, 0x00, 0x00, 0x00, 0x00, 0x0c, 0xe0,
    0x00, 0x00, 0x00, 0x00, 0x05, 0xff, 0xff, 0xff,
    0xff, 0xff, 0xff, 0xff, 0xff, 0x70, 0x05, 0xf7,
    0x66, 0x66, 0x66, 0x66, 0x66, 0x66, 0x7f, 0x70,
    0x05, 0xf2, 0x00, 0x65, 0x00, 0x00, 0x52, 0x00,
    0x1f, 0x70, 0x03, 0xb1, 0x07, 0xf7, 0x00, 0x00,
    0xbf, 0x80, 0x0b, 0x50, 0x00, 0x00, 0x9f, 0x80,
    0x05, 0x90, 0x06, 0xfc, 0x20, 0x00, 0x00, 0x4d,
    0xf6, 0x00, 0x3f, 0xf2, 0x00, 0x2d, 0xf4, 0x00,
    0x00, 0xcd, 0x30, 0x02, 0xec, 0xbe, 0x30, 0x01,
    0xbc, 0x00, 0x00, 0x10, 0x00, 0x4f, 0xd1, 0x0b,
    0xf6, 0x00, 0x00, 0x00, 0x00, 0x00, 0x08, 0xfb,
    0x10, 0x00, 0x8f, 0xb2, 0x00, 0x00, 0x00, 0x04,
    0xdf, 0x91, 0x11, 0x11, 0x15, 0xef, 0x92, 0x00,
    0x05, 0xcf, 0xff, 0xff, 0xff, 0xff, 0xff, 0xfe,
    0xff, 0xa1, 0x0c, 0xd5, 0x9e, 0x33, 0x33, 0x33,
    0x33, 0xea, 0x18, 0x80, 0x00, 0x00, 0x9d, 0x00,
    0x00, 0x00, 0x00, 0xea, 0x00, 0x00, 0x00, 0x00,
    0x9d, 0x00, 0x00, 0x00, 0x00, 0xea, 0x00, 0x00,
    0x00, 0x00, 0x9e, 0x55, 0x55, 0x55, 0x55, 0xfa,
    0x00, 0x00, 0x00, 0x00, 0x9f, 0xff, 0xff, 0xff,
    0xff, 0xfa, 0x00, 0x00,

    /* U+5C06 "将" */
    0x00, 0x00, 0x26, 0x00, 0x00, 0x00, 0x10, 0x00,
    0x00, 0x00, 0x00, 0x06, 0xf1, 0x00, 0x00, 0x1e,
    0xb0, 0x00, 0x00, 0x00, 0x00, 0x6f, 0x10, 0x00,
    0x1d, 0xf5, 0x33, 0x33, 0x00, 0x00, 0x06, 0xf1,
    0x00, 0x2d, 0xff, 0xff, 0xff, 0xf6, 0x0b, 0x80,
    0x6f, 0x10, 0x6f, 0xc2, 0x00, 0x01, 0xde, 0x00,
    0x6f, 0x66, 0xf1, 0xaf, 0x87, 0x80, 0x00, 0xbf,
    0x30, 0x00, 0x8f, 0xaf, 0x11, 0x20, 0x3f, 0xa2,
    0xcf, 0x40, 0x00, 0x00, 0xcb, 0xf1, 0x00, 0x00,
    0x5f, 0xfd, 0x20, 0x00, 0x00, 0x00, 0x6f, 0x10,
    0x04, 0x9f, 0xe7, 0x07, 0x40, 0x00, 0x00, 0x06,
    0xf1, 0x7f, 0xfc, 0x60, 0x00, 0xe9, 0x00, 0x00,
    0x00, 0x7f, 0x12, 0x61, 0x00, 0x00, 0x0e, 0x90,
    0x00, 0x00, 0x6f, 0xf1, 0xff, 0xff, 0xff, 0xff,
    0xff, 0xff, 0x00, 0x9f, 0xdf, 0x16, 0x66, 0x66,
    0x66, 0x6f, 0xb6, 0x50, 0xbf, 0x66, 0xf1, 0x04,
    0xe4, 0x00, 0x00, 0xe9, 0x00, 0x0b, 0x40, 0x6f,
    0x10, 0x0a, 0xf3, 0x00, 0x0e, 0x90, 0x00, 0x00,
    0x06, 0xf1, 0x00, 0x0c, 0xe0, 0x00, 0xe9, 0x00,
    0x00, 0x00, 0x6f, 0x10, 0x00, 0x28, 0x00, 0x0e,
    0x90, 0x00, 0x00, 0x06, 0xf1, 0x00, 0x00, 0x05,
    0x55, 0xf8, 0x00, 0x00, 0x00, 0x6f, 0x10, 0x00,
    0x00, 0xbf, 0xfd, 0x30, 0x00, 0x00, 0x00, 0x00,
    0x00, 0x00, 0x00, 0x00, 0x00, 0x00,

    /* U+5C0F "小" */
    0x00, 0x00, 0x00, 0x00, 0x00, 0x10, 0x00, 0x00,
    0x00, 0x00, 0x00, 0x00, 0x00, 0x00, 0x0b, 0xe0,
    0x00, 0x00, 0x00, 0x00, 0x00, 0x00, 0x00, 0x00,
    0x0b, 0xe0, 0x00, 0x00, 0x00, 0x00, 0x00, 0x00,
    0x00, 0x00, 0x0b, 0xe0, 0x00, 0x00, 0x00, 0x00,
    0x00, 0x00, 0x00, 0x00, 0x0b, 0xe0, 0x00, 0x00,
    0x00, 0x00, 0x00, 0x00, 0x41, 0x00, 0x0b, 0xe0,
    0x00, 0x25, 0x00, 0x00, 0x00, 0x02, 0xf9, 0x00,
    0x0b, 0xe0, 0x00, 0x9f, 0x30, 0x00, 0x00, 0x06,
    0xf5, 0x00, 0x0b, 0xe0, 0x00, 0x1f, 0xb0, 0x00,
    0x00, 0x0a, 0xf0, 0x00, 0x0b, 0xe0, 0x00, 0x08,
    0xf4, 0x00, 0x00, 0x0f, 0xb0, 0x00, 0x0b, 0xe0,
    0x00, 0x01, 0xfb, 0x00, 0x00, 0x6f, 0x50, 0x00,
    0x0b, 0xe0, 0x00, 0x00, 0x9f, 0x30, 0x00, 0xde,
    0x00, 0x00, 0x0b, 0xe0, 0x00, 0x00, 0x2f, 0x90,
    0x06, 0xf7, 0x00, 0x00, 0x0b, 0xe0, 0x00, 0x00,
    0x0c, 0xf0, 0x1e, 0xe0, 0x00, 0x00, 0x0b, 0xe0,
    0x00, 0x00, 0x07, 0xf5, 0x05, 0x30, 0x00, 0x00,
    0x0b, 0xe0, 0x00, 0x00, 0x03, 0xc3, 0x00, 0x00,
    0x00, 0x00, 0x0b, 0xe0, 0x00, 0x00, 0x00, 0x00,
    0x00, 0x00, 0x00, 0x00, 0x0b, 0xe0, 0x00, 0x00,
    0x00, 0x00, 0x00, 0x00, 0x03, 0x77, 0x8e, 0xe0,
    0x00, 0x00, 0x00, 0x00, 0x00, 0x00, 0x02, 0xff,
    0xfd, 0x50, 0x00, 0x00, 0x00, 0x00, 0x00, 0x00,
    0x00, 0x00, 0x00, 0x00, 0x00, 0x00, 0x00, 0x00,

    /* U+5C11 "少" */
    0x00, 0x00, 0x00, 0x00, 0x0f, 0x60, 0x00, 0x00,
    0x00, 0x00, 0x00, 0x00, 0x00, 0x00, 0x0f, 0x70,
    0x00, 0x00, 0x00, 0x00, 0x00, 0x00, 0x00, 0x00,
    0x0f, 0x70, 0x00, 0x00, 0x00, 0x00, 0x00, 0x00,
    0x77, 0x00, 0x0f, 0x70, 0x00, 0x67, 0x00, 0x00,
    0x00, 0x00, 0xf9, 0x00, 0x0f, 0x70, 0x00, 0x7f,
    0x30, 0x00, 0x00, 0x07, 0xf2, 0x00, 0x0f, 0x70,
    0x00, 0x0c, 0xd0, 0x00, 0x00, 0x0e, 0xa0, 0x00,
    0x0f, 0x70, 0x00, 0x03, 0xf7, 0x00, 0x00, 0x8f,
    0x20, 0x00, 0x0f, 0x70, 0x00, 0x00, 0x9f, 0x10,
    0x03, 0xf8, 0x00, 0x00, 0x0f, 0x70, 0x00, 0x00,
    0x1f, 0xa0, 0x09, 0xd0, 0x00, 0x00, 0x0f, 0x70,
    0x00, 0x00, 0x08, 0xa0, 0x00, 0x10, 0x00, 0x00,
    0x0f, 0x70, 0x00, 0x06, 0x10, 0x00, 0x00, 0x00,
    0x00, 0x00, 0x0f, 0x70, 0x00, 0x9f, 0x40, 0x00,
    0x00, 0x00, 0x00, 0x00, 0x06, 0x20, 0x09, 0xf7,
    0x00, 0x00, 0x00, 0x00, 0x00, 0x00, 0x00, 0x02,
    0xbf, 0x70, 0x00, 0x00, 0x00, 0x00, 0x00, 0x00,
    0x01, 0x8f, 0xe5, 0x00, 0x00, 0x00, 0x00, 0x00,
    0x00, 0x15, 0xbf, 0xf9, 0x10, 0x00, 0x00, 0x00,
    0x02, 0x46, 0x9d, 0xff, 0xd7, 0x10, 0x00, 0x00,
    0x00, 0x00, 0x1f, 0xff, 0xeb, 0x72, 0x00, 0x00,
    0x00, 0x00, 0x00, 0x00, 0x04, 0x41, 0x00, 0x00,
    0x00, 0x00, 0x00, 0x00, 0x00, 0x00,

    /* U+5C1A "尚" */
    0x00, 0x00, 0x00, 0x0b, 0x70, 0x00, 0x00, 0x10,
    0x3f, 0x50, 0x00, 0x0e, 0x90, 0x00, 0x07, 0xf3,
    0x0b, 0xf2, 0x00, 0x0e, 0x90, 0x00, 0x1f, 0xa0,
    0x01, 0xec, 0x00, 0x0e, 0x90, 0x00, 0xbe, 0x10,
    0x00, 0x6f, 0x40, 0x0e, 0x90, 0x07, 0xf4, 0x00,
    0x00, 0x04, 0x00, 0x0e, 0x90, 0x01, 0x40, 0x00,
    0x8f, 0xff, 0xff, 0xff, 0xff, 0xff, 0xff, 0xf8,
    0x9f, 0x77, 0x77, 0x77, 0x77, 0x77, 0x77, 0xf9,
    0x9e, 0x00, 0x00, 0x00, 0x00, 0x00, 0x00, 0xe9,
    0x9e, 0x00, 0x36, 0x55, 0x55, 0x52, 0x00, 0xe9,
    0x9e, 0x00, 0xbf, 0xff, 0xff, 0xf7, 0x00, 0xe9,
    0x9e, 0x00, 0xbb, 0x00, 0x00, 0xe7, 0x00, 0xe9,
    0x9e, 0x00, 0xbb, 0x00, 0x00, 0xe7, 0x00, 0xe9,
    0x9e, 0x00, 0xbb, 0x22, 0x22, 0xe7, 0x00, 0xe9,
    0x9e, 0x00, 0xbf, 0xff, 0xff, 0xf7, 0x00, 0xe9,
    0x9e, 0x00, 0xbc, 0x33, 0x33, 0x31, 0x00, 0xe9,
    0x9e, 0x00, 0x55, 0x00, 0x00, 0x06, 0x66, 0xf8,
    0x9e, 0x00, 0x00, 0x00, 0x00, 0x0c, 0xff, 0xd3,
    0x00, 0x00, 0x00, 0x00, 0x00, 0x00, 0x00, 0x00,

    /* U+5C40 "局" */
    0x00, 0x0d, 0xff, 0xff, 0xff, 0xff, 0xff, 0xff,
    0xe0, 0x00, 0x00, 0xec, 0x55, 0x55, 0x55, 0x55,
    0x55, 0xbe, 0x00, 0x00, 0x0e, 0x90, 0x00, 0x00,
    0x00, 0x00, 0x09, 0xe0, 0x00, 0x00, 0xe9, 0x00,
    0x00, 0x00, 0x00, 0x00, 0x9e, 0x00, 0x00, 0x0e,
    0xff, 0xff, 0xff, 0xff, 0xff, 0xff, 0xe0, 0x00,
    0x00, 0xec, 0x55, 0x55, 0x55, 0x55, 0x55, 0x55,
    0x00, 0x00, 0x0e, 0x90, 0x00, 0x00, 0x00, 0x00,
    0x00, 0x00, 0x00, 0x00, 0xff, 0xff, 0xff, 0xff,
    0xff, 0xff, 0xff, 0xf3, 0x00, 0x0f, 0xa6, 0x66,
    0x66, 0x66, 0x66, 0x66, 0x8f, 0x30, 0x03, 0xf4,
    0x00, 0x00, 0x00, 0x00, 0x00, 0x04, 0xf2, 0x00,
    0x5f, 0x20, 0xbf, 0xff, 0xff, 0xfe, 0x00, 0x5f,
    0x10, 0x09, 0xf0, 0x0c, 0xb4, 0x44, 0x49, 0xe0,
    0x06, 0xf0, 0x00, 0xdb, 0x00, 0xca, 0x00, 0x00,
    0x7e, 0x00, 0x7f, 0x00, 0x3f, 0x60, 0x0c, 0xa0,
    0x00, 0x07, 0xe0, 0x09, 0xd0, 0x0b, 0xf1, 0x00,
    0xcf, 0xff, 0xff, 0xfe, 0x00, 0xbb, 0x02, 0xf9,
    0x00, 0x0c, 0xb3, 0x33, 0x34, 0x95, 0x7f, 0x80,
    0x05, 0x10, 0x00, 0x43, 0x00, 0x00, 0x0d, 0xff,
    0xc1, 0x00,

    /* U+5C4F "屏" */
    0x00, 0x6f, 0xff, 0xff, 0xff, 0xff, 0xff, 0xff,
    0xfa, 0x00, 0x06, 0xf6, 0x55, 0x55, 0x55, 0x55,
    0x55, 0x5f, 0xa0, 0x00, 0x6f, 0x10, 0x00, 0x00,
    0x00, 0x00, 0x00, 0xea, 0x00, 0x06, 0xf6, 0x55,
    0x55, 0x55, 0x55, 0x55, 0x5f, 0xa0, 0x00, 0x6f,
    0xff, 0xff, 0xff, 0xff, 0xff, 0xff, 0xfa, 0x00,
    0x06, 0xf1, 0x00, 0xa6, 0x00, 0x00, 0x08, 0xa0,
    0x00, 0x00, 0x6f, 0x10, 0x09, 0xf2, 0x00, 0x01,
    0xf8, 0x00, 0x00, 0x07, 0xf1, 0x66, 0x7b, 0x66,
    0x66, 0xbf, 0x66, 0x61, 0x00, 0x7f, 0x1e, 0xee,
    0xff, 0xee, 0xef, 0xfe, 0xee, 0x30, 0x08, 0xf0,
    0x00, 0x0f, 0x80, 0x00, 0x8f, 0x00, 0x00, 0x00,
    0xad, 0x00, 0x00, 0xf8, 0x00, 0x08, 0xf0, 0x00,
    0x00, 0x0c, 0xb3, 0x55, 0x5f, 0xa5, 0x55, 0xaf,
    0x55, 0x54, 0x00, 0xf8, 0x9f, 0xff, 0xff, 0xff,
    0xff, 0xff, 0xff, 0xc0, 0x3f, 0x50, 0x00, 0x9f,
    0x10, 0x00, 0x8f, 0x00, 0x00, 0x08, 0xf0, 0x00,
    0x5f, 0x80, 0x00, 0x08, 0xf0, 0x00, 0x01, 0xfa,
    0x01, 0x9f, 0xa0, 0x00, 0x00, 0x8f, 0x00, 0x00,
    0x2c, 0x20, 0x5d, 0x50, 0x00, 0x00, 0x08, 0xf0,
    0x00, 0x00, 0x00, 0x00, 0x00, 0x00, 0x00, 0x00,
    0x00, 0x00, 0x00,

    /* U+5C71 "山" */
    0x00, 0x00, 0x00, 0x0b, 0x80, 0x00, 0x00, 0x00,
    0x00, 0x00, 0x00, 0x0e, 0xa0, 0x00, 0x00, 0x00,
    0x00, 0x00, 0x00, 0x0e, 0xa0, 0x00, 0x00, 0x00,
    0x00, 0x00, 0x00, 0x0e, 0xa0, 0x00, 0x00, 0x00,
    0xc8, 0x00, 0x00, 0x0e, 0xa0, 0x00, 0x00, 0xaa,
    0xea, 0x00, 0x00, 0x0e, 0xa0, 0x00, 0x00, 0xcc,
    0xea, 0x00, 0x00, 0x0e, 0xa0, 0x00, 0x00, 0xcc,
    0xea, 0x00, 0x00, 0x0e, 0xa0, 0x00, 0x00, 0xcc,
    0xea, 0x00, 0x00, 0x0e, 0xa0, 0x00, 0x00, 0xcc,
    0xea, 0x00, 0x00, 0x0e, 0xa0, 0x00, 0x00, 0xcc,
    0xea, 0x00, 0x00, 0x0e, 0xa0, 0x00, 0x00, 0xcc,
    0xea, 0x00, 0x00, 0x0e, 0xa0, 0x00, 0x00, 0xcc,
    0xea, 0x00, 0x00, 0x0e, 0xa0, 0x00, 0x00, 0xcc,
    0xea, 0x00, 0x00, 0x0e, 0xa0, 0x00, 0x00, 0xcc,
    0xea, 0x00, 0x00, 0x0e, 0xa0, 0x00, 0x00, 0xcc,
    0xee, 0xbb, 0xbb, 0xbf, 0xeb, 0xbb, 0xbb, 0xfc,
    0xcd, 0xdd, 0xdd, 0xdd, 0xdd, 0xdd, 0xdd, 0xfc,
    0x00, 0x00, 0x00, 0x00, 0x00, 0x00, 0x00, 0xcc,

    /* U+5DF2 "已" */
    0x88, 0x88, 0x88, 0x88, 0x88, 0x88, 0x88, 0x60,
    0x00, 0xef, 0xff, 0xff, 0xff, 0xff, 0xff, 0xff,
    0xb0, 0x00, 0x00, 0x00, 0x00, 0x00, 0x00, 0x00,
    0x0d, 0xb0, 0x00, 0x03, 0x20, 0x00, 0x00, 0x00,
    0x00, 0x0d, 0xb0, 0x00, 0x0d, 0xa0, 0x00, 0x00,
    0x00, 0x00, 0x0d, 0xb0, 0x00, 0x0d, 0xa0, 0x00,
    0x00, 0x00, 0x00, 0x0d, 0xb0, 0x00, 0x0d, 0xa0,
    0x00, 0x00, 0x00, 0x00, 0x0d, 0xb0, 0x00, 0x0d,
    0xff, 0xff, 0xff, 0xff, 0xff, 0xff, 0xb0, 0x00,
    0x0d, 0xd8, 0x88, 0x88, 0x88, 0x88, 0x8e, 0xb0,
    0x00, 0x0d, 0xa0, 0x00, 0x00, 0x00, 0x00, 0x07,
    0x60, 0x00, 0x0d, 0xa0, 0x00, 0x00, 0x00, 0x00,
    0x00, 0x00, 0x00, 0x0d, 0xa0, 0x00, 0x00, 0x00,
    0x00, 0x00, 0x01, 0x10, 0x0d, 0xa0, 0x00, 0x00,
    0x00, 0x00, 0x00, 0x05, 0xf3, 0x0d, 0xa0, 0x00,
    0x00, 0x00, 0x00, 0x00, 0x08, 0xf1, 0x0d, 0xb0,
    0x00, 0x00, 0x00, 0x00, 0x00, 0x0d, 0xd0, 0x09,
    0xfb, 0x87, 0x77, 0x77, 0x77, 0x78, 0xcf, 0x70,
    0x00, 0x9d, 0xff, 0xff, 0xff, 0xff, 0xff, 0xd8,
    0x00,

    /* U+5E03 "布" */
    0x00, 0x00, 0x00, 0x00, 0x00, 0x00, 0x00, 0x00,
    0x00, 0x00, 0x00, 0x00, 0x00, 0x1e, 0x50, 0x00,
    0x00, 0x00, 0x00, 0x00, 0x00, 0x00, 0x06, 0xf3,
    0x00, 0x00, 0x00, 0x00, 0x00, 0x00, 0x00, 0x00,
    0xcd, 0x00, 0x00, 0x00, 0x00, 0x00, 0x0a, 0xff,
    0xff, 0xff, 0xff, 0xff, 0xff, 0xff, 0xff, 0xe0,
    0x58, 0x88, 0x8e, 0xf8, 0x88, 0x88, 0x88, 0x88,
    0x87, 0x00, 0x00, 0x02, 0xf8, 0x00, 0x11, 0x00,
    0x00, 0x00, 0x00, 0x00, 0x00, 0xbe, 0x10, 0x0c,
    0xb0, 0x00, 0x00, 0x00, 0x00, 0x00, 0x6f, 0x60,
    0x00, 0xcb, 0x00, 0x00, 0x00, 0x00, 0x00, 0x3f,
    0xf7, 0x77, 0x7e, 0xd7, 0x77, 0x77, 0x50, 0x00,
    0x1e, 0xff, 0xff, 0xff, 0xff, 0xff, 0xff, 0xfb,
    0x00, 0x2d, 0xfa, 0xf0, 0x00, 0x0c, 0xb0, 0x00,
    0x0c, 0xb0, 0x1e, 0xe3, 0x7f, 0x00, 0x00, 0xcb,
    0x00, 0x00, 0xcb, 0x00, 0x62, 0x07, 0xf0, 0x00,
    0x0c, 0xb0, 0x00, 0x0c, 0xb0, 0x00, 0x00, 0x7f,
    0x00, 0x00, 0xcb, 0x00, 0x00, 0xcb, 0x00, 0x00,
    0x07, 0xf0, 0x00, 0x0c, 0xb0, 0x00, 0x0c, 0xb0,
    0x00, 0x00, 0x7f, 0x00, 0x00, 0xcb, 0x0b, 0xff,
    0xf9, 0x00, 0x00, 0x06, 0xe0, 0x00, 0x0c, 0xb0,
    0x36, 0x53, 0x00, 0x00, 0x00, 0x00, 0x00, 0x00,
    0xcb, 0x00, 0x00, 0x00, 0x00,

    /* U+5E38 "常" */
    0x00, 0x17, 0x00, 0x00, 0x7c, 0x00, 0x00, 0x73,
    0x00, 0x00, 0x3f, 0x90, 0x00, 0x9e, 0x00, 0x06,
    0xf5, 0x00, 0x00, 0x08, 0xf2, 0x00, 0x9e, 0x00,
    0x1f, 0x90, 0x00, 0x3b, 0xbc, 0xdb, 0xbb, 0xef,
    0xbb, 0xbd, 0xbb, 0xb4, 0x4f, 0xaa, 0xaa, 0xaa,
    0xaa, 0xaa, 0xaa, 0xaa, 0xf6, 0x4f, 0x20, 0x00,
    0x00, 0x00, 0x00, 0x00, 0x01, 0xf6, 0x4f, 0x22,
    0xff, 0xff, 0xff, 0xff, 0xff, 0x61, 0xf6, 0x29,
    0x13, 0xf6, 0x33, 0x33, 0x33, 0x4f, 0x70, 0x94,
    0x00, 0x03, 0xf4, 0x00, 0x00, 0x00, 0x1f, 0x70,
    0x00, 0x00, 0x03, 0xfd, 0xcc, 0xcc, 0xcc, 0xdf,
    0x70, 0x00, 0x00, 0x01, 0x55, 0x55, 0xaf, 0x65,
    0x55, 0x20, 0x00, 0x00, 0x11, 0x11, 0x11, 0x8f,
    0x21, 0x11, 0x11, 0x00, 0x00, 0xff, 0xff, 0xff,
    0xff, 0xff, 0xff, 0xff, 0x30, 0x00, 0xfa, 0x44,
    0x44, 0xaf, 0x54, 0x44, 0x7f, 0x30, 0x00, 0xf8,
    0x00, 0x00, 0x7f, 0x10, 0x00, 0x4f, 0x30, 0x00,
    0xf8, 0x00, 0x00, 0x7f, 0x10, 0x00, 0x4f, 0x30,
    0x00, 0xf8, 0x00, 0x00, 0x7f, 0x10, 0x44, 0x7f,
    0x30, 0x00, 0xf8, 0x00, 0x00, 0x7f, 0x10, 0xef,
    0xfc, 0x00, 0x00, 0x00, 0x00, 0x00, 0x00, 0x00,
    0x01, 0x00, 0x00,

    /* U+5E55 "幕" */
    0x00, 0x00, 0x00, 0x92, 0x00, 0x00, 0x39, 0x00,
    0x00, 0x00, 0x03, 0x44, 0x45, 0xf8, 0x44, 0x44,
    0x9f, 0x54, 0x44, 0x30, 0x0a, 0xff, 0xff, 0xff,
    0xff, 0xff, 0xff, 0xff, 0xff, 0xb0, 0x00, 0x00,
    0x01, 0xe4, 0x00, 0x00, 0x5d, 0x00, 0x00, 0x00,
    0x00, 0x07, 0xff, 0xff, 0xff, 0xff, 0xff, 0xff,
    0xe0, 0x00, 0x00, 0x08, 0xe0, 0x00, 0x00, 0x00,
    0x00, 0x09, 0xe0, 0x00, 0x00, 0x08, 0xfe, 0xee,
    0xee, 0xee, 0xee, 0xef, 0xe0, 0x00, 0x00, 0x08,
    0xe1, 0x11, 0x11, 0x11, 0x11, 0x19, 0xe0, 0x00,
    0x00, 0x08, 0xf3, 0x33, 0x33, 0x33, 0x33, 0x3a,
    0xe0, 0x00, 0x00, 0x06, 0xcc, 0xdf, 0xec, 0xcc,
    0xcc, 0xcc, 0xb0, 0x00, 0x05, 0x55, 0x55, 0xaf,
    0x75, 0x55, 0x55, 0x55, 0x55, 0x40, 0x0e, 0xee,
    0xef, 0xfe, 0xef, 0xfe, 0xef, 0xfe, 0xee, 0xc0,
    0x00, 0x01, 0xbf, 0x60, 0x0e, 0x80, 0x03, 0xf9,
    0x10, 0x00, 0x01, 0x8f, 0xff, 0xff, 0xff, 0xff,
    0xff, 0xff, 0xf8, 0x20, 0x2f, 0xfa, 0xdc, 0x44,
    0x4f, 0xa4, 0x44, 0x8f, 0x8e, 0xf1, 0x05, 0x20,
    0xca, 0x00, 0x0e, 0x80, 0x00, 0x5f, 0x10, 0x20,
    0x00, 0x00, 0xca, 0x00, 0x0e, 0x80, 0x01, 0x6f,
    0x00, 0x00, 0x00, 0x00, 0xca, 0x00, 0x0e, 0x80,
    0x4f, 0xfb, 0x00, 0x00, 0x00, 0x00, 0x00, 0x00,
    0x00, 0x00, 0x00, 0x00, 0x00, 0x00,

    /* U+5E94 "应" */
    0x00, 0x00, 0x00, 0x00, 0x05, 0xd1, 0x00, 0x00,
    0x00, 0x00, 0x00, 0x00, 0x00, 0x00, 0x02, 0xf9,
    0x00, 0x00, 0x00, 0x00, 0x00, 0x24, 0x33, 0x33,
    0x33, 0xcf, 0x33, 0x33, 0x33, 0x20, 0x00, 0x9f,
    0xff, 0xff, 0xff, 0xff, 0xff, 0xff, 0xff, 0xd0,
    0x00, 0x9f, 0x33, 0x33, 0x33, 0x33, 0x33, 0x33,
    0x33, 0x20, 0x00, 0x9f, 0x00, 0x00, 0x00, 0x10,
    0x00, 0x00, 0x20, 0x00, 0x00, 0x9f, 0x00, 0x10,
    0x03, 0xf3, 0x00, 0x00, 0xcc, 0x00, 0x00, 0x9f,
    0x08, 0xd0, 0x00, 0xf8, 0x00, 0x01, 0xf9, 0x00,
    0x00, 0x9f, 0x04, 0xf3, 0x00, 0xcc, 0x00, 0x05,
    0xf4, 0x00, 0x00, 0x9e, 0x00, 0xe9, 0x00, 0x8f,
    0x00, 0x0a, 0xe0, 0x00, 0x00, 0xae, 0x00, 0x9e,
    0x00, 0x4f, 0x40, 0x1f, 0x80, 0x00, 0x00, 0xad,
    0x00, 0x4f, 0x30, 0x0f, 0x70, 0x6f, 0x20, 0x00,
    0x00, 0xcb, 0x00, 0x0f, 0x80, 0x0d, 0x90, 0xdb,
    0x00, 0x00, 0x00, 0xea, 0x00, 0x0c, 0xb0, 0x01,
    0x04, 0xf4, 0x00, 0x00, 0x00, 0xf7, 0x00, 0x02,
    0x00, 0x00, 0x0b, 0xc0, 0x00, 0x00, 0x04, 0xf4,
    0x00, 0x00, 0x00, 0x00, 0x4f, 0x40, 0x00, 0x00,
    0x09, 0xf0, 0x57, 0x77, 0x77, 0x77, 0xde, 0x77,
    0x77, 0x70, 0x0e, 0xb0, 0xdf, 0xff, 0xff, 0xff,
    0xff, 0xff, 0xff, 0xf1, 0x1b, 0x40, 0x00, 0x00,
    0x00, 0x00, 0x00, 0x00, 0x00, 0x00, 0x00, 0x00,
    0x00, 0x00, 0x00, 0x00, 0x00, 0x00, 0x00, 0x00,

    /* U+5EA6 "度" */
    0x00, 0x00, 0x00, 0x00, 0x00, 0x00, 0x00, 0x00,
    0x00, 0x00, 0x00, 0x00, 0x00, 0x00, 0x04, 0xe3,
    0x00, 0x00, 0x00, 0x00, 0x00, 0x00, 0x00, 0x00,
    0x00, 0xeb, 0x00, 0x00, 0x00, 0x00, 0x00, 0x7f,
    0xff, 0xff, 0xff, 0xff, 0xff, 0xff, 0xff, 0xe0,
    0x00, 0x7f, 0x77, 0x77, 0x77, 0x77, 0x77, 0x77,
    0x77, 0x60, 0x00, 0x7f, 0x00, 0x03, 0xe2, 0x00,
    0x00, 0xd7, 0x00, 0x00, 0x00, 0x7f, 0x12, 0x26,
    0xf4, 0x22, 0x22, 0xf9, 0x22, 0x10, 0x00, 0x7f,
    0x8f, 0xff, 0xff, 0xff, 0xff, 0xff, 0xff, 0xb0,
    0x00, 0x7f, 0x11, 0x15, 0xf4, 0x11, 0x11, 0xf8,
    0x11, 0x10, 0x00, 0x7f, 0x00, 0x04, 0xf2, 0x00,
    0x00, 0xf8, 0x00, 0x00, 0x00, 0x8f, 0x00, 0x04,
    0xff, 0xff, 0xff, 0xf8, 0x00, 0x00, 0x00, 0x8e,
    0x00, 0x01, 0x44, 0x44, 0x44, 0x42, 0x00, 0x00,
    0x00, 0xad, 0x14, 0x44, 0x44, 0x44, 0x44, 0x44,
    0x30, 0x00, 0x00, 0xbb, 0x3f, 0xff, 0xff, 0xff,
    0xff, 0xff, 0xf1, 0x00, 0x00, 0xe9, 0x00, 0x1e,
    0xa0, 0x00, 0x00, 0x6f, 0x60, 0x00, 0x01, 0xf7,
    0x00, 0x03, 0xec, 0x20, 0x19, 0xf7, 0x00, 0x00,
    0x05, 0xf3, 0x00, 0x00, 0x2c, 0xfa, 0xfe, 0x40,
    0x00, 0x00, 0x0a, 0xe0, 0x00, 0x24, 0x8d, 0xff,
    0xfd, 0x84, 0x00, 0x00, 0x1f, 0x90, 0xcf, 0xff,
    0xc8, 0x30, 0x49, 0xef, 0xfe, 0xb0, 0x04, 0x20,
    0x45, 0x30, 0x00, 0x00, 0x00, 0x02, 0x57, 0x50,

    /* U+5F00 "开" */
    0x18, 0x88, 0x88, 0x88, 0x88, 0x88, 0x88, 0x88,
    0x83, 0x02, 0xff, 0xff, 0xff, 0xff, 0xff, 0xff,
    0xff, 0xff, 0x60, 0x00, 0x00, 0x1f, 0x70, 0x00,
    0x00, 0xf9, 0x00, 0x00, 0x00, 0x00, 0x01, 0xf7,
    0x00, 0x00, 0x0f, 0x90, 0x00, 0x00, 0x00, 0x00,
    0x1f, 0x70, 0x00, 0x00, 0xf9, 0x00, 0x00, 0x00,
    0x00, 0x01, 0xf7, 0x00, 0x00, 0x0f, 0x90, 0x00,
    0x00, 0x00, 0x00, 0x1f, 0x60, 0x00, 0x00, 0xf9,
    0x00, 0x00, 0x05, 0x55, 0x57, 0xfa, 0x55, 0x55,
    0x5f, 0xb5, 0x55, 0x50, 0xef, 0xff, 0xff, 0xff,
    0xff, 0xff, 0xff, 0xff, 0xff, 0x01, 0x11, 0x15,
    0xf5, 0x11, 0x11, 0x1f, 0x91, 0x11, 0x10, 0x00,
    0x00, 0x8f, 0x10, 0x00, 0x00, 0xf9, 0x00, 0x00,
    0x00, 0x00, 0x0d, 0xd0, 0x00, 0x00, 0x0f, 0x90,
    0x00, 0x00, 0x00, 0x04, 0xf7, 0x00, 0x00, 0x00,
    0xf9, 0x00, 0x00, 0x00, 0x01, 0xde, 0x00, 0x00,
    0x00, 0x0f, 0x90, 0x00, 0x00, 0x01, 0xcf, 0x40,
    0x00, 0x00, 0x00, 0xf9, 0x00, 0x00, 0x03, 0xdf,
    0x60, 0x00, 0x00, 0x00, 0x0f, 0x90, 0x00, 0x00,
    0x4d, 0x40, 0x00, 0x00, 0x00, 0x00, 0xf9, 0x00,
    0x00, 0x00, 0x00, 0x00, 0x00, 0x00, 0x00, 0x00,
    0x00, 0x00, 0x00,

    /* U+5F0F "式" */
    0x00, 0x00, 0x00, 0x00, 0x00, 0x7a, 0x02, 0x60,
    0x00, 0x00, 0x00, 0x00, 0x00, 0x00, 0x0a, 0xf0,
    0x5f, 0xb0, 0x00, 0x00, 0x00, 0x00, 0x00, 0x00,
    0xaf, 0x00, 0x3e, 0xc0, 0x00, 0x11, 0x11, 0x11,
    0x11, 0x19, 0xf1, 0x11, 0x36, 0x00, 0xef, 0xff,
    0xff, 0xff, 0xff, 0xff, 0xff, 0xff, 0xff, 0x05,
    0x66, 0x66, 0x66, 0x66, 0x6a, 0xf7, 0x66, 0x66,
    0x60, 0x00, 0x00, 0x00, 0x00, 0x00, 0x5f, 0x30,
    0x00, 0x00, 0x00, 0x00, 0x00, 0x00, 0x00, 0x04,
    0xf4, 0x00, 0x00, 0x00, 0x1a, 0xaa, 0xaa, 0xaa,
    0xa6, 0x2f, 0x70, 0x00, 0x00, 0x02, 0xdd, 0xdf,
    0xfd, 0xdd, 0x80, 0xf9, 0x00, 0x00, 0x00, 0x00,
    0x00, 0x9e, 0x00, 0x00, 0x0d, 0xc0, 0x00, 0x00,
    0x00, 0x00, 0x09, 0xe0, 0x00, 0x00, 0x9f, 0x00,
    0x00, 0x00, 0x00, 0x00, 0x9e, 0x00, 0x00, 0x05,
    0xf4, 0x00, 0x00, 0x00, 0x00, 0x09, 0xe0, 0x00,
    0x00, 0x1f, 0x90, 0x00, 0xa1, 0x00, 0x00, 0x9f,
    0x36, 0xad, 0x30, 0xbf, 0x10, 0x1f, 0x41, 0x47,
    0xae, 0xff, 0xeb, 0x71, 0x03, 0xfa, 0x04, 0xf2,
    0x9f, 0xfc, 0x85, 0x20, 0x00, 0x00, 0x09, 0xfc,
    0xce, 0x02, 0x30, 0x00, 0x00, 0x00, 0x00, 0x00,
    0x08, 0xee, 0x50,

    /* U+5F53 "当" */
    0x00, 0x00, 0x00, 0x0c, 0xa0, 0x00, 0x00, 0x00,
    0x4d, 0x20, 0x00, 0x0e, 0xb0, 0x00, 0x02, 0xf7,
    0x1e, 0xc0, 0x00, 0x0e, 0xb0, 0x00, 0x0a, 0xf2,
    0x05, 0xf5, 0x00, 0x0e, 0xb0, 0x00, 0x2f, 0x90,
    0x00, 0xde, 0x00, 0x0e, 0xb0, 0x00, 0xaf, 0x10,
    0x00, 0x5e, 0x20, 0x0e, 0xb0, 0x03, 0xf6, 0x00,
    0x00, 0x00, 0x00, 0x0e, 0xb0, 0x00, 0x20, 0x00,
    0x4c, 0xcc, 0xcc, 0xcf, 0xfc, 0xcc, 0xcc, 0xc6,
    0x4b, 0xbb, 0xbb, 0xbb, 0xbb, 0xbb, 0xbb, 0xf8,
    0x00, 0x00, 0x00, 0x00, 0x00, 0x00, 0x01, 0xf8,
    0x00, 0x00, 0x00, 0x00, 0x00, 0x00, 0x01, 0xf8,
    0x03, 0x55, 0x55, 0x55, 0x55, 0x55, 0x55, 0xf8,
    0x0b, 0xff, 0xff, 0xff, 0xff, 0xff, 0xff, 0xf8,
    0x01, 0x22, 0x22, 0x22, 0x22, 0x22, 0x23, 0xf8,
    0x00, 0x00, 0x00, 0x00, 0x00, 0x00, 0x01, 0xf8,
    0x00, 0x00, 0x00, 0x00, 0x00, 0x00, 0x01, 0xf8,
    0x68, 0x88, 0x88, 0x88, 0x88, 0x88, 0x88, 0xf8,
    0xcf, 0xff, 0xff, 0xff, 0xff, 0xff, 0xff, 0xf8,

    /* U+5F85 "待" */
    0x00, 0x00, 0x29, 0x20, 0x00, 0x00, 0xa6, 0x00,
    0x00, 0x00, 0x00, 0x00, 0xce, 0x10, 0x00, 0x00,
    0xe9, 0x00, 0x00, 0x00, 0x00, 0x1c, 0xf3, 0x01,
    0x33, 0x33, 0xfa, 0x33, 0x33, 0x00, 0x02, 0xdf,
    0x30, 0x05, 0xff, 0xff, 0xff, 0xff, 0xff, 0x20,
    0x0d, 0xe2, 0x03, 0x00, 0x22, 0x22, 0xfa, 0x22,
    0x22, 0x00, 0x03, 0x10, 0x1f, 0x80, 0x00, 0x00,
    0xe9, 0x00, 0x00, 0x00, 0x00, 0x00, 0xbe, 0x35,
    0x55, 0x55, 0xfb, 0x55, 0x55, 0x51, 0x00, 0x08,
    0xf5, 0x8f, 0xff, 0xff, 0xff, 0xff, 0xff, 0xf3,
    0x00, 0x7f, 0xf2, 0x00, 0x00, 0x00, 0x00, 0x1f,
    0x60, 0x00, 0x07, 0xfe, 0xf2, 0x00, 0x00, 0x00,
    0x00, 0x1f, 0x60, 0x00, 0x3f, 0xb5, 0xf2, 0x17,
    0x77, 0x77, 0x77, 0x8f, 0xb7, 0x70, 0x07, 0x04,
    0xf2, 0x3e, 0xee, 0xee, 0xee, 0xff, 0xfe, 0xe1,
    0x00, 0x04, 0xf2, 0x00, 0x26, 0x00, 0x00, 0x1f,
    0x60, 0x00, 0x00, 0x04, 0xf2, 0x00, 0x4f, 0x80,
    0x00, 0x1f, 0x60, 0x00, 0x00, 0x04, 0xf2, 0x00,
    0x06, 0xf5, 0x00, 0x1f, 0x60, 0x00, 0x00, 0x04,
    0xf2, 0x00, 0x00, 0xa8, 0x00, 0x1f, 0x60, 0x00,
    0x00, 0x04, 0xf2, 0x00, 0x00, 0x00, 0x66, 0x7f,
    0x60, 0x00, 0x00, 0x04, 0xf2, 0x00, 0x00, 0x00,
    0xcf, 0xfc, 0x20, 0x00, 0x00, 0x00, 0x00, 0x00,
    0x00, 0x00, 0x00, 0x00, 0x00, 0x00,

    /* U+5FC3 "心" */
    0x00, 0x00, 0x00, 0x01, 0x00, 0x00, 0x00, 0x00,
    0x00, 0x00, 0x00, 0x00, 0x00, 0x0d, 0xd3, 0x00,
    0x00, 0x00, 0x00, 0x00, 0x00, 0x00, 0x00, 0x02,
    0xdf, 0x60, 0x00, 0x00, 0x00, 0x00, 0x00, 0x00,
    0x00, 0x00, 0x0a, 0xf9, 0x00, 0x00, 0x00, 0x00,
    0x00, 0x00, 0x00, 0x00, 0x00, 0x8f, 0xb0, 0x00,
    0x00, 0x00, 0x00, 0x00, 0x00, 0x73, 0x00, 0x07,
    0xd1, 0x00, 0x00, 0x00, 0x00, 0x00, 0x01, 0xf7,
    0x00, 0x00, 0x00, 0x01, 0x40, 0x00, 0x00, 0x5c,
    0x11, 0xf7, 0x00, 0x00, 0x00, 0x08, 0xf1, 0x00,
    0x00, 0x7f, 0x01, 0xf7, 0x00, 0x00, 0x00, 0x02,
    0xf8, 0x00, 0x00, 0xad, 0x01, 0xf7, 0x00, 0x00,
    0x00, 0x00, 0xbe, 0x00, 0x00, 0xda, 0x01, 0xf7,
    0x00, 0x00, 0x00, 0x00, 0x5f, 0x40, 0x01, 0xf7,
    0x01, 0xf7, 0x00, 0x00, 0x00, 0x00, 0x0f, 0xa0,
    0x06, 0xf3, 0x01, 0xf7, 0x00, 0x00, 0x00, 0x40,
    0x0a, 0xf0, 0x0b, 0xf0, 0x01, 0xf7, 0x00, 0x00,
    0x00, 0xca, 0x06, 0xf3, 0x0d, 0xa0, 0x01, 0xf7,
    0x00, 0x00, 0x00, 0xd9, 0x02, 0x60, 0x00, 0x10,
    0x01, 0xf7, 0x00, 0x00, 0x00, 0xf7, 0x00, 0x00,
    0x00, 0x00, 0x00, 0xfd, 0x76, 0x66, 0x6b, 0xf2,
    0x00, 0x00, 0x00, 0x00, 0x00, 0x6e, 0xff, 0xff,
    0xfe, 0x70, 0x00, 0x00,

    /* U+6001 "态" */
    0x00, 0x00, 0x00, 0x00, 0x0a, 0xb0, 0x00, 0x00,
    0x00, 0x00, 0x00, 0x00, 0x00, 0x00, 0x0d, 0xb0,
    0x00, 0x00, 0x00, 0x00, 0x00, 0x00, 0x00, 0x00,
    0x0f, 0x80, 0x00, 0x00, 0x00, 0x00, 0x0d, 0xff,
    0xff, 0xff, 0xff, 0xff, 0xff, 0xff, 0xff, 0xf0,
    0x05, 0x66, 0x66, 0x66, 0xcf, 0xee, 0x66, 0x66,
    0x66, 0x60, 0x00, 0x00, 0x00, 0x01, 0xfa, 0x6f,
    0x40, 0x00, 0x00, 0x00, 0x00, 0x00, 0x00, 0x0a,
    0xf2, 0x0c, 0xe1, 0x00, 0x00, 0x00, 0x00, 0x00,
    0x00, 0x8f, 0x70, 0x02, 0xed, 0x20, 0x00, 0x00,
    0x00, 0x00, 0x1b, 0xfb, 0xca, 0x10, 0x3e, 0xe5,
    0x00, 0x00, 0x00, 0x39, 0xff, 0x60, 0x4e, 0xe4,
    0x02, 0xcf, 0xd6, 0x10, 0x0b, 0xff, 0x81, 0x00,
    0x01, 0xcc, 0x00, 0x06, 0xdf, 0xc0, 0x03, 0x40,
    0x00, 0x00, 0x6d, 0x20, 0x00, 0x00, 0x13, 0x10,
    0x00, 0x0c, 0x38, 0xc0, 0x1c, 0xe2, 0x00, 0x0c,
    0xb0, 0x00, 0x00, 0x5f, 0x29, 0xe0, 0x01, 0xde,
    0x10, 0x04, 0xf4, 0x00, 0x00, 0xad, 0x09, 0xe0,
    0x00, 0x1d, 0x30, 0x62, 0xcd, 0x00, 0x01, 0xf7,
    0x09, 0xe0, 0x00, 0x00, 0x00, 0xe8, 0x5f, 0x40,
    0x0a, 0xf1, 0x08, 0xf6, 0x55, 0x55, 0x57, 0xf5,
    0x0f, 0xa0, 0x02, 0x50, 0x02, 0xcf, 0xff, 0xff,
    0xff, 0xb0, 0x05, 0x20,

    /* U+6062 "恢" */
    0x00, 0x04, 0x40, 0x00, 0x00, 0x52, 0x00, 0x00,
    0x00, 0x00, 0x00, 0x0b, 0xb0, 0x00, 0x00, 0xf6,
    0x00, 0x00, 0x00, 0x00, 0x00, 0x0b, 0xb0, 0x00,
    0x02, 0xf4, 0x00, 0x00, 0x00, 0x00, 0x00, 0x0b,
    0xb0, 0x00, 0x04, 0xf2, 0x00, 0x00, 0x00, 0x00,
    0x00, 0x0b, 0xc9, 0x2f, 0xff, 0xff, 0xff, 0xff,
    0xff, 0xd0, 0x04, 0xdb, 0xbc, 0x87, 0x7c, 0xe7,
    0x77, 0x77, 0x77, 0x60, 0x06, 0xcb, 0xb6, 0xd0,
    0x0b, 0xb0, 0x00, 0xd4, 0x00, 0x00, 0x09, 0xab,
    0xb2, 0xf1, 0x0e, 0x80, 0x00, 0xf4, 0x00, 0x00,
    0x0c, 0x7b, 0xb0, 0x40, 0x2f, 0x45, 0xa1, 0xf3,
    0x0c, 0x60, 0x1f, 0x3b, 0xb0, 0x00, 0x7f, 0x08,
    0xa2, 0xf1, 0x0f, 0x30, 0x02, 0x0b, 0xb0, 0x00,
    0xcb, 0x0c, 0x64, 0xf0, 0x5e, 0x00, 0x00, 0x0b,
    0xb0, 0x02, 0xf5, 0x1f, 0x17, 0xd0, 0xb9, 0x00,
    0x00, 0x0b, 0xb0, 0x09, 0xe0, 0x6b, 0x0b, 0xe1,
    0xd2, 0x00, 0x00, 0x0b, 0xb0, 0x3f, 0x70, 0x00,
    0x1f, 0xf4, 0x00, 0x00, 0x00, 0x0b, 0xb0, 0xde,
    0x00, 0x00, 0x7f, 0xac, 0x00, 0x00, 0x00, 0x0b,
    0xb2, 0xe4, 0x00, 0x02, 0xf8, 0x2f, 0x60, 0x00,
    0x00, 0x0b, 0xb0, 0x00, 0x00, 0x3e, 0xd0, 0x08,
    0xf4, 0x00, 0x00, 0x0b, 0xb0, 0x00, 0x19, 0xfd,
    0x10, 0x00, 0xaf, 0x80, 0x00, 0x0b, 0xb0, 0x00,
    0x1d, 0x80, 0x00, 0x00, 0x07, 0x80, 0x00, 0x00,
    0x00, 0x00, 0x00, 0x00, 0x00, 0x00, 0x00, 0x00,

    /* U+606F "息" */
    0x00, 0x00, 0x00, 0x00, 0x00, 0x00, 0x00, 0x00,
    0x00, 0x00, 0x00, 0x00, 0x00, 0x00, 0xdb, 0x00,
    0x00, 0x00, 0x00, 0x00, 0x00, 0x00, 0x00, 0x4f,
    0x60, 0x00, 0x00, 0x00, 0x00, 0x00, 0x1f, 0xff,
    0xff, 0xff, 0xff, 0xff, 0xf1, 0x00, 0x00, 0x02,
    0xf7, 0x44, 0x44, 0x44, 0x44, 0x9f, 0x10, 0x00,
    0x00, 0x2f, 0x62, 0x22, 0x22, 0x22, 0x28, 0xf1,
    0x00, 0x00, 0x02, 0xff, 0xff, 0xff, 0xff, 0xff,
    0xff, 0x10, 0x00, 0x00, 0x2f, 0x50, 0x00, 0x00,
    0x00, 0x06, 0xf1, 0x00, 0x00, 0x02, 0xf7, 0x33,
    0x33, 0x33, 0x33, 0x8f, 0x10, 0x00, 0x00, 0x2f,
    0xff, 0xff, 0xff, 0xff, 0xff, 0xf1, 0x00, 0x00,
    0x02, 0xf5, 0x00, 0x00, 0x00, 0x00, 0x6f, 0x10,
    0x00, 0x00, 0x2f, 0xed, 0xdd, 0xdd, 0xdd, 0xde,
    0xf1, 0x00, 0x00, 0x00, 0x55, 0x55, 0x7d, 0x65,
    0x55, 0x55, 0x00, 0x00, 0x00, 0x10, 0x33, 0x02,
    0xeb, 0x00, 0x00, 0x27, 0x00, 0x00, 0x6f, 0x1c,
    0xb0, 0x03, 0xfa, 0x00, 0x05, 0xf5, 0x00, 0x0d,
    0xb0, 0xcb, 0x00, 0x06, 0xd1, 0x07, 0x1b, 0xe1,
    0x05, 0xf4, 0x0c, 0xb0, 0x00, 0x00, 0x02, 0xf5,
    0x3f, 0x80, 0xdc, 0x00, 0xbe, 0x66, 0x66, 0x66,
    0xaf, 0x10, 0xa7, 0x01, 0x20, 0x04, 0xdf, 0xff,
    0xff, 0xff, 0x80, 0x00, 0x00,

    /* U+611F "感" */
    0x00, 0x00, 0x00, 0x00, 0x00, 0x00, 0x00, 0x00,
    0x00, 0x00, 0x00, 0x00, 0x00, 0x00, 0x00, 0x05,
    0xf1, 0x9c, 0x30, 0x00, 0x00, 0x00, 0x00, 0x00,
    0x00, 0x04, 0xf1, 0x08, 0xf1, 0x00, 0x00, 0x6f,
    0xff, 0xff, 0xff, 0xff, 0xff, 0xff, 0xff, 0xe0,
    0x00, 0x7f, 0x44, 0x44, 0x44, 0x45, 0xf8, 0x44,
    0x44, 0x40, 0x00, 0x7f, 0x02, 0x22, 0x22, 0x20,
    0xe7, 0x00, 0x44, 0x00, 0x00, 0x7e, 0x3f, 0xff,
    0xff, 0xf3, 0xca, 0x00, 0xe8, 0x00, 0x00, 0x8e,
    0x00, 0x00, 0x00, 0x00, 0x8e, 0x06, 0xf2, 0x00,
    0x00, 0x9d, 0x0f, 0xff, 0xff, 0xd0, 0x4f, 0x3e,
    0x90, 0x00, 0x00, 0xbb, 0x0f, 0x52, 0x26, 0xe0,
    0x0e, 0xfe, 0x10, 0x00, 0x00, 0xe7, 0x0f, 0x30,
    0x05, 0xe0, 0x0b, 0xf4, 0x01, 0xc0, 0x03, 0xf3,
    0x0f, 0xba, 0xac, 0xe0, 0x9f, 0xfa, 0x03, 0xf0,
    0x0a, 0xd0, 0x07, 0x77, 0x77, 0x6c, 0xf5, 0x5f,
    0xbb, 0xd0, 0x0a, 0x60, 0x00, 0x00, 0x16, 0x04,
    0x30, 0x04, 0xcd, 0x40, 0x00, 0x02, 0x08, 0x90,
    0x1d, 0xc0, 0x00, 0x03, 0x80, 0x00, 0x00, 0x6f,
    0x1c, 0xc0, 0x01, 0xdc, 0x00, 0x22, 0xf8, 0x00,
    0x01, 0xe9, 0x0c, 0xc0, 0x00, 0x28, 0x10, 0xe7,
    0x7f, 0x20, 0x0b, 0xe1, 0x0b, 0xe4, 0x33, 0x33,
    0x36, 0xf4, 0x0e, 0x80, 0x02, 0x30, 0x05, 0xdf,
    0xff, 0xff, 0xff, 0xa0, 0x00, 0x00,

    /* U+6210 "成" */
    0x00, 0x00, 0x00, 0x00, 0x00, 0x2c, 0x41, 0x81,
    0x00, 0x00, 0x00, 0x00, 0x00, 0x00, 0x00, 0x2f,
    0x63, 0xdf, 0x70, 0x00, 0x00, 0x00, 0x00, 0x00,
    0x00, 0x1f, 0x60, 0x07, 0xf9, 0x00, 0x00, 0x37,
    0x66, 0x66, 0x66, 0x7f, 0xa6, 0x66, 0xa8, 0x60,
    0x00, 0x7f, 0xff, 0xff, 0xff, 0xff, 0xff, 0xff,
    0xff, 0xf0, 0x00, 0x7f, 0x21, 0x11, 0x11, 0x1e,
    0xa1, 0x11, 0x11, 0x10, 0x00, 0x7f, 0x10, 0x00,
    0x00, 0x0d, 0xb0, 0x00, 0x31, 0x00, 0x00, 0x7f,
    0x54, 0x44, 0x52, 0x0b, 0xd0, 0x01, 0xf9, 0x00,
    0x00, 0x7f, 0xff, 0xff, 0xf6, 0x09, 0xf0, 0x06,
    0xf3, 0x00, 0x00, 0x7f, 0x21, 0x12, 0xf6, 0x06,
    0xf2, 0x0d, 0xc0, 0x00, 0x00, 0x8f, 0x00, 0x01,
    0xf5, 0x03, 0xf5, 0x6f, 0x40, 0x00, 0x00, 0x9f,
    0x00, 0x01, 0xf5, 0x00, 0xfb, 0xeb, 0x00, 0x00,
    0x00, 0xad, 0x00, 0x02, 0xf4, 0x00, 0xbf, 0xf2,
    0x00, 0x00, 0x00, 0xdb, 0x00, 0x04, 0xf3, 0x00,
    0xaf, 0x70, 0x01, 0x20, 0x01, 0xf8, 0x28, 0x7c,
    0xf1, 0x08, 0xff, 0xb0, 0x04, 0xf1, 0x06, 0xf4,
    0x0d, 0xdd, 0x61, 0xaf, 0x88, 0xf5, 0x06, 0xf0,
    0x0d, 0xe0, 0x00, 0x00, 0x5e, 0xf6, 0x00, 0xdf,
    0xad, 0xb0, 0x1d, 0x60, 0x00, 0x00, 0x4d, 0x30,
    0x00, 0x1a, 0xfe, 0x30, 0x00, 0x00, 0x00, 0x00,
    0x00, 0x00, 0x00, 0x00, 0x00, 0x00,

    /* U+6216 "或" */
    0x00, 0x00, 0x00, 0x00, 0x00, 0xa7, 0x05, 0x50,
    0x00, 0x00, 0x00, 0x00, 0x00, 0x00, 0x0e, 0xa0,
    0x9f, 0xc2, 0x00, 0x00, 0x00, 0x00, 0x00, 0x00,
    0xeb, 0x00, 0x2d, 0xe0, 0x05, 0x88, 0x88, 0x88,
    0x88, 0x8e, 0xd8, 0x88, 0x8b, 0x60, 0x9f, 0xff,
    0xff, 0xff, 0xff, 0xff, 0xff, 0xff, 0xfb, 0x00,
    0x00, 0x00, 0x00, 0x00, 0x0b, 0xe0, 0x00, 0x00,
    0x00, 0x02, 0x55, 0x55, 0x55, 0x20, 0x9f, 0x00,
    0x06, 0x60, 0x00, 0x7f, 0xff, 0xff, 0xf7, 0x07,
    0xf1, 0x00, 0xfa, 0x00, 0x07, 0xe0, 0x00, 0x0f,
    0x70, 0x5f, 0x30, 0x6f, 0x30, 0x00, 0x7e, 0x00,
    0x00, 0xf7, 0x03, 0xf6, 0x0d, 0xc0, 0x00, 0x07,
    0xe0, 0x00, 0x0f, 0x70, 0x0f, 0x97, 0xf4, 0x00,
    0x00, 0x7f, 0x55, 0x55, 0xf7, 0x00, 0xce, 0xfa,
    0x00, 0x00, 0x07, 0xff, 0xff, 0xff, 0x60, 0x08,
    0xfe, 0x10, 0x00, 0x00, 0x00, 0x00, 0x00, 0x00,
    0x00, 0xbf, 0x90, 0x00, 0x30, 0x00, 0x02, 0x58,
    0xad, 0xf3, 0xaf, 0xee, 0x00, 0x2f, 0x37, 0xdf,
    0xfe, 0xb8, 0x54, 0xdf, 0x65, 0xf9, 0x05, 0xf1,
    0x46, 0x31, 0x00, 0x07, 0xfe, 0x40, 0x0b, 0xfb,
    0xdd, 0x00, 0x00, 0x00, 0x00, 0x7a, 0x10, 0x00,
    0x09, 0xfe, 0x40,

    /* U+624B "手" */
    0x00, 0x00, 0x00, 0x00, 0x00, 0x00, 0x26, 0x95,
    0x00, 0x00, 0x01, 0x24, 0x56, 0x89, 0xbd, 0xff,
    0xfd, 0x90, 0x00, 0x05, 0xff, 0xff, 0xfe, 0xef,
    0x86, 0x41, 0x00, 0x00, 0x00, 0x03, 0x21, 0x00,
    0x09, 0xe0, 0x00, 0x00, 0x00, 0x00, 0x00, 0x00,
    0x00, 0x00, 0x9e, 0x00, 0x00, 0x00, 0x00, 0x00,
    0x12, 0x22, 0x22, 0x2a, 0xf2, 0x22, 0x22, 0x22,
    0x00, 0x08, 0xff, 0xff, 0xff, 0xff, 0xff, 0xff,
    0xff, 0xf0, 0x00, 0x25, 0x55, 0x55, 0x5b, 0xf5,
    0x55, 0x55, 0x55, 0x00, 0x00, 0x00, 0x00, 0x00,
    0x9e, 0x00, 0x00, 0x00, 0x00, 0x00, 0x00, 0x00,
    0x00, 0x09, 0xe0, 0x00, 0x00, 0x00, 0x00, 0x67,
    0x77, 0x77, 0x77, 0xcf, 0x77, 0x77, 0x77, 0x77,
    0x1e, 0xff, 0xff, 0xff, 0xff, 0xff, 0xff, 0xff,
    0xff, 0xf3, 0x00, 0x00, 0x00, 0x00, 0xae, 0x00,
    0x00, 0x00, 0x00, 0x00, 0x00, 0x00, 0x00, 0x09,
    0xe0, 0x00, 0x00, 0x00, 0x00, 0x00, 0x00, 0x00,
    0x00, 0x9e, 0x00, 0x00, 0x00, 0x00, 0x00, 0x00,
    0x00, 0x00, 0x09, 0xe0, 0x00, 0x00, 0x00, 0x00,
    0x00, 0x00, 0x57, 0x77, 0xde, 0x00, 0x00, 0x00,
    0x00, 0x00, 0x00, 0x08, 0xff, 0xfd, 0x50, 0x00,
    0x00, 0x00, 0x00, 0x00, 0x00, 0x00, 0x00, 0x00,
    0x00, 0x00, 0x00, 0x00, 0x00,

    /* U+6253 "打" */
    0x00, 0x00, 0xf7, 0x00, 0x00, 0x00, 0x00, 0x00,
    0x00, 0x00, 0x00, 0x00, 0xf7, 0x00, 0x12, 0x22,
    0x22, 0x22, 0x22, 0x20, 0x00, 0x00, 0xf7, 0x00,
    0xaf, 0xff, 0xff, 0xff, 0xff, 0xf3, 0x00, 0x00,
    0xf7, 0x00, 0x24, 0x44, 0x44, 0xfb, 0x44, 0x40,
    0x0f, 0xff, 0xff, 0xff, 0x30, 0x00, 0x00, 0xfa,
    0x00, 0x00, 0x08, 0x88, 0xfb, 0x88, 0x10, 0x00,
    0x00, 0xfa, 0x00, 0x00, 0x00, 0x00, 0xf7, 0x00,
    0x00, 0x00, 0x00, 0xfa, 0x00, 0x00, 0x00, 0x00,
    0xf7, 0x00, 0x00, 0x00, 0x00, 0xfa, 0x00, 0x00,
    0x00, 0x00, 0xf7, 0x04, 0x20, 0x00, 0x00, 0xfa,
    0x00, 0x00, 0x00, 0x03, 0xfe, 0xff, 0x50, 0x00,
    0x00, 0xfa, 0x00, 0x00, 0x1a, 0xef, 0xfd, 0x72,
    0x00, 0x00, 0x00, 0xfa, 0x00, 0x00, 0x0c, 0x95,
    0xf7, 0x00, 0x00, 0x00, 0x00, 0xfa, 0x00, 0x00,
    0x00, 0x00, 0xf7, 0x00, 0x00, 0x00, 0x00, 0xfa,
    0x00, 0x00, 0x00, 0x00, 0xf7, 0x00, 0x00, 0x00,
    0x00, 0xfa, 0x00, 0x00, 0x00, 0x00, 0xf7, 0x00,
    0x00, 0x00, 0x00, 0xfa, 0x00, 0x00, 0x00, 0x00,
    0xf7, 0x00, 0x00, 0x00, 0x00, 0xfa, 0x00, 0x00,
    0x02, 0x67, 0xf6, 0x00, 0x00, 0x68, 0x88, 0xf9,
    0x00, 0x00, 0x02, 0xff, 0xc1, 0x00, 0x00, 0x6f,
    0xff, 0xd3, 0x00, 0x00, 0x00, 0x00, 0x00, 0x00,
    0x00, 0x01, 0x00, 0x00, 0x00, 0x00,

    /* U+6269 "扩" */
    0x00, 0x08, 0xe0, 0x00, 0x00, 0x00, 0x6a, 0x00,
    0x00, 0x00, 0x00, 0x08, 0xf0, 0x00, 0x00, 0x00,
    0x4f, 0x40, 0x00, 0x00, 0x00, 0x08, 0xf0, 0x00,
    0x00, 0x00, 0x0c, 0xb0, 0x00, 0x00, 0x00, 0x08,
    0xf0, 0x00, 0x8f, 0xff, 0xff, 0xff, 0xff, 0xf0,
    0x0d, 0xff, 0xff, 0xf1, 0x9f, 0x77, 0x77, 0x77,
    0x77, 0x70, 0x06, 0x7b, 0xf7, 0x70, 0x9f, 0x00,
    0x00, 0x00, 0x00, 0x00, 0x00, 0x08, 0xf0, 0x00,
    0x9f, 0x00, 0x00, 0x00, 0x00, 0x00, 0x00, 0x08,
    0xf0, 0x00, 0x9f, 0x00, 0x00, 0x00, 0x00, 0x00,
    0x00, 0x08, 0xf0, 0x20, 0x9e, 0x00, 0x00, 0x00,
    0x00, 0x00, 0x00, 0x09, 0xfd, 0xf1, 0x9e, 0x00,
    0x00, 0x00, 0x00, 0x00, 0x1b, 0xff, 0xf9, 0x40,
    0xad, 0x00, 0x00, 0x00, 0x00, 0x00, 0x0c, 0x8a,
    0xf0, 0x00, 0xcb, 0x00, 0x00, 0x00, 0x00, 0x00,
    0x00, 0x08, 0xf0, 0x00, 0xe9, 0x00, 0x00, 0x00,
    0x00, 0x00, 0x00, 0x08, 0xf0, 0x02, 0xf6, 0x00,
    0x00, 0x00, 0x00, 0x00, 0x00, 0x08, 0xf0, 0x07,
    0xf1, 0x00, 0x00, 0x00, 0x00, 0x00, 0x00, 0x08,
    0xf0, 0x0d, 0xc0, 0x00, 0x00, 0x00, 0x00, 0x00,
    0x04, 0x7c, 0xe0, 0x7f, 0x50, 0x00, 0x00, 0x00,
    0x00, 0x00, 0x06, 0xfe, 0x60, 0x8b, 0x00, 0x00,
    0x00, 0x00, 0x00, 0x00, 0x00, 0x00, 0x00, 0x00,
    0x00, 0x00, 0x00, 0x00, 0x00, 0x00,

    /* U+6270 "扰" */
    0x00, 0x05, 0xc0, 0x00, 0x00, 0x09, 0x70, 0x02,
    0x00, 0x00, 0x00, 0x06, 0xf1, 0x00, 0x00, 0x0d,
    0xa0, 0x6f, 0x40, 0x00, 0x00, 0x06, 0xf1, 0x00,
    0x00, 0x0e, 0x90, 0x0a, 0xf3, 0x00, 0x00, 0x06,
    0xf1, 0x00, 0x00, 0x0e, 0x90, 0x00, 0xbd, 0x00,
    0x1c, 0xcd, 0xfc, 0xc4, 0x11, 0x1f, 0x91, 0x11,
    0x23, 0x10, 0x1a, 0xac, 0xfb, 0xa5, 0xff, 0xff,
    0xff, 0xff, 0xff, 0xf0, 0x00, 0x06, 0xf1, 0x00,
    0x66, 0x7f, 0x96, 0x66, 0x66, 0x60, 0x00, 0x06,
    0xf1, 0x00, 0x00, 0x2f, 0x41, 0x00, 0x00, 0x00,
    0x00, 0x06, 0xf1, 0x01, 0x00, 0x5f, 0x3f, 0x60,
    0x00, 0x00, 0x00, 0x07, 0xfa, 0xec, 0x00, 0x7f,
    0x1f, 0x60, 0x00, 0x00, 0x29, 0xdf, 0xfd, 0x83,
    0x00, 0xbc, 0x1f, 0x60, 0x00, 0x00, 0x1f, 0xbb,
    0xf1, 0x00, 0x00, 0xf8, 0x1f, 0x60, 0x00, 0x00,
    0x00, 0x06, 0xf1, 0x00, 0x05, 0xf3, 0x1f, 0x60,
    0x00, 0x00, 0x00, 0x06, 0xf1, 0x00, 0x0d, 0xc0,
    0x1f, 0x60, 0x00, 0x20, 0x00, 0x06, 0xf1, 0x00,
    0x6f, 0x50, 0x1f, 0x60, 0x01, 0xf3, 0x00, 0x06,
    0xf1, 0x02, 0xfb, 0x00, 0x1f, 0x60, 0x02, 0xf3,
    0x04, 0x5a, 0xf0, 0x3e, 0xe1, 0x00, 0x0f, 0xa6,
    0x69, 0xf0, 0x08, 0xfe, 0x90, 0x3c, 0x20, 0x00,
    0x09, 0xff, 0xff, 0x80,

    /* U+62AC "抬" */
    0x00, 0x08, 0xe0, 0x00, 0x00, 0x06, 0xd2, 0x00,
    0x00, 0x00, 0x00, 0x08, 0xe0, 0x00, 0x00, 0x0d,
    0xd0, 0x00, 0x00, 0x00, 0x00, 0x08, 0xe0, 0x00,
    0x00, 0x5f, 0x50, 0x00, 0x00, 0x00, 0x00, 0x08,
    0xe0, 0x00, 0x00, 0xdc, 0x00, 0x2e, 0x30, 0x00,
    0x0e, 0xff, 0xff, 0xf3, 0x07, 0xf3, 0x00, 0x0b,
    0xe1, 0x00, 0x07, 0x7b, 0xf7, 0x71, 0x2f, 0x80,
    0x00, 0x01, 0xea, 0x00, 0x00, 0x08, 0xe0, 0x00,
    0xdd, 0x00, 0x01, 0x23, 0x9f, 0x40, 0x00, 0x08,
    0xe0, 0x08, 0xfe, 0xef, 0xff, 0xff, 0xff, 0xd0,
    0x00, 0x08, 0xe0, 0x04, 0xdb, 0x97, 0x65, 0x42,
    0x14, 0xf4, 0x00, 0x08, 0xf6, 0xc3, 0x00, 0x00,
    0x00, 0x00, 0x00, 0x40, 0x03, 0x7d, 0xff, 0xb2,
    0x36, 0x66, 0x66, 0x66, 0x65, 0x00, 0x1f, 0xfe,
    0xf1, 0x00, 0x7f, 0xff, 0xff, 0xff, 0xfc, 0x00,
    0x05, 0x18, 0xe0, 0x00, 0x7f, 0x00, 0x00, 0x00,
    0xbc, 0x00, 0x00, 0x08, 0xe0, 0x00, 0x7f, 0x00,
    0x00, 0x00, 0xbc, 0x00, 0x00, 0x08, 0xe0, 0x00,
    0x7f, 0x00, 0x00, 0x00, 0xbc, 0x00, 0x00, 0x08,
    0xe0, 0x00, 0x7f, 0x00, 0x00, 0x00, 0xbc, 0x00,
    0x04, 0x7b, 0xe0, 0x00, 0x7f, 0x55, 0x55, 0x55,
    0xdc, 0x00, 0x06, 0xfe, 0x70, 0x00, 0x7f, 0xff,
    0xff, 0xff, 0xfc, 0x00,

    /* U+62E9 "择" */
    0x00, 0x06, 0xf0, 0x00, 0x00, 0x00, 0x00, 0x00,
    0x00, 0x00, 0x00, 0x07, 0xf0, 0x02, 0xff, 0xff,
    0xff, 0xff, 0xfd, 0x00, 0x00, 0x07, 0xf0, 0x00,
    0x6c, 0xe6, 0x66, 0x68, 0xfa, 0x00, 0x00, 0x07,
    0xf0, 0x00, 0x02, 0xf7, 0x00, 0x0c, 0xe1, 0x00,
    0x1f, 0xff, 0xff, 0xf5, 0x00, 0x6f, 0x61, 0xcf,
    0x30, 0x00, 0x07, 0x7b, 0xf7, 0x72, 0x00, 0x07,
    0xfe, 0xe3, 0x00, 0x00, 0x00, 0x07, 0xf0, 0x00,
    0x00, 0x19, 0xff, 0xd4, 0x00, 0x00, 0x00, 0x07,
    0xf0, 0x00, 0x39, 0xfe, 0x63, 0xcf, 0xc6, 0x10,
    0x00, 0x07, 0xf0, 0x0a, 0xfd, 0x70, 0x12, 0x05,
    0xcf, 0xf2, 0x00, 0x07, 0xfa, 0xf5, 0x40, 0x00,
    0x9e, 0x00, 0x02, 0x40, 0x17, 0xbf, 0xfd, 0x71,
    0x46, 0x66, 0xcf, 0x66, 0x64, 0x00, 0x1f, 0xcb,
    0xf0, 0x00, 0x9f, 0xff, 0xff, 0xff, 0xfa, 0x00,
    0x01, 0x07, 0xf0, 0x00, 0x00, 0x00, 0x9e, 0x00,
    0x00, 0x00, 0x00, 0x07, 0xf0, 0x00, 0x11, 0x11,
    0x9f, 0x11, 0x11, 0x10, 0x00, 0x07, 0xf0, 0x0a,
    0xff, 0xff, 0xff, 0xff, 0xff, 0xf2, 0x00, 0x07,
    0xf0, 0x03, 0x44, 0x44, 0xbf, 0x44, 0x44, 0x40,
    0x03, 0x6b, 0xf0, 0x00, 0x00, 0x00, 0x9e, 0x00,
    0x00, 0x00, 0x05, 0xfe, 0x80, 0x00, 0x00, 0x00,
    0x9e, 0x00, 0x00, 0x00,

    /* U+6301 "持" */
    0x00, 0x07, 0xe0, 0x00, 0x00, 0x00, 0x4b, 0x00,
    0x00, 0x00, 0x00, 0x07, 0xe0, 0x00, 0x00, 0x00,
    0x6f, 0x10, 0x00, 0x00, 0x00, 0x07, 0xe0, 0x00,
    0x35, 0x55, 0x9f, 0x65, 0x55, 0x10, 0x00, 0x07,
    0xe0, 0x00, 0x9f, 0xff, 0xff, 0xff, 0xff, 0x50,
    0x0f, 0xff, 0xff, 0xf0, 0x00, 0x00, 0x6f, 0x10,
    0x00, 0x00, 0x07, 0x7b, 0xf7, 0x70, 0x00, 0x00,
    0x6f, 0x10, 0x00, 0x00, 0x00, 0x07, 0xe0, 0x04,
    0x77, 0x77, 0xaf, 0x77, 0x77, 0x70, 0x00, 0x07,
    0xe0, 0x0a, 0xff, 0xff, 0xff, 0xff, 0xff, 0xf2,
    0x00, 0x07, 0xe0, 0x00, 0x00, 0x00, 0x00, 0x0e,
    0x80, 0x00, 0x00, 0x07, 0xf9, 0xd0, 0x00, 0x00,
    0x00, 0x0e, 0x80, 0x00, 0x05, 0xae, 0xff, 0xb5,
    0x77, 0x77, 0x77, 0x7f, 0xb7, 0x70, 0x3f, 0xfd,
    0xf1, 0x09, 0xee, 0xee, 0xee, 0xef, 0xfe, 0xe0,
    0x04, 0x07, 0xe0, 0x00, 0x03, 0x40, 0x00, 0x0e,
    0x80, 0x00, 0x00, 0x07, 0xe0, 0x00, 0x07, 0xf3,
    0x00, 0x0e, 0x80, 0x00, 0x00, 0x07, 0xe0, 0x00,
    0x00, 0xae, 0x10, 0x0e, 0x80, 0x00, 0x00, 0x07,
    0xe0, 0x00, 0x00, 0x1c, 0x30, 0x0e, 0x80, 0x00,
    0x04, 0x6b, 0xe0, 0x00, 0x00, 0x00, 0x36, 0x6f,
    0x80, 0x00, 0x05, 0xfe, 0x70, 0x00, 0x00, 0x00,
    0x4f, 0xfd, 0x30, 0x00, 0x00, 0x00, 0x00, 0x00,
    0x00, 0x00, 0x00, 0x00, 0x00, 0x00,

    /* U+6307 "指" */
    0x00, 0x04, 0xf2, 0x00, 0x2b, 0x30, 0x00, 0x00,
    0x00, 0x00, 0x00, 0x05, 0xf2, 0x00, 0x3f, 0x40,
    0x00, 0x02, 0x83, 0x00, 0x00, 0x05, 0xf2, 0x00,
    0x3f, 0x42, 0x59, 0xef, 0xe8, 0x00, 0x00, 0x05,
    0xf2, 0x00, 0x3f, 0xff, 0xea, 0x73, 0x00, 0x00,
    0x1f, 0xff, 0xff, 0xf7, 0x3f, 0x71, 0x00, 0x00,
    0x01, 0xa2, 0x07, 0x7a, 0xf8, 0x73, 0x3f, 0x40,
    0x00, 0x00, 0x02, 0xf3, 0x00, 0x05, 0xf2, 0x00,
    0x2f, 0x93, 0x33, 0x33, 0x39, 0xf1, 0x00, 0x05,
    0xf2, 0x00, 0x0b, 0xff, 0xff, 0xff, 0xff, 0x80,
    0x00, 0x05, 0xf2, 0x01, 0x00, 0x02, 0x22, 0x22,
    0x20, 0x00, 0x00, 0x05, 0xfa, 0xdb, 0x03, 0x33,
    0x33, 0x33, 0x33, 0x10, 0x17, 0xbf, 0xfe, 0x94,
    0x3f, 0xff, 0xff, 0xff, 0xff, 0x70, 0x2f, 0xcb,
    0xf2, 0x00, 0x3f, 0x41, 0x11, 0x11, 0x1f, 0x70,
    0x01, 0x05, 0xf2, 0x00, 0x3f, 0x30, 0x00, 0x00,
    0x0f, 0x70, 0x00, 0x05, 0xf2, 0x00, 0x3f, 0xff,
    0xff, 0xff, 0xff, 0x70, 0x00, 0x05, 0xf2, 0x00,
    0x3f, 0x74, 0x44, 0x44, 0x4f, 0x70, 0x00, 0x05,
    0xf2, 0x00, 0x3f, 0x30, 0x00, 0x00, 0x0f, 0x70,
    0x03, 0x59, 0xf2, 0x00, 0x3f, 0x63, 0x33, 0x33,
    0x4f, 0x70, 0x06, 0xff, 0xa0, 0x00, 0x3f, 0xff,
    0xff, 0xff, 0xff, 0x70, 0x00, 0x00, 0x00, 0x00,
    0x00, 0x00, 0x00, 0x00, 0x00, 0x00,

    /* U+6309 "按" */
    0x00, 0x00, 0x00, 0x00, 0x00, 0x00, 0x00, 0x00,
    0x00, 0x00, 0x00, 0x07, 0xf0, 0x00, 0x00, 0x00,
    0xe9, 0x00, 0x00, 0x00, 0x00, 0x07, 0xf0, 0x00,
    0x00, 0x00, 0xbe, 0x00, 0x00, 0x00, 0x00, 0x07,
    0xf0, 0x02, 0x66, 0x66, 0xbf, 0x76, 0x66, 0x50,
    0x00, 0x07, 0xf0, 0x05, 0xfe, 0xee, 0xee, 0xee,
    0xef, 0xe0, 0x2f, 0xff, 0xff, 0xf7, 0xf1, 0x01,
    0x20, 0x00, 0x08, 0xe0, 0x17, 0x7b, 0xf7, 0x76,
    0xf1, 0x08, 0xf1, 0x00, 0x08, 0xe0, 0x00, 0x07,
    0xf0, 0x03, 0xa0, 0x0d, 0xb0, 0x00, 0x05, 0x90,
    0x00, 0x07, 0xf0, 0x00, 0x00, 0x4f, 0x50, 0x00,
    0x00, 0x00, 0x00, 0x07, 0xf0, 0x0d, 0xee, 0xff,
    0xee, 0xee, 0xee, 0xe2, 0x00, 0x07, 0xf0, 0x39,
    0x79, 0xfb, 0x77, 0x7d, 0xf7, 0x71, 0x00, 0x2a,
    0xff, 0xf6, 0x09, 0xf1, 0x00, 0x0d, 0xc0, 0x00,
    0x3e, 0xff, 0xf5, 0x10, 0x2f, 0xa0, 0x00, 0x2f,
    0x70, 0x00, 0x18, 0x37, 0xf0, 0x00, 0x6e, 0xfa,
    0x20, 0xaf, 0x10, 0x00, 0x00, 0x07, 0xf0, 0x00,
    0x00, 0x5d, 0xfb, 0xf6, 0x00, 0x00, 0x00, 0x07,
    0xf0, 0x00, 0x00, 0x00, 0xcf, 0xf7, 0x00, 0x00,
    0x00, 0x07, 0xf0, 0x00, 0x00, 0x3b, 0xf9, 0xaf,
    0xd3, 0x00, 0x04, 0x5a, 0xf0, 0x03, 0x8d, 0xfc,
    0x40, 0x04, 0xef, 0x80, 0x08, 0xfe, 0x80, 0x06,
    0xd9, 0x30, 0x00, 0x00, 0x1a, 0x80, 0x00, 0x00,
    0x00, 0x00, 0x00, 0x00, 0x00, 0x00, 0x00, 0x00,

    /* U+632F "振" */
    0x00, 0x07, 0xb0, 0x00, 0x00, 0x00, 0x00, 0x00,
    0x00, 0x00, 0x00, 0x08, 0xe0, 0x00, 0xcf, 0xff,
    0xff, 0xff, 0xff, 0xb0, 0x00, 0x08, 0xe0, 0x00,
    0xcc, 0x77, 0x77, 0x77, 0x77, 0x50, 0x00, 0x08,
    0xe0, 0x00, 0xca, 0x00, 0x00, 0x00, 0x00, 0x00,
    0x08, 0xad, 0xfa, 0x90, 0xca, 0x25, 0x55, 0x55,
    0x55, 0x10, 0x0a, 0xce, 0xfc, 0xb0, 0xca, 0x5f,
    0xff, 0xff, 0xff, 0x30, 0x00, 0x08, 0xe0, 0x00,
    0xca, 0x00, 0x00, 0x00, 0x00, 0x00, 0x00, 0x08,
    0xe0, 0x00, 0xcc, 0x55, 0x55, 0x55, 0x55, 0x50,
    0x00, 0x08, 0xe0, 0x00, 0xcf, 0xff, 0xff, 0xff,
    0xff, 0xf0, 0x00, 0x09, 0xfb, 0xf1, 0xd9, 0x0f,
    0x61, 0xf1, 0x01, 0x00, 0x19, 0xdf, 0xfb, 0x60,
    0xd9, 0x0f, 0x60, 0xd5, 0x1c, 0xa0, 0x0d, 0x9b,
    0xe0, 0x00, 0xe8, 0x0f, 0x60, 0x8c, 0xdc, 0x10,
    0x00, 0x08, 0xe0, 0x00, 0xf6, 0x0f, 0x60, 0x3f,
    0x90, 0x00, 0x00, 0x08, 0xe0, 0x02, 0xf4, 0x0f,
    0x60, 0x0c, 0xa0, 0x00, 0x00, 0x08, 0xe0, 0x05,
    0xf1, 0x0f, 0x60, 0x04, 0xf5, 0x00, 0x00, 0x08,
    0xe0, 0x0a, 0xe0, 0x0f, 0x88, 0xe3, 0xaf, 0x30,
    0x01, 0x5b, 0xe0, 0x1f, 0x90, 0x4f, 0xfd, 0x60,
    0x0c, 0xf1, 0x01, 0xfe, 0x80, 0x2d, 0x20, 0x4c,
    0x40, 0x00, 0x00, 0x40, 0x00, 0x00, 0x00, 0x00,
    0x00, 0x00, 0x00, 0x00, 0x00, 0x00,

    /* U+6362 "换" */
    0x00, 0x07, 0xb0, 0x00, 0x00, 0x4b, 0x30, 0x00,
    0x00, 0x00, 0x00, 0x09, 0xe0, 0x00, 0x00, 0xce,
    0x10, 0x01, 0x00, 0x00, 0x00, 0x09, 0xe0, 0x00,
    0x06, 0xff, 0xff, 0xff, 0xc0, 0x00, 0x00, 0x09,
    0xe0, 0x00, 0x3f, 0xa3, 0x33, 0x7f, 0x70, 0x00,
    0x0a, 0xce, 0xfc, 0x92, 0xec, 0x00, 0x00, 0xdc,
    0x00, 0x00, 0x09, 0xad, 0xfa, 0x9e, 0xfd, 0xbb,
    0xbd, 0xfc, 0xb7, 0x00, 0x00, 0x09, 0xe0, 0x04,
    0xfb, 0x77, 0xcf, 0x77, 0xea, 0x00, 0x00, 0x09,
    0xe0, 0x00, 0xe8, 0x00, 0x8e, 0x00, 0xda, 0x00,
    0x00, 0x09, 0xe0, 0x00, 0xe8, 0x00, 0x8e, 0x00,
    0xda, 0x00, 0x00, 0x09, 0xf9, 0xa0, 0xe8, 0x00,
    0x9d, 0x00, 0xda, 0x00, 0x05, 0xaf, 0xfd, 0x70,
    0xe8, 0x00, 0xbc, 0x00, 0xda, 0x00, 0x0f, 0xed,
    0xf0, 0x4c, 0xfe, 0xcc, 0xfe, 0xcc, 0xfe, 0xc0,
    0x02, 0x09, 0xe0, 0x38, 0x88, 0x8c, 0xff, 0x98,
    0x88, 0x80, 0x00, 0x09, 0xe0, 0x00, 0x00, 0x2f,
    0xad, 0xa0, 0x00, 0x00, 0x00, 0x09, 0xe0, 0x00,
    0x02, 0xed, 0x03, 0xf9, 0x00, 0x00, 0x00, 0x09,
    0xe0, 0x00, 0x6f, 0xc1, 0x00, 0x5f, 0xb1, 0x00,
    0x03, 0x7c, 0xe0, 0x5d, 0xf9, 0x00, 0x00, 0x04,
    0xef, 0x91, 0x03, 0xfe, 0x60, 0xbb, 0x30, 0x00,
    0x00, 0x00, 0x18, 0xb0, 0x00, 0x00, 0x00, 0x00,
    0x00, 0x00, 0x00, 0x00, 0x00, 0x00,

    /* U+636E "据" */
    0x00, 0x05, 0xb0, 0x00, 0x00, 0x00, 0x00, 0x00,
    0x00, 0x00, 0x00, 0x07, 0xe0, 0x00, 0xbf, 0xff,
    0xff, 0xff, 0xff, 0x70, 0x00, 0x07, 0xe0, 0x00,
    0xbd, 0x55, 0x55, 0x55, 0x5f, 0x80, 0x00, 0x07,
    0xe0, 0x00, 0xbb, 0x00, 0x00, 0x00, 0x0e, 0x80,
    0x0b, 0xce, 0xfc, 0xc2, 0xbb, 0x11, 0x11, 0x11,
    0x1e, 0x80, 0x09, 0xad, 0xfa, 0xa1, 0xbf, 0xff,
    0xff, 0xff, 0xff, 0x80, 0x00, 0x07, 0xe0, 0x00,
    0xbc, 0x44, 0x4a, 0xf4, 0x44, 0x20, 0x00, 0x07,
    0xe0, 0x00, 0xbb, 0x00, 0x08, 0xe0, 0x00, 0x00,
    0x00, 0x07, 0xe0, 0x00, 0xcd, 0x55, 0x5a, 0xf5,
    0x55, 0x52, 0x00, 0x07, 0xf6, 0xb1, 0xcf, 0xff,
    0xff, 0xff, 0xff, 0xf5, 0x04, 0x9e, 0xff, 0xb1,
    0xd8, 0x00, 0x08, 0xe0, 0x00, 0x00, 0x1f, 0xed,
    0xf0, 0x00, 0xf7, 0x00, 0x08, 0xe0, 0x00, 0x00,
    0x02, 0x07, 0xe0, 0x01, 0xf8, 0xcc, 0xce, 0xfc,
    0xcc, 0x70, 0x00, 0x07, 0xe0, 0x05, 0xf6, 0xf9,
    0x88, 0x88, 0x8e, 0x90, 0x00, 0x07, 0xe0, 0x09,
    0xc5, 0xf1, 0x00, 0x00, 0x0c, 0x90, 0x00, 0x07,
    0xe0, 0x0e, 0x75, 0xf1, 0x00, 0x00, 0x0c, 0x90,
    0x04, 0x7b, 0xe0, 0x5e, 0x15, 0xf4, 0x33, 0x33,
    0x3d, 0x90, 0x05, 0xed, 0x60, 0xd6, 0x05, 0xff,
    0xff, 0xff, 0xff, 0x90,

    /* U+63A5 "接" */
    0x00, 0x0e, 0x70, 0x00, 0x00, 0x07, 0xa0, 0x00,
    0x00, 0x00, 0x00, 0x0e, 0x70, 0x00, 0x00, 0x03,
    0xf5, 0x00, 0x00, 0x00, 0x00, 0x0e, 0x70, 0x07,
    0xee, 0xee, 0xff, 0xee, 0xee, 0x40, 0x00, 0x0e,
    0x70, 0x03, 0x68, 0x76, 0x66, 0x6a, 0x76, 0x20,
    0x4f, 0xff, 0xff, 0x70, 0x0c, 0xa0, 0x00, 0x3f,
    0x60, 0x00, 0x27, 0x7f, 0xb7, 0x30, 0x04, 0xf3,
    0x00, 0xbd, 0x00, 0x00, 0x00, 0x0e, 0x70, 0x00,
    0x00, 0xa4, 0x03, 0xf4, 0x00, 0x00, 0x00, 0x0e,
    0x70, 0x3f, 0xff, 0xff, 0xff, 0xff, 0xff, 0xd0,
    0x00, 0x0e, 0x70, 0x14, 0x44, 0x4b, 0x84, 0x44,
    0x44, 0x30, 0x00, 0x0e, 0xaa, 0x40, 0x00, 0x3f,
    0x50, 0x00, 0x00, 0x00, 0x16, 0xaf, 0xfe, 0x75,
    0x55, 0xce, 0x55, 0x55, 0x55, 0x50, 0x6f, 0xef,
    0x90, 0x7f, 0xff, 0xff, 0xff, 0xff, 0xff, 0xf1,
    0x13, 0x0e, 0x70, 0x00, 0x1e, 0x80, 0x00, 0x2f,
    0x60, 0x00, 0x00, 0x0e, 0x70, 0x00, 0xbf, 0x40,
    0x00, 0xbe, 0x00, 0x00, 0x00, 0x0e, 0x70, 0x00,
    0x5a, 0xff, 0xaa, 0xf4, 0x00, 0x00, 0x00, 0x0e,
    0x70, 0x00, 0x00, 0x1b, 0xff, 0xf8, 0x10, 0x00,
    0x05, 0x6f, 0x70, 0x36, 0x9c, 0xff, 0x93, 0x8e,
    0xf9, 0x10, 0x0a, 0xfc, 0x20, 0x5e, 0xb8, 0x40,
    0x00, 0x00, 0x7d, 0x20, 0x00, 0x00, 0x00, 0x00,
    0x00, 0x00, 0x00, 0x00, 0x00, 0x00,

    /* U+63A7 "控" */
    0x00, 0x0c, 0x60, 0x00, 0x00, 0x02, 0xb2, 0x00,
    0x00, 0x00, 0x00, 0x0e, 0x70, 0x00, 0x00, 0x00,
    0xf9, 0x00, 0x00, 0x00, 0x00, 0x0e, 0x70, 0x06,
    0x66, 0x66, 0xcf, 0x66, 0x66, 0x60, 0x00, 0x0e,
    0x70, 0x0e, 0xfe, 0xee, 0xee, 0xee, 0xef, 0xe0,
    0x5f, 0xff, 0xff, 0x8e, 0x70, 0x00, 0x00, 0x00,
    0x08, 0xe0, 0x27, 0x7f, 0xb7, 0x4e, 0x70, 0x5b,
    0x10, 0xa3, 0x07, 0xd0, 0x00, 0x0e, 0x70, 0x01,
    0x03, 0xfa, 0x00, 0x9f, 0x40, 0x00, 0x00, 0x0e,
    0x70, 0x00, 0x4f, 0xb0, 0x00, 0x09, 0xf5, 0x00,
    0x00, 0x0e, 0x70, 0x07, 0xfb, 0x00, 0x00, 0x00,
    0x8f, 0x30, 0x00, 0x0e, 0xa9, 0x62, 0x80, 0x00,
    0x00, 0x00, 0x05, 0x00, 0x03, 0x8f, 0xfe, 0x60,
    0xbc, 0xcc, 0xcc, 0xcc, 0xc8, 0x00, 0x7f, 0xff,
    0x90, 0x00, 0x89, 0x99, 0xfd, 0x99, 0x96, 0x00,
    0x25, 0x0e, 0x70, 0x00, 0x00, 0x00, 0xf9, 0x00,
    0x00, 0x00, 0x00, 0x0e, 0x70, 0x00, 0x00, 0x00,
    0xf9, 0x00, 0x00, 0x00, 0x00, 0x0e, 0x70, 0x00,
    0x00, 0x00, 0xf9, 0x00, 0x00, 0x00, 0x00, 0x0e,
    0x70, 0x00, 0x00, 0x00, 0xf9, 0x00, 0x00, 0x00,
    0x06, 0x6f, 0x70, 0x5a, 0xaa, 0xaa, 0xfd, 0xaa,
    0xaa, 0xa0, 0x0d, 0xfc, 0x20, 0x9f, 0xff, 0xff,
    0xff, 0xff, 0xff, 0xf1,

    /* U+63A8 "推" */
    0x00, 0x08, 0xd0, 0x00, 0x00, 0xb3, 0x08, 0x50,
    0x00, 0x00, 0x00, 0x08, 0xe0, 0x00, 0x05, 0xf2,
    0x0a, 0xe0, 0x00, 0x00, 0x00, 0x08, 0xe0, 0x00,
    0x0b, 0xc0, 0x02, 0xf6, 0x00, 0x00, 0x00, 0x08,
    0xe0, 0x00, 0x3f, 0xa5, 0x55, 0xd8, 0x55, 0x40,
    0x1f, 0xff, 0xff, 0xf2, 0xaf, 0xff, 0xff, 0xff,
    0xff, 0xc0, 0x07, 0x7c, 0xf7, 0x74, 0xff, 0x10,
    0x07, 0xf0, 0x00, 0x00, 0x00, 0x08, 0xe0, 0x0d,
    0xff, 0x10, 0x07, 0xf0, 0x00, 0x00, 0x00, 0x08,
    0xe0, 0x9f, 0x9f, 0x43, 0x39, 0xf3, 0x33, 0x10,
    0x00, 0x08, 0xe0, 0x88, 0x5f, 0xff, 0xff, 0xff,
    0xff, 0x70, 0x00, 0x08, 0xf9, 0xe1, 0x5f, 0x32,
    0x28, 0xf2, 0x22, 0x00, 0x05, 0xaf, 0xfe, 0x91,
    0x5f, 0x10, 0x07, 0xf0, 0x00, 0x00, 0x2f, 0xdd,
    0xf0, 0x00, 0x5f, 0x43, 0x39, 0xf3, 0x33, 0x10,
    0x02, 0x08, 0xe0, 0x00, 0x5f, 0xff, 0xff, 0xff,
    0xff, 0x70, 0x00, 0x08, 0xe0, 0x00, 0x5f, 0x21,
    0x18, 0xf1, 0x11, 0x00, 0x00, 0x08, 0xe0, 0x00,
    0x5f, 0x10, 0x07, 0xf0, 0x00, 0x00, 0x00, 0x08,
    0xe0, 0x00, 0x5f, 0x10, 0x07, 0xf0, 0x00, 0x00,
    0x05, 0x6c, 0xe0, 0x00, 0x5f, 0xff, 0xff, 0xff,
    0xff, 0xf2, 0x08, 0xfe, 0x60, 0x00, 0x5f, 0x76,
    0x66, 0x66, 0x66, 0x61, 0x00, 0x00, 0x00, 0x00,
    0x00, 0x00, 0x00, 0x00, 0x00, 0x00,

    /* U+63D0 "提" */
    0x00, 0x0b, 0x60, 0x00, 0x22, 0x22, 0x22, 0x22,
    0x21, 0x00, 0x00, 0x0e, 0x70, 0x00, 0xff, 0xff,
    0xff, 0xff, 0xf7, 0x00, 0x00, 0x0e, 0x70, 0x00,
    0xf5, 0x00, 0x00, 0x00, 0xf7, 0x00, 0x00, 0x0e,
    0x70, 0x00, 0xf7, 0x33, 0x33, 0x33, 0xf7, 0x00,
    0x38, 0x8f, 0xc8, 0x60, 0xfe, 0xee, 0xee, 0xee,
    0xf7, 0x00, 0x39, 0x9f, 0xc9, 0x60, 0xf5, 0x00,
    0x00, 0x00, 0xf7, 0x00, 0x00, 0x0e, 0x70, 0x00,
    0xff, 0xff, 0xff, 0xff, 0xf7, 0x00, 0x00, 0x0e,
    0x70, 0x00, 0x33, 0x33, 0x33, 0x33, 0x31, 0x00,
    0x00, 0x0e, 0x70, 0x03, 0x44, 0x44, 0x44, 0x44,
    0x44, 0x20, 0x00, 0x0e, 0xcc, 0x9e, 0xff, 0xff,
    0xff, 0xff, 0xff, 0xa0, 0x27, 0xcf, 0xfb, 0x40,
    0x00, 0x00, 0xf7, 0x00, 0x00, 0x00, 0x7f, 0xdf,
    0x70, 0x00, 0x98, 0x00, 0xf7, 0x00, 0x00, 0x00,
    0x23, 0x0e, 0x70, 0x00, 0xd8, 0x00, 0xfa, 0x55,
    0x53, 0x00, 0x00, 0x0e, 0x70, 0x01, 0xf7, 0x00,
    0xff, 0xee, 0xe9, 0x00, 0x00, 0x0e, 0x70, 0x07,
    0xfd, 0x00, 0xf7, 0x00, 0x00, 0x00, 0x00, 0x0e,
    0x70, 0x1e, 0x8c, 0xb1, 0xf7, 0x00, 0x00, 0x00,
    0x06, 0x6f, 0x70, 0xbe, 0x11, 0xdf, 0xfb, 0x65,
    0x55, 0x50, 0x0c, 0xfc, 0x24, 0xe3, 0x00, 0x06,
    0xbe, 0xff, 0xff, 0xe0, 0x00, 0x00, 0x00, 0x00,
    0x00, 0x00, 0x00, 0x00, 0x00, 0x00,

    /* U+64CD "操" */
    0x00, 0x0b, 0x60, 0x00, 0x00, 0x00, 0x00, 0x00,
    0x00, 0x00, 0x00, 0x0e, 0x70, 0x00, 0x0e, 0xff,
    0xff, 0xff, 0x40, 0x00, 0x00, 0x0e, 0x70, 0x00,
    0x0e, 0x82, 0x22, 0x4f, 0x40, 0x00, 0x00, 0x0e,
    0x70, 0x00, 0x0e, 0x70, 0x00, 0x2f, 0x40, 0x00,
    0x2e, 0xef, 0xfe, 0x40, 0x0e, 0xed, 0xdd, 0xdf,
    0x40, 0x00, 0x17, 0x7f, 0xb7, 0x20, 0x03, 0x33,
    0x33, 0x33, 0x00, 0x00, 0x00, 0x0e, 0x70, 0x0d,
    0xee, 0xee, 0x2d, 0xee, 0xee, 0x50, 0x00, 0x0e,
    0x70, 0x0e, 0x63, 0x3f, 0x2e, 0x63, 0x3f, 0x50,
    0x00, 0x0e, 0x70, 0x0e, 0x40, 0x1f, 0x2e, 0x40,
    0x0e, 0x50, 0x00, 0x0f, 0xdf, 0x5e, 0x75, 0x5f,
    0x2e, 0x75, 0x5f, 0x50, 0x29, 0xef, 0xe8, 0x2b,
    0xcc, 0xcc, 0x5c, 0xcc, 0xcc, 0x40, 0x2e, 0x9f,
    0x70, 0x00, 0x00, 0x00, 0xf3, 0x00, 0x00, 0x00,
    0x00, 0x0e, 0x70, 0x2e, 0xee, 0xee, 0xfe, 0xee,
    0xee, 0xe0, 0x00, 0x0e, 0x70, 0x05, 0x55, 0x9f,
    0xff, 0xc5, 0x55, 0x50, 0x00, 0x0e, 0x70, 0x00,
    0x07, 0xf8, 0xf7, 0xf9, 0x00, 0x00, 0x00, 0x0e,
    0x70, 0x04, 0xdf, 0x60, 0xf3, 0x3e, 0xe6, 0x00,
    0x03, 0x5f, 0x73, 0xdf, 0xb2, 0x00, 0xf3, 0x01,
    0xaf, 0xd1, 0x05, 0xfd, 0x20, 0x73, 0x00, 0x00,
    0xf3, 0x00, 0x03, 0x20,

    /* U+653E "放" */
    0x00, 0x00, 0x78, 0x00, 0x00, 0x00, 0xa7, 0x00,
    0x00, 0x00, 0x00, 0x00, 0x7f, 0x10, 0x00, 0x00,
    0xf8, 0x00, 0x00, 0x00, 0x00, 0x00, 0x1f, 0x50,
    0x00, 0x04, 0xf5, 0x00, 0x00, 0x00, 0x19, 0x99,
    0x9b, 0x99, 0x96, 0x08, 0xf2, 0x11, 0x11, 0x10,
    0x1d, 0xdf, 0xfd, 0xdd, 0xda, 0x0d, 0xff, 0xff,
    0xff, 0xf3, 0x00, 0x0c, 0xb0, 0x00, 0x00, 0x2f,
    0xa5, 0x55, 0xec, 0x51, 0x00, 0x0c, 0xb0, 0x00,
    0x00, 0x9f, 0xa0, 0x00, 0xf8, 0x00, 0x00, 0x0c,
    0xd7, 0x77, 0x61, 0xff, 0xe0, 0x03, 0xf4, 0x00,
    0x00, 0x0c, 0xff, 0xff, 0xda, 0xf6, 0xf2, 0x07,
    0xf1, 0x00, 0x00, 0x0c, 0xa0, 0x09, 0xda, 0x80,
    0xf7, 0x0c, 0xb0, 0x00, 0x00, 0x0d, 0xa0, 0x0a,
    0xc0, 0x00, 0xad, 0x2f, 0x60, 0x00, 0x00, 0x0e,
    0x80, 0x0a, 0xc0, 0x00, 0x4f, 0xdf, 0x00, 0x00,
    0x00, 0x1f, 0x60, 0x0b, 0xb0, 0x00, 0x0d, 0xf8,
    0x00, 0x00, 0x00, 0x5f, 0x30, 0x0c, 0xb0, 0x00,
    0x0d, 0xf7, 0x00, 0x00, 0x00, 0xae, 0x00, 0x0d,
    0xa0, 0x00, 0xbf, 0xcf, 0x40, 0x00, 0x03, 0xf7,
    0x00, 0x0f, 0x80, 0x1c, 0xf5, 0x1d, 0xf4, 0x00,
    0x0d, 0xe0, 0x35, 0x7f, 0x77, 0xfe, 0x40, 0x02,
    0xdf, 0x91, 0x2e, 0x30, 0x5f, 0xfc, 0x2e, 0xa1,
    0x00, 0x00, 0x1a, 0xd0, 0x00, 0x00, 0x00, 0x00,
    0x01, 0x00, 0x00, 0x00, 0x00, 0x00,

    /* U+6548 "效" */
    0x00, 0x00, 0x86, 0x00, 0x00, 0x00, 0x3b, 0x10,
    0x00, 0x00, 0x00, 0x00, 0x8f, 0x20, 0x00, 0x00,
    0x6f, 0x00, 0x00, 0x00, 0x00, 0x00, 0x0e, 0x80,
    0x00, 0x00, 0xac, 0x00, 0x00, 0x00, 0x0c, 0xee,
    0xef, 0xee, 0xee, 0x20, 0xea, 0x22, 0x22, 0x20,
    0x07, 0x77, 0x77, 0x77, 0x77, 0x12, 0xff, 0xff,
    0xff, 0xf0, 0x00, 0x0d, 0x50, 0x2d, 0x30, 0x07,
    0xf3, 0x33, 0xbd, 0x30, 0x00, 0x6f, 0x10, 0x0a,
    0xe0, 0x0d, 0xb0, 0x00, 0xca, 0x00, 0x01, 0xe8,
    0x00, 0x01, 0xe9, 0x4f, 0xc0, 0x00, 0xf7, 0x00,
    0x0b, 0xe0, 0x00, 0x39, 0x8a, 0xdf, 0xf1, 0x04,
    0xf3, 0x00, 0x2e, 0x5c, 0x50, 0x9e, 0x02, 0xf4,
    0xf6, 0x08, 0xe0, 0x00, 0x00, 0x0a, 0xf5, 0xf8,
    0x00, 0x20, 0xac, 0x0d, 0x90, 0x00, 0x00, 0x00,
    0xbf, 0xf2, 0x00, 0x00, 0x4f, 0x7f, 0x30, 0x00,
    0x00, 0x00, 0x1f, 0xf1, 0x00, 0x00, 0x0d, 0xfc,
    0x00, 0x00, 0x00, 0x00, 0x9f, 0xec, 0x00, 0x00,
    0x09, 0xf6, 0x00, 0x00, 0x00, 0x06, 0xf6, 0x4f,
    0x90, 0x00, 0x3f, 0xfe, 0x10, 0x00, 0x00, 0x5f,
    0x90, 0x08, 0xf1, 0x03, 0xfc, 0x3f, 0xc0, 0x00,
    0x08, 0xfa, 0x00, 0x00, 0x30, 0x7f, 0xc1, 0x05,
    0xfc, 0x20, 0x0b, 0x80, 0x00, 0x00, 0x0d, 0xf9,
    0x00, 0x00, 0x5f, 0xe0, 0x00, 0x00, 0x00, 0x00,
    0x05, 0x30, 0x00, 0x00, 0x02, 0x30,

    /* U+6563 "散" */
    0x00, 0x07, 0x40, 0x08, 0x40, 0x00, 0x59, 0x00,
    0x00, 0x00, 0x00, 0x0d, 0x80, 0x0e, 0x70, 0x00,
    0xad, 0x00, 0x00, 0x00, 0x04, 0x4e, 0xa4, 0x4f,
    0xa4, 0x20, 0xda, 0x00, 0x00, 0x00, 0x0d, 0xff,
    0xff, 0xff, 0xff, 0x80, 0xf7, 0x00, 0x00, 0x00,
    0x00, 0x0d, 0x80, 0x0e, 0x70, 0x04, 0xff, 0xff,
    0xff, 0xf3, 0x00, 0x0d, 0x80, 0x0e, 0x70, 0x09,
    0xf5, 0x55, 0xcd, 0x51, 0x2c, 0xcf, 0xec, 0xcf,
    0xec, 0x7e, 0xf2, 0x00, 0xda, 0x00, 0x18, 0x88,
    0x88, 0x88, 0x88, 0xaf, 0xf5, 0x00, 0xf7, 0x00,
    0x00, 0x11, 0x11, 0x11, 0x21, 0xdd, 0xb9, 0x04,
    0xf3, 0x00, 0x00, 0xcf, 0xff, 0xff, 0xf7, 0xc4,
    0x6e, 0x08, 0xf0, 0x00, 0x00, 0xca, 0x11, 0x11,
    0xf6, 0x10, 0x1f, 0x4e, 0xa0, 0x00, 0x00, 0xcb,
    0x44, 0x44, 0xf6, 0x00, 0x0c, 0xef, 0x40, 0x00,
    0x00, 0xcf, 0xdd, 0xdd, 0xf6, 0x00, 0x05, 0xfc,
    0x00, 0x00, 0x00, 0xca, 0x00, 0x00, 0xf6, 0x00,
    0x08, 0xfc, 0x00, 0x00, 0x00, 0xcf, 0xff, 0xff,
    0xf6, 0x00, 0x5f, 0xbf, 0x80, 0x00, 0x00, 0xcb,
    0x33, 0x33, 0xf6, 0x07, 0xfb, 0x09, 0xf7, 0x00,
    0x00, 0xca, 0x00, 0x44, 0xf8, 0xbf, 0xa0, 0x00,
    0xaf, 0xb1, 0x00, 0xca, 0x00, 0xdf, 0xd3, 0xc5,
    0x00, 0x00, 0x08, 0xa0, 0x00, 0x00, 0x00, 0x00,
    0x00, 0x00, 0x00, 0x00, 0x00, 0x00,

    /* U+6570 "数" */
    0x00, 0x20, 0x0c, 0x60, 0x12, 0x00, 0x57, 0x00,
    0x00, 0x00, 0x01, 0xf4, 0x0e, 0x70, 0xac, 0x00,
    0xac, 0x00, 0x00, 0x00, 0x00, 0x8c, 0x0e, 0x73,
    0xf2, 0x00, 0xd9, 0x00, 0x00, 0x00, 0x01, 0x49,
    0x1f, 0x85, 0x71, 0x10, 0xf5, 0x00, 0x00, 0x00,
    0x1f, 0xff, 0xff, 0xff, 0xff, 0x94, 0xff, 0xff,
    0xff, 0xe0, 0x02, 0x22, 0xcf, 0xf8, 0x22, 0x19,
    0xf7, 0x77, 0xfb, 0x60, 0x00, 0x09, 0xef, 0xae,
    0xc2, 0x0e, 0xf1, 0x00, 0xf6, 0x00, 0x02, 0xce,
    0x3e, 0x71, 0xbb, 0x5f, 0xf5, 0x03, 0xf3, 0x00,
    0x1e, 0xd2, 0x0d, 0x70, 0x01, 0xdc, 0xb9, 0x06,
    0xf0, 0x00, 0x03, 0x00, 0x57, 0x00, 0x03, 0xf4,
    0x7e, 0x0a, 0xb0, 0x00, 0x03, 0x44, 0xeb, 0x44,
    0x52, 0x10, 0x2f, 0x4f, 0x60, 0x00, 0x0a, 0xff,
    0xff, 0xff, 0xfa, 0x00, 0x0c, 0xef, 0x10, 0x00,
    0x00, 0x0d, 0x90, 0x02, 0xf4, 0x00, 0x06, 0xfa,
    0x00, 0x00, 0x00, 0x7f, 0x40, 0x0c, 0xc0, 0x00,
    0x07, 0xfa, 0x00, 0x00, 0x00, 0x4a, 0xfb, 0xae,
    0x20, 0x00, 0x3f, 0xdf, 0x40, 0x00, 0x00, 0x00,
    0x3f, 0xfc, 0x20, 0x02, 0xed, 0x0c, 0xe2, 0x00,
    0x00, 0x18, 0xfc, 0x5c, 0xc0, 0x5f, 0xd1, 0x01,
    0xee, 0x30, 0x0b, 0xfd, 0x60, 0x00, 0x1a, 0xfb,
    0x10, 0x00, 0x2e, 0xf1, 0x05, 0x40, 0x00, 0x00,
    0x05, 0x60, 0x00, 0x00, 0x01, 0x40,

    /* U+65B0 "新" */
    0x00, 0x00, 0x00, 0x00, 0x00, 0x00, 0x00, 0x00,
    0x00, 0x00, 0x00, 0x00, 0x7e, 0x00, 0x00, 0x00,
    0x00, 0x00, 0x56, 0x00, 0x00, 0x00, 0x1f, 0x70,
    0x00, 0x02, 0x58, 0xcf, 0xfc, 0x20, 0x0b, 0xee,
    0xef, 0xfe, 0xee, 0x0b, 0xfc, 0x85, 0x10, 0x00,
    0x04, 0x7b, 0x55, 0x59, 0xa5, 0x0b, 0xa0, 0x00,
    0x00, 0x00, 0x00, 0x3f, 0x20, 0x0c, 0xa0, 0x0b,
    0xa0, 0x00, 0x00, 0x00, 0x00, 0x0e, 0x60, 0x1f,
    0x40, 0x0b, 0xa0, 0x00, 0x00, 0x00, 0x05, 0x5c,
    0x95, 0xaf, 0x55, 0x2b, 0xc4, 0x44, 0x44, 0x40,
    0x1e, 0xee, 0xef, 0xfe, 0xee, 0x5b, 0xff, 0xff,
    0xff, 0xf2, 0x00, 0x00, 0x0f, 0x60, 0x00, 0x0b,
    0xb2, 0x29, 0xf2, 0x20, 0x00, 0x00, 0x0f, 0x60,
    0x00, 0x0b, 0xa0, 0x08, 0xf0, 0x00, 0x0f, 0xff,
    0xff, 0xff, 0xff, 0x2c, 0xa0, 0x08, 0xf0, 0x00,
    0x06, 0x66, 0x6f, 0xa6, 0x66, 0x0d, 0x80, 0x08,
    0xf0, 0x00, 0x00, 0x69, 0x0f, 0x67, 0x70, 0x0f,
    0x70, 0x08, 0xf0, 0x00, 0x00, 0xd8, 0x0f, 0x64,
    0xf2, 0x2f, 0x40, 0x08, 0xf0, 0x00, 0x07, 0xf1,
    0x0f, 0x60, 0xba, 0x6f, 0x00, 0x08, 0xf0, 0x00,
    0x0d, 0x60, 0x0f, 0x60, 0x46, 0xbb, 0x00, 0x08,
    0xf0, 0x00, 0x00, 0x03, 0x4f, 0x60, 0x04, 0xf4,
    0x00, 0x08, 0xf0, 0x00, 0x00, 0x07, 0xfd, 0x20,
    0x05, 0xa0, 0x00, 0x08, 0xf0, 0x00,

    /* U+65E0 "无" */
    0x00, 0x57, 0x77, 0x77, 0x77, 0x77, 0x77, 0x77,
    0x76, 0x00, 0x00, 0xbf, 0xff, 0xff, 0xff, 0xff,
    0xff, 0xff, 0xfe, 0x00, 0x00, 0x00, 0x00, 0x00,
    0x1f, 0x60, 0x00, 0x00, 0x00, 0x00, 0x00, 0x00,
    0x00, 0x00, 0x2f, 0x50, 0x00, 0x00, 0x00, 0x00,
    0x00, 0x00, 0x00, 0x00, 0x3f, 0x40, 0x00, 0x00,
    0x00, 0x00, 0x00, 0x00, 0x00, 0x00, 0x5f, 0x20,
    0x00, 0x00, 0x00, 0x00, 0x08, 0x88, 0x88, 0x88,
    0xcf, 0x98, 0x88, 0x88, 0x88, 0x80, 0x0e, 0xee,
    0xee, 0xee, 0xff, 0xff, 0xee, 0xee, 0xee, 0xe0,
    0x00, 0x00, 0x00, 0x00, 0xea, 0xcc, 0x00, 0x00,
    0x00, 0x00, 0x00, 0x00, 0x00, 0x03, 0xf6, 0xcc,
    0x00, 0x00, 0x00, 0x00, 0x00, 0x00, 0x00, 0x0a,
    0xf0, 0xcc, 0x00, 0x00, 0x00, 0x00, 0x00, 0x00,
    0x00, 0x2f, 0x90, 0xcc, 0x00, 0x00, 0x00, 0x00,
    0x00, 0x00, 0x00, 0xde, 0x10, 0xcc, 0x00, 0x00,
    0x02, 0x30, 0x00, 0x00, 0x0b, 0xf4, 0x00, 0xcc,
    0x00, 0x00, 0x05, 0xf2, 0x00, 0x02, 0xcf, 0x60,
    0x00, 0xcc, 0x00, 0x00, 0x06, 0xf0, 0x01, 0x8f,
    0xf5, 0x00, 0x00, 0xbf, 0x87, 0x77, 0x8e, 0xd0,
    0x0c, 0xfa, 0x20, 0x00, 0x00, 0x4d, 0xff, 0xff,
    0xfe, 0x40, 0x02, 0x20, 0x00, 0x00, 0x00, 0x00,
    0x00, 0x00, 0x00, 0x00,

    /* U+65E5 "日" */
    0x37, 0x77, 0x77, 0x77, 0x77, 0x77, 0x74, 0x8f,
    0xff, 0xff, 0xff, 0xff, 0xff, 0xf9, 0x8f, 0x00,
    0x00, 0x00, 0x00, 0x00, 0xf9, 0x8f, 0x00, 0x00,
    0x00, 0x00, 0x00, 0xf9, 0x8f, 0x00, 0x00, 0x00,
    0x00, 0x00, 0xf9, 0x8f, 0x00, 0x00, 0x00, 0x00,
    0x00, 0xf9, 0x8f, 0x00, 0x00, 0x00, 0x00, 0x00,
    0xf9, 0x8f, 0x88, 0x88, 0x88, 0x88, 0x88, 0xf9,
    0x8f, 0xff, 0xff, 0xff, 0xff, 0xff, 0xf9, 0x8f,
    0x00, 0x00, 0x00, 0x00, 0x00, 0xf9, 0x8f, 0x00,
    0x00, 0x00, 0x00, 0x00, 0xf9, 0x8f, 0x00, 0x00,
    0x00, 0x00, 0x00, 0xf9, 0x8f, 0x00, 0x00, 0x00,
    0x00, 0x00, 0xf9, 0x8f, 0x00, 0x00, 0x00, 0x00,
    0x00, 0xf9, 0x8f, 0x77, 0x77, 0x77, 0x77, 0x77,
    0xf9, 0x8f, 0xff, 0xff, 0xff, 0xff, 0xff, 0xf9,
    0x8f, 0x00, 0x00, 0x00, 0x00, 0x00, 0xf9,

    /* U+65F6 "时" */
    0x00, 0x00, 0x00, 0x00, 0x00, 0x00, 0x00, 0xc8,
    0x00, 0x02, 0x44, 0x44, 0x43, 0x00, 0x00, 0x00,
    0x0e, 0x90, 0x00, 0x7f, 0xff, 0xff, 0xd0, 0x00,
    0x00, 0x00, 0xe9, 0x00, 0x07, 0xf1, 0x11, 0x9d,
    0x00, 0x00, 0x00, 0x0e, 0x90, 0x00, 0x7f, 0x00,
    0x09, 0xd6, 0xff, 0xff, 0xff, 0xff, 0xff, 0x07,
    0xf0, 0x00, 0x9d, 0x38, 0x88, 0x88, 0x8f, 0xd8,
    0x80, 0x7f, 0x00, 0x09, 0xd0, 0x00, 0x00, 0x00,
    0xe9, 0x00, 0x07, 0xf6, 0x66, 0xbd, 0x02, 0x70,
    0x00, 0x0e, 0x90, 0x00, 0x7f, 0xff, 0xff, 0xd0,
    0x5f, 0x50, 0x00, 0xe9, 0x00, 0x07, 0xf0, 0x00,
    0x9d, 0x00, 0xae, 0x10, 0x0e, 0x90, 0x00, 0x7f,
    0x00, 0x09, 0xd0, 0x01, 0xfa, 0x00, 0xe9, 0x00,
    0x07, 0xf0, 0x00, 0x9d, 0x00, 0x07, 0xf4, 0x0e,
    0x90, 0x00, 0x7f, 0x00, 0x09, 0xd0, 0x00, 0x0a,
    0x30, 0xe9, 0x00, 0x07, 0xf6, 0x66, 0xcd, 0x00,
    0x00, 0x00, 0x0e, 0x90, 0x00, 0x7f, 0xff, 0xff,
    0xc0, 0x00, 0x00, 0x00, 0xe9, 0x00, 0x07, 0xf0,
    0x00, 0x00, 0x00, 0x00, 0x00, 0x0e, 0x90, 0x00,
    0x49, 0x00, 0x00, 0x00, 0x00, 0x67, 0x78, 0xf8,
    0x00, 0x00, 0x00, 0x00, 0x00, 0x00, 0x09, 0xff,
    0xfc, 0x20, 0x00, 0x00, 0x00, 0x00, 0x00, 0x00,
    0x00, 0x00, 0x00, 0x00, 0x00,

    /* U+662F "是" */
    0x00, 0x0e, 0xff, 0xff, 0xff, 0xff, 0xff, 0xff,
    0x70, 0x00, 0x00, 0x0e, 0x92, 0x22, 0x22, 0x22,
    0x22, 0x3f, 0x70, 0x00, 0x00, 0x0e, 0x92, 0x22,
    0x22, 0x22, 0x22, 0x2f, 0x70, 0x00, 0x00, 0x0e,
    0xff, 0xff, 0xff, 0xff, 0xff, 0xff, 0x70, 0x00,
    0x00, 0x0e, 0x80, 0x00, 0x00, 0x00, 0x00, 0x1f,
    0x70, 0x00, 0x00, 0x0e, 0xa4, 0x44, 0x44, 0x44,
    0x44, 0x5f, 0x70, 0x00, 0x00, 0x0c, 0xdd, 0xdd,
    0xdd, 0xdd, 0xdd, 0xdd, 0x60, 0x00, 0x02, 0x33,
    0x33, 0x33, 0x33, 0x33, 0x33, 0x33, 0x33, 0x20,
    0x0e, 0xff, 0xff, 0xff, 0xff, 0xff, 0xff, 0xff,
    0xff, 0xc0, 0x02, 0x22, 0x22, 0x22, 0x2b, 0xe2,
    0x22, 0x22, 0x22, 0x10, 0x00, 0x00, 0xad, 0x00,
    0x0a, 0xd0, 0x00, 0x00, 0x00, 0x00, 0x00, 0x00,
    0xe9, 0x00, 0x0a, 0xe6, 0x66, 0x66, 0x63, 0x00,
    0x00, 0x04, 0xf9, 0x00, 0x0a, 0xff, 0xff, 0xff,
    0xf7, 0x00, 0x00, 0x0b, 0xff, 0x40, 0x0a, 0xd0,
    0x00, 0x00, 0x00, 0x00, 0x00, 0x5f, 0x5b, 0xf7,
    0x0a, 0xd0, 0x00, 0x00, 0x00, 0x00, 0x03, 0xfa,
    0x00, 0x9f, 0xfe, 0xf7, 0x66, 0x66, 0x66, 0x60,
    0x1e, 0xc0, 0x00, 0x02, 0x8b, 0xdf, 0xff, 0xff,
    0xff, 0xc0, 0x02, 0x00, 0x00, 0x00, 0x00, 0x00,
    0x00, 0x00, 0x00, 0x00,

    /* U+663E "显" */
    0x00, 0x08, 0xff, 0xff, 0xff, 0xff, 0xff, 0xff,
    0x90, 0x00, 0x00, 0x08, 0xf3, 0x33, 0x33, 0x33,
    0x33, 0x3f, 0x90, 0x00, 0x00, 0x08, 0xe0, 0x00,
    0x00, 0x00, 0x00, 0x0e, 0x90, 0x00, 0x00, 0x08,
    0xf5, 0x55, 0x55, 0x55, 0x55, 0x5f, 0x90, 0x00,
    0x00, 0x08, 0xfd, 0xdd, 0xdd, 0xdd, 0xdd, 0xdf,
    0x90, 0x00, 0x00, 0x08, 0xe0, 0x00, 0x00, 0x00,
    0x00, 0x0e, 0x90, 0x00, 0x00, 0x08, 0xf4, 0x44,
    0x44, 0x44, 0x44, 0x4f, 0x90, 0x00, 0x00, 0x08,
    0xff, 0xff, 0xff, 0xff, 0xff, 0xff, 0x90, 0x00,
    0x00, 0x00, 0x00, 0x03, 0x10, 0x02, 0x30, 0x00,
    0x00, 0x00, 0x00, 0x03, 0x00, 0x0e, 0x70, 0x08,
    0xe0, 0x00, 0x51, 0x00, 0x00, 0x3f, 0x40, 0x0e,
    0x70, 0x08, 0xe0, 0x03, 0xf6, 0x00, 0x00, 0x09,
    0xd0, 0x0e, 0x70, 0x08, 0xe0, 0x0d, 0xb0, 0x00,
    0x00, 0x01, 0xf7, 0x0e, 0x70, 0x08, 0xe0, 0x9e,
    0x10, 0x00, 0x00, 0x00, 0x8b, 0x0e, 0x70, 0x08,
    0xe1, 0xe3, 0x00, 0x00, 0x00, 0x00, 0x00, 0x0e,
    0x70, 0x08, 0xe0, 0x00, 0x00, 0x00, 0x2c, 0xcc,
    0xcc, 0xcf, 0xec, 0xce, 0xfc, 0xcc, 0xcc, 0xc3,
    0x2f, 0xff, 0xff, 0xff, 0xff, 0xff, 0xff, 0xff,
    0xff, 0xf4,

    /* U+6682 "暂" */
    0x00, 0x04, 0x60, 0x00, 0x00, 0x00, 0x00, 0x00,
    0x20, 0x03, 0x33, 0xdd, 0x33, 0x33, 0x12, 0x57,
    0x9c, 0xff, 0x20, 0xef, 0xff, 0xff, 0xff, 0xf5,
    0x7f, 0xb9, 0x74, 0x10, 0x00, 0x2f, 0x71, 0x71,
    0x00, 0x07, 0xd0, 0x00, 0x00, 0x00, 0x0c, 0xc2,
    0x4f, 0x52, 0x20, 0x7e, 0x44, 0x44, 0x44, 0x08,
    0xff, 0xff, 0xff, 0xff, 0x68, 0xfe, 0xef, 0xfe,
    0xe0, 0x22, 0x11, 0x4f, 0x41, 0x10, 0xab, 0x00,
    0xba, 0x00, 0x00, 0x01, 0x26, 0xf9, 0x8a, 0x3d,
    0x90, 0x0b, 0xa0, 0x00, 0xcf, 0xff, 0xff, 0xc9,
    0x84, 0xf5, 0x00, 0xba, 0x00, 0x04, 0x42, 0x02,
    0xf3, 0x00, 0xce, 0x00, 0x0b, 0xa0, 0x00, 0x00,
    0x00, 0x2b, 0x20, 0x04, 0x40, 0x00, 0x77, 0x00,
    0x00, 0x07, 0xff, 0xff, 0xff, 0xff, 0xff, 0xff,
    0x80, 0x00, 0x00, 0x8f, 0x33, 0x33, 0x33, 0x33,
    0x33, 0xe9, 0x00, 0x00, 0x08, 0xf1, 0x11, 0x11,
    0x11, 0x11, 0x1e, 0x90, 0x00, 0x00, 0x8f, 0xff,
    0xff, 0xff, 0xff, 0xff, 0xf9, 0x00, 0x00, 0x08,
    0xe0, 0x00, 0x00, 0x00, 0x00, 0x0e, 0x90, 0x00,
    0x00, 0x8f, 0x33, 0x33, 0x33, 0x33, 0x33, 0xe9,
    0x00, 0x00, 0x08, 0xff, 0xff, 0xff, 0xff, 0xff,
    0xff, 0x90, 0x00, 0x00, 0x00, 0x00, 0x00, 0x00,
    0x00, 0x00, 0x00, 0x00, 0x00,

    /* U+6697 "暗" */
    0x00, 0x00, 0x00, 0x00, 0x00, 0x06, 0x70, 0x00,
    0x00, 0x01, 0x44, 0x44, 0x20, 0x00, 0x00, 0x8f,
    0x00, 0x00, 0x00, 0x7f, 0xff, 0xfa, 0x05, 0x55,
    0x58, 0xf9, 0x55, 0x53, 0x07, 0xe2, 0x2b, 0xa0,
    0xef, 0xff, 0xff, 0xff, 0xff, 0x80, 0x7e, 0x00,
    0xaa, 0x00, 0x3c, 0x10, 0x00, 0x4c, 0x20, 0x07,
    0xe0, 0x0a, 0xa0, 0x01, 0xf6, 0x00, 0x0a, 0xd0,
    0x00, 0x7e, 0x00, 0xaa, 0x00, 0x0b, 0xb0, 0x01,
    0xf6, 0x00, 0x07, 0xf6, 0x6d, 0xa7, 0xdd, 0xfe,
    0xdd, 0xef, 0xed, 0xd1, 0x7f, 0xff, 0xfa, 0x48,
    0x88, 0x88, 0x88, 0x88, 0x88, 0x07, 0xe0, 0x0a,
    0xa0, 0x01, 0x11, 0x11, 0x11, 0x10, 0x00, 0x7e,
    0x00, 0xaa, 0x01, 0xff, 0xff, 0xff, 0xff, 0xf0,
    0x07, 0xe0, 0x0a, 0xa0, 0x1f, 0x73, 0x33, 0x33,
    0x9f, 0x00, 0x7e, 0x00, 0xaa, 0x01, 0xf4, 0x00,
    0x00, 0x08, 0xf0, 0x07, 0xf6, 0x6c, 0xa0, 0x1f,
    0xdb, 0xbb, 0xbb, 0xdf, 0x00, 0x7f, 0xff, 0xfa,
    0x01, 0xfa, 0x77, 0x77, 0x7b, 0xf0, 0x07, 0xe0,
    0x00, 0x00, 0x1f, 0x40, 0x00, 0x00, 0x8f, 0x00,
    0x37, 0x00, 0x00, 0x01, 0xf7, 0x44, 0x44, 0x4a,
    0xf0, 0x00, 0x00, 0x00, 0x00, 0x1f, 0xff, 0xff,
    0xff, 0xff, 0x00, 0x00, 0x00, 0x00, 0x00, 0x00,
    0x00, 0x00, 0x00, 0x00, 0x00,

    /* U+66F4 "更" */
    0x06, 0x99, 0x99, 0x99, 0x99, 0x99, 0x99, 0x99,
    0x99, 0x60, 0x08, 0xcc, 0xcc, 0xcc, 0xce, 0xfc,
    0xcc, 0xcc, 0xcc, 0x90, 0x00, 0x00, 0x00, 0x00,
    0x0a, 0xe0, 0x00, 0x00, 0x00, 0x00, 0x00, 0x0d,
    0xee, 0xee, 0xef, 0xfe, 0xee, 0xee, 0xe6, 0x00,
    0x00, 0x0e, 0xb5, 0x55, 0x5c, 0xf5, 0x55, 0x56,
    0xf6, 0x00, 0x00, 0x0e, 0x80, 0x00, 0x0a, 0xe0,
    0x00, 0x01, 0xf6, 0x00, 0x00, 0x0e, 0xa4, 0x44,
    0x4b, 0xf4, 0x44, 0x44, 0xf6, 0x00, 0x00, 0x0e,
    0xff, 0xff, 0xff, 0xff, 0xff, 0xff, 0xf6, 0x00,
    0x00, 0x0e, 0x80, 0x00, 0x0a, 0xe0, 0x00, 0x01,
    0xf6, 0x00, 0x00, 0x0e, 0x93, 0x33, 0x3b, 0xe3,
    0x33, 0x34, 0xf6, 0x00, 0x00, 0x0e, 0xff, 0xff,
    0xff, 0xff, 0xff, 0xff, 0xf6, 0x00, 0x00, 0x02,
    0xb5, 0x11, 0x3f, 0x81, 0x11, 0x11, 0x10, 0x00,
    0x00, 0x00, 0xaf, 0x30, 0xbf, 0x20, 0x00, 0x00,
    0x00, 0x00, 0x00, 0x00, 0x0b, 0xfc, 0xf6, 0x00,
    0x00, 0x00, 0x00, 0x00, 0x00, 0x00, 0x17, 0xff,
    0xf9, 0x51, 0x00, 0x00, 0x00, 0x00, 0x04, 0x8c,
    0xff, 0xa4, 0x7d, 0xff, 0xec, 0xa9, 0x87, 0x71,
    0x08, 0xfb, 0x71, 0x00, 0x00, 0x15, 0x8a, 0xcd,
    0xef, 0xe0, 0x00, 0x00, 0x00, 0x00, 0x00, 0x00,
    0x00, 0x00, 0x00, 0x00,

    /* U+6700 "最" */
    0x00, 0x00, 0x11, 0x11, 0x11, 0x11, 0x11, 0x11,
    0x10, 0x00, 0x00, 0x07, 0xff, 0xff, 0xff, 0xff,
    0xff, 0xff, 0x90, 0x00, 0x00, 0x07, 0xf0, 0x00,
    0x00, 0x00, 0x00, 0x0f, 0x90, 0x00, 0x00, 0x07,
    0xfe, 0xee, 0xee, 0xee, 0xee, 0xef, 0x90, 0x00,
    0x00, 0x07, 0xf1, 0x11, 0x11, 0x11, 0x11, 0x1f,
    0x90, 0x00, 0x00, 0x07, 0xf1, 0x11, 0x11, 0x11,
    0x11, 0x1f, 0x90, 0x00, 0x00, 0x07, 0xff, 0xff,
    0xff, 0xff, 0xff, 0xff, 0x80, 0x00, 0x04, 0x44,
    0x44, 0x44, 0x44, 0x44, 0x44, 0x44, 0x44, 0x40,
    0x0f, 0xff, 0xff, 0xff, 0xff, 0xff, 0xff, 0xff,
    0xff, 0xf1, 0x00, 0x1f, 0x40, 0x00, 0xf7, 0x00,
    0x00, 0x00, 0x00, 0x00, 0x00, 0x1f, 0x74, 0x44,
    0xf7, 0x56, 0x66, 0x66, 0x66, 0x10, 0x00, 0x1f,
    0xed, 0xdd, 0xf7, 0xbf, 0xed, 0xdd, 0xef, 0x30,
    0x00, 0x1f, 0x40, 0x00, 0xf7, 0x0b, 0xb0, 0x00,
    0xbc, 0x00, 0x00, 0x1f, 0xff, 0xff, 0xf7, 0x02,
    0xf6, 0x07, 0xf2, 0x00, 0x00, 0x1f, 0x62, 0x22,
    0xf7, 0x00, 0x5f, 0x9f, 0x40, 0x00, 0x00, 0x3f,
    0x86, 0x89, 0xfe, 0x70, 0x0c, 0xfb, 0x00, 0x00,
    0x0f, 0xff, 0xec, 0xb9, 0xfa, 0x47, 0xea, 0x4c,
    0xe8, 0x20, 0x02, 0x10, 0x00, 0x00, 0xf7, 0xaa,
    0x30, 0x00, 0x4a, 0xc1,

    /* U+6708 "月" */
    0x00, 0x00, 0xdf, 0xff, 0xff, 0xff, 0xff, 0xff,
    0x80, 0x00, 0x0d, 0xd8, 0x88, 0x88, 0x88, 0x88,
    0xf9, 0x00, 0x00, 0xda, 0x00, 0x00, 0x00, 0x00,
    0x0f, 0x90, 0x00, 0x0d, 0xa0, 0x00, 0x00, 0x00,
    0x00, 0xf9, 0x00, 0x00, 0xda, 0x00, 0x00, 0x00,
    0x00, 0x0f, 0x90, 0x00, 0x0d, 0xff, 0xff, 0xff,
    0xff, 0xff, 0xf9, 0x00, 0x00, 0xdd, 0x77, 0x77,
    0x77, 0x77, 0x7f, 0x90, 0x00, 0x0e, 0x90, 0x00,
    0x00, 0x00, 0x00, 0xf9, 0x00, 0x00, 0xf8, 0x00,
    0x00, 0x00, 0x00, 0x0f, 0x90, 0x00, 0x1f, 0x81,
    0x11, 0x11, 0x11, 0x11, 0xf9, 0x00, 0x04, 0xff,
    0xff, 0xff, 0xff, 0xff, 0xff, 0x90, 0x00, 0x8f,
    0x65, 0x55, 0x55, 0x55, 0x55, 0xf9, 0x00, 0x0e,
    0xc0, 0x00, 0x00, 0x00, 0x00, 0x0f, 0x90, 0x05,
    0xf6, 0x00, 0x00, 0x00, 0x00, 0x00, 0xf9, 0x01,
    0xed, 0x00, 0x00, 0x00, 0x00, 0x00, 0x0f, 0x91,
    0xcf, 0x40, 0x00, 0x00, 0x02, 0x88, 0x89, 0xf8,
    0x1c, 0x60, 0x00, 0x00, 0x00, 0x0e, 0xff, 0xeb,
    0x10, 0x00, 0x00, 0x00, 0x00, 0x00, 0x00, 0x00,
    0x00,

    /* U+672A "未" */
    0x00, 0x00, 0x00, 0x00, 0x0b, 0x80, 0x00, 0x00,
    0x00, 0x00, 0x00, 0x00, 0x00, 0x00, 0x0e, 0xa0,
    0x00, 0x00, 0x00, 0x00, 0x00, 0x00, 0x00, 0x00,
    0x0e, 0xa0, 0x00, 0x00, 0x00, 0x00, 0x00, 0x38,
    0x88, 0x88, 0x8f, 0xd8, 0x88, 0x88, 0x83, 0x00,
    0x00, 0x6f, 0xff, 0xff, 0xff, 0xff, 0xff, 0xff,
    0xf5, 0x00, 0x00, 0x00, 0x00, 0x00, 0x0e, 0xa0,
    0x00, 0x00, 0x00, 0x00, 0x00, 0x00, 0x00, 0x00,
    0x0e, 0xa0, 0x00, 0x00, 0x00, 0x00, 0x00, 0x00,
    0x00, 0x00, 0x0e, 0xa0, 0x00, 0x00, 0x00, 0x00,
    0x07, 0x88, 0x88, 0x88, 0x8f, 0xd8, 0x88, 0x88,
    0x88, 0x60, 0x0d, 0xff, 0xff, 0xff, 0xff, 0xff,
    0xff, 0xff, 0xff, 0xb0, 0x00, 0x00, 0x00, 0x04,
    0xff, 0xfe, 0x10, 0x00, 0x00, 0x00, 0x00, 0x00,
    0x00, 0x3f, 0xbe, 0xbd, 0xd1, 0x00, 0x00, 0x00,
    0x00, 0x00, 0x04, 0xfb, 0x0e, 0xa1, 0xed, 0x20,
    0x00, 0x00, 0x00, 0x00, 0x7f, 0xb0, 0x0e, 0xa0,
    0x1d, 0xe4, 0x00, 0x00, 0x00, 0x3c, 0xf8, 0x00,
    0x0e, 0xa0, 0x01, 0xbf, 0xa1, 0x00, 0x1a, 0xfe,
    0x40, 0x00, 0x0e, 0xa0, 0x00, 0x07, 0xff, 0x80,
    0x0a, 0x80, 0x00, 0x00, 0x0e, 0xa0, 0x00, 0x00,
    0x2a, 0x80, 0x00, 0x00, 0x00, 0x00, 0x0e, 0xa0,
    0x00, 0x00, 0x00, 0x00,

    /* U+672C "本" */
    0x00, 0x00, 0x00, 0x00, 0x0b, 0x80, 0x00, 0x00,
    0x00, 0x00, 0x00, 0x00, 0x00, 0x00, 0x0e, 0xa0,
    0x00, 0x00, 0x00, 0x00, 0x00, 0x00, 0x00, 0x00,
    0x0e, 0xa0, 0x00, 0x00, 0x00, 0x00, 0x00, 0x00,
    0x00, 0x00, 0x0e, 0xa0, 0x00, 0x00, 0x00, 0x00,
    0x07, 0x99, 0x99, 0x99, 0x9f, 0xd9, 0x99, 0x99,
    0x99, 0x50, 0x0c, 0xff, 0xff, 0xff, 0xff, 0xff,
    0xff, 0xff, 0xff, 0x90, 0x00, 0x00, 0x00, 0x1f,
    0x8e, 0xad, 0xa0, 0x00, 0x00, 0x00, 0x00, 0x00,
    0x00, 0x8f, 0x1e, 0xa6, 0xf3, 0x00, 0x00, 0x00,
    0x00, 0x00, 0x01, 0xf9, 0x0e, 0xa0, 0xeb, 0x00,
    0x00, 0x00, 0x00, 0x00, 0x0b, 0xe1, 0x0e, 0xa0,
    0x5f, 0x60, 0x00, 0x00, 0x00, 0x00, 0x6f, 0x50,
    0x0e, 0xa0, 0x0b, 0xf2, 0x00, 0x00, 0x00, 0x03,
    0xfa, 0x00, 0x0e, 0xa0, 0x01, 0xee, 0x10, 0x00,
    0x00, 0x3f, 0xd0, 0x00, 0x0e, 0xa0, 0x00, 0x3f,
    0xd1, 0x00, 0x05, 0xfd, 0x79, 0x99, 0x9f, 0xd9,
    0x99, 0x97, 0xfe, 0x40, 0x1e, 0xc1, 0x9f, 0xff,
    0xff, 0xff, 0xff, 0xf4, 0x4e, 0xb0, 0x02, 0x00,
    0x00, 0x00, 0x0e, 0xa0, 0x00, 0x00, 0x01, 0x00,
    0x00, 0x00, 0x00, 0x00, 0x0e, 0xa0, 0x00, 0x00,
    0x00, 0x00, 0x00, 0x00, 0x00, 0x00, 0x0e, 0xa0,
    0x00, 0x00, 0x00, 0x00,

    /* U+673A "机" */
    0x00, 0x00, 0x6b, 0x00, 0x00, 0x00, 0x00, 0x00,
    0x00, 0x00, 0x00, 0x00, 0x8e, 0x00, 0x00, 0x67,
    0x77, 0x77, 0x50, 0x00, 0x00, 0x00, 0x8e, 0x00,
    0x00, 0xef, 0xff, 0xff, 0xc0, 0x00, 0x00, 0x00,
    0x8e, 0x00, 0x00, 0xe9, 0x00, 0x0b, 0xc0, 0x00,
    0x06, 0x77, 0xcf, 0x77, 0x60, 0xe9, 0x00, 0x0b,
    0xc0, 0x00, 0x0c, 0xff, 0xff, 0xff, 0xd0, 0xe9,
    0x00, 0x0b, 0xc0, 0x00, 0x00, 0x00, 0xee, 0x00,
    0x00, 0xe9, 0x00, 0x0b, 0xc0, 0x00, 0x00, 0x03,
    0xff, 0x00, 0x00, 0xe9, 0x00, 0x0b, 0xc0, 0x00,
    0x00, 0x09, 0xff, 0xb0, 0x00, 0xe8, 0x00, 0x0b,
    0xc0, 0x00, 0x00, 0x1f, 0xbf, 0xdb, 0x00, 0xf8,
    0x00, 0x0b, 0xc0, 0x00, 0x00, 0x8c, 0x8e, 0x2f,
    0x90, 0xf6, 0x00, 0x0b, 0xc0, 0x00, 0x02, 0xf5,
    0x8e, 0x05, 0x82, 0xf4, 0x00, 0x0b, 0xc0, 0x00,
    0x0c, 0xc0, 0x8e, 0x00, 0x05, 0xf1, 0x00, 0x0b,
    0xc0, 0x00, 0x2f, 0x30, 0x8e, 0x00, 0x0a, 0xd0,
    0x00, 0x0b, 0xc0, 0x47, 0x03, 0x00, 0x8e, 0x00,
    0x1f, 0x80, 0x00, 0x0b, 0xc0, 0x5c, 0x00, 0x00,
    0x8e, 0x00, 0x9f, 0x10, 0x00, 0x0b, 0xc0, 0x6c,
    0x00, 0x00, 0x8e, 0x04, 0xf7, 0x00, 0x00, 0x0a,
    0xe6, 0xba, 0x00, 0x00, 0x8e, 0x07, 0xa0, 0x00,
    0x00, 0x04, 0xef, 0xe4, 0x00, 0x00, 0x00, 0x00,
    0x00, 0x00, 0x00, 0x00, 0x00, 0x00,

    /* U+6807 "标" */
    0x00, 0x00, 0xa6, 0x00, 0x00, 0x00, 0x00, 0x00,
    0x00, 0x00, 0x00, 0x00, 0xf8, 0x00, 0x03, 0x44,
    0x44, 0x44, 0x44, 0x00, 0x00, 0x00, 0xf8, 0x00,
    0x0b, 0xff, 0xff, 0xff, 0xff, 0x00, 0x00, 0x00,
    0xf8, 0x00, 0x01, 0x22, 0x22, 0x22, 0x22, 0x00,
    0x07, 0x77, 0xfc, 0x77, 0x10, 0x00, 0x00, 0x00,
    0x00, 0x00, 0x0f, 0xff, 0xff, 0xff, 0x20, 0x00,
    0x00, 0x00, 0x00, 0x00, 0x00, 0x07, 0xfb, 0x00,
    0x48, 0x88, 0x88, 0x88, 0x88, 0x81, 0x00, 0x0c,
    0xff, 0x70, 0x8e, 0xee, 0xff, 0xfe, 0xee, 0xe1,
    0x00, 0x3f, 0xfb, 0xf4, 0x00, 0x00, 0x4f, 0x30,
    0x00, 0x00, 0x00, 0xaa, 0xf8, 0x7f, 0x10, 0x00,
    0x4f, 0x30, 0x00, 0x00, 0x03, 0xf4, 0xf8, 0x07,
    0x04, 0xd1, 0x4f, 0x33, 0xe2, 0x00, 0x0c, 0xc0,
    0xf8, 0x00, 0x0a, 0xd0, 0x4f, 0x30, 0xd9, 0x00,
    0x5f, 0x30, 0xf8, 0x00, 0x0f, 0x70, 0x4f, 0x30,
    0x7f, 0x10, 0x06, 0x00, 0xf8, 0x00, 0x7f, 0x10,
    0x4f, 0x30, 0x1f, 0x70, 0x00, 0x00, 0xf8, 0x01,
    0xf8, 0x00, 0x4f, 0x30, 0x0b, 0xc0, 0x00, 0x00,
    0xf8, 0x06, 0xe0, 0x00, 0x4f, 0x30, 0x06, 0xe0,
    0x00, 0x00, 0xf8, 0x00, 0x00, 0x67, 0xaf, 0x30,
    0x00, 0x00, 0x00, 0x00, 0xf8, 0x00, 0x00, 0x8f,
    0xfb, 0x00, 0x00, 0x00, 0x00, 0x00, 0x00, 0x00,
    0x00, 0x00, 0x00, 0x00, 0x00, 0x00,

    /* U+6821 "校" */
    0x00, 0x01, 0xb2, 0x00, 0x00, 0x02, 0xa1, 0x00,
    0x00, 0x00, 0x00, 0x02, 0xf3, 0x00, 0x00, 0x01,
    0xec, 0x00, 0x00, 0x00, 0x00, 0x02, 0xf3, 0x00,
    0x00, 0x00, 0x5f, 0x30, 0x00, 0x00, 0x00, 0x02,
    0xf3, 0x00, 0xcc, 0xcc, 0xcd, 0xcc, 0xcc, 0xb0,
    0x05, 0x78, 0xf9, 0x73, 0xaa, 0xaa, 0xaa, 0xaa,
    0xaa, 0xa0, 0x0b, 0xff, 0xff, 0xf7, 0x00, 0x77,
    0x00, 0x3b, 0x10, 0x00, 0x00, 0x08, 0xf4, 0x00,
    0x02, 0xf8, 0x00, 0x1d, 0xd1, 0x00, 0x00, 0x0d,
    0xfc, 0x00, 0x1d, 0xc0, 0x00, 0x01, 0xec, 0x00,
    0x00, 0x2f, 0xff, 0x61, 0xce, 0x60, 0x00, 0x05,
    0x5f, 0x90, 0x00, 0x8c, 0xf8, 0xf5, 0xc5, 0xf4,
    0x00, 0x2f, 0x76, 0x60, 0x00, 0xe7, 0xf3, 0xc6,
    0x00, 0xbc, 0x00, 0x8f, 0x10, 0x00, 0x06, 0xe2,
    0xf3, 0x20, 0x00, 0x3f, 0x61, 0xf9, 0x00, 0x00,
    0x0e, 0x82, 0xf3, 0x00, 0x00, 0x09, 0xfc, 0xe1,
    0x00, 0x00, 0x2e, 0x12, 0xf3, 0x00, 0x00, 0x00,
    0xef, 0x60, 0x00, 0x00, 0x02, 0x02, 0xf3, 0x00,
    0x00, 0x09, 0xfe, 0xe4, 0x00, 0x00, 0x00, 0x02,
    0xf3, 0x00, 0x02, 0xcf, 0x61, 0xcf, 0x91, 0x00,
    0x00, 0x02, 0xf3, 0x02, 0x9f, 0xd3, 0x00, 0x08,
    0xff, 0xa1, 0x00, 0x02, 0xf3, 0x04, 0xd6, 0x00,
    0x00, 0x00, 0x29, 0x80, 0x00, 0x00, 0x00, 0x00,
    0x00, 0x00, 0x00, 0x00, 0x00, 0x00,

    /* U+6838 "核" */
    0x00, 0x02, 0xd3, 0x00, 0x00, 0x00, 0x5b, 0x00,
    0x00, 0x00, 0x00, 0x02, 0xf4, 0x00, 0x00, 0x00,
    0x4f, 0x60, 0x00, 0x00, 0x00, 0x02, 0xf4, 0x00,
    0x11, 0x11, 0x1e, 0xb1, 0x11, 0x10, 0x00, 0x02,
    0xf4, 0x00, 0xff, 0xff, 0xff, 0xff, 0xff, 0xf2,
    0x0c, 0xff, 0xff, 0xf8, 0x45, 0x59, 0xf8, 0x55,
    0x55, 0x50, 0x05, 0x79, 0xf9, 0x73, 0x00, 0x0d,
    0xb0, 0x00, 0x00, 0x00, 0x00, 0x08, 0xf7, 0x00,
    0x00, 0x8f, 0x20, 0x09, 0xb0, 0x00, 0x00, 0x0d,
    0xff, 0x20, 0x03, 0xf7, 0x00, 0x5f, 0x70, 0x00,
    0x00, 0x2f, 0xfb, 0xc0, 0x7f, 0xff, 0xff, 0xfb,
    0x00, 0x00, 0x00, 0x8c, 0xf5, 0xe6, 0x38, 0x65,
    0x7f, 0xc0, 0x04, 0x00, 0x01, 0xf7, 0xf4, 0x51,
    0x00, 0x05, 0xfc, 0x10, 0x7f, 0x70, 0x08, 0xd2,
    0xf4, 0x00, 0x01, 0xaf, 0x90, 0x03, 0xfb, 0x00,
    0x2f, 0x62, 0xf4, 0x00, 0x7f, 0xe5, 0x00, 0x3f,
    0xd1, 0x00, 0x0b, 0x02, 0xf4, 0x00, 0x68, 0x00,
    0x05, 0xfd, 0x10, 0x00, 0x00, 0x02, 0xf4, 0x00,
    0x00, 0x01, 0xaf, 0xdf, 0x70, 0x00, 0x00, 0x02,
    0xf4, 0x00, 0x01, 0x8f, 0xe5, 0x07, 0xfa, 0x00,
    0x00, 0x02, 0xf4, 0x04, 0xaf, 0xf8, 0x00, 0x00,
    0x4f, 0xc0, 0x00, 0x02, 0xf4, 0x08, 0xd6, 0x00,
    0x00, 0x00, 0x03, 0x70, 0x00, 0x00, 0x00, 0x00,
    0x00, 0x00, 0x00, 0x00, 0x00, 0x00,

    /* U+6A21 "模" */
    0x00, 0x06, 0xb0, 0x00, 0x00, 0xa7, 0x00, 0x4c,
    0x10, 0x00, 0x00, 0x08, 0xf0, 0x01, 0x22, 0xea,
    0x22, 0x7f, 0x42, 0x20, 0x00, 0x08, 0xf0, 0x0c,
    0xff, 0xff, 0xff, 0xff, 0xff, 0xe0, 0x00, 0x08,
    0xf0, 0x01, 0x22, 0xea, 0x22, 0x7f, 0x42, 0x20,
    0x0f, 0xff, 0xff, 0xf0, 0x00, 0x85, 0x00, 0x3a,
    0x10, 0x00, 0x07, 0x7c, 0xf7, 0x70, 0xff, 0xff,
    0xff, 0xff, 0xfd, 0x00, 0x00, 0x0b, 0xf1, 0x00,
    0xf8, 0x22, 0x22, 0x22, 0xae, 0x00, 0x00, 0x0f,
    0xfb, 0x00, 0xf9, 0x33, 0x33, 0x33, 0xae, 0x00,
    0x00, 0x4f, 0xfe, 0x50, 0xfe, 0xee, 0xee, 0xee,
    0xfe, 0x00, 0x00, 0xaf, 0xf7, 0xe0, 0xf7, 0x00,
    0x00, 0x00, 0x9e, 0x00, 0x01, 0xfb, 0xf0, 0xd1,
    0xff, 0xee, 0xee, 0xee, 0xfe, 0x00, 0x07, 0xd8,
    0xf0, 0x00, 0x33, 0x33, 0xfa, 0x33, 0x33, 0x00,
    0x1f, 0x78, 0xf0, 0x02, 0x22, 0x23, 0xf7, 0x22,
    0x22, 0x10, 0x1e, 0x08, 0xf0, 0x3f, 0xff, 0xff,
    0xff, 0xff, 0xff, 0xe0, 0x01, 0x08, 0xf0, 0x02,
    0x22, 0x3f, 0xbd, 0xc2, 0x22, 0x20, 0x00, 0x08,
    0xf0, 0x00, 0x02, 0xde, 0x12, 0xeb, 0x10, 0x00,
    0x00, 0x08, 0xf0, 0x15, 0xaf, 0xc2, 0x00, 0x2d,
    0xf9, 0x40, 0x00, 0x08, 0xf0, 0x4e, 0xa4, 0x00,
    0x00, 0x00, 0x5b, 0xc0, 0x00, 0x00, 0x00, 0x00,
    0x00, 0x00, 0x00, 0x00, 0x00, 0x00,

    /* U+6B21 "次" */
    0x00, 0x00, 0x00, 0x00, 0x0b, 0x50, 0x00, 0x00,
    0x00, 0x00, 0x00, 0x20, 0x00, 0x00, 0x3f, 0x70,
    0x00, 0x00, 0x00, 0x00, 0x09, 0xf9, 0x00, 0x00,
    0x7f, 0x20, 0x00, 0x00, 0x00, 0x00, 0x00, 0x7f,
    0xe3, 0x00, 0xcf, 0x66, 0x66, 0x66, 0x67, 0x00,
    0x00, 0x03, 0xeb, 0x02, 0xff, 0xff, 0xff, 0xff,
    0xff, 0x80, 0x00, 0x00, 0x11, 0x08, 0xf3, 0x11,
    0x11, 0x11, 0x7f, 0x30, 0x00, 0x00, 0x00, 0x0e,
    0xc0, 0x09, 0xe0, 0x00, 0xbd, 0x00, 0x00, 0x00,
    0x00, 0x8f, 0x40, 0x0a, 0xf0, 0x01, 0xf7, 0x00,
    0x00, 0x00, 0x00, 0xdb, 0x00, 0x0a, 0xf0, 0x08,
    0xf1, 0x00, 0x00, 0x00, 0x13, 0x01, 0x00, 0x0c,
    0xf1, 0x01, 0x50, 0x00, 0x00, 0x00, 0xae, 0x00,
    0x00, 0x0f, 0xf6, 0x00, 0x00, 0x00, 0x00, 0x04,
    0xf8, 0x00, 0x00, 0x4f, 0xfc, 0x00, 0x00, 0x00,
    0x00, 0x1e, 0xd0, 0x00, 0x00, 0xaf, 0x6f, 0x30,
    0x00, 0x00, 0x00, 0xaf, 0x40, 0x00, 0x04, 0xf9,
    0x0d, 0xc0, 0x00, 0x00, 0x06, 0xf9, 0x00, 0x00,
    0x2e, 0xe1, 0x04, 0xf8, 0x00, 0x00, 0x0e, 0xe1,
    0x00, 0x02, 0xef, 0x30, 0x00, 0x9f, 0x70, 0x00,
    0x01, 0x30, 0x00, 0x6f, 0xf4, 0x00, 0x00, 0x0b,
    0xfb, 0x20, 0x00, 0x00, 0x0c, 0xfc, 0x20, 0x00,
    0x00, 0x00, 0x8f, 0xd0, 0x00, 0x00, 0x03, 0x60,
    0x00, 0x00, 0x00, 0x00, 0x02, 0x20,

    /* U+6B65 "步" */
    0x00, 0x00, 0x00, 0x00, 0x05, 0x70, 0x00, 0x00,
    0x00, 0x00, 0x00, 0x03, 0x20, 0x00, 0x9c, 0x00,
    0x00, 0x00, 0x00, 0x00, 0x00, 0xe9, 0x00, 0x09,
    0xe7, 0x77, 0x77, 0x60, 0x00, 0x00, 0x0e, 0x90,
    0x00, 0x9f, 0xff, 0xff, 0xfe, 0x00, 0x00, 0x00,
    0xe9, 0x00, 0x09, 0xc0, 0x00, 0x00, 0x00, 0x00,
    0x00, 0x0e, 0x90, 0x00, 0x9c, 0x00, 0x00, 0x00,
    0x00, 0x09, 0xaa, 0xfe, 0xaa, 0xad, 0xfa, 0xaa,
    0xaa, 0xaa, 0x70, 0xab, 0xbb, 0xbb, 0xbb, 0xfe,
    0xbb, 0xbb, 0xbb, 0xb8, 0x00, 0x00, 0x02, 0x20,
    0x0e, 0xa0, 0x00, 0x00, 0x00, 0x00, 0x00, 0x00,
    0xec, 0x00, 0xea, 0x00, 0x00, 0xad, 0x00, 0x00,
    0x00, 0xbf, 0x20, 0x0e, 0xa0, 0x00, 0x4f, 0x90,
    0x00, 0x00, 0xaf, 0x50, 0x00, 0xea, 0x00, 0x2f,
    0xd0, 0x00, 0x01, 0xbf, 0x70, 0x00, 0x0e, 0xa0,
    0x3e, 0xe2, 0x00, 0x00, 0x0b, 0x60, 0x00, 0x00,
    0xea, 0x6f, 0xe3, 0x00, 0x00, 0x00, 0x00, 0x00,
    0x00, 0x05, 0xdf, 0xb1, 0x00, 0x00, 0x00, 0x00,
    0x00, 0x02, 0x7d, 0xfe, 0x60, 0x00, 0x00, 0x00,
    0x00, 0x36, 0x9d, 0xff, 0xc6, 0x00, 0x00, 0x00,
    0x00, 0x00, 0xcf, 0xff, 0xb7, 0x20, 0x00, 0x00,
    0x00, 0x00, 0x00, 0x03, 0x52, 0x00, 0x00, 0x00,
    0x00, 0x00, 0x00, 0x00, 0x00,

    /* U+6C14 "气" */
    0x00, 0x00, 0x07, 0x30, 0x00, 0x00, 0x00, 0x00,
    0x00, 0x00, 0x00, 0x00, 0x3f, 0x60, 0x00, 0x00,
    0x00, 0x00, 0x00, 0x00, 0x00, 0x00, 0xbf, 0x65,
    0x55, 0x55, 0x55, 0x55, 0x55, 0x30, 0x00, 0x03,
    0xff, 0xff, 0xff, 0xff, 0xff, 0xff, 0xff, 0xa0,
    0x00, 0x0d, 0xe0, 0x00, 0x00, 0x00, 0x00, 0x00,
    0x00, 0x00, 0x00, 0x8f, 0x5c, 0xff, 0xff, 0xff,
    0xff, 0xff, 0xf1, 0x00, 0x05, 0xfa, 0x03, 0x44,
    0x44, 0x44, 0x44, 0x44, 0x40, 0x00, 0x2f, 0xc0,
    0x00, 0x00, 0x00, 0x00, 0x00, 0x00, 0x00, 0x00,
    0x03, 0x1e, 0xff, 0xff, 0xff, 0xff, 0xff, 0xf6,
    0x00, 0x00, 0x00, 0x05, 0x55, 0x55, 0x55, 0x55,
    0x55, 0xf7, 0x00, 0x00, 0x00, 0x00, 0x00, 0x00,
    0x00, 0x00, 0x00, 0xf8, 0x00, 0x00, 0x00, 0x00,
    0x00, 0x00, 0x00, 0x00, 0x00, 0xda, 0x00, 0x00,
    0x00, 0x00, 0x00, 0x00, 0x00, 0x00, 0x00, 0xcc,
    0x00, 0x00, 0x00, 0x00, 0x00, 0x00, 0x00, 0x00,
    0x00, 0x9f, 0x00, 0x00, 0x00, 0x00, 0x00, 0x00,
    0x00, 0x00, 0x00, 0x6f, 0x30, 0x81, 0x00, 0x00,
    0x00, 0x00, 0x00, 0x00, 0x00, 0x1f, 0x90, 0xc4,
    0x00, 0x00, 0x00, 0x00, 0x00, 0x00, 0x00, 0x0a,
    0xf9, 0xf2, 0x00, 0x00, 0x00, 0x00, 0x00, 0x00,
    0x00, 0x00, 0xbf, 0xa0,

    /* U+6C27 "氧" */
    0x00, 0x00, 0x00, 0x00, 0x00, 0x00, 0x00, 0x00,
    0x00, 0x00, 0x00, 0x00, 0x2e, 0x40, 0x00, 0x00,
    0x00, 0x00, 0x00, 0x00, 0x00, 0x00, 0xaf, 0x64,
    0x44, 0x44, 0x44, 0x44, 0x44, 0x30, 0x00, 0x04,
    0xff, 0xee, 0xee, 0xee, 0xee, 0xee, 0xee, 0xb0,
    0x00, 0x1e, 0xd0, 0x00, 0x00, 0x00, 0x00, 0x00,
    0x00, 0x00, 0x01, 0xdf, 0x3b, 0xff, 0xff, 0xff,
    0xff, 0xff, 0xf1, 0x00, 0x1d, 0xf6, 0x02, 0x33,
    0x33, 0x33, 0x33, 0x33, 0x30, 0x00, 0x1d, 0x73,
    0x44, 0x44, 0x44, 0x44, 0x44, 0x43, 0x00, 0x00,
    0x00, 0x0f, 0xff, 0xff, 0xff, 0xff, 0xff, 0xfe,
    0x00, 0x00, 0x00, 0x00, 0x8b, 0x00, 0x02, 0xe4,
    0x00, 0x9e, 0x00, 0x00, 0x00, 0x11, 0x4f, 0x51,
    0x1c, 0xd1, 0x10, 0x9e, 0x00, 0x00, 0x00, 0xff,
    0xff, 0xff, 0xff, 0xff, 0xf5, 0x8e, 0x00, 0x00,
    0x00, 0x00, 0x00, 0x0f, 0x80, 0x00, 0x00, 0x8f,
    0x00, 0x00, 0x00, 0x5e, 0xee, 0xef, 0xfe, 0xee,
    0xc0, 0x6f, 0x00, 0x00, 0x00, 0x13, 0x33, 0x3f,
    0x93, 0x33, 0x20, 0x5f, 0x20, 0x00, 0x02, 0x33,
    0x33, 0x3f, 0x93, 0x33, 0x33, 0x3f, 0x40, 0x60,
    0x0a, 0xff, 0xff, 0xff, 0xff, 0xff, 0xfd, 0x0f,
    0x90, 0xc5, 0x00, 0x00, 0x00, 0x0f, 0x80, 0x00,
    0x00, 0x09, 0xf8, 0xf3, 0x00, 0x00, 0x00, 0x0f,
    0x80, 0x00, 0x00, 0x01, 0xbf, 0xc0,

    /* U+6C60 "池" */
    0x00, 0x54, 0x00, 0x00, 0x00, 0x00, 0x7c, 0x00,
    0x00, 0x00, 0x00, 0xbf, 0xc3, 0x00, 0x00, 0x00,
    0x9e, 0x00, 0x00, 0x00, 0x00, 0x04, 0xdf, 0x31,
    0xf6, 0x00, 0x9e, 0x00, 0x00, 0x00, 0x00, 0x00,
    0x05, 0x01, 0xf6, 0x00, 0x9e, 0x00, 0x04, 0x00,
    0x00, 0x00, 0x00, 0x01, 0xf6, 0x00, 0x9e, 0x28,
    0xef, 0x50, 0x00, 0x00, 0x00, 0x01, 0xf6, 0x00,
    0xaf, 0xff, 0xbf, 0x50, 0x0d, 0xc4, 0x00, 0x01,
    0xf9, 0x9e, 0xff, 0x61, 0x1f, 0x50, 0x04, 0xcf,
    0xb0, 0x07, 0xff, 0xf9, 0xbe, 0x00, 0x1f, 0x50,
    0x00, 0x06, 0xa4, 0xff, 0xf9, 0x00, 0x9e, 0x00,
    0x1f, 0x50, 0x00, 0x00, 0x00, 0x83, 0xf6, 0x00,
    0x9e, 0x00, 0x2f, 0x40, 0x00, 0x00, 0x00, 0x01,
    0xf6, 0x00, 0x9e, 0x00, 0x3f, 0x30, 0x00, 0x00,
    0x4d, 0x11, 0xf6, 0x00, 0x9e, 0x02, 0x7f, 0x20,
    0x00, 0x00, 0xcd, 0x01, 0xf6, 0x00, 0x9e, 0x3f,
    0xfc, 0x00, 0x00, 0x05, 0xf5, 0x01, 0xf6, 0x00,
    0x9e, 0x04, 0x30, 0x00, 0x00, 0x0e, 0xc0, 0x01,
    0xf6, 0x00, 0x00, 0x00, 0x02, 0xb1, 0x00, 0x9f,
    0x30, 0x01, 0xf6, 0x00, 0x00, 0x00, 0x05, 0xf2,
    0x03, 0xfa, 0x00, 0x00, 0xfd, 0x66, 0x66, 0x66,
    0x6d, 0xe0, 0x01, 0xa1, 0x00, 0x00, 0x5d, 0xff,
    0xff, 0xff, 0xfd, 0x40,

    /* U+6D01 "洁" */
    0x00, 0x50, 0x00, 0x00, 0x00, 0x06, 0xe1, 0x00,
    0x00, 0x00, 0x3f, 0xd2, 0x00, 0x00, 0x00, 0x7f,
    0x10, 0x00, 0x00, 0x00, 0x2d, 0xf4, 0x00, 0x00,
    0x07, 0xf1, 0x00, 0x00, 0x00, 0x00, 0x0c, 0x4d,
    0xff, 0xff, 0xff, 0xff, 0xff, 0xfa, 0x00, 0x00,
    0x00, 0x67, 0x77, 0x7b, 0xf8, 0x77, 0x77, 0x50,
    0x00, 0x00, 0x00, 0x00, 0x00, 0x7f, 0x10, 0x00,
    0x00, 0x0c, 0x70, 0x00, 0x00, 0x00, 0x07, 0xf1,
    0x00, 0x00, 0x01, 0x9f, 0xd2, 0x00, 0x33, 0x33,
    0x9f, 0x43, 0x33, 0x20, 0x00, 0x3e, 0xd0, 0x4f,
    0xff, 0xff, 0xff, 0xff, 0xfe, 0x00, 0x00, 0x12,
    0x00, 0x33, 0x33, 0x33, 0x33, 0x33, 0x30, 0x00,
    0x00, 0x00, 0x00, 0x00, 0x00, 0x00, 0x00, 0x00,
    0x00, 0x00, 0x08, 0x40, 0x7f, 0xff, 0xff, 0xff,
    0xff, 0x80, 0x00, 0x02, 0xf8, 0x08, 0xf6, 0x66,
    0x66, 0x66, 0xf9, 0x00, 0x00, 0xae, 0x10, 0x8f,
    0x00, 0x00, 0x00, 0x0f, 0x90, 0x00, 0x3f, 0x70,
    0x08, 0xf0, 0x00, 0x00, 0x00, 0xf9, 0x00, 0x0c,
    0xe0, 0x00, 0x8f, 0x00, 0x00, 0x00, 0x0f, 0x90,
    0x07, 0xf5, 0x00, 0x08, 0xf5, 0x55, 0x55, 0x55,
    0xf9, 0x00, 0x5a, 0x00, 0x00, 0x8f, 0xff, 0xff,
    0xff, 0xff, 0x90,

    /* U+6D3B "活" */
    0x02, 0x50, 0x00, 0x00, 0x00, 0x00, 0x00, 0x38,
    0x60, 0x00, 0x8f, 0xc4, 0x00, 0x13, 0x57, 0xad,
    0xff, 0xfb, 0x10, 0x00, 0x4d, 0xf7, 0x3f, 0xff,
    0xee, 0xf6, 0x30, 0x00, 0x00, 0x00, 0x07, 0x20,
    0x42, 0x00, 0x7e, 0x00, 0x00, 0x00, 0x00, 0x00,
    0x00, 0x00, 0x00, 0x07, 0xe0, 0x00, 0x00, 0x00,
    0x00, 0x00, 0x00, 0x00, 0x00, 0x7e, 0x00, 0x00,
    0x00, 0x7d, 0x40, 0x04, 0xff, 0xff, 0xff, 0xff,
    0xff, 0xff, 0x73, 0xcf, 0xb2, 0x27, 0x77, 0x77,
    0xbf, 0x77, 0x77, 0x73, 0x00, 0x6e, 0x50, 0x00,
    0x00, 0x07, 0xe0, 0x00, 0x00, 0x00, 0x00, 0x10,
    0x00, 0x00, 0x00, 0x7e, 0x00, 0x00, 0x00, 0x00,
    0x00, 0x00, 0x00, 0x00, 0x07, 0xe0, 0x00, 0x00,
    0x00, 0x00, 0x09, 0x10, 0xff, 0xff, 0xff, 0xff,
    0xfc, 0x00, 0x00, 0x05, 0xf4, 0x0f, 0xa6, 0x66,
    0x66, 0x6c, 0xc0, 0x00, 0x01, 0xeb, 0x00, 0xf7,
    0x00, 0x00, 0x00, 0xac, 0x00, 0x00, 0x9f, 0x20,
    0x0f, 0x70, 0x00, 0x00, 0x0a, 0xc0, 0x00, 0x4f,
    0x80, 0x00, 0xf7, 0x00, 0x00, 0x00, 0xac, 0x00,
    0x1e, 0xd0, 0x00, 0x0f, 0xa5, 0x55, 0x55, 0x5c,
    0xc0, 0x01, 0xb3, 0x00, 0x00, 0xff, 0xff, 0xff,
    0xff, 0xfc, 0x00,

    /* U+6D3E "派" */
    0x00, 0x50, 0x00, 0x00, 0x00, 0x00, 0x00, 0x15,
    0xa2, 0x00, 0x02, 0xfe, 0x50, 0x00, 0x01, 0x47,
    0x9d, 0xff, 0xe8, 0x00, 0x00, 0x1a, 0xf9, 0x0a,
    0xff, 0xff, 0xc9, 0x62, 0x00, 0x00, 0x00, 0x00,
    0x64, 0x0d, 0xb4, 0x10, 0x00, 0x00, 0x00, 0x00,
    0x00, 0x00, 0x00, 0x0d, 0x80, 0x00, 0x01, 0x5a,
    0xd2, 0x00, 0x00, 0x00, 0x00, 0x0d, 0x80, 0x3a,
    0xdf, 0xfd, 0x82, 0x00, 0x2e, 0x81, 0x00, 0x0d,
    0x80, 0x6f, 0x7b, 0xb0, 0x00, 0x00, 0x07, 0xfe,
    0x50, 0x0d, 0x80, 0x6e, 0x07, 0xd0, 0x00, 0x00,
    0x00, 0x1b, 0x50, 0x0d, 0x80, 0x6e, 0x04, 0xf0,
    0x05, 0x50, 0x00, 0x00, 0x00, 0x0e, 0x70, 0x6e,
    0x01, 0xf4, 0x5f, 0xa0, 0x00, 0x00, 0x00, 0x0f,
    0x60, 0x6e, 0x00, 0xdc, 0xf8, 0x00, 0x00, 0x00,
    0xd1, 0x1f, 0x40, 0x6e, 0x00, 0x9f, 0x40, 0x00,
    0x00, 0x07, 0xf0, 0x3f, 0x20, 0x6e, 0x00, 0x5f,
    0x20, 0x00, 0x00, 0x0e, 0x80, 0x6f, 0x00, 0x6e,
    0x00, 0x0f, 0x90, 0x00, 0x00, 0x7f, 0x10, 0xac,
    0x00, 0x6e, 0x00, 0x08, 0xf2, 0x00, 0x00, 0xe9,
    0x00, 0xf7, 0x00, 0x6e, 0x28, 0xe2, 0xfc, 0x00,
    0x08, 0xf2, 0x05, 0xf2, 0x00, 0x9f, 0xfd, 0x60,
    0x6f, 0xa0, 0x09, 0x90, 0x0d, 0xb0, 0x00, 0xec,
    0x50, 0x00, 0x09, 0xc0, 0x00, 0x00, 0x05, 0x20,
    0x00, 0x20, 0x00, 0x00, 0x00, 0x10,

    /* U+6D4B "测" */
    0x00, 0x60, 0x00, 0x00, 0x00, 0x00, 0x00, 0x00,
    0x08, 0x20, 0x3f, 0xe5, 0x09, 0xaa, 0xaa, 0xa9,
    0x00, 0x00, 0xe5, 0x00, 0x2c, 0xf6, 0xea, 0x88,
    0x8a, 0xe0, 0x5d, 0x0e, 0x50, 0x00, 0x06, 0x0e,
    0x40, 0x00, 0x4e, 0x05, 0xd0, 0xe5, 0x00, 0x00,
    0x00, 0xe4, 0x3e, 0x04, 0xe0, 0x5d, 0x0e, 0x50,
    0x00, 0x00, 0x0e, 0x43, 0xe0, 0x4e, 0x05, 0xd0,
    0xe5, 0x2e, 0xa1, 0x00, 0xe4, 0x3e, 0x04, 0xe0,
    0x5d, 0x0e, 0x50, 0x6e, 0xf5, 0x0e, 0x43, 0xe0,
    0x4e, 0x05, 0xd0, 0xe5, 0x00, 0x1a, 0x40, 0xe4,
    0x3e, 0x04, 0xe0, 0x5d, 0x0e, 0x50, 0x00, 0x00,
    0x0e, 0x43, 0xe0, 0x4e, 0x05, 0xd0, 0xe5, 0x00,
    0x00, 0x00, 0xe4, 0x3e, 0x04, 0xe0, 0x5d, 0x0e,
    0x50, 0x00, 0x55, 0x0e, 0x44, 0xe0, 0x4e, 0x05,
    0xd0, 0xe5, 0x00, 0x0d, 0xb0, 0xe4, 0x5c, 0x04,
    0xe0, 0x5d, 0x0e, 0x50, 0x04, 0xf4, 0x0d, 0x39,
    0x90, 0x4c, 0x05, 0xd0, 0xe5, 0x00, 0xbd, 0x00,
    0x01, 0xf5, 0x50, 0x00, 0x00, 0x0e, 0x50, 0x3f,
    0x70, 0x00, 0xbb, 0x1c, 0xb0, 0x00, 0x00, 0xe5,
    0x0b, 0xe0, 0x02, 0xcd, 0x10, 0x0c, 0xb0, 0x04,
    0x4f, 0x40, 0x56, 0x00, 0x99, 0x00, 0x00, 0x1b,
    0x20, 0xef, 0xc1, 0x00, 0x00, 0x00, 0x00, 0x00,
    0x00, 0x00, 0x00, 0x00, 0x00,

    /* U+6D88 "消" */
    0x00, 0x40, 0x00, 0x00, 0x00, 0x00, 0xb5, 0x00,
    0x00, 0x00, 0x1e, 0xe5, 0x00, 0xa9, 0x00, 0x0f,
    0x80, 0x02, 0xe4, 0x00, 0x1b, 0xf9, 0x06, 0xf4,
    0x00, 0xf8, 0x00, 0xae, 0x10, 0x00, 0x07, 0x70,
    0x0c, 0xd0, 0x0f, 0x80, 0x3f, 0x60, 0x00, 0x00,
    0x00, 0x00, 0x5f, 0x20, 0xf8, 0x0a, 0xc0, 0x00,
    0x00, 0x00, 0x00, 0x00, 0x10, 0x0f, 0x80, 0x00,
    0x00, 0x1e, 0xb2, 0x00, 0x07, 0xff, 0xff, 0xff,
    0xff, 0xfc, 0x00, 0x6e, 0xf6, 0x00, 0x7f, 0x66,
    0x66, 0x66, 0x6d, 0xc0, 0x00, 0x1b, 0xd0, 0x07,
    0xf0, 0x00, 0x00, 0x00, 0xbc, 0x00, 0x00, 0x01,
    0x00, 0x7f, 0x55, 0x55, 0x55, 0x5c, 0xc0, 0x00,
    0x00, 0x00, 0x07, 0xff, 0xff, 0xff, 0xff, 0xfc,
    0x00, 0x00, 0x06, 0x50, 0x7f, 0x00, 0x00, 0x00,
    0x0b, 0xc0, 0x00, 0x00, 0xe9, 0x07, 0xf1, 0x11,
    0x11, 0x11, 0xbc, 0x00, 0x00, 0x8f, 0x10, 0x7f,
    0xff, 0xff, 0xff, 0xff, 0xc0, 0x00, 0x2f, 0x80,
    0x07, 0xf3, 0x33, 0x33, 0x33, 0xcc, 0x00, 0x0b,
    0xf1, 0x00, 0x7f, 0x00, 0x00, 0x00, 0x0b, 0xc0,
    0x05, 0xf7, 0x00, 0x07, 0xf0, 0x00, 0x02, 0x65,
    0xdc, 0x00, 0x3a, 0x00, 0x00, 0x7f, 0x00, 0x00,
    0x3f, 0xfe, 0x60, 0x00, 0x00, 0x00, 0x00, 0x00,
    0x00, 0x00, 0x00, 0x00, 0x00,

    /* U+7184 "熄" */
    0x00, 0x00, 0xa3, 0x00, 0x00, 0x00, 0xac, 0x00,
    0x00, 0x00, 0x00, 0x01, 0xf4, 0x00, 0x00, 0x00,
    0xea, 0x00, 0x00, 0x00, 0x00, 0x01, 0xf4, 0x00,
    0x0f, 0xff, 0xff, 0xff, 0xfc, 0x00, 0x00, 0x01,
    0xf4, 0x02, 0x0f, 0x72, 0x22, 0x22, 0xbc, 0x00,
    0x01, 0x71, 0xf4, 0x3f, 0x2f, 0x72, 0x22, 0x22,
    0xbc, 0x00, 0x03, 0xe1, 0xf4, 0x9b, 0x0f, 0xff,
    0xff, 0xff, 0xfc, 0x00, 0x05, 0xd1, 0xf5, 0xe4,
    0x0f, 0x60, 0x00, 0x00, 0xac, 0x00, 0x09, 0xa1,
    0xf8, 0xc0, 0x0f, 0xed, 0xdd, 0xdd, 0xfc, 0x00,
    0x0e, 0x52, 0xf4, 0x00, 0x0f, 0x83, 0x33, 0x33,
    0xbc, 0x00, 0x06, 0x03, 0xf3, 0x00, 0x0f, 0x60,
    0x00, 0x00, 0xac, 0x00, 0x00, 0x04, 0xf2, 0x00,
    0x0f, 0xff, 0xff, 0xff, 0xfc, 0x00, 0x00, 0x06,
    0xf4, 0x00, 0x02, 0x26, 0xb3, 0x22, 0x21, 0x00,
    0x00, 0x0a, 0xff, 0x50, 0x00, 0x73, 0xbe, 0x50,
    0x12, 0x00, 0x00, 0x0f, 0x87, 0xf6, 0xf3, 0xf4,
    0x07, 0x90, 0x9d, 0x00, 0x00, 0x6f, 0x30, 0x65,
    0xf1, 0xf4, 0x00, 0x01, 0x1e, 0x70, 0x01, 0xeb,
    0x00, 0x09, 0xb1, 0xf4, 0x00, 0x07, 0xb7, 0xe0,
    0x0b, 0xf2, 0x00, 0x1f, 0x61, 0xf7, 0x44, 0x4b,
    0xa1, 0xf4, 0x0c, 0x50, 0x00, 0x03, 0x00, 0xaf,
    0xff, 0xfe, 0x30, 0x20, 0x00, 0x00, 0x00, 0x00,
    0x00, 0x00, 0x00, 0x00, 0x00, 0x00,

    /* U+7248 "版" */
    0x00, 0x22, 0x01, 0xa2, 0x00, 0x00, 0x00, 0x00,
    0x14, 0x20, 0x00, 0xbb, 0x02, 0xf3, 0x01, 0x57,
    0x8a, 0xce, 0xff, 0xd0, 0x00, 0xbb, 0x02, 0xf3,
    0x05, 0xfe, 0xcb, 0x97, 0x52, 0x00, 0x00, 0xbb,
    0x02, 0xf3, 0x05, 0xf1, 0x00, 0x00, 0x00, 0x00,
    0x00, 0xbb, 0x02, 0xf3, 0x05, 0xf1, 0x00, 0x00,
    0x00, 0x00, 0x00, 0xbc, 0x35, 0xf6, 0x35, 0xf1,
    0x00, 0x00, 0x00, 0x00, 0x00, 0xbf, 0xff, 0xff,
    0xf5, 0xff, 0xff, 0xff, 0xff, 0xb0, 0x00, 0xbb,
    0x11, 0x11, 0x15, 0xfb, 0xe6, 0x66, 0x6e, 0xa0,
    0x00, 0xbb, 0x00, 0x00, 0x05, 0xf4, 0xf1, 0x00,
    0x0f, 0x60, 0x00, 0xba, 0x00, 0x00, 0x05, 0xf1,
    0xe5, 0x00, 0x5f, 0x20, 0x00, 0xbf, 0xff, 0xfc,
    0x06, 0xf0, 0x9b, 0x00, 0xbc, 0x00, 0x00, 0xcb,
    0x55, 0xbc, 0x07, 0xf0, 0x3f, 0x23, 0xf6, 0x00,
    0x00, 0xe8, 0x00, 0x9c, 0x08, 0xe0, 0x0c, 0xbb,
    0xe0, 0x00, 0x00, 0xf6, 0x00, 0x9c, 0x0a, 0xc0,
    0x03, 0xff, 0x50, 0x00, 0x03, 0xf3, 0x00, 0x9c,
    0x0d, 0x90, 0x04, 0xff, 0x30, 0x00, 0x07, 0xf0,
    0x00, 0x9c, 0x1f, 0x50, 0x6f, 0xbc, 0xe4, 0x00,
    0x0d, 0xa0, 0x00, 0x9c, 0x7f, 0x3b, 0xf9, 0x01,
    0xcf, 0x91, 0x0b, 0x30, 0x00, 0x9c, 0x79, 0x3d,
    0x50, 0x00, 0x08, 0xc1, 0x00, 0x00, 0x00, 0x00,
    0x00, 0x00, 0x00, 0x00, 0x00, 0x00,

    /* U+7259 "牙" */
    0x03, 0x99, 0x99, 0x99, 0x99, 0x99, 0x99, 0x99,
    0x90, 0x05, 0xee, 0xee, 0xee, 0xee, 0xee, 0xff,
    0xee, 0xe0, 0x00, 0x02, 0x20, 0x00, 0x00, 0x01,
    0xf7, 0x00, 0x00, 0x00, 0x0b, 0xc0, 0x00, 0x00,
    0x01, 0xf7, 0x00, 0x00, 0x00, 0x0f, 0x80, 0x00,
    0x00, 0x01, 0xf7, 0x00, 0x00, 0x00, 0x3f, 0x40,
    0x00, 0x00, 0x01, 0xf7, 0x00, 0x00, 0x00, 0x8f,
    0x00, 0x00, 0x00, 0x01, 0xf7, 0x00, 0x00, 0x00,
    0xdf, 0xff, 0xff, 0xff, 0xff, 0xff, 0xff, 0xfe,
    0x00, 0x78, 0x88, 0x88, 0x89, 0xff, 0xfb, 0x88,
    0x87, 0x00, 0x00, 0x00, 0x00, 0x1d, 0xe4, 0xf7,
    0x00, 0x00, 0x00, 0x00, 0x00, 0x03, 0xee, 0x21,
    0xf7, 0x00, 0x00, 0x00, 0x00, 0x00, 0x8f, 0xb1,
    0x01, 0xf7, 0x00, 0x00, 0x00, 0x00, 0x5e, 0xf7,
    0x00, 0x01, 0xf7, 0x00, 0x00, 0x00, 0x5d, 0xfc,
    0x20, 0x00, 0x01, 0xf7, 0x00, 0x00, 0x7e, 0xfd,
    0x50, 0x00, 0x00, 0x01, 0xf7, 0x00, 0x00, 0x3b,
    0x40, 0x00, 0x00, 0x38, 0x89, 0xf6, 0x00, 0x00,
    0x00, 0x00, 0x00, 0x00, 0x1f, 0xfe, 0xb1, 0x00,
    0x00,

    /* U+72B6 "状" */
    0x00, 0x00, 0x06, 0x20, 0x00, 0x01, 0x51, 0x00,
    0x00, 0x00, 0x00, 0x00, 0x1f, 0x60, 0x00, 0x03,
    0xf4, 0x05, 0x10, 0x00, 0x00, 0x00, 0x1f, 0x60,
    0x00, 0x03, 0xf4, 0x0d, 0xc0, 0x00, 0x02, 0x20,
    0x1f, 0x60, 0x00, 0x03, 0xf4, 0x03, 0xf7, 0x00,
    0x0c, 0xd0, 0x1f, 0x60, 0x00, 0x03, 0xf4, 0x00,
    0x9f, 0x20, 0x02, 0xf9, 0x1f, 0x60, 0x00, 0x03,
    0xf4, 0x00, 0x1a, 0x10, 0x00, 0x7f, 0x5f, 0x60,
    0x00, 0x04, 0xf3, 0x00, 0x00, 0x00, 0x00, 0x0d,
    0x7f, 0x6d, 0xff, 0xff, 0xff, 0xff, 0xff, 0xf0,
    0x00, 0x00, 0x1f, 0x67, 0x88, 0x8b, 0xfc, 0x88,
    0x88, 0x80, 0x00, 0x00, 0x1f, 0x60, 0x00, 0x08,
    0xfb, 0x00, 0x00, 0x00, 0x00, 0x00, 0x6f, 0x60,
    0x00, 0x0b, 0xff, 0x10, 0x00, 0x00, 0x00, 0x08,
    0xff, 0x60, 0x00, 0x0f, 0x9f, 0x60, 0x00, 0x00,
    0x00, 0xaf, 0x6f, 0x60, 0x00, 0x5f, 0x4a, 0xd0,
    0x00, 0x00, 0x1d, 0xf4, 0x1f, 0x60, 0x00, 0xcd,
    0x03, 0xf5, 0x00, 0x00, 0x0b, 0x30, 0x1f, 0x60,
    0x05, 0xf6, 0x00, 0xbe, 0x00, 0x00, 0x00, 0x00,
    0x1f, 0x60, 0x1e, 0xd0, 0x00, 0x2f, 0xa0, 0x00,
    0x00, 0x00, 0x1f, 0x60, 0xcf, 0x30, 0x00, 0x07,
    0xf9, 0x00, 0x00, 0x00, 0x1f, 0x7b, 0xf5, 0x00,
    0x00, 0x00, 0x8f, 0xc2, 0x00, 0x00, 0x1f, 0x8b,
    0x50, 0x00, 0x00, 0x00, 0x06, 0xb0,

    /* U+7387 "率" */
    0x00, 0x00, 0x00, 0x00, 0xb8, 0x00, 0x00, 0x00,
    0x00, 0x00, 0x00, 0x00, 0x00, 0x8f, 0x30, 0x00,
    0x00, 0x00, 0x7f, 0xff, 0xff, 0xff, 0xff, 0xff,
    0xff, 0xff, 0xfe, 0x26, 0x66, 0x66, 0x69, 0xf8,
    0x66, 0x66, 0x66, 0x65, 0x07, 0x50, 0x00, 0x0d,
    0xa0, 0x0c, 0x40, 0x08, 0x50, 0x08, 0xfa, 0x00,
    0xbd, 0x33, 0xbe, 0x10, 0x9f, 0x60, 0x00, 0x4e,
    0xa6, 0xff, 0xff, 0xe2, 0x0b, 0xf4, 0x00, 0x00,
    0x02, 0x01, 0x42, 0xae, 0x31, 0x03, 0x20, 0x00,
    0x00, 0x03, 0xa4, 0x0a, 0xe2, 0x8d, 0x2b, 0x70,
    0x00, 0x04, 0xbf, 0xa4, 0xcf, 0x76, 0x8f, 0xa6,
    0xfc, 0x20, 0x8f, 0xb3, 0x0c, 0xff, 0xec, 0xba,
    0xf4, 0x2c, 0xf5, 0x13, 0x00, 0x02, 0x10, 0x7a,
    0x00, 0x51, 0x00, 0x71, 0x00, 0x00, 0x00, 0x00,
    0xbe, 0x00, 0x00, 0x00, 0x00, 0xff, 0xff, 0xff,
    0xff, 0xff, 0xff, 0xff, 0xff, 0xff, 0x55, 0x55,
    0x55, 0x55, 0xcf, 0x55, 0x55, 0x55, 0x55, 0x00,
    0x00, 0x00, 0x00, 0xbe, 0x00, 0x00, 0x00, 0x00,
    0x00, 0x00, 0x00, 0x00, 0xbe, 0x00, 0x00, 0x00,
    0x00, 0x00, 0x00, 0x00, 0x00, 0xbe, 0x00, 0x00,
    0x00, 0x00,

    /* U+7406 "理" */
    0x07, 0x77, 0x77, 0x71, 0xce, 0xee, 0xee, 0xee,
    0xee, 0x60, 0x0f, 0xff, 0xff, 0xf3, 0xeb, 0x77,
    0xaf, 0x77, 0x7f, 0x70, 0x00, 0x08, 0xe0, 0x00,
    0xe7, 0x00, 0x5f, 0x00, 0x0f, 0x70, 0x00, 0x08,
    0xe0, 0x00, 0xe7, 0x00, 0x5f, 0x00, 0x0f, 0x70,
    0x00, 0x08, 0xe0, 0x00, 0xef, 0xff, 0xff, 0xff,
    0xff, 0x70, 0x00, 0x08, 0xe0, 0x00, 0xe9, 0x33,
    0x7f, 0x33, 0x3f, 0x70, 0x08, 0xad, 0xfa, 0x90,
    0xe7, 0x00, 0x5f, 0x00, 0x0f, 0x70, 0x09, 0xbe,
    0xfb, 0xb0, 0xe9, 0x33, 0x7f, 0x33, 0x3f, 0x70,
    0x00, 0x08, 0xe0, 0x00, 0xef, 0xff, 0xff, 0xff,
    0xff, 0x70, 0x00, 0x08, 0xe0, 0x00, 0x11, 0x11,
    0x8f, 0x21, 0x11, 0x00, 0x00, 0x08, 0xe0, 0x00,
    0x00, 0x00, 0x7f, 0x10, 0x00, 0x00, 0x00, 0x08,
    0xe0, 0x00, 0x66, 0x66, 0xbf, 0x76, 0x66, 0x40,
    0x00, 0x08, 0xf6, 0xa2, 0xff, 0xff, 0xff, 0xff,
    0xff, 0xb0, 0x03, 0x8d, 0xff, 0xc3, 0x00, 0x00,
    0x7f, 0x10, 0x00, 0x00, 0x1f, 0xea, 0x51, 0x00,
    0x00, 0x00, 0x7f, 0x10, 0x00, 0x00, 0x03, 0x00,
    0x00, 0x5a, 0xaa, 0xaa, 0xcf, 0xaa, 0xaa, 0xa4,
    0x00, 0x00, 0x00, 0x9f, 0xff, 0xff, 0xff, 0xff,
    0xff, 0xf6,

    /* U+751F "生" */
    0x00, 0x01, 0x61, 0x00, 0x8c, 0x00, 0x00, 0x00,
    0x00, 0x00, 0x00, 0x6f, 0x30, 0x0a, 0xe0, 0x00,
    0x00, 0x00, 0x00, 0x00, 0x0b, 0xe0, 0x00, 0xae,
    0x00, 0x00, 0x00, 0x00, 0x00, 0x02, 0xf8, 0x00,
    0x0a, 0xe0, 0x00, 0x00, 0x00, 0x00, 0x00, 0x9f,
    0xff, 0xff, 0xff, 0xff, 0xff, 0xff, 0xf1, 0x00,
    0x2f, 0xc8, 0x88, 0x8d, 0xf8, 0x88, 0x88, 0x88,
    0x10, 0x0b, 0xf2, 0x00, 0x00, 0xae, 0x00, 0x00,
    0x00, 0x00, 0x07, 0xf8, 0x00, 0x00, 0x0a, 0xe0,
    0x00, 0x00, 0x00, 0x00, 0x29, 0x00, 0x00, 0x00,
    0xae, 0x00, 0x00, 0x00, 0x00, 0x00, 0x00, 0x00,
    0x00, 0x0a, 0xe0, 0x00, 0x00, 0x00, 0x00, 0x00,
    0x9f, 0xff, 0xff, 0xff, 0xff, 0xff, 0xff, 0x60,
    0x00, 0x03, 0x66, 0x66, 0x6c, 0xf6, 0x66, 0x66,
    0x62, 0x00, 0x00, 0x00, 0x00, 0x00, 0xae, 0x00,
    0x00, 0x00, 0x00, 0x00, 0x00, 0x00, 0x00, 0x0a,
    0xe0, 0x00, 0x00, 0x00, 0x00, 0x00, 0x00, 0x00,
    0x00, 0xae, 0x00, 0x00, 0x00, 0x00, 0x00, 0x00,
    0x00, 0x00, 0x0a, 0xe0, 0x00, 0x00, 0x00, 0x00,
    0x9b, 0xbb, 0xbb, 0xbb, 0xef, 0xbb, 0xbb, 0xbb,
    0xbb, 0x1c, 0xff, 0xff, 0xff, 0xff, 0xff, 0xff,
    0xff, 0xff, 0xf1,

    /* U+7528 "用" */
    0x00, 0x06, 0x77, 0x77, 0x77, 0x77, 0x77, 0x77,
    0x75, 0x00, 0x0d, 0xff, 0xff, 0xff, 0xff, 0xff,
    0xff, 0xfd, 0x00, 0x0d, 0xa0, 0x00, 0x09, 0xf0,
    0x00, 0x00, 0xad, 0x00, 0x0d, 0xa0, 0x00, 0x09,
    0xf0, 0x00, 0x00, 0xad, 0x00, 0x0d, 0xa0, 0x00,
    0x09, 0xf0, 0x00, 0x00, 0xad, 0x00, 0x0d, 0xff,
    0xff, 0xff, 0xff, 0xff, 0xff, 0xfd, 0x00, 0x0d,
    0xc7, 0x77, 0x7c, 0xf7, 0x77, 0x77, 0xdd, 0x00,
    0x0d, 0xa0, 0x00, 0x09, 0xf0, 0x00, 0x00, 0xad,
    0x00, 0x0e, 0x90, 0x00, 0x09, 0xf0, 0x00, 0x00,
    0xad, 0x00, 0x0e, 0x80, 0x00, 0x09, 0xf0, 0x00,
    0x00, 0xad, 0x00, 0x0f, 0xff, 0xff, 0xff, 0xff,
    0xff, 0xff, 0xfd, 0x00, 0x2f, 0xa7, 0x77, 0x7c,
    0xf7, 0x77, 0x77, 0xdd, 0x00, 0x5f, 0x20, 0x00,
    0x09, 0xf0, 0x00, 0x00, 0xad, 0x00, 0xae, 0x00,
    0x00, 0x09, 0xf0, 0x00, 0x00, 0xad, 0x01, 0xf9,
    0x00, 0x00, 0x09, 0xf0, 0x00, 0x00, 0xad, 0x0a,
    0xf2, 0x00, 0x00, 0x09, 0xf0, 0x16, 0x66, 0xdc,
    0x1c, 0x70, 0x00, 0x00, 0x08, 0xe0, 0x0f, 0xff,
    0xe5, 0x00, 0x00, 0x00, 0x00, 0x00, 0x00, 0x00,
    0x00, 0x00,

    /* U+7535 "电" */
    0x00, 0x00, 0x00, 0x0d, 0x70, 0x00, 0x00, 0x00,
    0x00, 0x00, 0x00, 0x00, 0x0f, 0x80, 0x00, 0x00,
    0x00, 0x00, 0x00, 0x00, 0x00, 0x0f, 0x80, 0x00,
    0x00, 0x00, 0x00, 0x8f, 0xff, 0xff, 0xff, 0xff,
    0xff, 0xff, 0xf6, 0x00, 0x9f, 0x88, 0x88, 0x8f,
    0xc8, 0x88, 0x89, 0xf7, 0x00, 0x9f, 0x00, 0x00,
    0x0f, 0x80, 0x00, 0x01, 0xf7, 0x00, 0x9f, 0x00,
    0x00, 0x0f, 0x80, 0x00, 0x01, 0xf7, 0x00, 0x9f,
    0x77, 0x77, 0x7f, 0xc7, 0x77, 0x78, 0xf7, 0x00,
    0x9f, 0xff, 0xff, 0xff, 0xff, 0xff, 0xff, 0xf7,
    0x00, 0x9f, 0x00, 0x00, 0x0f, 0x80, 0x00, 0x01,
    0xf7, 0x00, 0x9f, 0x00, 0x00, 0x0f, 0x80, 0x00,
    0x01, 0xf7, 0x00, 0x9f, 0x44, 0x44, 0x4f, 0xa4,
    0x44, 0x45, 0xf7, 0x00, 0x9f, 0xff, 0xff, 0xff,
    0xff, 0xff, 0xff, 0xf7, 0x00, 0x9f, 0x33, 0x33,
    0x3f, 0xa3, 0x33, 0x33, 0x32, 0x20, 0x36, 0x00,
    0x00, 0x0f, 0x80, 0x00, 0x00, 0x03, 0xf4, 0x00,
    0x00, 0x00, 0x0f, 0x90, 0x00, 0x00, 0x06, 0xf3,
    0x00, 0x00, 0x00, 0x0d, 0xf9, 0x88, 0x88, 0x8e,
    0xe0, 0x00, 0x00, 0x00, 0x04, 0xdf, 0xff, 0xff,
    0xfd, 0x40,

    /* U+76D8 "盘" */
    0x00, 0x00, 0x00, 0x00, 0x1e, 0x60, 0x00, 0x00,
    0x00, 0x00, 0x00, 0x00, 0x34, 0x44, 0x9f, 0x64,
    0x44, 0x44, 0x20, 0x00, 0x00, 0x00, 0xcf, 0xff,
    0xff, 0xff, 0xff, 0xff, 0x70, 0x00, 0x00, 0x00,
    0xca, 0x00, 0x94, 0x00, 0x00, 0x0f, 0x70, 0x00,
    0x00, 0x00, 0xca, 0x00, 0x7f, 0xa1, 0x00, 0x0f,
    0x70, 0x00, 0x00, 0x00, 0xc9, 0x00, 0x02, 0xb2,
    0x00, 0x0f, 0x70, 0x00, 0x0f, 0xff, 0xff, 0xff,
    0xff, 0xff, 0xff, 0xff, 0xff, 0xf2, 0x04, 0x56,
    0xf9, 0x55, 0x85, 0x55, 0x55, 0x5f, 0xa5, 0x50,
    0x00, 0x06, 0xf1, 0x01, 0xec, 0x30, 0x00, 0x0f,
    0x70, 0x00, 0x00, 0x2e, 0xa0, 0x00, 0x09, 0xf4,
    0x00, 0x1f, 0x70, 0x00, 0x03, 0xee, 0x10, 0x00,
    0x00, 0x40, 0xaf, 0xff, 0x30, 0x00, 0x00, 0x95,
    0x33, 0x33, 0x33, 0x33, 0x57, 0x64, 0x30, 0x00,
    0x00, 0x0e, 0xff, 0xff, 0xff, 0xff, 0xff, 0xff,
    0xf0, 0x00, 0x00, 0x0e, 0x70, 0x0e, 0x70, 0x0e,
    0x70, 0x07, 0xf0, 0x00, 0x00, 0x0e, 0x70, 0x0e,
    0x70, 0x0e, 0x70, 0x07, 0xf0, 0x00, 0x00, 0x0e,
    0x70, 0x0e, 0x70, 0x0e, 0x70, 0x07, 0xf0, 0x00,
    0x01, 0x1f, 0x81, 0x1f, 0x81, 0x1f, 0x81, 0x18,
    0xf1, 0x10, 0x2f, 0xff, 0xff, 0xff, 0xff, 0xff,
    0xff, 0xff, 0xff, 0xf1,

    /* U+76EE "目" */
    0x78, 0x88, 0x88, 0x88, 0x88, 0x88, 0x86, 0xdf,
    0xff, 0xff, 0xff, 0xff, 0xff, 0xfb, 0xda, 0x00,
    0x00, 0x00, 0x00, 0x00, 0xdb, 0xda, 0x00, 0x00,
    0x00, 0x00, 0x00, 0xdb, 0xda, 0x00, 0x00, 0x00,
    0x00, 0x00, 0xdb, 0xdf, 0xff, 0xff, 0xff, 0xff,
    0xff, 0xfb, 0xdd, 0x77, 0x77, 0x77, 0x77, 0x77,
    0xeb, 0xda, 0x00, 0x00, 0x00, 0x00, 0x00, 0xdb,
    0xda, 0x00, 0x00, 0x00, 0x00, 0x00, 0xdb, 0xdb,
    0x11, 0x11, 0x11, 0x11, 0x11, 0xdb, 0xdf, 0xff,
    0xff, 0xff, 0xff, 0xff, 0xfb, 0xdc, 0x55, 0x55,
    0x55, 0x55, 0x55, 0xeb, 0xda, 0x00, 0x00, 0x00,
    0x00, 0x00, 0xdb, 0xda, 0x00, 0x00, 0x00, 0x00,
    0x00, 0xdb, 0xdc, 0x55, 0x55, 0x55, 0x55, 0x55,
    0xeb, 0xdf, 0xff, 0xff, 0xff, 0xff, 0xff, 0xfb,
    0xdb, 0x22, 0x22, 0x22, 0x22, 0x22, 0xdb,

    /* U+7720 "眠" */
    0x37, 0x66, 0x64, 0x06, 0xcc, 0xcc, 0xcc, 0xcc,
    0xc2, 0x09, 0xff, 0xff, 0xb0, 0x8f, 0x99, 0x99,
    0x99, 0xbf, 0x30, 0x9d, 0x00, 0xbb, 0x08, 0xe0,
    0x00, 0x00, 0x04, 0xf3, 0x09, 0xd0, 0x0b, 0xb0,
    0x8e, 0x00, 0x00, 0x00, 0x4f, 0x30, 0x9e, 0x55,
    0xdb, 0x08, 0xf9, 0x99, 0x99, 0x9b, 0xf3, 0x09,
    0xff, 0xff, 0xb0, 0x8f, 0xcc, 0xcf, 0xec, 0xcc,
    0x20, 0x9d, 0x00, 0xbb, 0x08, 0xe0, 0x00, 0xe9,
    0x00, 0x00, 0x09, 0xd0, 0x0b, 0xb0, 0x8e, 0x00,
    0x0d, 0x90, 0x00, 0x00, 0x9e, 0x44, 0xcb, 0x08,
    0xf5, 0x55, 0xdc, 0x55, 0x55, 0x09, 0xff, 0xff,
    0xb0, 0x8f, 0xff, 0xff, 0xff, 0xff, 0xf1, 0x9d,
    0x00, 0xbb, 0x08, 0xe1, 0x11, 0x8f, 0x11, 0x11,
    0x09, 0xd0, 0x0b, 0xb0, 0x8e, 0x00, 0x05, 0xf2,
    0x00, 0x00, 0x9e, 0x11, 0xbb, 0x08, 0xe0, 0x00,
    0x1f, 0x60, 0x00, 0x09, 0xff, 0xff, 0xb0, 0x8e,
    0x00, 0x00, 0xdb, 0x00, 0x71, 0x9e, 0x44, 0x43,
    0x08, 0xe0, 0x02, 0x37, 0xf2, 0x0e, 0x49, 0xd0,
    0x00, 0x00, 0xcf, 0xbf, 0xf8, 0x0e, 0xe9, 0xf1,
    0x00, 0x00, 0x00, 0x7f, 0xc8, 0x40, 0x00, 0x2c,
    0xf9, 0x00, 0x00, 0x00, 0x00, 0x10, 0x00, 0x00,
    0x00, 0x00, 0x00,

    /* U+7761 "睡" */
    0x00, 0x00, 0x00, 0x00, 0x00, 0x00, 0x00, 0x14,
    0x10, 0x03, 0x76, 0x66, 0x20, 0x56, 0x89, 0xbc,
    0xef, 0xf8, 0x00, 0x8f, 0xff, 0xf6, 0x09, 0xcb,
    0xac, 0xf5, 0x30, 0x00, 0x08, 0xc0, 0x0d, 0x60,
    0x00, 0x00, 0x8e, 0x00, 0x00, 0x00, 0x8c, 0x00,
    0xd6, 0x12, 0x22, 0x29, 0xf2, 0x22, 0x21, 0x08,
    0xd5, 0x5e, 0x69, 0xff, 0xff, 0xff, 0xff, 0xff,
    0xa0, 0x8f, 0xff, 0xf6, 0x36, 0xf9, 0x6b, 0xf6,
    0x8f, 0x73, 0x08, 0xc0, 0x0d, 0x60, 0x0f, 0x40,
    0x8e, 0x03, 0xf1, 0x00, 0x8c, 0x00, 0xd6, 0x34,
    0xf7, 0x4a, 0xf4, 0x6f, 0x54, 0x08, 0xd4, 0x4e,
    0x6e, 0xff, 0xff, 0xff, 0xff, 0xff, 0xf1, 0x8f,
    0xff, 0xf6, 0x22, 0xf6, 0x29, 0xf2, 0x5f, 0x42,
    0x08, 0xc0, 0x0d, 0x60, 0x0f, 0x40, 0x8e, 0x03,
    0xf1, 0x00, 0x8c, 0x00, 0xd6, 0x35, 0xf8, 0x5b,
    0xf5, 0x7f, 0x63, 0x08, 0xc1, 0x1d, 0x6b, 0xff,
    0xff, 0xff, 0xff, 0xff, 0xa0, 0x8f, 0xff, 0xf6,
    0x01, 0x11, 0x18, 0xf1, 0x11, 0x10, 0x08, 0xd4,
    0x44, 0x10, 0x00, 0x00, 0x8e, 0x00, 0x00, 0x00,
    0x8c, 0x00, 0x00, 0x01, 0x11, 0x18, 0xf1, 0x11,
    0x10, 0x00, 0x00, 0x00, 0x00, 0xef, 0xff, 0xff,
    0xff, 0xff, 0x10,

    /* U+77E5 "知" */
    0x00, 0x00, 0x00, 0x00, 0x00, 0x00, 0x00, 0x00,
    0x00, 0x00, 0x00, 0xe6, 0x00, 0x00, 0x00, 0x00,
    0x00, 0x00, 0x00, 0x00, 0x2f, 0x50, 0x00, 0x00,
    0x14, 0x44, 0x44, 0x44, 0x10, 0x07, 0xf6, 0x55,
    0x55, 0x34, 0xff, 0xff, 0xff, 0xf6, 0x00, 0xcf,
    0xff, 0xff, 0xfb, 0x4f, 0x42, 0x22, 0x4f, 0x60,
    0x2f, 0x61, 0xf9, 0x11, 0x04, 0xf3, 0x00, 0x02,
    0xf6, 0x0a, 0xf0, 0x0f, 0x80, 0x00, 0x4f, 0x30,
    0x00, 0x2f, 0x62, 0xf8, 0x00, 0xf8, 0x00, 0x04,
    0xf3, 0x00, 0x02, 0xf6, 0x03, 0x00, 0x0f, 0x80,
    0x00, 0x4f, 0x30, 0x00, 0x2f, 0x60, 0x88, 0x88,
    0xfc, 0x88, 0x86, 0xf3, 0x00, 0x02, 0xf6, 0x1f,
    0xff, 0xff, 0xff, 0xff, 0x8f, 0x30, 0x00, 0x2f,
    0x60, 0x00, 0x03, 0xf5, 0x00, 0x04, 0xf3, 0x00,
    0x02, 0xf6, 0x00, 0x00, 0x6f, 0x80, 0x00, 0x4f,
    0x30, 0x00, 0x2f, 0x60, 0x00, 0x0a, 0xff, 0x80,
    0x04, 0xf3, 0x00, 0x02, 0xf6, 0x00, 0x01, 0xf9,
    0x6f, 0x70, 0x4f, 0x30, 0x00, 0x2f, 0x60, 0x00,
    0x8f, 0x20, 0x9f, 0x64, 0xf3, 0x00, 0x02, 0xf6,
    0x00, 0x3f, 0x90, 0x00, 0xbf, 0x5f, 0xff, 0xff,
    0xff, 0x60, 0x2e, 0xd0, 0x00, 0x01, 0x54, 0xf8,
    0x77, 0x78, 0xf6, 0x1e, 0xd1, 0x00, 0x00, 0x00,
    0x4f, 0x30, 0x00, 0x2f, 0x60, 0x31, 0x00, 0x00,
    0x00, 0x00, 0x00, 0x00, 0x00, 0x00,

    /* U+77ED "短" */
    0x00, 0x2b, 0x10, 0x00, 0x00, 0x00, 0x00, 0x00,
    0x00, 0x00, 0x00, 0x5f, 0x00, 0x00, 0x0d, 0xff,
    0xff, 0xff, 0xff, 0xf0, 0x00, 0x9e, 0x11, 0x11,
    0x06, 0x66, 0x66, 0x66, 0x66, 0x60, 0x00, 0xcf,
    0xff, 0xff, 0x60, 0x00, 0x00, 0x00, 0x00, 0x00,
    0x01, 0xf7, 0x9f, 0x44, 0x11, 0x66, 0x66, 0x66,
    0x66, 0x10, 0x07, 0xf0, 0x7e, 0x00, 0x04, 0xff,
    0xff, 0xff, 0xff, 0x30, 0x0c, 0x90, 0x7e, 0x00,
    0x04, 0xf1, 0x00, 0x00, 0x3f, 0x30, 0x00, 0x10,
    0x7e, 0x00, 0x04, 0xf1, 0x00, 0x00, 0x3f, 0x30,
    0x0c, 0xdd, 0xef, 0xdd, 0x84, 0xf1, 0x00, 0x00,
    0x3f, 0x30, 0x08, 0x88, 0xde, 0x88, 0x54, 0xf7,
    0x66, 0x66, 0x8f, 0x30, 0x00, 0x00, 0xbb, 0x00,
    0x04, 0xff, 0xff, 0xff, 0xff, 0x30, 0x00, 0x00,
    0xee, 0x10, 0x00, 0x01, 0x00, 0x00, 0x41, 0x00,
    0x00, 0x01, 0xff, 0xb0, 0x00, 0x9d, 0x00, 0x01,
    0xf7, 0x00, 0x00, 0x07, 0xf4, 0xf7, 0x00, 0x3f,
    0x30, 0x05, 0xf1, 0x00, 0x00, 0x0e, 0xa0, 0x9f,
    0x30, 0x0d, 0x90, 0x0b, 0xb0, 0x00, 0x00, 0x8f,
    0x20, 0x1d, 0x20, 0x09, 0xd0, 0x1f, 0x50, 0x00,
    0x05, 0xf8, 0x00, 0x00, 0x66, 0x67, 0x76, 0xaf,
    0x66, 0x61, 0x0a, 0xb0, 0x00, 0x00, 0xef, 0xff,
    0xff, 0xff, 0xff, 0xf3, 0x00, 0x00, 0x00, 0x00,
    0x00, 0x00, 0x00, 0x00, 0x00, 0x00,

    /* U+786C "硬" */
    0x00, 0x00, 0x00, 0x00, 0x12, 0x22, 0x22, 0x22,
    0x22, 0x20, 0x0f, 0xff, 0xff, 0xfb, 0xcf, 0xff,
    0xff, 0xff, 0xff, 0xf0, 0x06, 0x6b, 0xe6, 0x65,
    0x23, 0x33, 0x6f, 0x63, 0x33, 0x30, 0x00, 0x0b,
    0xb0, 0x00, 0x00, 0x00, 0x3f, 0x30, 0x00, 0x00,
    0x00, 0x0e, 0x80, 0x00, 0x5e, 0xee, 0xef, 0xee,
    0xee, 0x60, 0x00, 0x3f, 0x40, 0x00, 0x6f, 0x55,
    0x7f, 0x75, 0x5f, 0x70, 0x00, 0x7f, 0x00, 0x00,
    0x6f, 0x00, 0x3f, 0x30, 0x0e, 0x70, 0x00, 0xdd,
    0x66, 0x64, 0x6f, 0x55, 0x7f, 0x75, 0x5f, 0x70,
    0x03, 0xff, 0xff, 0xfa, 0x6f, 0xdd, 0xdf, 0xdd,
    0xdf, 0x70, 0x0c, 0xfa, 0x00, 0xaa, 0x6f, 0x00,
    0x3f, 0x30, 0x0e, 0x70, 0x3f, 0xea, 0x00, 0xaa,
    0x6f, 0x33, 0x6f, 0x53, 0x3f, 0x70, 0x0a, 0xaa,
    0x00, 0xaa, 0x5f, 0xff, 0xff, 0xff, 0xff, 0x60,
    0x00, 0xaa, 0x00, 0xaa, 0x16, 0x00, 0x7f, 0x00,
    0x00, 0x00, 0x00, 0xaa, 0x00, 0xaa, 0x1f, 0x70,
    0xbc, 0x00, 0x00, 0x00, 0x00, 0xac, 0x44, 0xba,
    0x06, 0xf7, 0xf6, 0x00, 0x00, 0x00, 0x00, 0xaf,
    0xff, 0xfa, 0x00, 0x9f, 0xf0, 0x00, 0x00, 0x00,
    0x00, 0xab, 0x11, 0x10, 0x03, 0xdf, 0xfe, 0x72,
    0x00, 0x00, 0x00, 0xaa, 0x00, 0x04, 0xbf, 0xc2,
    0x2a, 0xff, 0xea, 0x81, 0x00, 0x00, 0x00, 0x03,
    0xc5, 0x00, 0x00, 0x15, 0x9d, 0x90,

    /* U+786E "确" */
    0x00, 0x00, 0x00, 0x00, 0x00, 0x1b, 0x20, 0x00,
    0x00, 0x00, 0xab, 0xbb, 0xbb, 0x90, 0x08, 0xf2,
    0x22, 0x30, 0x00, 0x09, 0xad, 0xfa, 0xa8, 0x01,
    0xff, 0xff, 0xff, 0x80, 0x00, 0x00, 0xac, 0x00,
    0x00, 0x9e, 0x22, 0x29, 0xf2, 0x00, 0x00, 0x0e,
    0x80, 0x00, 0x5f, 0x50, 0x02, 0xf6, 0x00, 0x00,
    0x02, 0xf4, 0x00, 0x3f, 0xfb, 0xbb, 0xef, 0xbb,
    0xb5, 0x00, 0x6f, 0x00, 0x0d, 0xcf, 0xc9, 0xaf,
    0xa9, 0x9f, 0x80, 0x0c, 0xe9, 0x99, 0x41, 0xf6,
    0x02, 0xf2, 0x00, 0xf8, 0x02, 0xfe, 0xcc, 0xf2,
    0x0f, 0x83, 0x4f, 0x53, 0x3f, 0x80, 0xaf, 0xb0,
    0x1f, 0x20, 0xff, 0xff, 0xff, 0xff, 0xf8, 0x2f,
    0xfb, 0x01, 0xf2, 0x0f, 0x60, 0x2f, 0x30, 0x0f,
    0x80, 0xb9, 0xb0, 0x1f, 0x20, 0xf5, 0x02, 0xf2,
    0x00, 0xf8, 0x00, 0x9b, 0x01, 0xf2, 0x1f, 0x96,
    0x7f, 0x76, 0x6f, 0x80, 0x09, 0xb0, 0x1f, 0x23,
    0xff, 0xff, 0xff, 0xff, 0xf8, 0x00, 0x9c, 0x45,
    0xf2, 0x6e, 0x00, 0x2f, 0x20, 0x0f, 0x80, 0x09,
    0xff, 0xff, 0x2b, 0x90, 0x02, 0xf2, 0x00, 0xf8,
    0x00, 0x9b, 0x11, 0x13, 0xf2, 0x00, 0x2f, 0x34,
    0x4f, 0x70, 0x09, 0xb0, 0x01, 0xd7, 0x00, 0x02,
    0xf2, 0xdf, 0xe3, 0x00, 0x00, 0x00, 0x02, 0x00,
    0x00, 0x00, 0x00, 0x00, 0x00,

    /* U+793A "示" */
    0x00, 0x05, 0x55, 0x55, 0x55, 0x55, 0x55, 0x55,
    0x50, 0x00, 0x00, 0xff, 0xff, 0xff, 0xff, 0xff,
    0xff, 0xff, 0x10, 0x00, 0x02, 0x22, 0x22, 0x22,
    0x22, 0x22, 0x22, 0x20, 0x00, 0x00, 0x00, 0x00,
    0x00, 0x00, 0x00, 0x00, 0x00, 0x00, 0x00, 0x00,
    0x00, 0x00, 0x00, 0x00, 0x00, 0x00, 0x00, 0x00,
    0x67, 0x77, 0x77, 0x77, 0x77, 0x77, 0x77, 0x77,
    0x76, 0x0c, 0xff, 0xff, 0xff, 0xff, 0xff, 0xff,
    0xff, 0xff, 0xd0, 0x00, 0x00, 0x00, 0x00, 0xcd,
    0x00, 0x00, 0x00, 0x00, 0x00, 0x00, 0x00, 0x00,
    0x0c, 0xd0, 0x00, 0x00, 0x00, 0x00, 0x00, 0x09,
    0xe0, 0x00, 0xcd, 0x00, 0x1d, 0x80, 0x00, 0x00,
    0x02, 0xf9, 0x00, 0x0c, 0xd0, 0x00, 0x8f, 0x40,
    0x00, 0x00, 0xbf, 0x10, 0x00, 0xcd, 0x00, 0x00,
    0xde, 0x10, 0x00, 0x7f, 0x60, 0x00, 0x0c, 0xd0,
    0x00, 0x03, 0xf9, 0x00, 0x5f, 0xa0, 0x00, 0x00,
    0xcd, 0x00, 0x00, 0x0a, 0xf2, 0x1d, 0xc0, 0x00,
    0x00, 0x0c, 0xd0, 0x00, 0x00, 0x2f, 0x70, 0x00,
    0x00, 0x18, 0x88, 0xed, 0x00, 0x00, 0x00, 0x10,
    0x00, 0x00, 0x00, 0xef, 0xfd, 0x50, 0x00, 0x00,
    0x00, 0x00, 0x00, 0x00, 0x00, 0x00, 0x00, 0x00,
    0x00, 0x00, 0x00,

    /* U+79BB "离" */
    0x00, 0x00, 0x00, 0x01, 0xc4, 0x00, 0x00, 0x00,
    0x00, 0x00, 0x00, 0x00, 0x00, 0xcb, 0x00, 0x00,
    0x00, 0x00, 0x8f, 0xff, 0xff, 0xff, 0xff, 0xff,
    0xff, 0xff, 0xfe, 0x35, 0x55, 0x55, 0x65, 0x55,
    0x56, 0x55, 0x55, 0x55, 0x00, 0x4b, 0x03, 0xe7,
    0x00, 0x3d, 0x40, 0x97, 0x00, 0x00, 0x6f, 0x00,
    0x2a, 0xea, 0xd4, 0x00, 0xda, 0x00, 0x00, 0x6f,
    0x00, 0x18, 0xec, 0xe6, 0x00, 0xda, 0x00, 0x00,
    0x6f, 0x09, 0xf9, 0x10, 0x3c, 0xc0, 0xda, 0x00,
    0x00, 0x6f, 0x58, 0x75, 0x55, 0x55, 0x75, 0xea,
    0x00, 0x00, 0x5e, 0xee, 0xee, 0xff, 0xee, 0xee,
    0xe9, 0x00, 0x00, 0x00, 0x00, 0x00, 0xea, 0x00,
    0x00, 0x00, 0x00, 0x0a, 0xff, 0xff, 0xff, 0xff,
    0xff, 0xff, 0xff, 0xd0, 0x0b, 0xd5, 0x55, 0x7f,
    0x95, 0x59, 0x55, 0x5b, 0xe0, 0x0b, 0xc0, 0x00,
    0xcc, 0x00, 0x2f, 0x50, 0x09, 0xe0, 0x0b, 0xc0,
    0x08, 0xf8, 0x79, 0xae, 0xf3, 0x09, 0xe0, 0x0b,
    0xc0, 0x5f, 0xdb, 0x97, 0x64, 0x9a, 0x09, 0xe0,
    0x0b, 0xc0, 0x13, 0x00, 0x00, 0x00, 0x12, 0x2a,
    0xe0, 0x0b, 0xc0, 0x00, 0x00, 0x00, 0x00, 0x2f,
    0xff, 0x80, 0x00, 0x00, 0x00, 0x00, 0x00, 0x00,
    0x00, 0x00, 0x00,

    /* U+79D2 "秒" */
    0x00, 0x00, 0x00, 0x34, 0x00, 0x00, 0x7e, 0x00,
    0x00, 0x00, 0x03, 0x6a, 0xef, 0xd0, 0x00, 0x07,
    0xf0, 0x00, 0x00, 0x0d, 0xfe, 0xfc, 0x30, 0x00,
    0x00, 0x7f, 0x00, 0x00, 0x00, 0x20, 0x0e, 0x90,
    0x00, 0x14, 0x07, 0xf0, 0x38, 0x00, 0x00, 0x00,
    0xe9, 0x00, 0x06, 0xf0, 0x7f, 0x03, 0xf5, 0x00,
    0x33, 0x3f, 0xa3, 0x31, 0x9c, 0x07, 0xf0, 0x0b,
    0xc0, 0x4f, 0xff, 0xff, 0xff, 0x6c, 0x90, 0x7f,
    0x00, 0x4f, 0x30, 0x22, 0x6f, 0xb2, 0x22, 0xf5,
    0x07, 0xf0, 0x00, 0xe9, 0x00, 0x0a, 0xff, 0x50,
    0x6f, 0x10, 0x7f, 0x00, 0x09, 0xb0, 0x02, 0xff,
    0xcf, 0x37, 0xb0, 0x07, 0xf0, 0x00, 0x00, 0x00,
    0xaa, 0xe9, 0x9e, 0x00, 0x00, 0x7f, 0x00, 0xac,
    0x00, 0x3f, 0x3e, 0x91, 0x90, 0x00, 0x07, 0xf0,
    0x2f, 0x80, 0x0d, 0xa0, 0xe9, 0x00, 0x00, 0x00,
    0x36, 0x0d, 0xe0, 0x05, 0xf1, 0x0e, 0x90, 0x00,
    0x00, 0x00, 0x0b, 0xf3, 0x00, 0x03, 0x00, 0xe9,
    0x00, 0x00, 0x00, 0x3d, 0xf4, 0x00, 0x00, 0x00,
    0x0e, 0x90, 0x00, 0x03, 0xaf, 0xc2, 0x00, 0x00,
    0x00, 0x00, 0xe9, 0x04, 0x9e, 0xfd, 0x50, 0x00,
    0x00, 0x00, 0x00, 0x0e, 0x90, 0x5d, 0x83, 0x00,
    0x00, 0x00, 0x00,

    /* U+7A0D "稍" */
    0x00, 0x00, 0x03, 0x60, 0x00, 0x00, 0x0c, 0x50,
    0x00, 0x00, 0x02, 0x59, 0xdf, 0xe2, 0x1e, 0x50,
    0x0f, 0x70, 0x09, 0xd0, 0x0a, 0xec, 0xf6, 0x00,
    0x09, 0xe0, 0x0f, 0x70, 0x2f, 0x70, 0x00, 0x01,
    0xf4, 0x00, 0x01, 0xf6, 0x0f, 0x70, 0xad, 0x00,
    0x00, 0x01, 0xf4, 0x00, 0x00, 0x98, 0x0f, 0x71,
    0xe4, 0x00, 0x01, 0x12, 0xf5, 0x10, 0x01, 0x21,
    0x1f, 0x81, 0x22, 0x00, 0x1f, 0xff, 0xff, 0xfb,
    0x0e, 0xff, 0xff, 0xff, 0xff, 0x70, 0x05, 0x5b,
    0xf8, 0x53, 0x0e, 0xa5, 0x55, 0x55, 0x5f, 0x70,
    0x00, 0x0c, 0xfa, 0x00, 0x0e, 0x70, 0x00, 0x00,
    0x0f, 0x70, 0x00, 0x2f, 0xfe, 0x70, 0x0e, 0xa5,
    0x55, 0x55, 0x5f, 0x70, 0x00, 0x9b, 0xf6, 0xf4,
    0x0e, 0xff, 0xff, 0xff, 0xff, 0x70, 0x01, 0xf5,
    0xf4, 0x74, 0x0e, 0x70, 0x00, 0x00, 0x0f, 0x70,
    0x0a, 0xc1, 0xf4, 0x00, 0x0e, 0x81, 0x11, 0x11,
    0x1f, 0x70, 0x1f, 0x41, 0xf4, 0x00, 0x0e, 0xff,
    0xff, 0xff, 0xff, 0x70, 0x05, 0x01, 0xf4, 0x00,
    0x0e, 0x93, 0x33, 0x33, 0x3f, 0x70, 0x00, 0x01,
    0xf4, 0x00, 0x0e, 0x70, 0x00, 0x00, 0x0f, 0x70,
    0x00, 0x01, 0xf4, 0x00, 0x0e, 0x70, 0x00, 0x35,
    0x5f, 0x60, 0x00, 0x01, 0xf4, 0x00, 0x0e, 0x70,
    0x00, 0x7f, 0xfd, 0x20, 0x00, 0x00, 0x00, 0x00,
    0x00, 0x00, 0x00, 0x00, 0x00, 0x00,

    /* U+7ACB "立" */
    0x00, 0x00, 0x00, 0x03, 0xc2, 0x00, 0x00, 0x00,
    0x00, 0x00, 0x00, 0x00, 0x01, 0xf8, 0x00, 0x00,
    0x00, 0x00, 0x00, 0x00, 0x00, 0x00, 0xcd, 0x00,
    0x00, 0x00, 0x00, 0x00, 0x00, 0x00, 0x00, 0x67,
    0x00, 0x00, 0x00, 0x00, 0x1f, 0xff, 0xff, 0xff,
    0xff, 0xff, 0xff, 0xff, 0xf2, 0x07, 0x77, 0x77,
    0x77, 0x77, 0x77, 0x77, 0x77, 0x71, 0x00, 0x00,
    0x31, 0x00, 0x00, 0x00, 0x14, 0x10, 0x00, 0x00,
    0x02, 0xf7, 0x00, 0x00, 0x00, 0x6f, 0x50, 0x00,
    0x00, 0x00, 0xeb, 0x00, 0x00, 0x00, 0xaf, 0x10,
    0x00, 0x00, 0x00, 0xaf, 0x00, 0x00, 0x00, 0xec,
    0x00, 0x00, 0x00, 0x00, 0x6f, 0x40, 0x00, 0x02,
    0xf7, 0x00, 0x00, 0x00, 0x00, 0x2f, 0x70, 0x00,
    0x07, 0xf2, 0x00, 0x00, 0x00, 0x00, 0x0e, 0xb0,
    0x00, 0x0c, 0xd0, 0x00, 0x00, 0x00, 0x00, 0x0b,
    0xe0, 0x00, 0x1f, 0x80, 0x00, 0x00, 0x00, 0x00,
    0x08, 0xf1, 0x00, 0x6f, 0x20, 0x00, 0x00, 0x00,
    0x00, 0x03, 0x60, 0x00, 0xcd, 0x00, 0x00, 0x00,
    0x78, 0x88, 0x88, 0x88, 0x88, 0xfc, 0x88, 0x88,
    0x87, 0xef, 0xff, 0xff, 0xff, 0xff, 0xff, 0xff,
    0xff, 0xff,

    /* U+7AD9 "站" */
    0x00, 0x01, 0x60, 0x00, 0x00, 0x00, 0x5a, 0x00,
    0x00, 0x00, 0x00, 0x02, 0xf6, 0x00, 0x00, 0x00,
    0x8f, 0x00, 0x00, 0x00, 0x00, 0x00, 0xad, 0x00,
    0x00, 0x00, 0x8f, 0x00, 0x00, 0x00, 0x00, 0x00,
    0x4b, 0x10, 0x00, 0x00, 0x8f, 0x00, 0x00, 0x00,
    0x0b, 0xdd, 0xdd, 0xdd, 0xc0, 0x00, 0x8f, 0x77,
    0x77, 0x70, 0x07, 0x88, 0x88, 0x88, 0x80, 0x00,
    0x8f, 0xff, 0xff, 0xf1, 0x00, 0x61, 0x00, 0x59,
    0x00, 0x00, 0x8f, 0x00, 0x00, 0x00, 0x00, 0xe5,
    0x00, 0x9d, 0x00, 0x00, 0x8f, 0x00, 0x00, 0x00,
    0x00, 0xb8, 0x00, 0xba, 0x00, 0x00, 0x8f, 0x00,
    0x00, 0x00, 0x00, 0x8b, 0x00, 0xd7, 0x00, 0x00,
    0x8f, 0x00, 0x00, 0x00, 0x00, 0x6d, 0x00, 0xf4,
    0x0a, 0xff, 0xff, 0xff, 0xff, 0x80, 0x00, 0x4f,
    0x02, 0xf1, 0x0a, 0xe6, 0x66, 0x66, 0x6f, 0x80,
    0x00, 0x2f, 0x15, 0xd0, 0x0a, 0xc0, 0x00, 0x00,
    0x0f, 0x80, 0x00, 0x19, 0x19, 0xb6, 0x6a, 0xc0,
    0x00, 0x00, 0x0f, 0x80, 0x01, 0x47, 0xbf, 0xff,
    0x9a, 0xc0, 0x00, 0x00, 0x0f, 0x80, 0x0e, 0xfe,
    0xa6, 0x30, 0x0a, 0xc0, 0x00, 0x00, 0x0f, 0x80,
    0x04, 0x20, 0x00, 0x00, 0x0a, 0xff, 0xff, 0xff,
    0xff, 0x80, 0x00, 0x00, 0x00, 0x00, 0x0a, 0xe7,
    0x77, 0x77, 0x7f, 0x80,

    /* U+7B49 "等" */
    0x00, 0x05, 0xb1, 0x00, 0x00, 0x06, 0xb0, 0x00,
    0x00, 0x00, 0x00, 0x0d, 0xe2, 0x22, 0x21, 0x0e,
    0xb2, 0x22, 0x22, 0x20, 0x00, 0x7f, 0xff, 0xff,
    0xfe, 0x8f, 0xff, 0xff, 0xff, 0xf1, 0x03, 0xfa,
    0x3f, 0x92, 0x27, 0xf9, 0x2a, 0xf3, 0x22, 0x20,
    0x1e, 0xd0, 0x0a, 0xd0, 0x0d, 0xe0, 0x00, 0xe9,
    0x00, 0x00, 0x04, 0x10, 0x01, 0x10, 0x0a, 0xe0,
    0x00, 0x31, 0x00, 0x00, 0x00, 0x0f, 0xff, 0xff,
    0xff, 0xff, 0xff, 0xff, 0xf3, 0x00, 0x00, 0x05,
    0x55, 0x55, 0x5c, 0xf5, 0x55, 0x55, 0x51, 0x00,
    0x00, 0x00, 0x00, 0x00, 0x0a, 0xe0, 0x00, 0x00,
    0x00, 0x00, 0x0d, 0xdd, 0xdd, 0xdd, 0xdf, 0xfd,
    0xdd, 0xdd, 0xdd, 0xd1, 0x08, 0x88, 0x88, 0x88,
    0x88, 0x88, 0x8d, 0xf8, 0x88, 0x81, 0x00, 0x00,
    0x00, 0x00, 0x00, 0x00, 0x09, 0xe0, 0x00, 0x00,
    0x06, 0xee, 0xee, 0xee, 0xee, 0xee, 0xef, 0xfe,
    0xee, 0x80, 0x02, 0x66, 0x6c, 0x86, 0x66, 0x66,
    0x6c, 0xf6, 0x66, 0x30, 0x00, 0x00, 0x1c, 0xf6,
    0x00, 0x00, 0x09, 0xe0, 0x00, 0x00, 0x00, 0x00,
    0x00, 0x8f, 0x90, 0x00, 0x09, 0xe0, 0x00, 0x00,
    0x00, 0x00, 0x00, 0x07, 0xa0, 0x45, 0x5c, 0xd0,
    0x00, 0x00, 0x00, 0x00, 0x00, 0x00, 0x00, 0x7f,
    0xfe, 0x70, 0x00, 0x00, 0x00, 0x00, 0x00, 0x00,
    0x00, 0x00, 0x00, 0x00, 0x00, 0x00,

    /* U+7B52 "筒" */
    0x00, 0x05, 0xb2, 0x00, 0x00, 0x06, 0xb0, 0x00,
    0x00, 0x00, 0x00, 0xbe, 0x11, 0x11, 0x10, 0xdd,
    0x11, 0x11, 0x10, 0x00, 0x3f, 0xff, 0xff, 0xff,
    0x6f, 0xff, 0xff, 0xff, 0xc0, 0x0c, 0xe4, 0xea,
    0x33, 0x5e, 0xc3, 0x9f, 0x53, 0x33, 0x08, 0xf5,
    0x07, 0xe0, 0x1d, 0xf2, 0x00, 0xcb, 0x00, 0x01,
    0xdc, 0x55, 0x6b, 0x55, 0xc9, 0x55, 0x58, 0xa6,
    0x30, 0x00, 0x7f, 0xff, 0xff, 0xff, 0xff, 0xff,
    0xff, 0xfb, 0x00, 0x07, 0xf0, 0x00, 0x00, 0x00,
    0x00, 0x00, 0x0c, 0xb0, 0x00, 0x7f, 0x03, 0xee,
    0xee, 0xee, 0xee, 0xc0, 0xcb, 0x00, 0x07, 0xf0,
    0x14, 0x44, 0x44, 0x44, 0x44, 0x0c, 0xb0, 0x00,
    0x7f, 0x00, 0x00, 0x00, 0x00, 0x00, 0x00, 0xcb,
    0x00, 0x07, 0xf0, 0x09, 0xff, 0xff, 0xff, 0xf0,
    0x0c, 0xb0, 0x00, 0x7f, 0x00, 0xac, 0x33, 0x33,
    0x8f, 0x00, 0xcb, 0x00, 0x07, 0xf0, 0x0a, 0xc0,
    0x00, 0x06, 0xf0, 0x0c, 0xb0, 0x00, 0x7f, 0x00,
    0xac, 0x33, 0x33, 0x8f, 0x00, 0xcb, 0x00, 0x07,
    0xf0, 0x0a, 0xff, 0xff, 0xff, 0xf0, 0x0c, 0xb0,
    0x00, 0x7f, 0x00, 0xac, 0x00, 0x00, 0x03, 0x44,
    0xea, 0x00, 0x07, 0xf0, 0x01, 0x20, 0x00, 0x00,
    0x5f, 0xfe, 0x40, 0x00, 0x00, 0x00, 0x00, 0x00,
    0x00, 0x00, 0x00, 0x00, 0x00,

    /* U+7B80 "简" */
    0x00, 0x01, 0xb3, 0x00, 0x00, 0x03, 0xa2, 0x00,
    0x00, 0x00, 0x00, 0x8f, 0x20, 0x00, 0x00, 0xae,
    0x00, 0x00, 0x00, 0x00, 0x1f, 0xff, 0xff, 0xfb,
    0x2f, 0xff, 0xff, 0xff, 0x50, 0x0b, 0xe4, 0x7f,
    0x63, 0x2c, 0xd3, 0x4f, 0xb3, 0x31, 0x0a, 0xf4,
    0x00, 0xda, 0x06, 0xf2, 0x00, 0x6f, 0x20, 0x00,
    0x45, 0x55, 0x03, 0x20, 0x01, 0x00, 0x00, 0x71,
    0x00, 0x00, 0x08, 0xf9, 0x0f, 0xff, 0xff, 0xff,
    0xff, 0xfd, 0x00, 0x09, 0x58, 0xf3, 0x66, 0x66,
    0x66, 0x66, 0x6c, 0xe0, 0x00, 0xe8, 0x02, 0x00,
    0x00, 0x00, 0x00, 0x00, 0x9e, 0x00, 0x0e, 0x80,
    0x09, 0xff, 0xff, 0xff, 0xb0, 0x09, 0xe0, 0x00,
    0xe8, 0x00, 0x9c, 0x33, 0x33, 0xcc, 0x00, 0x9e,
    0x00, 0x0e, 0x80, 0x09, 0xb0, 0x00, 0x0c, 0xc0,
    0x09, 0xe0, 0x00, 0xe8, 0x00, 0x9f, 0xff, 0xff,
    0xfc, 0x00, 0x9e, 0x00, 0x0e, 0x80, 0x09, 0xb2,
    0x22, 0x2c, 0xc0, 0x09, 0xe0, 0x00, 0xe8, 0x00,
    0x9b, 0x00, 0x00, 0xcc, 0x00, 0x9e, 0x00, 0x0e,
    0x80, 0x09, 0xff, 0xff, 0xff, 0xc0, 0x09, 0xe0,
    0x00, 0xe8, 0x00, 0x13, 0x33, 0x33, 0x34, 0x44,
    0xbd, 0x00, 0x0e, 0x80, 0x00, 0x00, 0x00, 0x00,
    0x2f, 0xff, 0x70, 0x00, 0x00, 0x00, 0x00, 0x00,
    0x00, 0x00, 0x00, 0x00, 0x00,

    /* U+7BA1 "管" */
    0x00, 0x0a, 0x70, 0x00, 0x00, 0x03, 0xb2, 0x00,
    0x00, 0x00, 0x02, 0xf8, 0x22, 0x22, 0x20, 0x9f,
    0x22, 0x22, 0x22, 0x00, 0x9f, 0xff, 0xff, 0xfb,
    0x1f, 0xff, 0xff, 0xff, 0xe0, 0x3f, 0x70, 0x8e,
    0x00, 0x0a, 0xf1, 0x0d, 0xa0, 0x00, 0x0c, 0xc0,
    0x01, 0xf5, 0x08, 0x94, 0x00, 0x4f, 0x20, 0x00,
    0x14, 0x33, 0x33, 0x33, 0xbe, 0x33, 0x33, 0x43,
    0x31, 0x00, 0xff, 0xff, 0xff, 0xff, 0xff, 0xff,
    0xff, 0xff, 0x60, 0x0f, 0x70, 0x00, 0x00, 0x00,
    0x00, 0x00, 0x03, 0xf6, 0x00, 0xf7, 0xbf, 0xff,
    0xff, 0xff, 0xff, 0xfd, 0x3f, 0x60, 0x02, 0x1c,
    0xc3, 0x33, 0x33, 0x33, 0x3a, 0xe0, 0x20, 0x00,
    0x00, 0xcb, 0x00, 0x00, 0x00, 0x00, 0x9e, 0x00,
    0x00, 0x00, 0x0c, 0xff, 0xff, 0xff, 0xff, 0xff,
    0xe0, 0x00, 0x00, 0x00, 0xcc, 0x33, 0x33, 0x33,
    0x33, 0x32, 0x00, 0x00, 0x00, 0x0c, 0xc3, 0x33,
    0x33, 0x33, 0x33, 0x33, 0x00, 0x00, 0x00, 0xcf,
    0xff, 0xff, 0xff, 0xff, 0xff, 0xe0, 0x00, 0x00,
    0x0c, 0xb0, 0x00, 0x00, 0x00, 0x00, 0x8e, 0x00,
    0x00, 0x00, 0xcc, 0x22, 0x22, 0x22, 0x22, 0x2a,
    0xe0, 0x00, 0x00, 0x0c, 0xff, 0xff, 0xff, 0xff,
    0xff, 0xfe, 0x00, 0x00, 0x00, 0x00, 0x00, 0x00,
    0x00, 0x00, 0x00, 0x00, 0x00,

    /* U+7C73 "米" */
    0x00, 0x00, 0x00, 0x00, 0x0a, 0x70, 0x00, 0x00,
    0x00, 0x00, 0x00, 0x26, 0x00, 0x00, 0x0e, 0xa0,
    0x00, 0x00, 0x93, 0x00, 0x00, 0x6f, 0x60, 0x00,
    0x0e, 0xa0, 0x00, 0x07, 0xf6, 0x00, 0x00, 0x0b,
    0xf1, 0x00, 0x0e, 0xa0, 0x00, 0x1f, 0xd0, 0x00,
    0x00, 0x02, 0xfa, 0x00, 0x0e, 0xa0, 0x00, 0x9f,
    0x30, 0x00, 0x00, 0x00, 0x9f, 0x20, 0x0e, 0xa0,
    0x03, 0xf8, 0x00, 0x00, 0x00, 0x00, 0x27, 0x10,
    0x0e, 0xa0, 0x05, 0xa0, 0x00, 0x00, 0x00, 0x00,
    0x00, 0x00, 0x0e, 0xa0, 0x00, 0x00, 0x00, 0x00,
    0x0f, 0xff, 0xff, 0xff, 0xff, 0xff, 0xff, 0xff,
    0xff, 0xb0, 0x06, 0x77, 0x77, 0x7a, 0xff, 0xff,
    0x87, 0x77, 0x77, 0x50, 0x00, 0x00, 0x00, 0x0d,
    0xcf, 0xce, 0xa0, 0x00, 0x00, 0x00, 0x00, 0x00,
    0x00, 0xbf, 0x2e, 0xa4, 0xf9, 0x00, 0x00, 0x00,
    0x00, 0x00, 0x0a, 0xf4, 0x0e, 0xa0, 0x6f, 0x90,
    0x00, 0x00, 0x00, 0x00, 0xbf, 0x50, 0x0e, 0xa0,
    0x06, 0xfb, 0x00, 0x00, 0x00, 0x2d, 0xf5, 0x00,
    0x0e, 0xa0, 0x00, 0x5f, 0xd3, 0x00, 0x08, 0xfe,
    0x30, 0x00, 0x0e, 0xa0, 0x00, 0x03, 0xef, 0x90,
    0x1c, 0xa1, 0x00, 0x00, 0x0e, 0xa0, 0x00, 0x00,
    0x1a, 0x80, 0x00, 0x00, 0x00, 0x00, 0x0e, 0xa0,
    0x00, 0x00, 0x00, 0x00,

    /* U+7CFB "系" */
    0x00, 0x00, 0x00, 0x00, 0x00, 0x00, 0x25, 0x83,
    0x00, 0x01, 0x23, 0x45, 0x68, 0x9b, 0xdf, 0xff,
    0xfa, 0x00, 0x0a, 0xff, 0xff, 0xef, 0xfa, 0x86,
    0x41, 0x00, 0x00, 0x01, 0x22, 0x10, 0xaf, 0x40,
    0x00, 0x10, 0x00, 0x00, 0x00, 0x00, 0x1c, 0xe3,
    0x00, 0x03, 0xec, 0x00, 0x00, 0x00, 0x04, 0xec,
    0x10, 0x01, 0x8f, 0xc2, 0x00, 0x00, 0x00, 0x8f,
    0xfe, 0xef, 0xff, 0xf6, 0x00, 0x00, 0x00, 0x00,
    0x48, 0x75, 0x6d, 0xfa, 0x10, 0x38, 0x00, 0x00,
    0x00, 0x00, 0x07, 0xfc, 0x30, 0x00, 0x2e, 0xb0,
    0x00, 0x00, 0x17, 0xed, 0x63, 0x45, 0x67, 0x8b,
    0xfb, 0x00, 0x09, 0xff, 0xff, 0xff, 0xff, 0xdc,
    0xba, 0x9f, 0xa0, 0x06, 0x97, 0x53, 0x21, 0x9f,
    0x00, 0x00, 0x04, 0xf4, 0x00, 0x00, 0x78, 0x00,
    0x9f, 0x00, 0xa7, 0x00, 0x20, 0x00, 0x06, 0xf9,
    0x00, 0x9f, 0x00, 0x7f, 0xa0, 0x00, 0x00, 0x7f,
    0xa0, 0x00, 0x9f, 0x00, 0x05, 0xfc, 0x10, 0x1a,
    0xf9, 0x00, 0x00, 0x9f, 0x00, 0x00, 0x3e, 0xe2,
    0x2c, 0x70, 0x03, 0x66, 0xce, 0x00, 0x00, 0x03,
    0xd4, 0x00, 0x00, 0x02, 0xff, 0xe7, 0x00, 0x00,
    0x00, 0x00, 0x00, 0x00, 0x00, 0x00, 0x00, 0x00,
    0x00, 0x00, 0x00,

    /* U+7EC4 "组" */
    0x00, 0x00, 0x3b, 0x10, 0x00, 0x00, 0x00, 0x00,
    0x00, 0x00, 0x00, 0x00, 0xae, 0x00, 0x06, 0xff,
    0xff, 0xff, 0xf6, 0x00, 0x00, 0x02, 0xf6, 0x00,
    0x07, 0xf6, 0x66, 0x67, 0xf6, 0x00, 0x00, 0x0a,
    0xd0, 0x00, 0x07, 0xf0, 0x00, 0x01, 0xf6, 0x00,
    0x00, 0x3f, 0x40, 0x27, 0x07, 0xf0, 0x00, 0x01,
    0xf6, 0x00, 0x00, 0xda, 0x00, 0xbd, 0x07, 0xf0,
    0x00, 0x01, 0xf6, 0x00, 0x09, 0xf7, 0x7a, 0xf3,
    0x07, 0xfe, 0xee, 0xef, 0xf6, 0x00, 0x1f, 0xfe,
    0xdf, 0x80, 0x07, 0xf7, 0x77, 0x78, 0xf6, 0x00,
    0x03, 0x10, 0xcc, 0x00, 0x07, 0xf0, 0x00, 0x01,
    0xf6, 0x00, 0x00, 0x09, 0xe1, 0x00, 0x07, 0xf0,
    0x00, 0x01, 0xf6, 0x00, 0x00, 0x7f, 0x30, 0x14,
    0x07, 0xf0, 0x00, 0x01, 0xf6, 0x00, 0x08, 0xfd,
    0xbe, 0xfe, 0x07, 0xf6, 0x66, 0x67, 0xf6, 0x00,
    0x0d, 0xfd, 0x96, 0x20, 0x07, 0xff, 0xff, 0xff,
    0xf6, 0x00, 0x03, 0x10, 0x00, 0x00, 0x07, 0xf0,
    0x00, 0x01, 0xf6, 0x00, 0x00, 0x00, 0x00, 0x46,
    0x07, 0xf0, 0x00, 0x01, 0xf6, 0x00, 0x01, 0x59,
    0xcf, 0xfc, 0x07, 0xf0, 0x00, 0x01, 0xf6, 0x00,
    0x0f, 0xfe, 0xa5, 0x10, 0x07, 0xf0, 0x00, 0x01,
    0xf6, 0x00, 0x05, 0x20, 0x00, 0x07, 0xff, 0xff,
    0xff, 0xff, 0xff, 0xf2,

    /* U+7EDF "统" */
    0x00, 0x00, 0x53, 0x00, 0x00, 0x00, 0x73, 0x00,
    0x00, 0x00, 0x00, 0x00, 0xed, 0x00, 0x00, 0x00,
    0xcc, 0x00, 0x00, 0x00, 0x00, 0x05, 0xf6, 0x00,
    0x00, 0x00, 0x6f, 0x30, 0x00, 0x00, 0x00, 0x0d,
    0xd0, 0x00, 0xab, 0xbb, 0xbe, 0xbb, 0xbb, 0x90,
    0x00, 0x6f, 0x50, 0x30, 0xaa, 0xad, 0xfc, 0xaa,
    0xaa, 0x90, 0x00, 0xeb, 0x02, 0xf8, 0x00, 0x0d,
    0xd0, 0x05, 0x10, 0x00, 0x0a, 0xf5, 0x5c, 0xe1,
    0x00, 0xaf, 0x20, 0x0d, 0xb0, 0x00, 0x4f, 0xff,
    0xff, 0x60, 0x06, 0xf6, 0x00, 0x15, 0xf7, 0x00,
    0x06, 0x21, 0xeb, 0x01, 0x8f, 0xfd, 0xef, 0xff,
    0xff, 0x30, 0x00, 0x0b, 0xe1, 0x01, 0xe9, 0xa8,
    0x43, 0x51, 0x0d, 0x90, 0x00, 0x8f, 0x66, 0x92,
    0x00, 0xd9, 0x01, 0xf5, 0x01, 0x00, 0x08, 0xff,
    0xff, 0xc2, 0x00, 0xe8, 0x01, 0xf5, 0x00, 0x00,
    0x1f, 0xb7, 0x30, 0x00, 0x00, 0xf6, 0x01, 0xf5,
    0x00, 0x00, 0x02, 0x00, 0x00, 0x00, 0x03, 0xf4,
    0x01, 0xf5, 0x00, 0x00, 0x00, 0x01, 0x5a, 0xe5,
    0x09, 0xf0, 0x01, 0xf5, 0x03, 0xb0, 0x17, 0xcf,
    0xfc, 0x71, 0x4f, 0x80, 0x01, 0xf5, 0x04, 0xf0,
    0x1f, 0xc7, 0x10, 0x07, 0xfd, 0x00, 0x01, 0xf9,
    0x5a, 0xd0, 0x01, 0x00, 0x00, 0x6f, 0xa1, 0x00,
    0x00, 0xbf, 0xff, 0x60, 0x00, 0x00, 0x00, 0x02,
    0x00, 0x00, 0x00, 0x00, 0x00, 0x00,

    /* U+7EE7 "继" */
    0x00, 0x00, 0x93, 0x00, 0x21, 0x00, 0x02, 0x90,
    0x00, 0x00, 0x00, 0x4f, 0x50, 0x0e, 0x72, 0x40,
    0x3f, 0x00, 0x51, 0x00, 0x0a, 0xd0, 0x00, 0xe7,
    0x4d, 0x03, 0xf0, 0x1f, 0x20, 0x02, 0xf6, 0x00,
    0x0e, 0x70, 0xe3, 0x3f, 0x07, 0xc0, 0x00, 0x9d,
    0x00, 0x50, 0xe7, 0x0a, 0x83, 0xf0, 0xd5, 0x00,
    0x2f, 0x50, 0x4f, 0x4e, 0x70, 0x46, 0x3f, 0x19,
    0x00, 0x0c, 0xc1, 0x3d, 0xb0, 0xe7, 0x45, 0x58,
    0xf6, 0x55, 0x43, 0xff, 0xff, 0xf2, 0x0e, 0x7d,
    0xff, 0xff, 0xff, 0xfc, 0x07, 0x44, 0xf7, 0x00,
    0xe7, 0x00, 0x0e, 0xf9, 0x00, 0x00, 0x00, 0xcc,
    0x00, 0x0e, 0x70, 0x06, 0xef, 0xe7, 0x00, 0x00,
    0x9e, 0x10, 0x20, 0xe7, 0x01, 0xf7, 0xf3, 0xf4,
    0x00, 0x7f, 0xcc, 0xff, 0x3e, 0x70, 0xbb, 0x3f,
    0x06, 0xf2, 0x1f, 0xfc, 0x85, 0x20, 0xe7, 0x8f,
    0x13, 0xf0, 0x0c, 0x70, 0x40, 0x00, 0x00, 0x0e,
    0x76, 0x40, 0x3f, 0x00, 0x10, 0x00, 0x00, 0x02,
    0x62, 0xe7, 0x00, 0x03, 0xf0, 0x00, 0x00, 0x58,
    0xbf, 0xfd, 0x4e, 0x70, 0x00, 0x18, 0x00, 0x00,
    0x1f, 0xc8, 0x51, 0x00, 0xef, 0xff, 0xff, 0xff,
    0xff, 0xc0, 0x00, 0x00, 0x00, 0x05, 0x66, 0x66,
    0x66, 0x66, 0x65,

    /* U+7EED "续" */
    0x00, 0x00, 0x74, 0x00, 0x00, 0x00, 0x7b, 0x00,
    0x00, 0x00, 0x00, 0x00, 0xf8, 0x00, 0x00, 0x00,
    0x9e, 0x00, 0x00, 0x00, 0x00, 0x07, 0xf1, 0x00,
    0x3f, 0xff, 0xff, 0xff, 0xfb, 0x00, 0x00, 0x0e,
    0x90, 0x00, 0x15, 0x55, 0xbf, 0x55, 0x54, 0x00,
    0x00, 0x6f, 0x10, 0x50, 0x00, 0x00, 0x9e, 0x00,
    0x00, 0x00, 0x00, 0xe7, 0x05, 0xf4, 0xdd, 0xdd,
    0xff, 0xdd, 0xde, 0x90, 0x0a, 0xd3, 0x4d, 0xb0,
    0x67, 0x77, 0x77, 0x77, 0x7f, 0x60, 0x3f, 0xff,
    0xff, 0x10, 0x02, 0x91, 0x0c, 0x50, 0x4f, 0x10,
    0x06, 0x33, 0xf6, 0x00, 0x00, 0x9e, 0x3f, 0x60,
    0x9b, 0x00, 0x00, 0x0c, 0xb0, 0x00, 0xa8, 0x06,
    0x4f, 0x60, 0x00, 0x00, 0x00, 0x8e, 0x24, 0x80,
    0x1b, 0xd1, 0x0f, 0x60, 0x00, 0x00, 0x06, 0xff,
    0xff, 0xc0, 0x00, 0x70, 0x2f, 0x40, 0x00, 0x00,
    0x0f, 0xd8, 0x40, 0x05, 0xff, 0xff, 0xff, 0xff,
    0xff, 0xe0, 0x02, 0x00, 0x00, 0x21, 0x44, 0x44,
    0xec, 0x44, 0x44, 0x40, 0x00, 0x01, 0x7c, 0xf2,
    0x00, 0x07, 0xf4, 0xa6, 0x00, 0x00, 0x06, 0xcf,
    0xe9, 0x30, 0x00, 0x6f, 0x90, 0x5f, 0xa1, 0x00,
    0x1f, 0xb5, 0x00, 0x00, 0x1a, 0xf9, 0x00, 0x02,
    0xed, 0x20, 0x01, 0x00, 0x00, 0x05, 0xfe, 0x50,
    0x00, 0x00, 0x1c, 0xe0, 0x00, 0x00, 0x00, 0x01,
    0x70, 0x00, 0x00, 0x00, 0x01, 0x50,

    /* U+7F16 "编" */
    0x00, 0x00, 0x61, 0x00, 0x00, 0x00, 0x84, 0x00,
    0x00, 0x00, 0x00, 0x3f, 0x60, 0x00, 0x00, 0x0d,
    0xe0, 0x00, 0x00, 0x00, 0x09, 0xf0, 0x00, 0x47,
    0x66, 0xbf, 0xa6, 0x66, 0x10, 0x00, 0xf8, 0x00,
    0x0b, 0xfd, 0xdd, 0xdd, 0xde, 0xf4, 0x00, 0x7f,
    0x11, 0x30, 0xba, 0x00, 0x00, 0x00, 0x2f, 0x40,
    0x0e, 0x80, 0x8f, 0x1b, 0xb3, 0x33, 0x33, 0x35,
    0xf4, 0x08, 0xe3, 0x5f, 0x70, 0xbf, 0xff, 0xff,
    0xff, 0xff, 0x43, 0xff, 0xff, 0xd0, 0x0b, 0xa0,
    0x00, 0x00, 0x00, 0x00, 0x07, 0x34, 0xf4, 0x00,
    0xcb, 0x33, 0x33, 0x33, 0x34, 0x20, 0x00, 0xda,
    0x00, 0x0c, 0xff, 0xff, 0xff, 0xff, 0xf7, 0x00,
    0x9e, 0x11, 0x20, 0xed, 0xb0, 0xd2, 0x1e, 0x0b,
    0x70, 0x6f, 0xde, 0xfa, 0x0f, 0xcb, 0x0d, 0x21,
    0xe0, 0xb7, 0x0f, 0xea, 0x62, 0x02, 0xf9, 0xb0,
    0xd3, 0x2e, 0x0b, 0x70, 0x30, 0x00, 0x01, 0x6f,
    0x6f, 0xff, 0xff, 0xff, 0xf7, 0x00, 0x03, 0x9e,
    0xba, 0xd6, 0xb2, 0xe4, 0x3f, 0x2c, 0x71, 0x9e,
    0xfa, 0x41, 0xf8, 0x6b, 0x0d, 0x21, 0xe0, 0xb7,
    0x1b, 0x50, 0x00, 0x8f, 0x26, 0xb0, 0xd2, 0x1e,
    0x1b, 0x70, 0x00, 0x00, 0x03, 0x90, 0x5a, 0x0d,
    0x21, 0xe9, 0xe4,

    /* U+7F6E "置" */
    0x00, 0x00, 0x00, 0x00, 0x00, 0x00, 0x00, 0x00,
    0x00, 0x0c, 0xff, 0xff, 0xff, 0xff, 0xff, 0xff,
    0xff, 0xb0, 0x0c, 0xc0, 0x01, 0xf5, 0x00, 0x6f,
    0x10, 0x0a, 0xb0, 0x0c, 0xd2, 0x23, 0xf6, 0x22,
    0x7f, 0x22, 0x2a, 0xb0, 0x0b, 0xff, 0xff, 0xff,
    0xff, 0xff, 0xff, 0xff, 0xb0, 0x00, 0x00, 0x00,
    0x00, 0xf8, 0x00, 0x00, 0x00, 0x00, 0xdf, 0xff,
    0xff, 0xff, 0xff, 0xff, 0xff, 0xff, 0xf3, 0x33,
    0x33, 0x33, 0x38, 0xf4, 0x33, 0x33, 0x33, 0x30,
    0x00, 0x18, 0x88, 0x8c, 0xf8, 0x88, 0x88, 0x81,
    0x00, 0x00, 0x3f, 0x97, 0x77, 0x77, 0x77, 0x7a,
    0xf2, 0x00, 0x00, 0x3f, 0x63, 0x33, 0x33, 0x33,
    0x37, 0xf2, 0x00, 0x00, 0x3f, 0xcb, 0xbb, 0xbb,
    0xbb, 0xbd, 0xf2, 0x00, 0x00, 0x3f, 0x52, 0x22,
    0x22, 0x22, 0x26, 0xf2, 0x00, 0x00, 0x3f, 0xdc,
    0xcc, 0xcc, 0xcc, 0xcd, 0xf2, 0x00, 0x00, 0x3f,
    0x40, 0x00, 0x00, 0x00, 0x05, 0xf2, 0x00, 0x00,
    0x3f, 0xed, 0xdd, 0xdd, 0xdd, 0xde, 0xf2, 0x00,
    0x00, 0x3f, 0x30, 0x00, 0x00, 0x00, 0x05, 0xf2,
    0x00, 0xdf, 0xff, 0xff, 0xff, 0xff, 0xff, 0xff,
    0xff, 0xfe,

    /* U+80FD "能" */
    0x00, 0x00, 0x00, 0x00, 0x00, 0x00, 0x00, 0x00,
    0x00, 0x00, 0x01, 0xe6, 0x00, 0x00, 0x0e, 0x80,
    0x00, 0x00, 0x00, 0x00, 0x9f, 0x25, 0x90, 0x00,
    0xe9, 0x00, 0x02, 0x30, 0x00, 0x3f, 0x70, 0x3f,
    0x60, 0x0e, 0x90, 0x5b, 0xfe, 0x10, 0x1d, 0xc0,
    0x00, 0x9f, 0x10, 0xee, 0xef, 0xa5, 0x00, 0x0a,
    0xfe, 0xef, 0xff, 0xf9, 0x0e, 0xc4, 0x00, 0x00,
    0x00, 0x49, 0x76, 0x43, 0x18, 0xd0, 0xe9, 0x00,
    0x00, 0x19, 0x00, 0x00, 0x00, 0x00, 0x00, 0x0e,
    0x90, 0x00, 0x03, 0xf2, 0x0b, 0xbb, 0xbb, 0xbb,
    0x10, 0xdc, 0x66, 0x66, 0xaf, 0x00, 0xfc, 0x99,
    0x9c, 0xf2, 0x05, 0xef, 0xff, 0xfe, 0x60, 0x0f,
    0x60, 0x00, 0x5f, 0x20, 0x84, 0x00, 0x00, 0x00,
    0x00, 0xff, 0xee, 0xef, 0xf2, 0x0e, 0x90, 0x00,
    0x16, 0x00, 0x0f, 0x94, 0x44, 0x8f, 0x20, 0xe9,
    0x02, 0x9f, 0xf3, 0x00, 0xf6, 0x00, 0x05, 0xf2,
    0x0e, 0xcc, 0xfd, 0x71, 0x00, 0x0f, 0xfe, 0xee,
    0xff, 0x20, 0xed, 0x72, 0x00, 0x00, 0x00, 0xf9,
    0x44, 0x48, 0xf2, 0x0e, 0x90, 0x00, 0x00, 0x81,
    0x0f, 0x60, 0x00, 0x5f, 0x20, 0xe9, 0x00, 0x00,
    0x1f, 0x50, 0xf6, 0x03, 0x48, 0xf2, 0x0e, 0xc5,
    0x55, 0x59, 0xf2, 0x0f, 0x60, 0x6f, 0xfb, 0x00,
    0x6e, 0xff, 0xff, 0xf9, 0x00, 0x00, 0x00, 0x00,
    0x00, 0x00, 0x00, 0x00, 0x00, 0x00,

    /* U+8155 "腕" */
    0x00, 0x00, 0x00, 0x00, 0x00, 0x00, 0x00, 0x00,
    0x00, 0x00, 0x00, 0x33, 0x33, 0x20, 0x00, 0x01,
    0xe6, 0x00, 0x00, 0x00, 0x03, 0xff, 0xff, 0xa0,
    0x00, 0x00, 0x9f, 0x10, 0x00, 0x00, 0x03, 0xf3,
    0x2b, 0xa5, 0xff, 0xff, 0xff, 0xff, 0xff, 0xc0,
    0x03, 0xf1, 0x0a, 0xa6, 0xf6, 0x66, 0x66, 0x66,
    0x6c, 0xd0, 0x03, 0xf1, 0x0a, 0xa6, 0xf1, 0x00,
    0x00, 0x00, 0x09, 0xd0, 0x03, 0xf9, 0x9d, 0xa2,
    0x6f, 0x50, 0x00, 0x00, 0x03, 0x50, 0x03, 0xff,
    0xff, 0xa0, 0x3f, 0x64, 0x34, 0xcc, 0xcc, 0x30,
    0x03, 0xf2, 0x1b, 0xa0, 0x7f, 0xff, 0xe5, 0xf8,
    0x8f, 0x40, 0x03, 0xf0, 0x0a, 0xa0, 0xc9, 0x09,
    0xc5, 0xe0, 0x0f, 0x40, 0x03, 0xf0, 0x0a, 0xa2,
    0xf3, 0x0b, 0xa5, 0xe0, 0x0f, 0x40, 0x04, 0xf6,
    0x6c, 0xaa, 0xc4, 0x0e, 0x75, 0xe0, 0x0f, 0x40,
    0x05, 0xff, 0xff, 0xcf, 0x5c, 0xdf, 0x45, 0xe0,
    0x0f, 0x40, 0x06, 0xd0, 0x0b, 0xa2, 0x00, 0xcf,
    0x05, 0xe2, 0x4f, 0x30, 0x08, 0xb0, 0x0a, 0xa0,
    0x00, 0xda, 0x05, 0xe7, 0xeb, 0x00, 0x0b, 0x90,
    0x0a, 0xa0, 0x05, 0xf3, 0x05, 0xe0, 0x00, 0x00,
    0x0e, 0x60, 0x0a, 0xa0, 0x1e, 0xa0, 0x05, 0xe0,
    0x02, 0xf0, 0x2f, 0x23, 0x5c, 0xa2, 0xde, 0x10,
    0x05, 0xf3, 0x37, 0xf0, 0x4c, 0x07, 0xfe, 0x48,
    0xe2, 0x00, 0x01, 0xcf, 0xfe, 0x70, 0x00, 0x00,
    0x00, 0x00, 0x00, 0x00, 0x00, 0x00, 0x00, 0x00,

    /* U+81EA "自" */
    0x00, 0x00, 0x00, 0xc7, 0x00, 0x00, 0x00, 0x00,
    0x00, 0x00, 0x3f, 0x60, 0x00, 0x00, 0x00, 0x01,
    0x11, 0x18, 0xf1, 0x11, 0x11, 0x11, 0x0b, 0xff,
    0xff, 0xff, 0xff, 0xff, 0xff, 0xf1, 0xbd, 0x66,
    0x66, 0x66, 0x66, 0x66, 0xbf, 0x1b, 0xc0, 0x00,
    0x00, 0x00, 0x00, 0x08, 0xf1, 0xbc, 0x00, 0x00,
    0x00, 0x00, 0x00, 0x8f, 0x1b, 0xe7, 0x77, 0x77,
    0x77, 0x77, 0x7b, 0xf1, 0xbf, 0xff, 0xff, 0xff,
    0xff, 0xff, 0xff, 0x1b, 0xc0, 0x00, 0x00, 0x00,
    0x00, 0x08, 0xf1, 0xbc, 0x00, 0x00, 0x00, 0x00,
    0x00, 0x8f, 0x1b, 0xd4, 0x44, 0x44, 0x44, 0x44,
    0x4a, 0xf1, 0xbf, 0xff, 0xff, 0xff, 0xff, 0xff,
    0xff, 0x1b, 0xd2, 0x22, 0x22, 0x22, 0x22, 0x29,
    0xf1, 0xbc, 0x00, 0x00, 0x00, 0x00, 0x00, 0x8f,
    0x1b, 0xc0, 0x00, 0x00, 0x00, 0x00, 0x08, 0xf1,
    0xbf, 0xff, 0xff, 0xff, 0xff, 0xff, 0xff, 0x1b,
    0xe7, 0x77, 0x77, 0x77, 0x77, 0x7b, 0xf1,

    /* U+822A "航" */
    0x00, 0x00, 0x3b, 0x20, 0x00, 0x00, 0xa8, 0x00,
    0x00, 0x00, 0x00, 0x00, 0x8f, 0x00, 0x00, 0x00,
    0x9f, 0x10, 0x00, 0x00, 0x00, 0x36, 0xdc, 0x56,
    0x20, 0x00, 0x2f, 0x80, 0x00, 0x00, 0x00, 0x9f,
    0xee, 0xef, 0x76, 0x66, 0x6c, 0x96, 0x66, 0x61,
    0x00, 0x9b, 0x00, 0x0d, 0x7f, 0xff, 0xff, 0xff,
    0xff, 0xf3, 0x00, 0x9b, 0x97, 0x0d, 0x70, 0x00,
    0x00, 0x00, 0x00, 0x00, 0x00, 0x9b, 0x3e, 0x0d,
    0x70, 0x03, 0x22, 0x23, 0x20, 0x00, 0x00, 0x9b,
    0x0b, 0x3d, 0x70, 0x7f, 0xff, 0xff, 0xc0, 0x00,
    0x01, 0x9c, 0x11, 0x1e, 0x70, 0x7f, 0x33, 0x3b,
    0xc0, 0x00, 0x0f, 0xff, 0xff, 0xff, 0x70, 0x7f,
    0x00, 0x0a, 0xc0, 0x00, 0x02, 0xac, 0x22, 0x2e,
    0x70, 0x7f, 0x00, 0x0a, 0xc0, 0x00, 0x00, 0x9b,
    0x97, 0x0d, 0x70, 0x7f, 0x00, 0x0a, 0xc0, 0x00,
    0x00, 0xaa, 0x2f, 0x1d, 0x70, 0x8e, 0x00, 0x0a,
    0xc0, 0x00, 0x00, 0xc8, 0x0a, 0x6d, 0x70, 0xac,
    0x00, 0x0a, 0xc0, 0x00, 0x00, 0xf6, 0x00, 0x0d,
    0x70, 0xd9, 0x00, 0x0a, 0xc0, 0x64, 0x02, 0xf3,
    0x00, 0x0d, 0x72, 0xf4, 0x00, 0x0a, 0xc0, 0x88,
    0x08, 0xe0, 0x03, 0x3e, 0x7b, 0xe0, 0x00, 0x09,
    0xe4, 0xc7, 0x0d, 0x80, 0x0c, 0xfe, 0x5f, 0x50,
    0x00, 0x04, 0xff, 0xe2, 0x01, 0x00, 0x00, 0x00,
    0x01, 0x00, 0x00, 0x00, 0x00, 0x00,

    /* U+84DD "蓝" */
    0x00, 0x00, 0x02, 0xc3, 0x00, 0x00, 0x0c, 0x30,
    0x00, 0x00, 0x04, 0x55, 0x57, 0xf8, 0x55, 0x55,
    0x6f, 0x85, 0x55, 0x50, 0x0d, 0xff, 0xff, 0xff,
    0xff, 0xff, 0xff, 0xff, 0xff, 0xe0, 0x00, 0x00,
    0x03, 0xf4, 0x00, 0x00, 0x1f, 0x50, 0x00, 0x00,
    0x00, 0x00, 0x00, 0x54, 0x00, 0x03, 0x83, 0x00,
    0x00, 0x00, 0x00, 0x4a, 0x00, 0xad, 0x00, 0x09,
    0xe0, 0x00, 0x00, 0x00, 0x00, 0x6f, 0x00, 0xad,
    0x00, 0x0f, 0xff, 0xff, 0xff, 0x20, 0x00, 0x6f,
    0x00, 0xad, 0x00, 0x7f, 0x66, 0x75, 0x55, 0x00,
    0x00, 0x6f, 0x00, 0xad, 0x01, 0xea, 0x08, 0xe1,
    0x00, 0x00, 0x00, 0x6f, 0x00, 0xad, 0x0a, 0xf1,
    0x00, 0xdb, 0x00, 0x00, 0x00, 0x5e, 0x00, 0xad,
    0x00, 0x30, 0x00, 0x3f, 0x40, 0x00, 0x00, 0x00,
    0x00, 0x45, 0x00, 0x00, 0x00, 0x05, 0x00, 0x00,
    0x00, 0x0d, 0xff, 0xff, 0xff, 0xff, 0xff, 0xff,
    0xf0, 0x00, 0x00, 0x0d, 0xa4, 0x4c, 0xc4, 0x48,
    0xf4, 0x49, 0xf0, 0x00, 0x00, 0x0d, 0x80, 0x0a,
    0xb0, 0x06, 0xe0, 0x07, 0xf0, 0x00, 0x00, 0x0d,
    0x80, 0x0a, 0xb0, 0x06, 0xe0, 0x07, 0xf0, 0x00,
    0x07, 0x7e, 0xb7, 0x7d, 0xd7, 0x7a, 0xf7, 0x7b,
    0xf7, 0x70, 0x1f, 0xff, 0xff, 0xff, 0xff, 0xff,
    0xff, 0xff, 0xff, 0xf2,

    /* U+8840 "血" */
    0x00, 0x00, 0x00, 0x00, 0x4b, 0x40, 0x00, 0x00,
    0x00, 0x00, 0x00, 0x00, 0x00, 0x00, 0x9f, 0x20,
    0x00, 0x00, 0x00, 0x00, 0x00, 0x00, 0x00, 0x00,
    0xfb, 0x00, 0x00, 0x00, 0x00, 0x00, 0x00, 0x00,
    0x00, 0x06, 0xf3, 0x00, 0x00, 0x00, 0x00, 0x00,
    0x00, 0x2f, 0xff, 0xff, 0xff, 0xff, 0xff, 0xff,
    0xf7, 0x00, 0x00, 0x3f, 0xa7, 0x7f, 0xb7, 0x7b,
    0xf7, 0x78, 0xf7, 0x00, 0x00, 0x3f, 0x40, 0x0e,
    0x80, 0x07, 0xe0, 0x01, 0xf7, 0x00, 0x00, 0x3f,
    0x40, 0x0e, 0x80, 0x07, 0xe0, 0x01, 0xf7, 0x00,
    0x00, 0x3f, 0x40, 0x0e, 0x80, 0x07, 0xe0, 0x01,
    0xf7, 0x00, 0x00, 0x3f, 0x40, 0x0e, 0x80, 0x07,
    0xe0, 0x01, 0xf7, 0x00, 0x00, 0x3f, 0x40, 0x0e,
    0x80, 0x07, 0xe0, 0x01, 0xf7, 0x00, 0x00, 0x3f,
    0x40, 0x0e, 0x80, 0x07, 0xe0, 0x01, 0xf7, 0x00,
    0x00, 0x3f, 0x40, 0x0e, 0x80, 0x07, 0xe0, 0x01,
    0xf7, 0x00, 0x00, 0x3f, 0x40, 0x0e, 0x80, 0x07,
    0xe0, 0x01, 0xf7, 0x00, 0x00, 0x3f, 0x40, 0x0e,
    0x80, 0x07, 0xe0, 0x01, 0xf7, 0x00, 0x00, 0x3f,
    0x40, 0x0e, 0x80, 0x07, 0xe0, 0x01, 0xf7, 0x00,
    0x2f, 0xff, 0xff, 0xff, 0xff, 0xff, 0xff, 0xff,
    0xff, 0xf5, 0x18, 0x88, 0x88, 0x88, 0x88, 0x88,
    0x88, 0x88, 0x88, 0x82,

    /* U+884C "行" */
    0x00, 0x00, 0x08, 0x30, 0x00, 0x00, 0x00, 0x00,
    0x00, 0x00, 0x00, 0x00, 0xaf, 0x40, 0x07, 0x77,
    0x77, 0x77, 0x77, 0x50, 0x00, 0x0b, 0xf5, 0x00,
    0x1f, 0xff, 0xff, 0xff, 0xff, 0xb0, 0x01, 0xcf,
    0x40, 0x00, 0x00, 0x00, 0x00, 0x00, 0x00, 0x00,
    0x1e, 0xe3, 0x00, 0x61, 0x00, 0x00, 0x00, 0x00,
    0x00, 0x00, 0x05, 0x10, 0x09, 0xf3, 0x00, 0x00,
    0x00, 0x00, 0x00, 0x00, 0x00, 0x00, 0x6f, 0x70,
    0x44, 0x44, 0x44, 0x44, 0x44, 0x40, 0x00, 0x05,
    0xfa, 0x03, 0xff, 0xff, 0xff, 0xff, 0xff, 0xf1,
    0x00, 0x5f, 0xf5, 0x00, 0x22, 0x22, 0x22, 0x5f,
    0x62, 0x20, 0x07, 0xfd, 0xf5, 0x00, 0x00, 0x00,
    0x00, 0x3f, 0x50, 0x00, 0x3f, 0xb3, 0xf5, 0x00,
    0x00, 0x00, 0x00, 0x3f, 0x50, 0x00, 0x03, 0x02,
    0xf5, 0x00, 0x00, 0x00, 0x00, 0x3f, 0x50, 0x00,
    0x00, 0x02, 0xf5, 0x00, 0x00, 0x00, 0x00, 0x3f,
    0x50, 0x00, 0x00, 0x02, 0xf5, 0x00, 0x00, 0x00,
    0x00, 0x3f, 0x50, 0x00, 0x00, 0x02, 0xf5, 0x00,
    0x00, 0x00, 0x00, 0x3f, 0x50, 0x00, 0x00, 0x02,
    0xf5, 0x00, 0x00, 0x00, 0x00, 0x3f, 0x50, 0x00,
    0x00, 0x02, 0xf5, 0x00, 0x00, 0x05, 0x66, 0x9f,
    0x40, 0x00, 0x00, 0x02, 0xf5, 0x00, 0x00, 0x08,
    0xff, 0xfb, 0x00, 0x00, 0x00, 0x00, 0x00, 0x00,
    0x00, 0x00, 0x00, 0x00, 0x00, 0x00,

    /* U+8868 "表" */
    0x00, 0x00, 0x00, 0x00, 0x0b, 0x70, 0x00, 0x00,
    0x00, 0x00, 0x00, 0x00, 0x00, 0x00, 0x0e, 0x90,
    0x00, 0x00, 0x00, 0x00, 0x00, 0xff, 0xff, 0xff,
    0xff, 0xff, 0xff, 0xff, 0xfe, 0x00, 0x00, 0x44,
    0x44, 0x44, 0x4f, 0xb4, 0x44, 0x44, 0x44, 0x00,
    0x00, 0x00, 0x00, 0x00, 0x0e, 0x90, 0x00, 0x00,
    0x00, 0x00, 0x00, 0x0f, 0xff, 0xff, 0xff, 0xff,
    0xff, 0xff, 0xf0, 0x00, 0x00, 0x03, 0x33, 0x33,
    0x3f, 0xb3, 0x33, 0x33, 0x30, 0x00, 0x00, 0x00,
    0x00, 0x00, 0x0e, 0x90, 0x00, 0x00, 0x00, 0x00,
    0x0d, 0xff, 0xff, 0xff, 0xff, 0xff, 0xff, 0xff,
    0xff, 0x90, 0x03, 0x44, 0x44, 0x4b, 0xfb, 0xf8,
    0x44, 0x44, 0x44, 0x20, 0x00, 0x00, 0x01, 0xaf,
    0x70, 0xcc, 0x00, 0x00, 0x96, 0x00, 0x00, 0x00,
    0x6e, 0xe4, 0x00, 0x4f, 0x50, 0x1b, 0xf6, 0x00,
    0x00, 0x6d, 0xff, 0xa0, 0x00, 0x0b, 0xe6, 0xed,
    0x30, 0x00, 0x1e, 0xfb, 0x3e, 0xa0, 0x00, 0x01,
    0xef, 0xa0, 0x00, 0x00, 0x04, 0x30, 0x0e, 0xa0,
    0x00, 0x00, 0x3f, 0xd2, 0x00, 0x00, 0x00, 0x00,
    0x0e, 0xa0, 0x27, 0xc9, 0x03, 0xef, 0x80, 0x00,
    0x00, 0x00, 0x1f, 0xee, 0xff, 0xa4, 0x00, 0x1a,
    0xff, 0x90, 0x00, 0x00, 0x7f, 0xe9, 0x40, 0x00,
    0x00, 0x00, 0x3a, 0x70, 0x00, 0x00, 0x15, 0x00,
    0x00, 0x00, 0x00, 0x00, 0x00, 0x00,

    /* U+8BA1 "计" */
    0x00, 0x02, 0x00, 0x00, 0x00, 0x00, 0x5a, 0x00,
    0x00, 0x00, 0x00, 0x1e, 0xa0, 0x00, 0x00, 0x00,
    0x8f, 0x10, 0x00, 0x00, 0x00, 0x04, 0xfc, 0x00,
    0x00, 0x00, 0x8f, 0x10, 0x00, 0x00, 0x00, 0x00,
    0x4f, 0xa0, 0x00, 0x00, 0x8f, 0x10, 0x00, 0x00,
    0x00, 0x00, 0x05, 0x30, 0x00, 0x00, 0x8f, 0x10,
    0x00, 0x00, 0x00, 0x00, 0x00, 0x00, 0x00, 0x00,
    0x8f, 0x10, 0x00, 0x00, 0x06, 0x66, 0x83, 0x00,
    0x00, 0x00, 0x8f, 0x20, 0x00, 0x00, 0x1f, 0xff,
    0xf9, 0x09, 0xff, 0xff, 0xff, 0xff, 0xff, 0xf2,
    0x01, 0x11, 0xf9, 0x04, 0x77, 0x77, 0xbf, 0x87,
    0x77, 0x71, 0x00, 0x00, 0xe9, 0x00, 0x00, 0x00,
    0x8f, 0x10, 0x00, 0x00, 0x00, 0x00, 0xe9, 0x00,
    0x00, 0x00, 0x8f, 0x10, 0x00, 0x00, 0x00, 0x00,
    0xe9, 0x00, 0x00, 0x00, 0x8f, 0x10, 0x00, 0x00,
    0x00, 0x00, 0xe9, 0x00, 0x00, 0x00, 0x8f, 0x10,
    0x00, 0x00, 0x00, 0x00, 0xe9, 0x08, 0x20, 0x00,
    0x8f, 0x10, 0x00, 0x00, 0x00, 0x00, 0xec, 0xdf,
    0x40, 0x00, 0x8f, 0x10, 0x00, 0x00, 0x00, 0x02,
    0xff, 0xb1, 0x00, 0x00, 0x8f, 0x10, 0x00, 0x00,
    0x00, 0x0a, 0xf6, 0x00, 0x00, 0x00, 0x8f, 0x10,
    0x00, 0x00, 0x00, 0x02, 0x20, 0x00, 0x00, 0x00,
    0x8f, 0x10, 0x00, 0x00,

    /* U+8BA4 "认" */
    0x00, 0x02, 0x00, 0x00, 0x00, 0x00, 0x98, 0x00,
    0x00, 0x00, 0x00, 0x2f, 0x90, 0x00, 0x00, 0x00,
    0xcb, 0x00, 0x00, 0x00, 0x00, 0x06, 0xfb, 0x00,
    0x00, 0x00, 0xcb, 0x00, 0x00, 0x00, 0x00, 0x00,
    0x5f, 0x60, 0x00, 0x00, 0xdb, 0x00, 0x00, 0x00,
    0x00, 0x00, 0x04, 0x00, 0x00, 0x00, 0xda, 0x00,
    0x00, 0x00, 0x00, 0x00, 0x00, 0x00, 0x00, 0x00,
    0xe9, 0x00, 0x00, 0x00, 0x27, 0x77, 0x84, 0x00,
    0x00, 0x00, 0xfa, 0x00, 0x00, 0x00, 0x4f, 0xff,
    0xf8, 0x00, 0x00, 0x00, 0xfc, 0x00, 0x00, 0x00,
    0x00, 0x00, 0xe8, 0x00, 0x00, 0x02, 0xfe, 0x00,
    0x00, 0x00, 0x00, 0x00, 0xe8, 0x00, 0x00, 0x04,
    0xff, 0x20, 0x00, 0x00, 0x00, 0x00, 0xe8, 0x00,
    0x00, 0x07, 0xff, 0x70, 0x00, 0x00, 0x00, 0x00,
    0xe8, 0x00, 0x00, 0x0b, 0xca, 0xc0, 0x00, 0x00,
    0x00, 0x00, 0xe8, 0x00, 0x00, 0x1f, 0x84, 0xf2,
    0x00, 0x00, 0x00, 0x00, 0xe8, 0x09, 0x20, 0x7f,
    0x20, 0xea, 0x00, 0x00, 0x00, 0x00, 0xeb, 0xde,
    0x30, 0xeb, 0x00, 0x7f, 0x30, 0x00, 0x00, 0x01,
    0xff, 0xb1, 0x0a, 0xf3, 0x00, 0x0d, 0xd1, 0x00,
    0x00, 0x0b, 0xf6, 0x00, 0x8f, 0x80, 0x00, 0x03,
    0xfc, 0x10, 0x00, 0x06, 0x30, 0x07, 0xfa, 0x00,
    0x00, 0x00, 0x5f, 0xc0, 0x00, 0x00, 0x00, 0x00,
    0x60, 0x00, 0x00, 0x00, 0x03, 0x20,

    /* U+8BB8 "许" */
    0x00, 0x00, 0x00, 0x00, 0x03, 0x91, 0x00, 0x00,
    0x00, 0x00, 0x00, 0x4e, 0x30, 0x00, 0x07, 0xf0,
    0x00, 0x00, 0x00, 0x00, 0x00, 0x0b, 0xf4, 0x00,
    0x0b, 0xc0, 0x00, 0x00, 0x00, 0x00, 0x00, 0x00,
    0xcf, 0x30, 0x1f, 0xc7, 0x77, 0x77, 0x77, 0x30,
    0x00, 0x00, 0x09, 0x00, 0x6f, 0xff, 0xff, 0xff,
    0xff, 0x60, 0x00, 0x00, 0x00, 0x00, 0xdc, 0x00,
    0x7f, 0x10, 0x00, 0x00, 0x17, 0x77, 0x74, 0x06,
    0xf4, 0x00, 0x7f, 0x10, 0x00, 0x00, 0x1f, 0xff,
    0xf8, 0x07, 0xa0, 0x00, 0x7f, 0x10, 0x00, 0x00,
    0x00, 0x00, 0xe8, 0x00, 0x00, 0x00, 0x7f, 0x10,
    0x00, 0x00, 0x00, 0x00, 0xe8, 0x03, 0x44, 0x44,
    0x9f, 0x54, 0x44, 0x40, 0x00, 0x00, 0xe8, 0x0e,
    0xff, 0xff, 0xff, 0xff, 0xff, 0xf3, 0x00, 0x00,
    0xe8, 0x02, 0x33, 0x33, 0x8f, 0x43, 0x33, 0x30,
    0x00, 0x00, 0xe8, 0x00, 0x00, 0x00, 0x7f, 0x10,
    0x00, 0x00, 0x00, 0x00, 0xe8, 0x02, 0x00, 0x00,
    0x7f, 0x10, 0x00, 0x00, 0x00, 0x00, 0xea, 0xaf,
    0x00, 0x00, 0x7f, 0x10, 0x00, 0x00, 0x00, 0x01,
    0xff, 0xc2, 0x00, 0x00, 0x7f, 0x10, 0x00, 0x00,
    0x00, 0x06, 0xf6, 0x00, 0x00, 0x00, 0x7f, 0x10,
    0x00, 0x00, 0x00, 0x00, 0x20, 0x00, 0x00, 0x00,
    0x7f, 0x10, 0x00, 0x00,

    /* U+8BBE "设" */
    0x00, 0x30, 0x00, 0x00, 0x02, 0x11, 0x11, 0x20,
    0x00, 0x00, 0x1f, 0xa0, 0x00, 0x03, 0xff, 0xff,
    0xff, 0x60, 0x00, 0x00, 0x4f, 0xa0, 0x00, 0x3f,
    0x75, 0x55, 0xf6, 0x00, 0x00, 0x00, 0x4f, 0x60,
    0x03, 0xf3, 0x00, 0x0f, 0x60, 0x00, 0x00, 0x00,
    0x40, 0x00, 0x5f, 0x10, 0x00, 0xf6, 0x00, 0x00,
    0x00, 0x00, 0x00, 0x0c, 0xd0, 0x00, 0x0f, 0x60,
    0x00, 0x77, 0x77, 0x20, 0x09, 0xf4, 0x00, 0x00,
    0xed, 0xaa, 0x1e, 0xff, 0xf5, 0x0c, 0xf7, 0x00,
    0x00, 0x05, 0xaa, 0xa2, 0x00, 0x1f, 0x50, 0x43,
    0x00, 0x00, 0x00, 0x00, 0x00, 0x00, 0x01, 0xf5,
    0x04, 0xff, 0xff, 0xff, 0xff, 0xfe, 0x10, 0x00,
    0x1f, 0x50, 0x2a, 0xf7, 0x77, 0x77, 0x7e, 0xd0,
    0x00, 0x01, 0xf5, 0x00, 0x1f, 0x70, 0x00, 0x04,
    0xf5, 0x00, 0x00, 0x1f, 0x50, 0x00, 0x7f, 0x30,
    0x01, 0xdc, 0x00, 0x00, 0x01, 0xf5, 0x02, 0x00,
    0xce, 0x20, 0xce, 0x20, 0x00, 0x00, 0x1f, 0x7c,
    0xb0, 0x01, 0xde, 0xdf, 0x30, 0x00, 0x00, 0x02,
    0xff, 0xc2, 0x00, 0x09, 0xff, 0xb1, 0x00, 0x00,
    0x00, 0xaf, 0x90, 0x02, 0x8e, 0xf9, 0x8f, 0xf9,
    0x30, 0x00, 0x0b, 0x70, 0x0c, 0xff, 0x92, 0x00,
    0x29, 0xff, 0xe2, 0x00, 0x00, 0x00, 0x45, 0x00,
    0x00, 0x00, 0x01, 0x57, 0x00,

    /* U+8BC6 "识" */
    0x00, 0x10, 0x00, 0x00, 0x00, 0x00, 0x00, 0x00,
    0x00, 0x00, 0x7e, 0x30, 0x00, 0x06, 0x66, 0x66,
    0x66, 0x66, 0x00, 0x00, 0xcf, 0x40, 0x00, 0xff,
    0xff, 0xff, 0xff, 0xf0, 0x00, 0x00, 0xbf, 0x20,
    0x0f, 0x71, 0x11, 0x11, 0x8f, 0x00, 0x00, 0x00,
    0x60, 0x00, 0xf7, 0x00, 0x00, 0x08, 0xf0, 0x00,
    0x00, 0x00, 0x00, 0x0f, 0x70, 0x00, 0x00, 0x8f,
    0x00, 0x67, 0x78, 0x30, 0x00, 0xf7, 0x00, 0x00,
    0x08, 0xf0, 0x0c, 0xff, 0xf7, 0x00, 0x0f, 0x70,
    0x00, 0x00, 0x8f, 0x00, 0x00, 0x0f, 0x70, 0x00,
    0xf7, 0x00, 0x00, 0x08, 0xf0, 0x00, 0x00, 0xf7,
    0x00, 0x0f, 0xff, 0xff, 0xff, 0xff, 0x00, 0x00,
    0x0f, 0x70, 0x00, 0x77, 0x77, 0x77, 0x77, 0x70,
    0x00, 0x00, 0xf7, 0x00, 0x00, 0x00, 0x00, 0x00,
    0x00, 0x00, 0x00, 0x0f, 0x70, 0x00, 0x05, 0x40,
    0x00, 0x44, 0x00, 0x00, 0x00, 0xf7, 0x17, 0x00,
    0xeb, 0x00, 0x0b, 0xe0, 0x00, 0x00, 0x0f, 0xbe,
    0xe0, 0x6f, 0x50, 0x00, 0x2f, 0x80, 0x00, 0x02,
    0xff, 0xc1, 0x0d, 0xd0, 0x00, 0x00, 0xaf, 0x10,
    0x00, 0xaf, 0x90, 0x08, 0xf4, 0x00, 0x00, 0x02,
    0xf8, 0x00, 0x0a, 0x60, 0x04, 0xfa, 0x00, 0x00,
    0x00, 0x0b, 0xe0, 0x00, 0x00, 0x00, 0x05, 0x00,
    0x00, 0x00, 0x00, 0x21, 0x00,

    /* U+8BD5 "试" */
    0x00, 0x30, 0x00, 0x00, 0x00, 0x00, 0x4b, 0x15,
    0x00, 0x00, 0x2f, 0xa0, 0x00, 0x00, 0x00, 0x05,
    0xf3, 0xcb, 0x00, 0x00, 0x5f, 0xa0, 0x00, 0x00,
    0x00, 0x4f, 0x21, 0xe8, 0x00, 0x00, 0x5f, 0x50,
    0x00, 0x00, 0x04, 0xf3, 0x05, 0x90, 0x00, 0x00,
    0x30, 0x8a, 0xaa, 0xaa, 0xbf, 0xba, 0xaa, 0x40,
    0x00, 0x00, 0x0b, 0xdd, 0xdd, 0xdd, 0xfe, 0xdd,
    0xd5, 0x67, 0x78, 0x30, 0x00, 0x00, 0x00, 0x2f,
    0x50, 0x00, 0x0b, 0xff, 0xf6, 0x00, 0x00, 0x00,
    0x01, 0xf6, 0x00, 0x00, 0x00, 0x0f, 0x60, 0x16,
    0x66, 0x66, 0x1f, 0x80, 0x00, 0x00, 0x00, 0xf6,
    0x03, 0xff, 0xff, 0xf2, 0xe9, 0x00, 0x00, 0x00,
    0x0f, 0x60, 0x00, 0x2f, 0x40, 0x0c, 0xb0, 0x00,
    0x00, 0x00, 0xf6, 0x00, 0x02, 0xf4, 0x00, 0xad,
    0x00, 0x00, 0x00, 0x0f, 0x60, 0x00, 0x2f, 0x40,
    0x08, 0xf0, 0x00, 0x00, 0x00, 0xf6, 0x04, 0x02,
    0xf4, 0x01, 0x5f, 0x30, 0x61, 0x00, 0x0f, 0xad,
    0xd0, 0x4f, 0xdf, 0xb1, 0xf7, 0x0c, 0x70, 0x04,
    0xff, 0xa6, 0xef, 0xea, 0x51, 0x0c, 0xe1, 0xf4,
    0x00, 0xbe, 0x50, 0x27, 0x30, 0x00, 0x00, 0x5f,
    0xff, 0x00, 0x03, 0x10, 0x00, 0x00, 0x00, 0x00,
    0x00, 0x8f, 0x70, 0x00, 0x00, 0x00, 0x00, 0x00,
    0x00, 0x00, 0x00, 0x00, 0x00,

    /* U+8D25 "败" */
    0x00, 0x00, 0x00, 0x00, 0x00, 0x00, 0x75, 0x00,
    0x00, 0x00, 0x03, 0xff, 0xff, 0xff, 0xe0, 0x00,
    0xe8, 0x00, 0x00, 0x00, 0x03, 0xf6, 0x66, 0x6a,
    0xe0, 0x02, 0xf3, 0x00, 0x00, 0x00, 0x03, 0xf0,
    0x13, 0x06, 0xe0, 0x07, 0xf6, 0x55, 0x55, 0x50,
    0x03, 0xf0, 0x5f, 0x06, 0xe0, 0x0c, 0xff, 0xff,
    0xff, 0xf0, 0x03, 0xf0, 0x5f, 0x06, 0xe0, 0x3f,
    0x40, 0x00, 0xd7, 0x00, 0x03, 0xf0, 0x5f, 0x06,
    0xe0, 0xae, 0x00, 0x00, 0xf5, 0x00, 0x03, 0xf0,
    0x5f, 0x06, 0xe2, 0xff, 0x00, 0x02, 0xf2, 0x00,
    0x03, 0xf0, 0x5f, 0x06, 0xe8, 0xdf, 0x50, 0x06,
    0xf0, 0x00, 0x03, 0xf0, 0x5f, 0x06, 0xe0, 0x39,
    0xb0, 0x0a, 0xb0, 0x00, 0x03, 0xf0, 0x5f, 0x06,
    0xe0, 0x03, 0xf2, 0x0e, 0x60, 0x00, 0x03, 0xf0,
    0x7d, 0x06, 0xe0, 0x00, 0xca, 0x5f, 0x10, 0x00,
    0x03, 0xf0, 0xab, 0x06, 0xe0, 0x00, 0x4f, 0xea,
    0x00, 0x00, 0x00, 0x30, 0xe7, 0x11, 0x20, 0x00,
    0x0b, 0xf3, 0x00, 0x00, 0x00, 0x05, 0xf2, 0xe7,
    0x00, 0x00, 0x1e, 0xfb, 0x00, 0x00, 0x00, 0x1e,
    0x90, 0x5f, 0x30, 0x01, 0xdd, 0x4f, 0xa0, 0x00,
    0x01, 0xcd, 0x10, 0x0a, 0xe1, 0x3e, 0xd1, 0x05,
    0xfc, 0x20, 0x0d, 0xd2, 0x00, 0x01, 0xb5, 0xfc,
    0x10, 0x00, 0x3e, 0xe1, 0x03, 0x00, 0x00, 0x00,
    0x00, 0x30, 0x00, 0x00, 0x00, 0x30,

    /* U+8DDD "距" */
    0x00, 0x22, 0x22, 0x22, 0x00, 0x00, 0x00, 0x00,
    0x00, 0x00, 0x04, 0xff, 0xff, 0xff, 0x47, 0xff,
    0xff, 0xff, 0xff, 0xc0, 0x04, 0xf3, 0x22, 0x4f,
    0x48, 0xf8, 0x88, 0x88, 0x88, 0x70, 0x04, 0xf0,
    0x00, 0x1f, 0x48, 0xf0, 0x00, 0x00, 0x00, 0x00,
    0x04, 0xf0, 0x00, 0x1f, 0x48, 0xf0, 0x00, 0x00,
    0x00, 0x00, 0x04, 0xf2, 0x22, 0x3f, 0x48, 0xf3,
    0x33, 0x33, 0x32, 0x00, 0x04, 0xff, 0xff, 0xff,
    0x48, 0xff, 0xff, 0xff, 0xfe, 0x00, 0x00, 0x33,
    0x8f, 0x33, 0x08, 0xf3, 0x33, 0x33, 0x9e, 0x00,
    0x00, 0x00, 0x7f, 0x00, 0x08, 0xf0, 0x00, 0x00,
    0x8e, 0x00, 0x04, 0xf0, 0x7f, 0x11, 0x08, 0xf0,
    0x00, 0x00, 0x8e, 0x00, 0x04, 0xf0, 0x7f, 0xff,
    0x98, 0xf0, 0x00, 0x00, 0x8e, 0x00, 0x04, 0xf0,
    0x7f, 0x44, 0x28, 0xfc, 0xcc, 0xcc, 0xee, 0x00,
    0x04, 0xf0, 0x7f, 0x00, 0x08, 0xfa, 0xaa, 0xaa,
    0xa9, 0x00, 0x04, 0xf0, 0x7f, 0x00, 0x08, 0xf0,
    0x00, 0x00, 0x00, 0x00, 0x04, 0xf0, 0x7f, 0x38,
    0x78, 0xf0, 0x00, 0x00, 0x00, 0x00, 0x04, 0xf6,
    0xcf, 0xfe, 0x78, 0xf0, 0x00, 0x00, 0x00, 0x00,
    0x2e, 0xff, 0xc7, 0x30, 0x08, 0xf7, 0x77, 0x77,
    0x77, 0x71, 0x0b, 0x61, 0x00, 0x00, 0x08, 0xff,
    0xff, 0xff, 0xff, 0xf3,

    /* U+8F91 "辑" */
    0x00, 0x01, 0xa2, 0x00, 0x00, 0x22, 0x22, 0x22,
    0x22, 0x00, 0x00, 0x04, 0xf2, 0x00, 0x05, 0xff,
    0xff, 0xff, 0xfd, 0x00, 0x07, 0x7b, 0xf7, 0x77,
    0x15, 0xf0, 0x00, 0x00, 0xad, 0x00, 0x1f, 0xff,
    0xff, 0xff, 0x35, 0xf0, 0x00, 0x00, 0xad, 0x00,
    0x00, 0x0f, 0x60, 0x00, 0x05, 0xff, 0xff, 0xff,
    0xfd, 0x00, 0x00, 0x4f, 0x25, 0x10, 0x00, 0x22,
    0x22, 0x22, 0x21, 0x00, 0x00, 0x9c, 0x2f, 0x40,
    0x47, 0x77, 0x77, 0x77, 0x77, 0x70, 0x00, 0xe7,
    0x2f, 0x40, 0x6d, 0xfd, 0xcc, 0xcc, 0xff, 0xc0,
    0x05, 0xf7, 0x7f, 0x85, 0x03, 0xf3, 0x00, 0x00,
    0xbb, 0x00, 0x0a, 0xed, 0xef, 0xed, 0x13, 0xff,
    0xff, 0xff, 0xfb, 0x00, 0x01, 0x00, 0x2f, 0x40,
    0x03, 0xf5, 0x33, 0x33, 0xcb, 0x00, 0x00, 0x00,
    0x2f, 0x40, 0x03, 0xf3, 0x00, 0x00, 0xbb, 0x00,
    0x00, 0x00, 0x3f, 0x9a, 0x53, 0xff, 0xff, 0xff,
    0xfb, 0x00, 0x1a, 0xcf, 0xff, 0xea, 0x43, 0xf5,
    0x33, 0x33, 0xcb, 0x00, 0x0c, 0x96, 0x5f, 0x40,
    0x03, 0xf3, 0x12, 0x34, 0xcd, 0x71, 0x00, 0x00,
    0x2f, 0x40, 0xbe, 0xff, 0xff, 0xfe, 0xfe, 0xb1,
    0x00, 0x00, 0x2f, 0x40, 0x55, 0x43, 0x20, 0x00,
    0xbb, 0x00, 0x00, 0x00, 0x2f, 0x40, 0x00, 0x00,
    0x00, 0x00, 0xbb, 0x00,

    /* U+8FC7 "过" */
    0x00, 0x10, 0x00, 0x00, 0x00, 0x00, 0x00, 0x7a,
    0x00, 0x00, 0x02, 0xf8, 0x00, 0x00, 0x00, 0x00,
    0x00, 0x9e, 0x00, 0x00, 0x00, 0x7f, 0x70, 0x00,
    0x00, 0x00, 0x00, 0x9e, 0x00, 0x00, 0x00, 0x08,
    0xf5, 0x13, 0x33, 0x33, 0x33, 0xaf, 0x33, 0x20,
    0x00, 0x00, 0xa4, 0x5f, 0xff, 0xff, 0xff, 0xff,
    0xff, 0xb0, 0x00, 0x00, 0x00, 0x13, 0x33, 0x33,
    0x33, 0xbf, 0x33, 0x20, 0x00, 0x00, 0x00, 0x00,
    0x00, 0x00, 0x00, 0x9e, 0x00, 0x00, 0x04, 0x44,
    0x41, 0x01, 0xf6, 0x00, 0x00, 0x9e, 0x00, 0x00,
    0x0f, 0xff, 0xf3, 0x00, 0x8f, 0x30, 0x00, 0x9e,
    0x00, 0x00, 0x01, 0x14, 0xf3, 0x00, 0x0c, 0xd0,
    0x00, 0x9e, 0x00, 0x00, 0x00, 0x03, 0xf3, 0x00,
    0x03, 0xf7, 0x00, 0x9e, 0x00, 0x00, 0x00, 0x03,
    0xf3, 0x00, 0x00, 0x40, 0x00, 0x9e, 0x00, 0x00,
    0x00, 0x03, 0xf3, 0x00, 0x00, 0x00, 0x00, 0x9e,
    0x00, 0x00, 0x00, 0x03, 0xf3, 0x00, 0x00, 0x16,
    0x55, 0xce, 0x00, 0x00, 0x00, 0x09, 0xf7, 0x00,
    0x00, 0x0f, 0xff, 0xf7, 0x00, 0x00, 0x01, 0xcf,
    0xbf, 0x90, 0x00, 0x01, 0x21, 0x00, 0x00, 0x00,
    0x0d, 0xf4, 0x04, 0xef, 0xa7, 0x65, 0x56, 0x67,
    0x89, 0xb1, 0x0c, 0x60, 0x00, 0x17, 0xcf, 0xff,
    0xff, 0xff, 0xff, 0xd0, 0x01, 0x00, 0x00, 0x00,
    0x00, 0x00, 0x00, 0x00, 0x00, 0x00,

    /* U+8FD0 "运" */
    0x00, 0x70, 0x00, 0x03, 0x77, 0x77, 0x77, 0x77,
    0x74, 0x00, 0x04, 0xfd, 0x30, 0x06, 0xff, 0xff,
    0xff, 0xff, 0xfa, 0x00, 0x00, 0x2c, 0xf7, 0x00,
    0x00, 0x00, 0x00, 0x00, 0x00, 0x00, 0x00, 0x00,
    0x84, 0x00, 0x00, 0x00, 0x00, 0x00, 0x00, 0x00,
    0x00, 0x00, 0x00, 0x01, 0x11, 0x11, 0x11, 0x11,
    0x11, 0x10, 0x00, 0x00, 0x00, 0xbf, 0xff, 0xff,
    0xff, 0xff, 0xff, 0xf1, 0x2f, 0xff, 0xf0, 0x34,
    0x44, 0xee, 0x44, 0x44, 0x44, 0x40, 0x17, 0x7a,
    0xf0, 0x00, 0x03, 0xf8, 0x00, 0x92, 0x00, 0x00,
    0x00, 0x06, 0xf0, 0x00, 0x0b, 0xf1, 0x00, 0xdc,
    0x00, 0x00, 0x00, 0x06, 0xf0, 0x00, 0x3f, 0x70,
    0x00, 0x4f, 0x50, 0x00, 0x00, 0x06, 0xf0, 0x00,
    0xcd, 0x00, 0x00, 0x0b, 0xd0, 0x00, 0x00, 0x06,
    0xf0, 0x08, 0xf5, 0x34, 0x56, 0x8b, 0xf7, 0x00,
    0x00, 0x06, 0xf0, 0x0d, 0xff, 0xff, 0xff, 0xfd,
    0xee, 0x10, 0x00, 0x06, 0xf0, 0x06, 0x97, 0x53,
    0x20, 0x00, 0x2f, 0x50, 0x00, 0x5d, 0xfb, 0x30,
    0x00, 0x00, 0x00, 0x00, 0x02, 0x00, 0x0a, 0xfc,
    0x7c, 0xfd, 0x97, 0x66, 0x66, 0x77, 0x88, 0x81,
    0x0d, 0xa0, 0x00, 0x4a, 0xdf, 0xff, 0xff, 0xff,
    0xff, 0xd0, 0x01, 0x00, 0x00, 0x00, 0x00, 0x01,
    0x10, 0x00, 0x00, 0x00,

    /* U+8FD1 "近" */
    0x00, 0x00, 0x00, 0x00, 0x00, 0x00, 0x00, 0x02,
    0x65, 0x00, 0x01, 0xe7, 0x00, 0x00, 0x58, 0x8a,
    0xbd, 0xff, 0xfd, 0x30, 0x00, 0x6f, 0x70, 0x00,
    0xbf, 0xcb, 0x98, 0x53, 0x00, 0x00, 0x00, 0x08,
    0xf5, 0x00, 0xbd, 0x00, 0x00, 0x00, 0x00, 0x00,
    0x00, 0x00, 0x95, 0x00, 0xbd, 0x00, 0x00, 0x00,
    0x00, 0x00, 0x00, 0x00, 0x00, 0x00, 0xbd, 0x00,
    0x00, 0x00, 0x00, 0x00, 0x00, 0x00, 0x00, 0x00,
    0xbf, 0xee, 0xee, 0xee, 0xee, 0xe0, 0x08, 0x88,
    0x82, 0x00, 0xbe, 0x88, 0x89, 0xfb, 0x88, 0x80,
    0x0e, 0xff, 0xf3, 0x00, 0xcb, 0x00, 0x02, 0xf5,
    0x00, 0x00, 0x00, 0x03, 0xf3, 0x00, 0xe9, 0x00,
    0x02, 0xf5, 0x00, 0x00, 0x00, 0x03, 0xf3, 0x00,
    0xf7, 0x00, 0x02, 0xf5, 0x00, 0x00, 0x00, 0x03,
    0xf3, 0x04, 0xf4, 0x00, 0x02, 0xf5, 0x00, 0x00,
    0x00, 0x03, 0xf3, 0x09, 0xf0, 0x00, 0x02, 0xf5,
    0x00, 0x00, 0x00, 0x03, 0xf3, 0x1f, 0xa0, 0x00,
    0x02, 0xf5, 0x00, 0x00, 0x00, 0x08, 0xf6, 0x5f,
    0x30, 0x00, 0x02, 0xf5, 0x00, 0x00, 0x00, 0xbf,
    0xbf, 0x83, 0x00, 0x00, 0x00, 0x52, 0x00, 0x00,
    0x0c, 0xf4, 0x04, 0xee, 0x97, 0x65, 0x55, 0x66,
    0x79, 0xb1, 0x0c, 0x60, 0x00, 0x17, 0xcf, 0xff,
    0xff, 0xff, 0xff, 0xd0, 0x01, 0x00, 0x00, 0x00,
    0x00, 0x01, 0x11, 0x00, 0x00, 0x00,

    /* U+8FD4 "返" */
    0x00, 0x00, 0x00, 0x00, 0x00, 0x00, 0x00, 0x01,
    0x44, 0x00, 0x03, 0xd4, 0x00, 0x03, 0x77, 0x8a,
    0xbd, 0xff, 0xff, 0x30, 0x00, 0xbf, 0x30, 0x07,
    0xfe, 0xdc, 0xa9, 0x75, 0x20, 0x00, 0x00, 0x1d,
    0xe2, 0x07, 0xf0, 0x00, 0x00, 0x00, 0x00, 0x00,
    0x00, 0x02, 0xa1, 0x07, 0xf0, 0x00, 0x00, 0x00,
    0x00, 0x00, 0x00, 0x00, 0x00, 0x07, 0xfa, 0xaa,
    0xaa, 0xaa, 0xb7, 0x00, 0x00, 0x00, 0x00, 0x08,
    0xfb, 0xbb, 0xbb, 0xbb, 0xfa, 0x00, 0x05, 0x55,
    0x50, 0x08, 0xf0, 0x10, 0x00, 0x04, 0xf4, 0x00,
    0x1f, 0xff, 0xf0, 0x09, 0xd1, 0xf9, 0x00, 0x0d,
    0xc0, 0x00, 0x01, 0x18, 0xf0, 0x0b, 0xb0, 0x4f,
    0xc1, 0x8f, 0x30, 0x00, 0x00, 0x08, 0xf0, 0x0e,
    0x80, 0x02, 0xee, 0xf7, 0x00, 0x00, 0x00, 0x08,
    0xf0, 0x3f, 0x40, 0x00, 0x8f, 0xf5, 0x00, 0x00,
    0x00, 0x08, 0xf0, 0x9f, 0x00, 0x1a, 0xf9, 0xbf,
    0x70, 0x00, 0x00, 0x08, 0xf3, 0xf8, 0x28, 0xfe,
    0x50, 0x0a, 0xf8, 0x00, 0x00, 0x0a, 0xf1, 0x90,
    0x4f, 0x81, 0x00, 0x00, 0x9a, 0x00, 0x01, 0xcf,
    0xed, 0x30, 0x00, 0x00, 0x00, 0x00, 0x00, 0x00,
    0x1d, 0xe2, 0x09, 0xfc, 0x86, 0x55, 0x55, 0x56,
    0x78, 0xa1, 0x1e, 0x40, 0x00, 0x39, 0xdf, 0xff,
    0xff, 0xff, 0xff, 0xc0, 0x01, 0x00, 0x00, 0x00,
    0x00, 0x11, 0x11, 0x00, 0x00, 0x00,

    /* U+8FDB "进" */
    0x00, 0x20, 0x00, 0x00, 0x02, 0x60, 0x00, 0x35,
    0x00, 0x00, 0x01, 0xfa, 0x00, 0x00, 0x06, 0xf1,
    0x00, 0x9e, 0x00, 0x00, 0x00, 0x4f, 0xa0, 0x00,
    0x06, 0xf1, 0x00, 0x9e, 0x00, 0x00, 0x00, 0x05,
    0xf8, 0x03, 0x38, 0xf4, 0x33, 0xaf, 0x33, 0x10,
    0x00, 0x00, 0x72, 0x3f, 0xff, 0xff, 0xff, 0xff,
    0xff, 0x80, 0x00, 0x00, 0x00, 0x14, 0x48, 0xf5,
    0x44, 0xbf, 0x44, 0x20, 0x00, 0x00, 0x00, 0x00,
    0x06, 0xf1, 0x00, 0x9e, 0x00, 0x00, 0x09, 0x99,
    0x92, 0x00, 0x06, 0xf1, 0x00, 0x9e, 0x00, 0x00,
    0x0d, 0xde, 0xf3, 0x02, 0x28, 0xf3, 0x22, 0xaf,
    0x22, 0x20, 0x00, 0x03, 0xf3, 0x5f, 0xff, 0xff,
    0xff, 0xff, 0xff, 0xe0, 0x00, 0x03, 0xf3, 0x14,
    0x4c, 0xe4, 0x44, 0xbf, 0x44, 0x40, 0x00, 0x03,
    0xf3, 0x00, 0x0f, 0xa0, 0x00, 0x9e, 0x00, 0x00,
    0x00, 0x03, 0xf3, 0x00, 0x7f, 0x40, 0x00, 0x9e,
    0x00, 0x00, 0x00, 0x03, 0xf3, 0x04, 0xfc, 0x00,
    0x00, 0x9e, 0x00, 0x00, 0x00, 0x08, 0xf6, 0x0b,
    0xe2, 0x00, 0x00, 0x9e, 0x00, 0x00, 0x00, 0xbf,
    0xaf, 0x71, 0x20, 0x00, 0x00, 0x36, 0x00, 0x00,
    0x0c, 0xf3, 0x03, 0xee, 0x86, 0x44, 0x44, 0x55,
    0x78, 0xa1, 0x0d, 0x60, 0x00, 0x17, 0xcf, 0xff,
    0xff, 0xff, 0xff, 0xd0, 0x01, 0x00, 0x00, 0x00,
    0x00, 0x11, 0x11, 0x10, 0x00, 0x00,

    /* U+8FDE "连" */
    0x00, 0x00, 0x00, 0x00, 0x00, 0x00, 0x00, 0x00,
    0x00, 0x00, 0x00, 0x92, 0x00, 0x00, 0x00, 0xab,
    0x00, 0x00, 0x00, 0x00, 0x00, 0xde, 0x10, 0x00,
    0x00, 0xfa, 0x00, 0x00, 0x00, 0x00, 0x00, 0x2f,
    0xc0, 0xbf, 0xff, 0xff, 0xff, 0xff, 0xff, 0x30,
    0x00, 0x05, 0xf7, 0x46, 0x6e, 0xd6, 0x66, 0x66,
    0x66, 0x10, 0x00, 0x00, 0x71, 0x00, 0x3f, 0x60,
    0x36, 0x00, 0x00, 0x00, 0x00, 0x00, 0x00, 0x00,
    0xbe, 0x00, 0x9f, 0x00, 0x00, 0x00, 0x01, 0x11,
    0x10, 0x04, 0xf6, 0x00, 0x9f, 0x00, 0x00, 0x00,
    0x1f, 0xff, 0xf0, 0x0c, 0xff, 0xff, 0xff, 0xff,
    0xfd, 0x00, 0x04, 0x4a, 0xf0, 0x05, 0x77, 0x77,
    0xcf, 0x77, 0x76, 0x00, 0x00, 0x07, 0xf0, 0x00,
    0x00, 0x00, 0x9f, 0x00, 0x00, 0x00, 0x00, 0x07,
    0xf0, 0x00, 0x00, 0x00, 0x9f, 0x00, 0x00, 0x00,
    0x00, 0x07, 0xf0, 0xaf, 0xff, 0xff, 0xff, 0xff,
    0xff, 0xc0, 0x00, 0x07, 0xf0, 0x57, 0x77, 0x77,
    0xcf, 0x77, 0x77, 0x60, 0x00, 0x07, 0xf0, 0x00,
    0x00, 0x00, 0x9f, 0x00, 0x00, 0x00, 0x00, 0x08,
    0xf0, 0x00, 0x00, 0x00, 0x9f, 0x00, 0x00, 0x00,
    0x01, 0xaf, 0xfb, 0x30, 0x00, 0x00, 0x9f, 0x00,
    0x00, 0x00, 0x1d, 0xf8, 0x4d, 0xfd, 0x98, 0x76,
    0x89, 0x78, 0x9a, 0xb3, 0x1d, 0x70, 0x00, 0x5a,
    0xef, 0xff, 0xff, 0xff, 0xff, 0xe1, 0x01, 0x00,
    0x00, 0x00, 0x00, 0x01, 0x11, 0x00, 0x00, 0x00,

    /* U+9000 "退" */
    0x00, 0x00, 0x00, 0x00, 0x00, 0x00, 0x00, 0x00,
    0x00, 0x00, 0x02, 0xd6, 0x00, 0x06, 0xff, 0xff,
    0xff, 0xff, 0xc0, 0x00, 0x00, 0x9f, 0x60, 0x06,
    0xf6, 0x44, 0x44, 0x4b, 0xd0, 0x00, 0x00, 0x09,
    0xf4, 0x06, 0xf2, 0x00, 0x00, 0x0a, 0xd0, 0x00,
    0x00, 0x00, 0xa3, 0x06, 0xff, 0xff, 0xff, 0xff,
    0xd0, 0x00, 0x00, 0x00, 0x00, 0x06, 0xf5, 0x33,
    0x33, 0x3b, 0xd0, 0x00, 0x00, 0x00, 0x00, 0x06,
    0xf2, 0x00, 0x00, 0x0a, 0xd0, 0x00, 0x07, 0x77,
    0x71, 0x06, 0xf8, 0x77, 0x77, 0x7c, 0xd0, 0x00,
    0x0e, 0xff, 0xf3, 0x06, 0xfd, 0xdd, 0xdd, 0xdd,
    0xb1, 0x00, 0x00, 0x03, 0xf3, 0x06, 0xf2, 0x03,
    0x30, 0x01, 0xae, 0x20, 0x00, 0x03, 0xf3, 0x06,
    0xf2, 0x07, 0xf8, 0x4e, 0xd3, 0x00, 0x00, 0x03,
    0xf3, 0x06, 0xf2, 0x00, 0x3e, 0xf9, 0x00, 0x00,
    0x00, 0x03, 0xf3, 0x06, 0xf2, 0x25, 0x51, 0xce,
    0x40, 0x00, 0x00, 0x03, 0xf3, 0x0b, 0xfe, 0xfd,
    0x60, 0x0a, 0xf5, 0x00, 0x00, 0x05, 0xf4, 0x0c,
    0xb6, 0x20, 0x00, 0x00, 0x99, 0x00, 0x00, 0x8f,
    0xdf, 0x60, 0x00, 0x00, 0x00, 0x00, 0x00, 0x00,
    0x09, 0xf5, 0x04, 0xed, 0x85, 0x43, 0x34, 0x45,
    0x67, 0x90, 0x0d, 0x60, 0x00, 0x17, 0xcf, 0xff,
    0xff, 0xff, 0xff, 0xa0, 0x01, 0x00, 0x00, 0x00,
    0x00, 0x11, 0x11, 0x00, 0x00, 0x00,

    /* U+9009 "选" */
    0x00, 0x00, 0x00, 0x00, 0x01, 0x00, 0xa6, 0x00,
    0x00, 0x00, 0x06, 0xe3, 0x00, 0x00, 0x4f, 0x30,
    0xf9, 0x00, 0x00, 0x00, 0x01, 0xcf, 0x30, 0x00,
    0xae, 0x00, 0xf9, 0x00, 0x00, 0x00, 0x00, 0x1d,
    0xe2, 0x01, 0xff, 0xff, 0xff, 0xff, 0xff, 0x30,
    0x00, 0x01, 0xc2, 0x0a, 0xe4, 0x44, 0xfb, 0x44,
    0x44, 0x00, 0x00, 0x00, 0x00, 0x2f, 0x60, 0x00,
    0xf9, 0x00, 0x00, 0x00, 0x00, 0x00, 0x00, 0x01,
    0x00, 0x00, 0xf9, 0x00, 0x00, 0x00, 0x01, 0x22,
    0x20, 0x7c, 0xcc, 0xcc, 0xfe, 0xcc, 0xcc, 0xc0,
    0x0e, 0xff, 0xf0, 0x58, 0x88, 0xfc, 0x8b, 0xf9,
    0x88, 0x80, 0x03, 0x49, 0xf0, 0x00, 0x02, 0xf5,
    0x06, 0xf1, 0x00, 0x00, 0x00, 0x06, 0xf0, 0x00,
    0x06, 0xf2, 0x06, 0xf1, 0x00, 0x00, 0x00, 0x06,
    0xf0, 0x00, 0x0c, 0xd0, 0x06, 0xf1, 0x01, 0x40,
    0x00, 0x06, 0xf0, 0x00, 0x8f, 0x50, 0x06, 0xf1,
    0x02, 0xf2, 0x00, 0x06, 0xf0, 0x2a, 0xf9, 0x00,
    0x06, 0xf5, 0x48, 0xf0, 0x00, 0x06, 0xf0, 0xcf,
    0x70, 0x00, 0x03, 0xff, 0xff, 0xa0, 0x00, 0x2b,
    0xfd, 0x61, 0x00, 0x00, 0x00, 0x02, 0x22, 0x00,
    0x06, 0xfe, 0x68, 0xfd, 0x96, 0x55, 0x55, 0x66,
    0x78, 0x81, 0x0b, 0xc1, 0x00, 0x29, 0xdf, 0xff,
    0xff, 0xff, 0xff, 0xe0, 0x01, 0x00, 0x00, 0x00,
    0x00, 0x01, 0x11, 0x00, 0x00, 0x00,

    /* U+901A "通" */
    0x00, 0x00, 0x00, 0x00, 0x11, 0x11, 0x11, 0x11,
    0x11, 0x00, 0x04, 0xc1, 0x00, 0x0b, 0xff, 0xff,
    0xff, 0xff, 0xff, 0x10, 0x02, 0xed, 0x10, 0x01,
    0x22, 0x32, 0x22, 0x2b, 0xf5, 0x00, 0x00, 0x2e,
    0xd1, 0x00, 0x09, 0xfb, 0x45, 0xdd, 0x30, 0x00,
    0x00, 0x02, 0xf9, 0x00, 0x00, 0x3a, 0xff, 0xb0,
    0x00, 0x00, 0x00, 0x00, 0x30, 0x06, 0x99, 0x99,
    0xbf, 0xfc, 0x99, 0x30, 0x00, 0x00, 0x00, 0x0b,
    0xe9, 0x99, 0xfc, 0x99, 0x9f, 0x50, 0x05, 0x55,
    0x50, 0x0b, 0xb0, 0x00, 0xf6, 0x00, 0x0e, 0x50,
    0x2f, 0xff, 0xf2, 0x0b, 0xff, 0xff, 0xff, 0xff,
    0xff, 0x50, 0x00, 0x05, 0xf2, 0x0b, 0xb2, 0x22,
    0xf8, 0x22, 0x2e, 0x50, 0x00, 0x05, 0xf2, 0x0b,
    0xb0, 0x00, 0xf6, 0x00, 0x0e, 0x50, 0x00, 0x05,
    0xf2, 0x0b, 0xff, 0xff, 0xff, 0xff, 0xff, 0x50,
    0x00, 0x05, 0xf2, 0x0b, 0xc3, 0x33, 0xf8, 0x33,
    0x3e, 0x50, 0x00, 0x05, 0xf2, 0x0b, 0xb0, 0x00,
    0xf6, 0x00, 0x0e, 0x50, 0x00, 0x05, 0xf2, 0x0b,
    0xb0, 0x00, 0xf6, 0x15, 0x5f, 0x50, 0x00, 0x5e,
    0xfc, 0x29, 0x80, 0x00, 0x73, 0x0d, 0xda, 0x10,
    0x09, 0xf7, 0x19, 0xfb, 0x75, 0x43, 0x33, 0x45,
    0x56, 0x72, 0x0d, 0x70, 0x00, 0x29, 0xdf, 0xff,
    0xff, 0xff, 0xff, 0xe0, 0x01, 0x00, 0x00, 0x00,
    0x00, 0x01, 0x10, 0x00, 0x00, 0x00,

    /* U+9192 "醒" */
    0x22, 0x22, 0x22, 0x22, 0x11, 0x33, 0x33, 0x33,
    0x31, 0x0e, 0xff, 0xff, 0xff, 0xf8, 0x6f, 0xff,
    0xff, 0xff, 0x60, 0x12, 0x5e, 0x3e, 0x22, 0x16,
    0xe0, 0x00, 0x00, 0xf6, 0x00, 0x03, 0xe1, 0xe0,
    0x00, 0x6e, 0x11, 0x11, 0x1f, 0x60, 0x12, 0x5e,
    0x3e, 0x22, 0x06, 0xff, 0xff, 0xff, 0xf6, 0x09,
    0xff, 0xff, 0xff, 0xf5, 0x6e, 0x00, 0x00, 0x0f,
    0x60, 0x9b, 0x2f, 0x4b, 0x2e, 0x56, 0xf4, 0x44,
    0x44, 0xf6, 0x09, 0xa0, 0xe2, 0xb0, 0xe5, 0x5f,
    0xff, 0xff, 0xff, 0x60, 0x9a, 0x1d, 0x2b, 0x0e,
    0x50, 0x94, 0x1b, 0x20, 0x00, 0x09, 0xa6, 0x91,
    0xb1, 0xe5, 0x1f, 0x32, 0xf3, 0x00, 0x00, 0x9c,
    0xe2, 0x0b, 0xdf, 0x58, 0xff, 0xff, 0xff, 0xfc,
    0x09, 0xa3, 0x00, 0x00, 0xe8, 0xf6, 0x45, 0xf7,
    0x44, 0x30, 0x9d, 0x77, 0x77, 0x7f, 0xb9, 0x00,
    0x2f, 0x30, 0x00, 0x09, 0xea, 0xaa, 0xaa, 0xf5,
    0x4e, 0xee, 0xfe, 0xee, 0x60, 0x9a, 0x00, 0x00,
    0x0e, 0x51, 0x55, 0x6f, 0x75, 0x52, 0x09, 0xb1,
    0x11, 0x11, 0xe5, 0x00, 0x02, 0xf3, 0x00, 0x00,
    0x9f, 0xff, 0xff, 0xff, 0x50, 0x00, 0x2f, 0x30,
    0x00, 0x09, 0xb4, 0x44, 0x44, 0xf8, 0xff, 0xff,
    0xff, 0xff, 0xf6,

    /* U+91CD "重" */
    0x00, 0x00, 0x00, 0x00, 0x00, 0x00, 0x01, 0x36,
    0x20, 0x00, 0x02, 0x77, 0x89, 0xab, 0xbd, 0xef,
    0xff, 0xe8, 0x00, 0x00, 0x2c, 0xbb, 0xa9, 0x8f,
    0xc5, 0x42, 0x00, 0x00, 0x00, 0x44, 0x44, 0x44,
    0x44, 0xfb, 0x44, 0x44, 0x44, 0x43, 0x0f, 0xff,
    0xff, 0xff, 0xff, 0xff, 0xff, 0xff, 0xff, 0xc0,
    0x00, 0x00, 0x00, 0x00, 0xe9, 0x00, 0x00, 0x00,
    0x00, 0x00, 0x0e, 0xff, 0xff, 0xff, 0xff, 0xff,
    0xff, 0xe0, 0x00, 0x00, 0xe9, 0x22, 0x22, 0xfa,
    0x22, 0x22, 0xae, 0x00, 0x00, 0x0e, 0x91, 0x11,
    0x1f, 0x91, 0x11, 0x19, 0xe0, 0x00, 0x00, 0xef,
    0xff, 0xff, 0xff, 0xff, 0xff, 0xfe, 0x00, 0x00,
    0x0e, 0x80, 0x00, 0x0e, 0x90, 0x00, 0x09, 0xe0,
    0x00, 0x00, 0xef, 0xee, 0xee, 0xff, 0xee, 0xee,
    0xfe, 0x00, 0x00, 0x03, 0x33, 0x33, 0x3f, 0xa3,
    0x33, 0x33, 0x30, 0x00, 0x01, 0x33, 0x33, 0x33,
    0xfa, 0x33, 0x33, 0x33, 0x20, 0x00, 0x9f, 0xff,
    0xff, 0xff, 0xff, 0xff, 0xff, 0xf9, 0x00, 0x00,
    0x00, 0x00, 0x00, 0xe9, 0x00, 0x00, 0x00, 0x00,
    0x01, 0x11, 0x11, 0x11, 0x1f, 0x91, 0x11, 0x11,
    0x11, 0x01, 0xff, 0xff, 0xff, 0xff, 0xff, 0xff,
    0xff, 0xff, 0xfe,

    /* U+91CF "量" */
    0x00, 0x07, 0xfe, 0xee, 0xee, 0xee, 0xee, 0xef,
    0x70, 0x00, 0x00, 0x07, 0xf0, 0x00, 0x00, 0x00,
    0x00, 0x1f, 0x70, 0x00, 0x00, 0x07, 0xfe, 0xee,
    0xee, 0xee, 0xee, 0xef, 0x70, 0x00, 0x00, 0x07,
    0xf0, 0x00, 0x00, 0x00, 0x00, 0x1f, 0x70, 0x00,
    0x00, 0x06, 0xee, 0xee, 0xee, 0xee, 0xee, 0xee,
    0x60, 0x00, 0x03, 0x33, 0x33, 0x33, 0x33, 0x33,
    0x33, 0x33, 0x33, 0x30, 0x0e, 0xee, 0xee, 0xee,
    0xee, 0xee, 0xee, 0xee, 0xee, 0xe0, 0x00, 0x04,
    0x55, 0x55, 0x55, 0x55, 0x55, 0x55, 0x50, 0x00,
    0x00, 0x0d, 0xd9, 0x99, 0x9e, 0xe9, 0x99, 0x9c,
    0xf0, 0x00, 0x00, 0x0d, 0xa2, 0x22, 0x2c, 0xb2,
    0x22, 0x28, 0xf0, 0x00, 0x00, 0x0d, 0xec, 0xcc,
    0xcf, 0xec, 0xcc, 0xce, 0xf0, 0x00, 0x00, 0x0d,
    0xa1, 0x11, 0x1c, 0xb1, 0x11, 0x18, 0xf0, 0x00,
    0x00, 0x0b, 0xdd, 0xdd, 0xdf, 0xfd, 0xdd, 0xdd,
    0xd0, 0x00, 0x00, 0x01, 0x11, 0x11, 0x1c, 0xb1,
    0x11, 0x11, 0x10, 0x00, 0x00, 0x5f, 0xff, 0xff,
    0xff, 0xff, 0xff, 0xff, 0xf6, 0x00, 0x00, 0x00,
    0x00, 0x00, 0x0c, 0xb0, 0x00, 0x00, 0x00, 0x00,
    0x1f, 0xff, 0xff, 0xff, 0xff, 0xff, 0xff, 0xff,
    0xff, 0xf1,

    /* U+949F "钟" */
    0x00, 0x05, 0x60, 0x00, 0x00, 0x00, 0x0b, 0x60,
    0x00, 0x00, 0x00, 0xd9, 0x00, 0x00, 0x00, 0x00,
    0xf8, 0x00, 0x00, 0x00, 0x6f, 0x96, 0x66, 0x10,
    0x00, 0x0f, 0x80, 0x00, 0x00, 0x1e, 0xff, 0xff,
    0xf4, 0x00, 0x00, 0xf8, 0x00, 0x00, 0x0c, 0xe1,
    0x00, 0x00, 0x07, 0x99, 0x9f, 0xc9, 0x99, 0x61,
    0xe5, 0x22, 0x22, 0x20, 0xdd, 0xbb, 0xfd, 0xbb,
    0xea, 0x00, 0xcf, 0xff, 0xfd, 0x0d, 0x80, 0x0f,
    0x80, 0x0c, 0xa0, 0x02, 0x3f, 0xa3, 0x20, 0xd8,
    0x00, 0xf8, 0x00, 0xca, 0x00, 0x00, 0xe8, 0x00,
    0x0d, 0x80, 0x0f, 0x80, 0x0c, 0xa0, 0x00, 0x0e,
    0x80, 0x00, 0xd8, 0x00, 0xf8, 0x00, 0xca, 0x0c,
    0xee, 0xff, 0xee, 0x5d, 0xb5, 0x5f, 0xb5, 0x5d,
    0xa0, 0x68, 0x8f, 0xc8, 0x82, 0xdf, 0xff, 0xff,
    0xff, 0xfa, 0x00, 0x00, 0xe8, 0x00, 0x0d, 0x91,
    0x1f, 0x91, 0x1c, 0xa0, 0x00, 0x0e, 0x80, 0x00,
    0x42, 0x00, 0xf8, 0x00, 0x22, 0x00, 0x00, 0xe8,
    0x04, 0x20, 0x00, 0x0f, 0x80, 0x00, 0x00, 0x00,
    0x0f, 0xcd, 0xf5, 0x00, 0x00, 0xf8, 0x00, 0x00,
    0x00, 0x09, 0xfe, 0x71, 0x00, 0x00, 0x0f, 0x80,
    0x00, 0x00, 0x00, 0x67, 0x00, 0x00, 0x00, 0x00,
    0xf8, 0x00, 0x00,

    /* U+952E "键" */
    0x00, 0x2a, 0x10, 0x00, 0x00, 0x00, 0x02, 0x90,
    0x00, 0x00, 0x00, 0x7e, 0x00, 0x19, 0x99, 0x81,
    0x26, 0xf2, 0x22, 0x00, 0x00, 0xdc, 0x77, 0x5d,
    0xdf, 0xba, 0xff, 0xff, 0xfe, 0x00, 0x05, 0xff,
    0xff, 0x70, 0x0e, 0x50, 0x04, 0xe0, 0x3e, 0x00,
    0x0d, 0x90, 0x00, 0x00, 0x5f, 0x14, 0x47, 0xf4,
    0x7f, 0x40, 0x7e, 0x10, 0x00, 0x00, 0xc8, 0x2d,
    0xde, 0xfd, 0xef, 0xd1, 0x09, 0xff, 0xff, 0x54,
    0xf1, 0x00, 0x04, 0xe0, 0x3e, 0x00, 0x01, 0x3f,
    0x73, 0x2d, 0xff, 0xe9, 0xef, 0xfe, 0xee, 0x00,
    0x00, 0x0e, 0x50, 0x19, 0x5a, 0xe2, 0x36, 0xf3,
    0x33, 0x00, 0x00, 0x0e, 0x50, 0x00, 0x09, 0xd1,
    0x26, 0xf2, 0x22, 0x00, 0x3f, 0xff, 0xff, 0x88,
    0x0c, 0xab, 0xff, 0xff, 0xff, 0x30, 0x16, 0x6f,
    0xa6, 0x3d, 0x5f, 0x70, 0x15, 0xf1, 0x11, 0x00,
    0x00, 0x0e, 0x50, 0x07, 0xef, 0x43, 0x37, 0xf3,
    0x33, 0x20, 0x00, 0x0e, 0x50, 0x01, 0xfe, 0x3f,
    0xff, 0xff, 0xff, 0x90, 0x00, 0x0e, 0x52, 0x31,
    0xfe, 0x10, 0x04, 0xe0, 0x00, 0x00, 0x00, 0x0f,
    0xcf, 0x89, 0xeb, 0xe4, 0x04, 0xe0, 0x00, 0x00,
    0x00, 0x8f, 0xd4, 0x7f, 0x50, 0x9f, 0xca, 0xb4,
    0x44, 0x40, 0x00, 0x78, 0x03, 0xf6, 0x00, 0x02,
    0x8c, 0xef, 0xff, 0xc0, 0x00, 0x00, 0x00, 0x20,
    0x00, 0x00, 0x00, 0x00, 0x00, 0x00,

    /* U+957F "长" */
    0x00, 0x00, 0xb5, 0x00, 0x00, 0x00, 0x00, 0x30,
    0x00, 0x00, 0x00, 0x0f, 0x80, 0x00, 0x00, 0x00,
    0x6f, 0x80, 0x00, 0x00, 0x00, 0xf8, 0x00, 0x00,
    0x00, 0x8f, 0xb0, 0x00, 0x00, 0x00, 0x0f, 0x80,
    0x00, 0x02, 0xcf, 0x90, 0x00, 0x00, 0x00, 0x00,
    0xf8, 0x00, 0x08, 0xfe, 0x50, 0x00, 0x00, 0x00,
    0x00, 0x0f, 0x80, 0x7e, 0xfa, 0x10, 0x00, 0x00,
    0x00, 0x00, 0x00, 0xf8, 0x05, 0xc4, 0x00, 0x00,
    0x00, 0x00, 0x00, 0x00, 0x0f, 0x80, 0x00, 0x00,
    0x00, 0x00, 0x00, 0x00, 0xdf, 0xff, 0xff, 0xff,
    0xff, 0xff, 0xff, 0xff, 0xfd, 0x07, 0x88, 0x8f,
    0xc8, 0x8a, 0xfa, 0x88, 0x88, 0x88, 0x70, 0x00,
    0x00, 0xf8, 0x00, 0x0e, 0xb0, 0x00, 0x00, 0x00,
    0x00, 0x00, 0x0f, 0x80, 0x00, 0x6f, 0x40, 0x00,
    0x00, 0x00, 0x00, 0x00, 0xf8, 0x00, 0x00, 0xce,
    0x10, 0x00, 0x00, 0x00, 0x00, 0x0f, 0x80, 0x00,
    0x02, 0xfd, 0x10, 0x00, 0x00, 0x00, 0x00, 0xf8,
    0x00, 0x00, 0x04, 0xfe, 0x30, 0x00, 0x00, 0x00,
    0x0f, 0x80, 0x47, 0xb5, 0x04, 0xef, 0x91, 0x00,
    0x00, 0x03, 0xfe, 0xff, 0xfb, 0x30, 0x02, 0xbf,
    0xfb, 0x10, 0x00, 0xaf, 0xd8, 0x40, 0x00, 0x00,
    0x00, 0x4b, 0x90, 0x00, 0x02, 0x20, 0x00, 0x00,
    0x00, 0x00, 0x00, 0x00, 0x00,

    /* U+95ED "闭" */
    0x00, 0x20, 0x00, 0x00, 0x00, 0x00, 0x00, 0x00,
    0x00, 0x08, 0xf4, 0x00, 0x57, 0x77, 0x77, 0x77,
    0x77, 0x83, 0x00, 0xaf, 0x40, 0xae, 0xee, 0xee,
    0xee, 0xee, 0xf7, 0x00, 0x0c, 0x90, 0x00, 0x00,
    0x00, 0x00, 0x00, 0xf7, 0x3e, 0x30, 0x00, 0x00,
    0x00, 0x9d, 0x00, 0x00, 0xf7, 0x3f, 0x40, 0x00,
    0x00, 0x00, 0xae, 0x00, 0x00, 0xf7, 0x3f, 0x40,
    0x33, 0x33, 0x33, 0xbf, 0x33, 0x20, 0xf7, 0x3f,
    0x40, 0xff, 0xff, 0xff, 0xff, 0xff, 0xb0, 0xf7,
    0x3f, 0x40, 0x33, 0x33, 0x3c, 0xff, 0x33, 0x20,
    0xf7, 0x3f, 0x40, 0x00, 0x00, 0x6f, 0xee, 0x00,
    0x00, 0xf7, 0x3f, 0x40, 0x00, 0x05, 0xf9, 0xae,
    0x00, 0x00, 0xf7, 0x3f, 0x40, 0x00, 0x5f, 0xb0,
    0xae, 0x00, 0x00, 0xf7, 0x3f, 0x40, 0x09, 0xfa,
    0x00, 0xae, 0x00, 0x00, 0xf7, 0x3f, 0x44, 0xdf,
    0x70, 0x00, 0xae, 0x00, 0x00, 0xf7, 0x3f, 0x47,
    0xd3, 0x00, 0x00, 0xae, 0x00, 0x00, 0xf7, 0x3f,
    0x40, 0x00, 0x03, 0x77, 0xde, 0x00, 0x00, 0xf7,
    0x3f, 0x40, 0x00, 0x03, 0xff, 0xd6, 0x03, 0x66,
    0xf7, 0x3f, 0x40, 0x00, 0x00, 0x00, 0x00, 0x04,
    0xff, 0xc2,

    /* U+95F4 "间" */
    0x00, 0x20, 0x00, 0x00, 0x00, 0x00, 0x00, 0x00,
    0x00, 0x06, 0xf6, 0x00, 0x57, 0x77, 0x77, 0x77,
    0x77, 0x84, 0x00, 0x6f, 0x60, 0xaf, 0xff, 0xff,
    0xff, 0xff, 0xf8, 0x00, 0x07, 0x70, 0x00, 0x00,
    0x00, 0x00, 0x00, 0xf8, 0x1e, 0x60, 0x00, 0x00,
    0x00, 0x00, 0x00, 0x00, 0xf8, 0x1f, 0x70, 0x00,
    0x11, 0x11, 0x11, 0x10, 0x00, 0xf8, 0x1f, 0x70,
    0x07, 0xff, 0xff, 0xff, 0xe0, 0x00, 0xf8, 0x1f,
    0x70, 0x07, 0xe3, 0x33, 0x39, 0xe0, 0x00, 0xf8,
    0x1f, 0x70, 0x07, 0xe0, 0x00, 0x08, 0xe0, 0x00,
    0xf8, 0x1f, 0x70, 0x07, 0xe2, 0x22, 0x29, 0xe0,
    0x00, 0xf8, 0x1f, 0x70, 0x07, 0xff, 0xff, 0xff,
    0xe0, 0x00, 0xf8, 0x1f, 0x70, 0x07, 0xe1, 0x11,
    0x18, 0xe0, 0x00, 0xf8, 0x1f, 0x70, 0x07, 0xe0,
    0x00, 0x08, 0xe0, 0x00, 0xf8, 0x1f, 0x70, 0x07,
    0xe3, 0x33, 0x39, 0xe0, 0x00, 0xf8, 0x1f, 0x70,
    0x07, 0xff, 0xff, 0xff, 0xe0, 0x00, 0xf8, 0x1f,
    0x70, 0x00, 0x00, 0x00, 0x00, 0x00, 0x00, 0xf8,
    0x1f, 0x70, 0x00, 0x00, 0x00, 0x00, 0x01, 0x55,
    0xf8, 0x1f, 0x70, 0x00, 0x00, 0x00, 0x00, 0x00,
    0xff, 0xd3, 0x00, 0x00, 0x00, 0x00, 0x00, 0x00,
    0x00, 0x00, 0x00,

    /* U+95F9 "闹" */
    0x00, 0x30, 0x00, 0x00, 0x00, 0x00, 0x00, 0x00,
    0x00, 0x03, 0xf9, 0x00, 0x57, 0x77, 0x77, 0x77,
    0x77, 0x83, 0x00, 0x3e, 0xb0, 0xaf, 0xff, 0xff,
    0xff, 0xff, 0xf6, 0x02, 0x03, 0x92, 0x03, 0x70,
    0x00, 0x00, 0x00, 0xf6, 0x3f, 0x30, 0x00, 0x05,
    0xf4, 0x00, 0x00, 0x00, 0xf6, 0x3f, 0x30, 0x00,
    0x00, 0xda, 0x00, 0x00, 0x00, 0xf6, 0x3f, 0x37,
    0xbb, 0xbb, 0xdb, 0xbb, 0xbb, 0x30, 0xf6, 0x3f,
    0x35, 0x88, 0x88, 0xfc, 0x88, 0x88, 0x20, 0xf6,
    0x3f, 0x30, 0x00, 0x00, 0xe7, 0x00, 0x00, 0x00,
    0xf6, 0x3f, 0x30, 0x5f, 0xff, 0xff, 0xff, 0xf8,
    0x00, 0xf6, 0x3f, 0x30, 0x6f, 0x44, 0xfa, 0x44,
    0xd9, 0x00, 0xf6, 0x3f, 0x30, 0x6e, 0x00, 0xe7,
    0x00, 0xb9, 0x00, 0xf6, 0x3f, 0x30, 0x6e, 0x00,
    0xe7, 0x00, 0xb9, 0x00, 0xf6, 0x3f, 0x30, 0x6e,
    0x00, 0xe7, 0x00, 0xb9, 0x00, 0xf6, 0x3f, 0x30,
    0x6e, 0x00, 0xe7, 0x2b, 0xf7, 0x00, 0xf6, 0x3f,
    0x30, 0x38, 0x00, 0xe7, 0x04, 0x30, 0x00, 0xf6,
    0x3f, 0x30, 0x00, 0x00, 0xe7, 0x00, 0x15, 0x56,
    0xf6, 0x3f, 0x30, 0x00, 0x00, 0x31, 0x00, 0x1f,
    0xff, 0xc1, 0x00, 0x00, 0x00, 0x00, 0x00, 0x00,
    0x00, 0x00, 0x00,

    /* U+9645 "际" */
    0x4f, 0xff, 0xff, 0x90, 0x34, 0x44, 0x44, 0x44,
    0x40, 0x04, 0xf8, 0x67, 0xf9, 0x0c, 0xff, 0xff,
    0xff, 0xff, 0x00, 0x4f, 0x20, 0x4f, 0x30, 0x12,
    0x22, 0x22, 0x22, 0x20, 0x04, 0xf2, 0x0a, 0xd0,
    0x00, 0x00, 0x00, 0x00, 0x00, 0x00, 0x4f, 0x20,
    0xf7, 0x00, 0x00, 0x00, 0x00, 0x00, 0x00, 0x04,
    0xf2, 0x5f, 0x10, 0x58, 0x88, 0x88, 0x88, 0x88,
    0x80, 0x4f, 0x22, 0xe7, 0x09, 0xee, 0xef, 0xff,
    0xee, 0xee, 0x04, 0xf2, 0x06, 0xf2, 0x00, 0x00,
    0x5f, 0x20, 0x00, 0x00, 0x4f, 0x20, 0x0f, 0x80,
    0x00, 0x05, 0xf2, 0x00, 0x00, 0x04, 0xf2, 0x00,
    0xbb, 0x04, 0xa0, 0x5f, 0x23, 0xb0, 0x00, 0x4f,
    0x20, 0x0b, 0xb0, 0xac, 0x05, 0xf2, 0x1f, 0x70,
    0x04, 0xf2, 0x56, 0xf9, 0x0f, 0x60, 0x5f, 0x20,
    0x9e, 0x00, 0x4f, 0x2a, 0xfc, 0x27, 0xf0, 0x05,
    0xf2, 0x02, 0xf5, 0x04, 0xf2, 0x00, 0x01, 0xe7,
    0x00, 0x5f, 0x20, 0x0c, 0xb0, 0x4f, 0x20, 0x00,
    0x7d, 0x00, 0x05, 0xf2, 0x00, 0x7e, 0x04, 0xf2,
    0x00, 0x00, 0x00, 0x67, 0xbf, 0x20, 0x01, 0x00,
    0x4f, 0x20, 0x00, 0x00, 0x09, 0xff, 0xa0, 0x00,
    0x00, 0x00, 0x00, 0x00, 0x00, 0x00, 0x00, 0x00,
    0x00, 0x00, 0x00,

    /* U+9664 "除" */
    0x00, 0x00, 0x00, 0x00, 0x00, 0x01, 0xc3, 0x00,
    0x00, 0x06, 0xff, 0xff, 0xe1, 0x00, 0x00, 0xaf,
    0x40, 0x00, 0x00, 0x6f, 0x55, 0xce, 0x00, 0x00,
    0x7f, 0xce, 0x20, 0x00, 0x06, 0xe0, 0x0e, 0x80,
    0x00, 0x6f, 0x70, 0xce, 0x30, 0x00, 0x6e, 0x03,
    0xf2, 0x00, 0x8f, 0x80, 0x00, 0xcf, 0x50, 0x06,
    0xe0, 0x9b, 0x01, 0xbf, 0x70, 0x00, 0x00, 0xbf,
    0xa1, 0x6e, 0x0f, 0x50, 0xce, 0x97, 0x77, 0x77,
    0x77, 0x9e, 0x16, 0xe0, 0xd9, 0x01, 0x19, 0xee,
    0xef, 0xee, 0xe3, 0x00, 0x6e, 0x02, 0xf4, 0x00,
    0x00, 0x04, 0xf2, 0x00, 0x00, 0x06, 0xe0, 0x09,
    0xb0, 0x00, 0x00, 0x4f, 0x20, 0x00, 0x00, 0x6e,
    0x00, 0x5f, 0x8f, 0xff, 0xff, 0xff, 0xff, 0xff,
    0x16, 0xe0, 0x05, 0xf4, 0x77, 0x77, 0x9f, 0x87,
    0x77, 0x70, 0x6e, 0x35, 0xce, 0x00, 0x20, 0x04,
    0xf2, 0x14, 0x00, 0x06, 0xe5, 0xfd, 0x40, 0x1e,
    0x90, 0x4f, 0x24, 0xf5, 0x00, 0x6e, 0x00, 0x00,
    0x0b, 0xd0, 0x04, 0xf2, 0x06, 0xf3, 0x06, 0xe0,
    0x00, 0x09, 0xf2, 0x00, 0x4f, 0x20, 0x09, 0xe1,
    0x6e, 0x00, 0x00, 0x94, 0x05, 0x58, 0xf2, 0x00,
    0x07, 0x16, 0xe0, 0x00, 0x00, 0x00, 0xbf, 0xfa,
    0x00, 0x00, 0x00, 0x00, 0x00, 0x00, 0x00, 0x00,
    0x00, 0x00, 0x00, 0x00, 0x00,

    /* U+9762 "面" */
    0x67, 0x77, 0x77, 0x77, 0x77, 0x77, 0x77, 0x77,
    0x77, 0xcf, 0xff, 0xff, 0xff, 0xff, 0xff, 0xff,
    0xff, 0xfe, 0x00, 0x00, 0x00, 0x03, 0xf7, 0x00,
    0x00, 0x00, 0x00, 0x00, 0x00, 0x00, 0x07, 0xf2,
    0x00, 0x00, 0x00, 0x00, 0x07, 0x88, 0x88, 0x8d,
    0xf8, 0x88, 0x88, 0x88, 0x70, 0x0e, 0xfe, 0xef,
    0xfe, 0xee, 0xef, 0xfe, 0xef, 0xe0, 0x0e, 0x80,
    0x09, 0xc0, 0x00, 0x0f, 0x60, 0x09, 0xe0, 0x0e,
    0x80, 0x09, 0xc0, 0x00, 0x0f, 0x60, 0x09, 0xe0,
    0x0e, 0x80, 0x09, 0xff, 0xff, 0xff, 0x60, 0x09,
    0xe0, 0x0e, 0x80, 0x09, 0xd4, 0x44, 0x4f, 0x60,
    0x09, 0xe0, 0x0e, 0x80, 0x09, 0xc0, 0x00, 0x0f,
    0x60, 0x09, 0xe0, 0x0e, 0x80, 0x09, 0xd4, 0x44,
    0x4f, 0x60, 0x09, 0xe0, 0x0e, 0x80, 0x09, 0xff,
    0xff, 0xff, 0x60, 0x09, 0xe0, 0x0e, 0x80, 0x09,
    0xc0, 0x00, 0x0f, 0x60, 0x09, 0xe0, 0x0e, 0x80,
    0x09, 0xc0, 0x00, 0x0f, 0x60, 0x09, 0xe0, 0x0e,
    0xed, 0xdf, 0xfd, 0xdd, 0xdf, 0xed, 0xdf, 0xe0,
    0x0e, 0xc8, 0x88, 0x88, 0x88, 0x88, 0x88, 0x8d,
    0xe0,

    /* U+97F3 "音" */
    0x00, 0x00, 0x00, 0x01, 0xd7, 0x00, 0x00, 0x00,
    0x00, 0x00, 0x00, 0x00, 0x00, 0xbe, 0x00, 0x00,
    0x00, 0x00, 0x0c, 0xff, 0xff, 0xff, 0xff, 0xff,
    0xff, 0xff, 0xe0, 0x04, 0x66, 0xaa, 0x66, 0x66,
    0x66, 0x9c, 0x76, 0x50, 0x00, 0x00, 0xbe, 0x00,
    0x00, 0x00, 0xbf, 0x00, 0x00, 0x00, 0x00, 0x4f,
    0x60, 0x00, 0x02, 0xf8, 0x00, 0x00, 0x44, 0x44,
    0x4f, 0xa4, 0x44, 0x4b, 0xf5, 0x44, 0x44, 0xef,
    0xff, 0xff, 0xff, 0xff, 0xff, 0xff, 0xff, 0xfe,
    0x11, 0x11, 0x11, 0x11, 0x11, 0x11, 0x11, 0x11,
    0x11, 0x00, 0x02, 0x22, 0x22, 0x22, 0x22, 0x22,
    0x20, 0x00, 0x00, 0x2f, 0xff, 0xff, 0xff, 0xff,
    0xff, 0xf5, 0x00, 0x00, 0x2f, 0x62, 0x22, 0x22,
    0x22, 0x24, 0xf5, 0x00, 0x00, 0x2f, 0x50, 0x00,
    0x00, 0x00, 0x03, 0xf5, 0x00, 0x00, 0x2f, 0xff,
    0xff, 0xff, 0xff, 0xff, 0xf5, 0x00, 0x00, 0x2f,
    0x84, 0x44, 0x44, 0x44, 0x46, 0xf5, 0x00, 0x00,
    0x2f, 0x50, 0x00, 0x00, 0x00, 0x03, 0xf5, 0x00,
    0x00, 0x2f, 0x84, 0x44, 0x44, 0x44, 0x46, 0xf5,
    0x00, 0x00, 0x2f, 0xff, 0xff, 0xff, 0xff, 0xff,
    0xf5, 0x00, 0x00, 0x00, 0x00, 0x00, 0x00, 0x00,
    0x00, 0x00, 0x00,

    /* U+9875 "页" */
    0x27, 0x77, 0x77, 0x77, 0x77, 0x77, 0x77, 0x77,
    0x77, 0x4e, 0xee, 0xee, 0xee, 0xff, 0xee, 0xee,
    0xee, 0xed, 0x00, 0x00, 0x00, 0x01, 0xfa, 0x00,
    0x00, 0x00, 0x00, 0x00, 0x00, 0x00, 0x07, 0xf2,
    0x00, 0x00, 0x00, 0x00, 0x00, 0x5f, 0xff, 0xff,
    0xff, 0xff, 0xff, 0xff, 0x00, 0x00, 0x5f, 0x87,
    0x77, 0x77, 0x77, 0x77, 0xcf, 0x00, 0x00, 0x5f,
    0x30, 0x00, 0x24, 0x00, 0x00, 0x9f, 0x00, 0x00,
    0x5f, 0x30, 0x00, 0x8f, 0x00, 0x00, 0x9f, 0x00,
    0x00, 0x5f, 0x30, 0x00, 0x8f, 0x00, 0x00, 0x9f,
    0x00, 0x00, 0x5f, 0x30, 0x00, 0x8f, 0x00, 0x00,
    0x9f, 0x00, 0x00, 0x5f, 0x30, 0x00, 0x8f, 0x00,
    0x00, 0x9f, 0x00, 0x00, 0x5f, 0x30, 0x00, 0xaf,
    0x00, 0x00, 0x9f, 0x00, 0x00, 0x5f, 0x30, 0x01,
    0xeb, 0x01, 0x00, 0x9f, 0x00, 0x00, 0x26, 0x10,
    0x0b, 0xf3, 0x9f, 0x91, 0x35, 0x00, 0x00, 0x00,
    0x05, 0xdf, 0x50, 0x06, 0xef, 0x91, 0x00, 0x00,
    0x38, 0xdf, 0xc3, 0x00, 0x00, 0x07, 0xff, 0x70,
    0x6f, 0xfe, 0x93, 0x00, 0x00, 0x00, 0x00, 0x1a,
    0xf9, 0x07, 0x30, 0x00, 0x00, 0x00, 0x00, 0x00,
    0x00, 0x41,

    /* U+9996 "首" */
    0x00, 0x02, 0xb4, 0x00, 0x00, 0x00, 0x2b, 0x40,
    0x00, 0x00, 0x00, 0xcf, 0x20, 0x00, 0x00, 0xce,
    0x10, 0x00, 0x00, 0x00, 0x2f, 0x80, 0x00, 0x07,
    0xf5, 0x00, 0x00, 0xef, 0xff, 0xff, 0xff, 0xff,
    0xff, 0xff, 0xff, 0xff, 0x55, 0x55, 0x55, 0x55,
    0xfe, 0x55, 0x55, 0x55, 0x55, 0x00, 0x00, 0x00,
    0x02, 0xf7, 0x00, 0x00, 0x00, 0x00, 0x00, 0x9f,
    0xff, 0xff, 0xff, 0xff, 0xff, 0xfa, 0x00, 0x00,
    0xae, 0x66, 0x66, 0x66, 0x66, 0x66, 0xfa, 0x00,
    0x00, 0xad, 0x00, 0x00, 0x00, 0x00, 0x00, 0xea,
    0x00, 0x00, 0xae, 0x44, 0x44, 0x44, 0x44, 0x44,
    0xea, 0x00, 0x00, 0xaf, 0xff, 0xff, 0xff, 0xff,
    0xff, 0xfa, 0x00, 0x00, 0xad, 0x00, 0x00, 0x00,
    0x00, 0x00, 0xea, 0x00, 0x00, 0xae, 0x33, 0x33,
    0x33, 0x33, 0x33, 0xea, 0x00, 0x00, 0xaf, 0xff,
    0xff, 0xff, 0xff, 0xff, 0xfa, 0x00, 0x00, 0xad,
    0x00, 0x00, 0x00, 0x00, 0x00, 0xea, 0x00, 0x00,
    0xad, 0x00, 0x00, 0x00, 0x00, 0x00, 0xea, 0x00,
    0x00, 0xaf, 0xff, 0xff, 0xff, 0xff, 0xff, 0xfa,
    0x00, 0x00, 0xae, 0x66, 0x66, 0x66, 0x66, 0x66,
    0xfa, 0x00,

    /* U+9EC4 "黄" */
    0x00, 0x00, 0x01, 0xc5, 0x00, 0x00, 0x7b, 0x00,
    0x00, 0x00, 0x00, 0x00, 0x2f, 0x70, 0x00, 0x09,
    0xe0, 0x00, 0x00, 0x00, 0x9f, 0xff, 0xff, 0xff,
    0xff, 0xff, 0xff, 0xf9, 0x00, 0x03, 0x55, 0x5f,
    0x95, 0x55, 0x5b, 0xf5, 0x55, 0x20, 0x00, 0x00,
    0x01, 0xf6, 0x00, 0x00, 0x9e, 0x00, 0x00, 0x00,
    0xcc, 0xcc, 0xcf, 0xdc, 0xcc, 0xce, 0xfc, 0xcc,
    0xca, 0x0a, 0xaa, 0xaa, 0xaa, 0xaf, 0xda, 0xaa,
    0xaa, 0xaa, 0x90, 0x00, 0x00, 0x00, 0x00, 0xf9,
    0x00, 0x00, 0x00, 0x00, 0x00, 0x0e, 0xff, 0xff,
    0xff, 0xff, 0xff, 0xff, 0x80, 0x00, 0x00, 0xe9,
    0x22, 0x22, 0xfa, 0x22, 0x22, 0xe9, 0x00, 0x00,
    0x0e, 0x91, 0x11, 0x1f, 0x91, 0x11, 0x1e, 0x90,
    0x00, 0x00, 0xef, 0xff, 0xff, 0xff, 0xff, 0xff,
    0xf9, 0x00, 0x00, 0x0e, 0x80, 0x00, 0x0f, 0x90,
    0x00, 0x0e, 0x90, 0x00, 0x00, 0xe8, 0x00, 0x00,
    0xf9, 0x00, 0x00, 0xe9, 0x00, 0x00, 0x0e, 0xff,
    0xff, 0xff, 0xff, 0xff, 0xff, 0x90, 0x00, 0x00,
    0x12, 0x26, 0x42, 0x22, 0x26, 0x52, 0x21, 0x00,
    0x00, 0x00, 0x6d, 0xfb, 0x00, 0x00, 0xaf, 0xe8,
    0x20, 0x00, 0x5a, 0xff, 0xa3, 0x00, 0x00, 0x00,
    0x16, 0xdf, 0xc4, 0x04, 0xb6, 0x10, 0x00, 0x00,
    0x00, 0x00, 0x00, 0x4a, 0x20,

    /* U+FF0C "，" */
    0x02, 0xa9, 0x00, 0x9f, 0xf6, 0x05, 0xff, 0x90,
    0x01, 0xe7, 0x00, 0x4f, 0x20, 0x5f, 0x80, 0x1e,
    0x60, 0x00, 0x00, 0x00,

    /* U+FF1F "？" */
    0x00, 0x00, 0x11, 0x00, 0x00, 0x00, 0x6e, 0xff,
    0xf9, 0x00, 0x0b, 0xfb, 0x66, 0xcf, 0xa0, 0x0b,
    0x50, 0x00, 0x0d, 0xf1, 0x00, 0x00, 0x00, 0x09,
    0xf3, 0x00, 0x00, 0x00, 0x0c, 0xf1, 0x00, 0x00,
    0x00, 0x7f, 0x80, 0x00, 0x00, 0x08, 0xf9, 0x00,
    0x00, 0x00, 0x6f, 0x90, 0x00, 0x00, 0x00, 0xfd,
    0x00, 0x00, 0x00, 0x02, 0xf8, 0x00, 0x00, 0x00,
    0x00, 0x32, 0x00, 0x00, 0x00, 0x00, 0x00, 0x00,
    0x00, 0x00, 0x00, 0x74, 0x00, 0x00, 0x00, 0x07,
    0xff, 0x00, 0x00, 0x00, 0x04, 0xfc, 0x00, 0x00,
    0x00, 0x00, 0x00, 0x00, 0x00
};

/*---------------------
 *  GLYPH DESCRIPTION
 *--------------------*/

static const lv_font_fmt_txt_glyph_dsc_t glyph_dsc[] = {
    {.bitmap_index = 0, .adv_w = 0, .box_w = 0, .box_h = 0, .ofs_x = 0, .ofs_y = 0} /* id = 0 reserved */,
    {.bitmap_index = 0, .adv_w = 72, .box_w = 0, .box_h = 0, .ofs_x = 0, .ofs_y = 0},
    {.bitmap_index = 0, .adv_w = 103, .box_w = 4, .box_h = 14, .ofs_x = 1, .ofs_y = 0},
    {.bitmap_index = 28, .adv_w = 152, .box_w = 7, .box_h = 6, .ofs_x = 1, .ofs_y = 10},
    {.bitmap_index = 49, .adv_w = 178, .box_w = 11, .box_h = 14, .ofs_x = 0, .ofs_y = 0},
    {.bitmap_index = 126, .adv_w = 178, .box_w = 9, .box_h = 19, .ofs_x = 1, .ofs_y = -2},
    {.bitmap_index = 212, .adv_w = 295, .box_w = 18, .box_h = 14, .ofs_x = 0, .ofs_y = 0},
    {.bitmap_index = 338, .adv_w = 218, .box_w = 14, .box_h = 14, .ofs_x = 0, .ofs_y = 0},
    {.bitmap_index = 436, .adv_w = 89, .box_w = 3, .box_h = 6, .ofs_x = 1, .ofs_y = 10},
    {.bitmap_index = 445, .adv_w = 108, .box_w = 5, .box_h = 21, .ofs_x = 1, .ofs_y = -4},
    {.bitmap_index = 498, .adv_w = 108, .box_w = 5, .box_h = 21, .ofs_x = 0, .ofs_y = -4},
    {.bitmap_index = 551, .adv_w = 149, .box_w = 8, .box_h = 7, .ofs_x = 1, .ofs_y = 9},
    {.bitmap_index = 579, .adv_w = 178, .box_w = 11, .box_h = 10, .ofs_x = 0, .ofs_y = 2},
    {.bitmap_index = 634, .adv_w = 89, .box_w = 4, .box_h = 7, .ofs_x = 1, .ofs_y = -4},
    {.bitmap_index = 648, .adv_w = 111, .box_w = 7, .box_h = 3, .ofs_x = 0, .ofs_y = 4},
    {.bitmap_index = 659, .adv_w = 89, .box_w = 4, .box_h = 3, .ofs_x = 1, .ofs_y = 0},
    {.bitmap_index = 665, .adv_w = 125, .box_w = 8, .box_h = 19, .ofs_x = 0, .ofs_y = -3},
    {.bitmap_index = 741, .adv_w = 178, .box_w = 10, .box_h = 14, .ofs_x = 1, .ofs_y = 0},
    {.bitmap_index = 811, .adv_w = 178, .box_w = 9, .box_h = 14, .ofs_x = 1, .ofs_y = 0},
    {.bitmap_index = 874, .adv_w = 178, .box_w = 11, .box_h = 14, .ofs_x = 0, .ofs_y = 0},
    {.bitmap_index = 951, .adv_w = 178, .box_w = 10, .box_h = 14, .ofs_x = 0, .ofs_y = 0},
    {.bitmap_index = 1021, .adv_w = 178, .box_w = 11, .box_h = 14, .ofs_x = 0, .ofs_y = 0},
    {.bitmap_index = 1098, .adv_w = 178, .box_w = 11, .box_h = 14, .ofs_x = 0, .ofs_y = 0},
    {.bitmap_index = 1175, .adv_w = 178, .box_w = 10, .box_h = 14, .ofs_x = 1, .ofs_y = 0},
    {.bitmap_index = 1245, .adv_w = 178, .box_w = 11, .box_h = 14, .ofs_x = 0, .ofs_y = 0},
    {.bitmap_index = 1322, .adv_w = 178, .box_w = 11, .box_h = 14, .ofs_x = 0, .ofs_y = 0},
    {.bitmap_index = 1399, .adv_w = 178, .box_w = 11, .box_h = 14, .ofs_x = 0, .ofs_y = 0},
    {.bitmap_index = 1476, .adv_w = 89, .box_w = 4, .box_h = 11, .ofs_x = 1, .ofs_y = 0},
    {.bitmap_index = 1498, .adv_w = 89, .box_w = 4, .box_h = 15, .ofs_x = 1, .ofs_y = -4},
    {.bitmap_index = 1528, .adv_w = 178, .box_w = 11, .box_h = 10, .ofs_x = 0, .ofs_y = 2},
    {.bitmap_index = 1583, .adv_w = 178, .box_w = 11, .box_h = 7, .ofs_x = 0, .ofs_y = 4},
    {.bitmap_index = 1622, .adv_w = 178, .box_w = 11, .box_h = 10, .ofs_x = 0, .ofs_y = 2},
    {.bitmap_index = 1677, .adv_w = 152, .box_w = 9, .box_h = 14, .ofs_x = 0, .ofs_y = 0},
    {.bitmap_index = 1740, .adv_w = 303, .box_w = 17, .box_h = 18, .ofs_x = 1, .ofs_y = -4},
    {.bitmap_index = 1893, .adv_w = 195, .box_w = 13, .box_h = 14, .ofs_x = 0, .ofs_y = 0},
    {.bitmap_index = 1984, .adv_w = 210, .box_w = 11, .box_h = 14, .ofs_x = 2, .ofs_y = 0},
    {.bitmap_index = 2061, .adv_w = 204, .box_w = 12, .box_h = 14, .ofs_x = 1, .ofs_y = 0},
    {.bitmap_index = 2145, .adv_w = 220, .box_w = 11, .box_h = 14, .ofs_x = 2, .ofs_y = 0},
    {.bitmap_index = 2222, .adv_w = 188, .box_w = 9, .box_h = 14, .ofs_x = 2, .ofs_y = 0},
    {.bitmap_index = 2285, .adv_w = 177, .box_w = 9, .box_h = 14, .ofs_x = 2, .ofs_y = 0},
    {.bitmap_index = 2348, .adv_w = 220, .box_w = 12, .box_h = 14, .ofs_x = 1, .ofs_y = 0},
    {.bitmap_index = 2432, .adv_w = 233, .box_w = 11, .box_h = 14, .ofs_x = 2, .ofs_y = 0},
    {.bitmap_index = 2509, .adv_w = 94, .box_w = 2, .box_h = 14, .ofs_x = 2, .ofs_y = 0},
    {.bitmap_index = 2523, .adv_w = 171, .box_w = 9, .box_h = 14, .ofs_x = 0, .ofs_y = 0},
    {.bitmap_index = 2586, .adv_w = 207, .box_w = 11, .box_h = 14, .ofs_x = 2, .ofs_y = 0},
    {.bitmap_index = 2663, .adv_w = 174, .box_w = 9, .box_h = 14, .ofs_x = 2, .ofs_y = 0},
    {.bitmap_index = 2726, .adv_w = 260, .box_w = 13, .box_h = 14, .ofs_x = 2, .ofs_y = 0},
    {.bitmap_index = 2817, .adv_w = 231, .box_w = 11, .box_h = 14, .ofs_x = 2, .ofs_y = 0},
    {.bitmap_index = 2894, .adv_w = 237, .box_w = 13, .box_h = 14, .ofs_x = 1, .ofs_y = 0},
    {.bitmap_index = 2985, .adv_w = 203, .box_w = 10, .box_h = 14, .ofs_x = 2, .ofs_y = 0},
    {.bitmap_index = 3055, .adv_w = 237, .box_w = 13, .box_h = 18, .ofs_x = 1, .ofs_y = -4},
    {.bitmap_index = 3172, .adv_w = 203, .box_w = 11, .box_h = 14, .ofs_x = 2, .ofs_y = 0},
    {.bitmap_index = 3249, .adv_w = 191, .box_w = 12, .box_h = 14, .ofs_x = 0, .ofs_y = 0},
    {.bitmap_index = 3333, .adv_w = 192, .box_w = 12, .box_h = 14, .ofs_x = 0, .ofs_y = 0},
    {.bitmap_index = 3417, .adv_w = 231, .box_w = 12, .box_h = 14, .ofs_x = 1, .ofs_y = 0},
    {.bitmap_index = 3501, .adv_w = 184, .box_w = 12, .box_h = 14, .ofs_x = 0, .ofs_y = 0},
    {.bitmap_index = 3585, .adv_w = 281, .box_w = 18, .box_h = 14, .ofs_x = 0, .ofs_y = 0},
    {.bitmap_index = 3711, .adv_w = 183, .box_w = 12, .box_h = 14, .ofs_x = 0, .ofs_y = 0},
    {.bitmap_index = 3795, .adv_w = 170, .box_w = 12, .box_h = 14, .ofs_x = -1, .ofs_y = 0},
    {.bitmap_index = 3879, .adv_w = 193, .box_w = 11, .box_h = 14, .ofs_x = 1, .ofs_y = 0},
    {.bitmap_index = 3956, .adv_w = 108, .box_w = 5, .box_h = 20, .ofs_x = 2, .ofs_y = -4},
    {.bitmap_index = 4006, .adv_w = 125, .box_w = 8, .box_h = 19, .ofs_x = 0, .ofs_y = -3},
    {.bitmap_index = 4082, .adv_w = 108, .box_w = 5, .box_h = 20, .ofs_x = 0, .ofs_y = -4},
    {.bitmap_index = 4132, .adv_w = 178, .box_w = 9, .box_h = 9, .ofs_x = 1, .ofs_y = 6},
    {.bitmap_index = 4173, .adv_w = 179, .box_w = 11, .box_h = 2, .ofs_x = 0, .ofs_y = -4},
    {.bitmap_index = 4184, .adv_w = 194, .box_w = 6, .box_h = 6, .ofs_x = 2, .ofs_y = 12},
    {.bitmap_index = 4202, .adv_w = 180, .box_w = 9, .box_h = 11, .ofs_x = 1, .ofs_y = 0},
    {.bitmap_index = 4252, .adv_w = 198, .box_w = 11, .box_h = 16, .ofs_x = 1, .ofs_y = 0},
    {.bitmap_index = 4340, .adv_w = 163, .box_w = 9, .box_h = 11, .ofs_x = 1, .ofs_y = 0},
    {.bitmap_index = 4390, .adv_w = 198, .box_w = 10, .box_h = 16, .ofs_x = 1, .ofs_y = 0},
    {.bitmap_index = 4470, .adv_w = 177, .box_w = 10, .box_h = 11, .ofs_x = 1, .ofs_y = 0},
    {.bitmap_index = 4525, .adv_w = 104, .box_w = 8, .box_h = 16, .ofs_x = 0, .ofs_y = 0},
    {.bitmap_index = 4589, .adv_w = 180, .box_w = 10, .box_h = 16, .ofs_x = 1, .ofs_y = -5},
    {.bitmap_index = 4669, .adv_w = 194, .box_w = 10, .box_h = 16, .ofs_x = 1, .ofs_y = 0},
    {.bitmap_index = 4749, .adv_w = 88, .box_w = 3, .box_h = 16, .ofs_x = 1, .ofs_y = 0},
    {.bitmap_index = 4773, .adv_w = 88, .box_w = 5, .box_h = 21, .ofs_x = -1, .ofs_y = -5},
    {.bitmap_index = 4826, .adv_w = 177, .box_w = 10, .box_h = 16, .ofs_x = 1, .ofs_y = 0},
    {.bitmap_index = 4906, .adv_w = 91, .box_w = 4, .box_h = 16, .ofs_x = 1, .ofs_y = 0},
    {.bitmap_index = 4938, .adv_w = 296, .box_w = 16, .box_h = 11, .ofs_x = 1, .ofs_y = 0},
    {.bitmap_index = 5026, .adv_w = 195, .box_w = 10, .box_h = 11, .ofs_x = 1, .ofs_y = 0},
    {.bitmap_index = 5081, .adv_w = 194, .box_w = 11, .box_h = 11, .ofs_x = 1, .ofs_y = 0},
    {.bitmap_index = 5142, .adv_w = 198, .box_w = 11, .box_h = 16, .ofs_x = 1, .ofs_y = -5},
    {.bitmap_index = 5230, .adv_w = 198, .box_w = 10, .box_h = 16, .ofs_x = 1, .ofs_y = -5},
    {.bitmap_index = 5310, .adv_w = 124, .box_w = 7, .box_h = 11, .ofs_x = 1, .ofs_y = 0},
    {.bitmap_index = 5349, .adv_w = 150, .box_w = 9, .box_h = 11, .ofs_x = 0, .ofs_y = 0},
    {.bitmap_index = 5399, .adv_w = 121, .box_w = 8, .box_h = 14, .ofs_x = 0, .ofs_y = 0},
    {.bitmap_index = 5455, .adv_w = 194, .box_w = 10, .box_h = 11, .ofs_x = 1, .ofs_y = 0},
    {.bitmap_index = 5510, .adv_w = 167, .box_w = 11, .box_h = 11, .ofs_x = 0, .ofs_y = 0},
    {.bitmap_index = 5571, .adv_w = 257, .box_w = 16, .box_h = 11, .ofs_x = 0, .ofs_y = 0},
    {.bitmap_index = 5659, .adv_w = 159, .box_w = 10, .box_h = 11, .ofs_x = 0, .ofs_y = 0},
    {.bitmap_index = 5714, .adv_w = 167, .box_w = 11, .box_h = 16, .ofs_x = 0, .ofs_y = -5},
    {.bitmap_index = 5802, .adv_w = 152, .box_w = 9, .box_h = 11, .ofs_x = 0, .ofs_y = 0},
    {.bitmap_index = 5852, .adv_w = 108, .box_w = 7, .box_h = 20, .ofs_x = 0, .ofs_y = -4},
    {.bitmap_index = 5922, .adv_w = 86, .box_w = 2, .box_h = 22, .ofs_x = 2, .ofs_y = -6},
    {.bitmap_index = 5944, .adv_w = 108, .box_w = 6, .box_h = 20, .ofs_x = 0, .ofs_y = -4},
    {.bitmap_index = 6004, .adv_w = 178, .box_w = 11, .box_h = 5, .ofs_x = 0, .ofs_y = 5},
    {.bitmap_index = 6032, .adv_w = 320, .box_w = 7, .box_h = 6, .ofs_x = 0, .ofs_y = -1},
    {.bitmap_index = 6053, .adv_w = 320, .box_w = 18, .box_h = 16, .ofs_x = 1, .ofs_y = -1},
    {.bitmap_index = 6197, .adv_w = 320, .box_w = 19, .box_h = 17, .ofs_x = 1, .ofs_y = -1},
    {.bitmap_index = 6359, .adv_w = 320, .box_w = 19, .box_h = 17, .ofs_x = 0, .ofs_y = -1},
    {.bitmap_index = 6521, .adv_w = 320, .box_w = 17, .box_h = 19, .ofs_x = 1, .ofs_y = -2},
    {.bitmap_index = 6683, .adv_w = 320, .box_w = 17, .box_h = 18, .ofs_x = 2, .ofs_y = -1},
    {.bitmap_index = 6836, .adv_w = 320, .box_w = 20, .box_h = 19, .ofs_x = 0, .ofs_y = -2},
    {.bitmap_index = 7026, .adv_w = 320, .box_w = 18, .box_h = 14, .ofs_x = 1, .ofs_y = 0},
    {.bitmap_index = 7152, .adv_w = 320, .box_w = 18, .box_h = 18, .ofs_x = 1, .ofs_y = -2},
    {.bitmap_index = 7314, .adv_w = 320, .box_w = 18, .box_h = 19, .ofs_x = 1, .ofs_y = -2},
    {.bitmap_index = 7485, .adv_w = 320, .box_w = 20, .box_h = 19, .ofs_x = 0, .ofs_y = -2},
    {.bitmap_index = 7675, .adv_w = 320, .box_w = 20, .box_h = 19, .ofs_x = 0, .ofs_y = -2},
    {.bitmap_index = 7865, .adv_w = 320, .box_w = 19, .box_h = 19, .ofs_x = 1, .ofs_y = -2},
    {.bitmap_index = 8046, .adv_w = 320, .box_w = 20, .box_h = 18, .ofs_x = 0, .ofs_y = -1},
    {.bitmap_index = 8226, .adv_w = 320, .box_w = 20, .box_h = 19, .ofs_x = 0, .ofs_y = -2},
    {.bitmap_index = 8416, .adv_w = 320, .box_w = 19, .box_h = 19, .ofs_x = 0, .ofs_y = -2},
    {.bitmap_index = 8597, .adv_w = 320, .box_w = 20, .box_h = 18, .ofs_x = 0, .ofs_y = -1},
    {.bitmap_index = 8777, .adv_w = 320, .box_w = 20, .box_h = 18, .ofs_x = 0, .ofs_y = -1},
    {.bitmap_index = 8957, .adv_w = 320, .box_w = 20, .box_h = 19, .ofs_x = 0, .ofs_y = -2},
    {.bitmap_index = 9147, .adv_w = 320, .box_w = 20, .box_h = 18, .ofs_x = 0, .ofs_y = -1},
    {.bitmap_index = 9327, .adv_w = 320, .box_w = 19, .box_h = 20, .ofs_x = 0, .ofs_y = -2},
    {.bitmap_index = 9517, .adv_w = 320, .box_w = 20, .box_h = 20, .ofs_x = 0, .ofs_y = -2},
    {.bitmap_index = 9717, .adv_w = 320, .box_w = 19, .box_h = 19, .ofs_x = 1, .ofs_y = -2},
    {.bitmap_index = 9898, .adv_w = 320, .box_w = 20, .box_h = 19, .ofs_x = 0, .ofs_y = -2},
    {.bitmap_index = 10088, .adv_w = 320, .box_w = 19, .box_h = 19, .ofs_x = 1, .ofs_y = -2},
    {.bitmap_index = 10269, .adv_w = 320, .box_w = 20, .box_h = 18, .ofs_x = 0, .ofs_y = -2},
    {.bitmap_index = 10449, .adv_w = 320, .box_w = 20, .box_h = 19, .ofs_x = 0, .ofs_y = -2},
    {.bitmap_index = 10639, .adv_w = 320, .box_w = 16, .box_h = 18, .ofs_x = 2, .ofs_y = -1},
    {.bitmap_index = 10783, .adv_w = 320, .box_w = 20, .box_h = 19, .ofs_x = 0, .ofs_y = -2},
    {.bitmap_index = 10973, .adv_w = 320, .box_w = 19, .box_h = 20, .ofs_x = 0, .ofs_y = -2},
    {.bitmap_index = 11163, .adv_w = 320, .box_w = 19, .box_h = 19, .ofs_x = 0, .ofs_y = -2},
    {.bitmap_index = 11344, .adv_w = 320, .box_w = 19, .box_h = 19, .ofs_x = 0, .ofs_y = -2},
    {.bitmap_index = 11525, .adv_w = 320, .box_w = 18, .box_h = 18, .ofs_x = 1, .ofs_y = -1},
    {.bitmap_index = 11687, .adv_w = 320, .box_w = 19, .box_h = 20, .ofs_x = 0, .ofs_y = -2},
    {.bitmap_index = 11877, .adv_w = 320, .box_w = 18, .box_h = 19, .ofs_x = 1, .ofs_y = -2},
    {.bitmap_index = 12048, .adv_w = 320, .box_w = 18, .box_h = 19, .ofs_x = 0, .ofs_y = -2},
    {.bitmap_index = 12219, .adv_w = 320, .box_w = 19, .box_h = 19, .ofs_x = 0, .ofs_y = -2},
    {.bitmap_index = 12400, .adv_w = 320, .box_w = 18, .box_h = 19, .ofs_x = 1, .ofs_y = -2},
    {.bitmap_index = 12571, .adv_w = 320, .box_w = 19, .box_h = 19, .ofs_x = 0, .ofs_y = -2},
    {.bitmap_index = 12752, .adv_w = 320, .box_w = 19, .box_h = 18, .ofs_x = 0, .ofs_y = -1},
    {.bitmap_index = 12923, .adv_w = 320, .box_w = 19, .box_h = 18, .ofs_x = 0, .ofs_y = -1},
    {.bitmap_index = 13094, .adv_w = 320, .box_w = 18, .box_h = 17, .ofs_x = 1, .ofs_y = -1},
    {.bitmap_index = 13247, .adv_w = 320, .box_w = 19, .box_h = 18, .ofs_x = 0, .ofs_y = -2},
    {.bitmap_index = 13418, .adv_w = 320, .box_w = 20, .box_h = 18, .ofs_x = 0, .ofs_y = -2},
    {.bitmap_index = 13598, .adv_w = 320, .box_w = 19, .box_h = 19, .ofs_x = 1, .ofs_y = -2},
    {.bitmap_index = 13779, .adv_w = 320, .box_w = 19, .box_h = 18, .ofs_x = 1, .ofs_y = -2},
    {.bitmap_index = 13950, .adv_w = 320, .box_w = 18, .box_h = 17, .ofs_x = 1, .ofs_y = -1},
    {.bitmap_index = 14103, .adv_w = 320, .box_w = 20, .box_h = 19, .ofs_x = 0, .ofs_y = -2},
    {.bitmap_index = 14293, .adv_w = 320, .box_w = 19, .box_h = 18, .ofs_x = 0, .ofs_y = -2},
    {.bitmap_index = 14464, .adv_w = 320, .box_w = 18, .box_h = 19, .ofs_x = 0, .ofs_y = -2},
    {.bitmap_index = 14635, .adv_w = 320, .box_w = 18, .box_h = 18, .ofs_x = 0, .ofs_y = -2},
    {.bitmap_index = 14797, .adv_w = 320, .box_w = 19, .box_h = 19, .ofs_x = 1, .ofs_y = -2},
    {.bitmap_index = 14978, .adv_w = 320, .box_w = 20, .box_h = 17, .ofs_x = 0, .ofs_y = -1},
    {.bitmap_index = 15148, .adv_w = 320, .box_w = 18, .box_h = 17, .ofs_x = 1, .ofs_y = -1},
    {.bitmap_index = 15301, .adv_w = 320, .box_w = 17, .box_h = 17, .ofs_x = 1, .ofs_y = -1},
    {.bitmap_index = 15446, .adv_w = 320, .box_w = 19, .box_h = 18, .ofs_x = 0, .ofs_y = -1},
    {.bitmap_index = 15617, .adv_w = 320, .box_w = 19, .box_h = 19, .ofs_x = 0, .ofs_y = -2},
    {.bitmap_index = 15798, .adv_w = 320, .box_w = 20, .box_h = 19, .ofs_x = 0, .ofs_y = -2},
    {.bitmap_index = 15988, .adv_w = 320, .box_w = 20, .box_h = 19, .ofs_x = 0, .ofs_y = -2},
    {.bitmap_index = 16178, .adv_w = 320, .box_w = 18, .box_h = 19, .ofs_x = 1, .ofs_y = -2},
    {.bitmap_index = 16349, .adv_w = 320, .box_w = 20, .box_h = 18, .ofs_x = 0, .ofs_y = -2},
    {.bitmap_index = 16529, .adv_w = 320, .box_w = 20, .box_h = 19, .ofs_x = 0, .ofs_y = -2},
    {.bitmap_index = 16719, .adv_w = 320, .box_w = 20, .box_h = 19, .ofs_x = 0, .ofs_y = -2},
    {.bitmap_index = 16909, .adv_w = 320, .box_w = 20, .box_h = 19, .ofs_x = 0, .ofs_y = -2},
    {.bitmap_index = 17099, .adv_w = 320, .box_w = 20, .box_h = 19, .ofs_x = 0, .ofs_y = -2},
    {.bitmap_index = 17289, .adv_w = 320, .box_w = 20, .box_h = 19, .ofs_x = 0, .ofs_y = -2},
    {.bitmap_index = 17479, .adv_w = 320, .box_w = 18, .box_h = 19, .ofs_x = 1, .ofs_y = -2},
    {.bitmap_index = 17650, .adv_w = 320, .box_w = 20, .box_h = 18, .ofs_x = 0, .ofs_y = -1},
    {.bitmap_index = 17830, .adv_w = 320, .box_w = 19, .box_h = 20, .ofs_x = 0, .ofs_y = -2},
    {.bitmap_index = 18020, .adv_w = 320, .box_w = 20, .box_h = 20, .ofs_x = 0, .ofs_y = -2},
    {.bitmap_index = 18220, .adv_w = 320, .box_w = 20, .box_h = 19, .ofs_x = 0, .ofs_y = -2},
    {.bitmap_index = 18410, .adv_w = 320, .box_w = 16, .box_h = 19, .ofs_x = 2, .ofs_y = -2},
    {.bitmap_index = 18562, .adv_w = 320, .box_w = 19, .box_h = 17, .ofs_x = 0, .ofs_y = -1},
    {.bitmap_index = 18724, .adv_w = 320, .box_w = 19, .box_h = 18, .ofs_x = 0, .ofs_y = -2},
    {.bitmap_index = 18895, .adv_w = 320, .box_w = 16, .box_h = 18, .ofs_x = 2, .ofs_y = -1},
    {.bitmap_index = 19039, .adv_w = 320, .box_w = 18, .box_h = 17, .ofs_x = 2, .ofs_y = -1},
    {.bitmap_index = 19192, .adv_w = 320, .box_w = 19, .box_h = 19, .ofs_x = 0, .ofs_y = -1},
    {.bitmap_index = 19373, .adv_w = 320, .box_w = 18, .box_h = 19, .ofs_x = 1, .ofs_y = -2},
    {.bitmap_index = 19544, .adv_w = 320, .box_w = 20, .box_h = 19, .ofs_x = 0, .ofs_y = -2},
    {.bitmap_index = 19734, .adv_w = 320, .box_w = 20, .box_h = 20, .ofs_x = 0, .ofs_y = -3},
    {.bitmap_index = 19934, .adv_w = 320, .box_w = 20, .box_h = 20, .ofs_x = 0, .ofs_y = -2},
    {.bitmap_index = 20134, .adv_w = 320, .box_w = 19, .box_h = 18, .ofs_x = 1, .ofs_y = -2},
    {.bitmap_index = 20305, .adv_w = 320, .box_w = 19, .box_h = 18, .ofs_x = 1, .ofs_y = -1},
    {.bitmap_index = 20476, .adv_w = 320, .box_w = 16, .box_h = 18, .ofs_x = 2, .ofs_y = -1},
    {.bitmap_index = 20620, .adv_w = 320, .box_w = 20, .box_h = 19, .ofs_x = 0, .ofs_y = -2},
    {.bitmap_index = 20810, .adv_w = 320, .box_w = 20, .box_h = 18, .ofs_x = 0, .ofs_y = -1},
    {.bitmap_index = 20990, .adv_w = 320, .box_w = 20, .box_h = 18, .ofs_x = 0, .ofs_y = -1},
    {.bitmap_index = 21170, .adv_w = 320, .box_w = 20, .box_h = 20, .ofs_x = 0, .ofs_y = -2},
    {.bitmap_index = 21370, .adv_w = 320, .box_w = 19, .box_h = 19, .ofs_x = 0, .ofs_y = -1},
    {.bitmap_index = 21551, .adv_w = 320, .box_w = 20, .box_h = 19, .ofs_x = 0, .ofs_y = -1},
    {.bitmap_index = 21741, .adv_w = 320, .box_w = 20, .box_h = 19, .ofs_x = 0, .ofs_y = -2},
    {.bitmap_index = 21931, .adv_w = 320, .box_w = 19, .box_h = 18, .ofs_x = 1, .ofs_y = -1},
    {.bitmap_index = 22102, .adv_w = 320, .box_w = 19, .box_h = 19, .ofs_x = 1, .ofs_y = -2},
    {.bitmap_index = 22283, .adv_w = 320, .box_w = 20, .box_h = 19, .ofs_x = 0, .ofs_y = -2},
    {.bitmap_index = 22473, .adv_w = 320, .box_w = 20, .box_h = 19, .ofs_x = 0, .ofs_y = -2},
    {.bitmap_index = 22663, .adv_w = 320, .box_w = 20, .box_h = 18, .ofs_x = 0, .ofs_y = -1},
    {.bitmap_index = 22843, .adv_w = 320, .box_w = 20, .box_h = 18, .ofs_x = 0, .ofs_y = -1},
    {.bitmap_index = 23023, .adv_w = 320, .box_w = 20, .box_h = 18, .ofs_x = 0, .ofs_y = -1},
    {.bitmap_index = 23203, .adv_w = 320, .box_w = 20, .box_h = 19, .ofs_x = 0, .ofs_y = -2},
    {.bitmap_index = 23393, .adv_w = 320, .box_w = 20, .box_h = 19, .ofs_x = 0, .ofs_y = -2},
    {.bitmap_index = 23583, .adv_w = 320, .box_w = 20, .box_h = 20, .ofs_x = 0, .ofs_y = -2},
    {.bitmap_index = 23783, .adv_w = 320, .box_w = 20, .box_h = 19, .ofs_x = 0, .ofs_y = -2},
    {.bitmap_index = 23973, .adv_w = 320, .box_w = 20, .box_h = 19, .ofs_x = 0, .ofs_y = -2},
    {.bitmap_index = 24163, .adv_w = 320, .box_w = 20, .box_h = 18, .ofs_x = 0, .ofs_y = -1},
    {.bitmap_index = 24343, .adv_w = 320, .box_w = 20, .box_h = 19, .ofs_x = 0, .ofs_y = -2},
    {.bitmap_index = 24533, .adv_w = 320, .box_w = 20, .box_h = 18, .ofs_x = 0, .ofs_y = -1},
    {.bitmap_index = 24713, .adv_w = 320, .box_w = 20, .box_h = 19, .ofs_x = 0, .ofs_y = -2},
    {.bitmap_index = 24903, .adv_w = 320, .box_w = 20, .box_h = 19, .ofs_x = 0, .ofs_y = -2},
    {.bitmap_index = 25093, .adv_w = 320, .box_w = 20, .box_h = 18, .ofs_x = 0, .ofs_y = -1},
    {.bitmap_index = 25273, .adv_w = 320, .box_w = 20, .box_h = 19, .ofs_x = 0, .ofs_y = -2},
    {.bitmap_index = 25463, .adv_w = 320, .box_w = 20, .box_h = 19, .ofs_x = 0, .ofs_y = -2},
    {.bitmap_index = 25653, .adv_w = 320, .box_w = 20, .box_h = 19, .ofs_x = 0, .ofs_y = -2},
    {.bitmap_index = 25843, .adv_w = 320, .box_w = 20, .box_h = 19, .ofs_x = 0, .ofs_y = -2},
    {.bitmap_index = 26033, .adv_w = 320, .box_w = 20, .box_h = 19, .ofs_x = 0, .ofs_y = -1},
    {.bitmap_index = 26223, .adv_w = 320, .box_w = 20, .box_h = 18, .ofs_x = 0, .ofs_y = -2},
    {.bitmap_index = 26403, .adv_w = 320, .box_w = 14, .box_h = 17, .ofs_x = 3, .ofs_y = -1},
    {.bitmap_index = 26522, .adv_w = 320, .box_w = 19, .box_h = 19, .ofs_x = 1, .ofs_y = -2},
    {.bitmap_index = 26703, .adv_w = 320, .box_w = 20, .box_h = 18, .ofs_x = 0, .ofs_y = -2},
    {.bitmap_index = 26883, .adv_w = 320, .box_w = 20, .box_h = 17, .ofs_x = 0, .ofs_y = -1},
    {.bitmap_index = 27053, .adv_w = 320, .box_w = 19, .box_h = 19, .ofs_x = 1, .ofs_y = -2},
    {.bitmap_index = 27234, .adv_w = 320, .box_w = 19, .box_h = 19, .ofs_x = 1, .ofs_y = -2},
    {.bitmap_index = 27415, .adv_w = 320, .box_w = 20, .box_h = 18, .ofs_x = 0, .ofs_y = -2},
    {.bitmap_index = 27595, .adv_w = 320, .box_w = 20, .box_h = 18, .ofs_x = 0, .ofs_y = -1},
    {.bitmap_index = 27775, .adv_w = 320, .box_w = 17, .box_h = 18, .ofs_x = 0, .ofs_y = -2},
    {.bitmap_index = 27928, .adv_w = 320, .box_w = 20, .box_h = 18, .ofs_x = 0, .ofs_y = -1},
    {.bitmap_index = 28108, .adv_w = 320, .box_w = 20, .box_h = 18, .ofs_x = 0, .ofs_y = -1},
    {.bitmap_index = 28288, .adv_w = 320, .box_w = 20, .box_h = 19, .ofs_x = 0, .ofs_y = -2},
    {.bitmap_index = 28478, .adv_w = 320, .box_w = 20, .box_h = 19, .ofs_x = 0, .ofs_y = -2},
    {.bitmap_index = 28668, .adv_w = 320, .box_w = 20, .box_h = 19, .ofs_x = 0, .ofs_y = -2},
    {.bitmap_index = 28858, .adv_w = 320, .box_w = 20, .box_h = 19, .ofs_x = 0, .ofs_y = -2},
    {.bitmap_index = 29048, .adv_w = 320, .box_w = 20, .box_h = 19, .ofs_x = 0, .ofs_y = -2},
    {.bitmap_index = 29238, .adv_w = 320, .box_w = 20, .box_h = 19, .ofs_x = 0, .ofs_y = -2},
    {.bitmap_index = 29428, .adv_w = 320, .box_w = 19, .box_h = 19, .ofs_x = 0, .ofs_y = -2},
    {.bitmap_index = 29609, .adv_w = 320, .box_w = 20, .box_h = 18, .ofs_x = 0, .ofs_y = -1},
    {.bitmap_index = 29789, .adv_w = 320, .box_w = 20, .box_h = 19, .ofs_x = 0, .ofs_y = -1},
    {.bitmap_index = 29979, .adv_w = 320, .box_w = 20, .box_h = 18, .ofs_x = 0, .ofs_y = -1},
    {.bitmap_index = 30159, .adv_w = 320, .box_w = 19, .box_h = 18, .ofs_x = 0, .ofs_y = -1},
    {.bitmap_index = 30330, .adv_w = 320, .box_w = 19, .box_h = 18, .ofs_x = 1, .ofs_y = -1},
    {.bitmap_index = 30501, .adv_w = 320, .box_w = 20, .box_h = 19, .ofs_x = 0, .ofs_y = -2},
    {.bitmap_index = 30691, .adv_w = 320, .box_w = 19, .box_h = 19, .ofs_x = 0, .ofs_y = -2},
    {.bitmap_index = 30872, .adv_w = 320, .box_w = 19, .box_h = 19, .ofs_x = 0, .ofs_y = -2},
    {.bitmap_index = 31053, .adv_w = 320, .box_w = 20, .box_h = 19, .ofs_x = 0, .ofs_y = -2},
    {.bitmap_index = 31243, .adv_w = 320, .box_w = 20, .box_h = 19, .ofs_x = 0, .ofs_y = -2},
    {.bitmap_index = 31433, .adv_w = 320, .box_w = 18, .box_h = 17, .ofs_x = 1, .ofs_y = -1},
    {.bitmap_index = 31586, .adv_w = 320, .box_w = 20, .box_h = 19, .ofs_x = 0, .ofs_y = -1},
    {.bitmap_index = 31776, .adv_w = 320, .box_w = 18, .box_h = 18, .ofs_x = 1, .ofs_y = -1},
    {.bitmap_index = 31938, .adv_w = 320, .box_w = 20, .box_h = 17, .ofs_x = 0, .ofs_y = -1},
    {.bitmap_index = 32108, .adv_w = 320, .box_w = 19, .box_h = 18, .ofs_x = 1, .ofs_y = -1},
    {.bitmap_index = 32279, .adv_w = 320, .box_w = 18, .box_h = 18, .ofs_x = 0, .ofs_y = -2},
    {.bitmap_index = 32441, .adv_w = 320, .box_w = 18, .box_h = 18, .ofs_x = 2, .ofs_y = -1},
    {.bitmap_index = 32603, .adv_w = 320, .box_w = 20, .box_h = 18, .ofs_x = 0, .ofs_y = -1},
    {.bitmap_index = 32783, .adv_w = 320, .box_w = 14, .box_h = 17, .ofs_x = 3, .ofs_y = -1},
    {.bitmap_index = 32902, .adv_w = 320, .box_w = 19, .box_h = 18, .ofs_x = 1, .ofs_y = -2},
    {.bitmap_index = 33073, .adv_w = 320, .box_w = 19, .box_h = 18, .ofs_x = 1, .ofs_y = -1},
    {.bitmap_index = 33244, .adv_w = 320, .box_w = 19, .box_h = 20, .ofs_x = 0, .ofs_y = -2},
    {.bitmap_index = 33434, .adv_w = 320, .box_w = 20, .box_h = 19, .ofs_x = 0, .ofs_y = -2},
    {.bitmap_index = 33624, .adv_w = 320, .box_w = 20, .box_h = 19, .ofs_x = 0, .ofs_y = -2},
    {.bitmap_index = 33814, .adv_w = 320, .box_w = 19, .box_h = 19, .ofs_x = 0, .ofs_y = -2},
    {.bitmap_index = 33995, .adv_w = 320, .box_w = 19, .box_h = 18, .ofs_x = 0, .ofs_y = -2},
    {.bitmap_index = 34166, .adv_w = 320, .box_w = 18, .box_h = 19, .ofs_x = 1, .ofs_y = -2},
    {.bitmap_index = 34337, .adv_w = 320, .box_w = 19, .box_h = 18, .ofs_x = 0, .ofs_y = -1},
    {.bitmap_index = 34508, .adv_w = 320, .box_w = 20, .box_h = 19, .ofs_x = 0, .ofs_y = -2},
    {.bitmap_index = 34698, .adv_w = 320, .box_w = 18, .box_h = 18, .ofs_x = 1, .ofs_y = -1},
    {.bitmap_index = 34860, .adv_w = 320, .box_w = 20, .box_h = 18, .ofs_x = 0, .ofs_y = -1},
    {.bitmap_index = 35040, .adv_w = 320, .box_w = 20, .box_h = 19, .ofs_x = 0, .ofs_y = -2},
    {.bitmap_index = 35230, .adv_w = 320, .box_w = 19, .box_h = 19, .ofs_x = 0, .ofs_y = -2},
    {.bitmap_index = 35411, .adv_w = 320, .box_w = 19, .box_h = 19, .ofs_x = 0, .ofs_y = -2},
    {.bitmap_index = 35592, .adv_w = 320, .box_w = 19, .box_h = 19, .ofs_x = 0, .ofs_y = -2},
    {.bitmap_index = 35773, .adv_w = 320, .box_w = 20, .box_h = 18, .ofs_x = 0, .ofs_y = -1},
    {.bitmap_index = 35953, .adv_w = 320, .box_w = 18, .box_h = 19, .ofs_x = 1, .ofs_y = -2},
    {.bitmap_index = 36124, .adv_w = 320, .box_w = 20, .box_h = 18, .ofs_x = 0, .ofs_y = -1},
    {.bitmap_index = 36304, .adv_w = 320, .box_w = 20, .box_h = 19, .ofs_x = 0, .ofs_y = -2},
    {.bitmap_index = 36494, .adv_w = 320, .box_w = 19, .box_h = 18, .ofs_x = 0, .ofs_y = -1},
    {.bitmap_index = 36665, .adv_w = 320, .box_w = 20, .box_h = 19, .ofs_x = 0, .ofs_y = -2},
    {.bitmap_index = 36855, .adv_w = 320, .box_w = 19, .box_h = 18, .ofs_x = 0, .ofs_y = -1},
    {.bitmap_index = 37026, .adv_w = 320, .box_w = 18, .box_h = 18, .ofs_x = 1, .ofs_y = -1},
    {.bitmap_index = 37188, .adv_w = 320, .box_w = 19, .box_h = 20, .ofs_x = 1, .ofs_y = -2},
    {.bitmap_index = 37378, .adv_w = 320, .box_w = 20, .box_h = 20, .ofs_x = 0, .ofs_y = -2},
    {.bitmap_index = 37578, .adv_w = 320, .box_w = 15, .box_h = 18, .ofs_x = 3, .ofs_y = -1},
    {.bitmap_index = 37713, .adv_w = 320, .box_w = 20, .box_h = 19, .ofs_x = 0, .ofs_y = -2},
    {.bitmap_index = 37903, .adv_w = 320, .box_w = 20, .box_h = 18, .ofs_x = 0, .ofs_y = -1},
    {.bitmap_index = 38083, .adv_w = 320, .box_w = 20, .box_h = 18, .ofs_x = 0, .ofs_y = -1},
    {.bitmap_index = 38263, .adv_w = 320, .box_w = 20, .box_h = 19, .ofs_x = 0, .ofs_y = -2},
    {.bitmap_index = 38453, .adv_w = 320, .box_w = 20, .box_h = 19, .ofs_x = 0, .ofs_y = -2},
    {.bitmap_index = 38643, .adv_w = 320, .box_w = 20, .box_h = 18, .ofs_x = 0, .ofs_y = -1},
    {.bitmap_index = 38823, .adv_w = 320, .box_w = 20, .box_h = 19, .ofs_x = 0, .ofs_y = -2},
    {.bitmap_index = 39013, .adv_w = 320, .box_w = 20, .box_h = 18, .ofs_x = 0, .ofs_y = -1},
    {.bitmap_index = 39193, .adv_w = 320, .box_w = 19, .box_h = 19, .ofs_x = 1, .ofs_y = -2},
    {.bitmap_index = 39374, .adv_w = 320, .box_w = 19, .box_h = 19, .ofs_x = 1, .ofs_y = -2},
    {.bitmap_index = 39555, .adv_w = 320, .box_w = 19, .box_h = 19, .ofs_x = 1, .ofs_y = -2},
    {.bitmap_index = 39736, .adv_w = 320, .box_w = 20, .box_h = 19, .ofs_x = 0, .ofs_y = -2},
    {.bitmap_index = 39926, .adv_w = 320, .box_w = 20, .box_h = 18, .ofs_x = 0, .ofs_y = -1},
    {.bitmap_index = 40106, .adv_w = 320, .box_w = 20, .box_h = 18, .ofs_x = 0, .ofs_y = -1},
    {.bitmap_index = 40286, .adv_w = 320, .box_w = 20, .box_h = 19, .ofs_x = 0, .ofs_y = -2},
    {.bitmap_index = 40476, .adv_w = 320, .box_w = 20, .box_h = 18, .ofs_x = 0, .ofs_y = -2},
    {.bitmap_index = 40656, .adv_w = 320, .box_w = 20, .box_h = 19, .ofs_x = 0, .ofs_y = -2},
    {.bitmap_index = 40846, .adv_w = 320, .box_w = 20, .box_h = 19, .ofs_x = 0, .ofs_y = -2},
    {.bitmap_index = 41036, .adv_w = 320, .box_w = 20, .box_h = 19, .ofs_x = 0, .ofs_y = -2},
    {.bitmap_index = 41226, .adv_w = 320, .box_w = 20, .box_h = 20, .ofs_x = 0, .ofs_y = -2},
    {.bitmap_index = 41426, .adv_w = 320, .box_w = 20, .box_h = 19, .ofs_x = 0, .ofs_y = -2},
    {.bitmap_index = 41616, .adv_w = 320, .box_w = 20, .box_h = 19, .ofs_x = 0, .ofs_y = -2},
    {.bitmap_index = 41806, .adv_w = 320, .box_w = 20, .box_h = 19, .ofs_x = 0, .ofs_y = -2},
    {.bitmap_index = 41996, .adv_w = 320, .box_w = 19, .box_h = 18, .ofs_x = 1, .ofs_y = -1},
    {.bitmap_index = 42167, .adv_w = 320, .box_w = 19, .box_h = 18, .ofs_x = 0, .ofs_y = -1},
    {.bitmap_index = 42338, .adv_w = 320, .box_w = 20, .box_h = 17, .ofs_x = 0, .ofs_y = -1},
    {.bitmap_index = 42508, .adv_w = 320, .box_w = 19, .box_h = 18, .ofs_x = 0, .ofs_y = -1},
    {.bitmap_index = 42679, .adv_w = 320, .box_w = 20, .box_h = 19, .ofs_x = 0, .ofs_y = -2},
    {.bitmap_index = 42869, .adv_w = 320, .box_w = 19, .box_h = 19, .ofs_x = 1, .ofs_y = -2},
    {.bitmap_index = 43050, .adv_w = 320, .box_w = 18, .box_h = 18, .ofs_x = 1, .ofs_y = -1},
    {.bitmap_index = 43212, .adv_w = 320, .box_w = 18, .box_h = 19, .ofs_x = 1, .ofs_y = -2},
    {.bitmap_index = 43383, .adv_w = 320, .box_w = 18, .box_h = 19, .ofs_x = 1, .ofs_y = -2},
    {.bitmap_index = 43554, .adv_w = 320, .box_w = 19, .box_h = 18, .ofs_x = 1, .ofs_y = -2},
    {.bitmap_index = 43725, .adv_w = 320, .box_w = 19, .box_h = 19, .ofs_x = 1, .ofs_y = -2},
    {.bitmap_index = 43906, .adv_w = 320, .box_w = 18, .box_h = 17, .ofs_x = 1, .ofs_y = -1},
    {.bitmap_index = 44059, .adv_w = 320, .box_w = 18, .box_h = 19, .ofs_x = 1, .ofs_y = -2},
    {.bitmap_index = 44230, .adv_w = 320, .box_w = 18, .box_h = 18, .ofs_x = 1, .ofs_y = -2},
    {.bitmap_index = 44392, .adv_w = 320, .box_w = 18, .box_h = 18, .ofs_x = 1, .ofs_y = -1},
    {.bitmap_index = 44554, .adv_w = 320, .box_w = 19, .box_h = 19, .ofs_x = 0, .ofs_y = -2},
    {.bitmap_index = 44735, .adv_w = 320, .box_w = 5, .box_h = 8, .ofs_x = 2, .ofs_y = -3},
    {.bitmap_index = 44755, .adv_w = 320, .box_w = 10, .box_h = 17, .ofs_x = 0, .ofs_y = -1}
};

/*---------------------
 *  CHARACTER MAPPING
 *--------------------*/

static const uint16_t unicode_list_1[] = {
    0x00, 0x1e07, 0x1e09, 0x1e0b, 0x1e0c, 0x1e2b, 0x1e47, 0x1e8a,
    0x1e8c, 0x1eac, 0x1ec3, 0x1ec8, 0x1ee3, 0x1ef4, 0x1f18, 0x1f1e,
    0x1f5a, 0x1f7d, 0x1f99, 0x1fdb, 0x205a, 0x213f, 0x2143, 0x2163,
    0x2171, 0x218b, 0x21cd, 0x21f8, 0x2204, 0x2215, 0x221e, 0x2229,
    0x222e, 0x2234, 0x224b, 0x2299, 0x229d, 0x22a6, 0x22a7, 0x22fd,
    0x2341, 0x2371, 0x2380, 0x2389, 0x23d6, 0x23ed, 0x240a, 0x240c,
    0x2424, 0x242d, 0x2466, 0x2522, 0x2666, 0x26dc, 0x26f8, 0x289c,
    0x28ee, 0x2905, 0x290b, 0x2918, 0x2927, 0x292f, 0x29c9, 0x2b56,
    0x2b8a, 0x2b98, 0x2b9c, 0x2bb7, 0x2c04, 0x2c0d, 0x2c0f, 0x2c18,
    0x2c3e, 0x2c4d, 0x2c6f, 0x2df0, 0x2e01, 0x2e36, 0x2e53, 0x2e92,
    0x2ea4, 0x2efe, 0x2f0d, 0x2f51, 0x2f83, 0x2fc1, 0x2fff, 0x3060,
    0x306d, 0x311d, 0x320e, 0x3214, 0x3249, 0x3251, 0x3267, 0x326e,
    0x32aa, 0x32e7, 0x32ff, 0x3305, 0x3307, 0x332d, 0x3360, 0x336c,
    0x33a3, 0x33a5, 0x33a6, 0x33ce, 0x34cb, 0x353c, 0x3546, 0x3561,
    0x356e, 0x35ae, 0x35de, 0x35e3, 0x35f4, 0x362d, 0x363c, 0x3680,
    0x3695, 0x36f2, 0x36fe, 0x3706, 0x3728, 0x372a, 0x3738, 0x3805,
    0x381f, 0x3836, 0x3a1f, 0x3b1f, 0x3b63, 0x3c12, 0x3c25, 0x3c5e,
    0x3cff, 0x3d39, 0x3d3c, 0x3d49, 0x3d86, 0x4182, 0x4246, 0x4257,
    0x42b4, 0x4385, 0x4404, 0x451d, 0x4526, 0x4533, 0x46d6, 0x46ec,
    0x471e, 0x475f, 0x47e3, 0x47eb, 0x486a, 0x486c, 0x4938, 0x49b9,
    0x49d0, 0x4a0b, 0x4ac9, 0x4ad7, 0x4b47, 0x4b50, 0x4b7e, 0x4b9f,
    0x4c71, 0x4cf9, 0x4ec2, 0x4edd, 0x4ee5, 0x4eeb, 0x4f14, 0x4f6c,
    0x50fb, 0x5153, 0x51e8, 0x5228, 0x54db, 0x583e, 0x584a, 0x5866,
    0x5b9f, 0x5ba2, 0x5bb6, 0x5bbc, 0x5bc4, 0x5bd3, 0x5d23, 0x5ddb,
    0x5f8f, 0x5fc5, 0x5fce, 0x5fcf, 0x5fd2, 0x5fd9, 0x5fdc, 0x5ffe,
    0x6007, 0x6018, 0x6190, 0x61cb, 0x61cd, 0x649d, 0x652c, 0x657d,
    0x65eb, 0x65f2, 0x65f7, 0x6643, 0x6662, 0x6760, 0x67f1, 0x6873,
    0x6994, 0x6ec2, 0xcf0a, 0xcf1d
};

/*Collect the unicode lists and glyph_id offsets*/
static const lv_font_fmt_txt_cmap_t cmaps[] =
{
    {
        .range_start = 32, .range_length = 95, .glyph_id_start = 1,
        .unicode_list = NULL, .glyph_id_ofs_list = NULL, .list_length = 0, .type = LV_FONT_FMT_TXT_CMAP_FORMAT0_TINY
    },
    {
        .range_start = 12290, .range_length = 53022, .glyph_id_start = 96,
        .unicode_list = unicode_list_1, .glyph_id_ofs_list = NULL, .list_length = 220, .type = LV_FONT_FMT_TXT_CMAP_SPARSE_TINY
    }
};

/*-----------------
 *    KERNING
 *----------------*/

/*Map glyph_ids to kern left classes*/
static const uint8_t kern_left_class_mapping[] =
{
    0, 0, 0, 1, 0, 0, 0, 0,
    1, 2, 0, 0, 0, 3, 4, 3,
    5, 0, 0, 0, 0, 0, 0, 0,
    0, 0, 0, 6, 6, 0, 0, 0,
    0, 0, 7, 8, 9, 10, 11, 12,
    13, 0, 0, 14, 15, 16, 0, 0,
    10, 17, 10, 18, 19, 20, 21, 22,
    23, 24, 25, 26, 2, 27, 0, 0,
    0, 0, 28, 29, 30, 0, 31, 32,
    33, 34, 0, 0, 35, 36, 34, 34,
    29, 29, 37, 38, 39, 40, 37, 41,
    42, 43, 44, 45, 2, 0, 0, 0,
    0, 0, 0, 0, 0, 0, 0, 0,
    0, 0, 0, 0, 0, 0, 0, 0,
    0, 0, 0, 0, 0, 0, 0, 0,
    0, 0, 0, 0, 0, 0, 0, 0,
    0, 0, 0, 0, 0, 0, 0, 0,
    0, 0, 0, 0, 0, 0, 0, 0,
    0, 0, 0, 0, 0, 0, 0, 0,
    0, 0, 0, 0, 0, 0, 0, 0,
    0, 0, 0, 0, 0, 0, 0, 0,
    0, 0, 0, 0, 0, 0, 0, 0,
    0, 0, 0, 0, 0, 0, 0, 0,
    0, 0, 0, 0, 0, 0, 0, 0,
    0, 0, 0, 0, 0, 0, 0, 0,
    0, 0, 0, 0, 0, 0, 0, 0,
    0, 0, 0, 0, 0, 0, 0, 0,
    0, 0, 0, 0, 0, 0, 0, 0,
    0, 0, 0, 0, 0, 0, 0, 0,
    0, 0, 0, 0, 0, 0, 0, 0,
    0, 0, 0, 0, 0, 0, 0, 0,
    0, 0, 0, 0, 0, 0, 0, 0,
    0, 0, 0, 0, 0, 0, 0, 0,
    0, 0, 0, 0, 0, 0, 0, 0,
    0, 0, 0, 0, 0, 0, 0, 0,
    0, 0, 0, 0, 0, 0, 0, 0,
    0, 0, 0, 0, 0, 0, 0, 0,
    0, 0, 0, 0, 0, 0, 0, 0,
    0, 0, 0, 0, 0, 0, 0, 0,
    0, 0, 0, 0
};

/*Map glyph_ids to kern right classes*/
static const uint8_t kern_right_class_mapping[] =
{
    0, 0, 1, 2, 0, 0, 0, 0,
    2, 0, 3, 4, 0, 5, 6, 7,
    8, 0, 0, 0, 0, 0, 0, 0,
    0, 0, 0, 9, 10, 0, 0, 0,
    11, 0, 12, 0, 13, 0, 0, 0,
    13, 0, 0, 14, 0, 0, 0, 0,
    13, 0, 13, 0, 15, 16, 17, 18,
    19, 20, 21, 22, 0, 23, 3, 0,
    0, 0, 24, 0, 25, 25, 25, 26,
    27, 0, 28, 29, 0, 0, 30, 30,
    25, 30, 25, 30, 31, 32, 33, 34,
    35, 36, 37, 38, 0, 0, 3, 0,
    0, 0, 0, 0, 0, 0, 0, 0,
    0, 0, 0, 0, 0, 0, 0, 0,
    0, 0, 0, 0, 0, 0, 0, 0,
    0, 0, 0, 0, 0, 0, 0, 0,
    0, 0, 0, 0, 0, 0, 0, 0,
    0, 0, 0, 0, 0, 0, 0, 0,
    0, 0, 0, 0, 0, 0, 0, 0,
    0, 0, 0, 0, 0, 0, 0, 0,
    0, 0, 0, 0, 0, 0, 0, 0,
    0, 0, 0, 0, 0, 0, 0, 0,
    0, 0, 0, 0, 0, 0, 0, 0,
    0, 0, 0, 0, 0, 0, 0, 0,
    0, 0, 0, 0, 0, 0, 0, 0,
    0, 0, 0, 0, 0, 0, 0, 0,
    0, 0, 0, 0, 0, 0, 0, 0,
    0, 0, 0, 0, 0, 0, 0, 0,
    0, 0, 0, 0, 0, 0, 0, 0,
    0, 0, 0, 0, 0, 0, 0, 0,
    0, 0, 0, 0, 0, 0, 0, 0,
    0, 0, 0, 0, 0, 0, 0, 0,
    0, 0, 0, 0, 0, 0, 0, 0,
    0, 0, 0, 0, 0, 0, 0, 0,
    0, 0, 0, 0, 0, 0, 0, 0,
    0, 0, 0, 0, 0, 0, 0, 0,
    0, 0, 0, 0, 0, 0, 0, 0,
    0, 0, 0, 0, 0, 0, 0, 0,
    0, 0, 0, 0, 0, 0, 0, 0,
    0, 0, 0, 0
};

/*Kern values between classes*/
static const int8_t kern_class_values[] =
{
    0, 0, 0, 0, -42, 0, -42, 0,
    0, 0, 0, -20, 0, -35, -4, 0,
    0, 0, 0, -4, 0, 0, 0, 0,
    -12, 0, 0, 0, 0, 0, -8, 0,
    0, 0, 0, 0, 0, 0, 0, 0,
    0, 0, 0, 0, 0, 0, 0, 0,
    0, 0, 0, -8, 0, 0, 0, 0,
    0, 0, 0, 0, 0, 0, 0, 0,
    0, 0, 28, 0, 0, 0, 0, 0,
    0, 0, 0, 0, 0, -35, 0, -50,
    0, 0, 0, 0, 0, 0, 0, 0,
    0, 0, 0, -36, -8, -24, -13, 0,
    -34, 0, 0, 0, -5, 0, 0, 0,
    8, 0, 0, -17, 0, -13, -9, 0,
    -8, 0, 0, 0, 0, 0, 0, 0,
    0, 0, 0, 0, 0, 0, 0, -8,
    -7, -18, 0, -8, -4, -11, -24, -8,
    0, 0, 0, 0, 0, 0, 0, 0,
    0, -10, 0, -4, 0, -6, 0, 0,
    0, 0, 0, 0, 0, 0, 0, 0,
    0, 0, 0, -15, -4, -29, 0, 0,
    0, 0, 0, 0, 0, 0, 0, -9,
    -12, 0, -4, 8, 8, 0, 0, 2,
    -8, 0, 0, 0, 0, 0, 0, 0,
    0, -19, 0, 0, 0, 0, 0, 0,
    0, 0, 0, 0, 0, 0, 0, 0,
    0, 0, -10, 0, 0, 0, 0, 0,
    0, 0, 0, 0, 0, 0, 0, 0,
    0, 0, 0, 0, 0, -20, 0, -35,
    0, 0, 0, 0, 0, 0, -10, -3,
    -4, 0, 0, -20, -6, -6, 0, 1,
    -6, -4, -15, 7, 0, -4, 0, 0,
    0, 0, 7, -6, -3, -4, -2, -2,
    -4, 0, 0, 0, 0, -12, 0, 0,
    0, 0, 0, 0, 0, 0, 0, -6,
    -6, -9, 0, -3, -2, -2, -6, -2,
    0, 0, 0, 0, 0, 0, 0, 0,
    0, -4, 0, -6, -4, -4, -6, 0,
    0, 0, 0, 0, 0, -10, 0, 0,
    0, 0, 0, 0, -11, -4, -9, -7,
    -6, -2, -2, -2, -4, -4, 0, 0,
    0, 0, -8, 0, 0, 0, 0, -11,
    -4, -6, -4, 0, -6, 0, 0, 0,
    0, -13, 0, 0, 0, -7, 0, 0,
    0, -4, 0, -15, 0, -9, 0, -4,
    -3, -7, -8, -8, 0, 0, 0, 0,
    0, 0, 0, 0, 0, 0, 0, 0,
    0, -6, 0, -4, 0, 0, 0, 0,
    0, 0, 0, 0, 0, 0, 0, 0,
    0, 0, 0, 0, 0, 0, 0, 0,
    0, 0, 0, 0, -4, 0, 0, 0,
    0, 0, 0, -9, 0, -4, 0, -12,
    -4, 0, 0, 0, 0, 0, -27, 0,
    -27, -26, 0, 0, 0, -14, -4, -51,
    -8, 0, 0, 1, 1, -9, 0, -12,
    0, -13, -6, 0, -9, 0, 0, -8,
    -8, -4, -6, -8, -7, -10, -7, -11,
    0, 0, 0, -11, 0, 0, 0, 0,
    0, 0, 0, -2, 0, 0, 0, -8,
    0, -6, -2, 0, 0, 0, 0, 0,
    0, 0, 0, 0, 0, 0, 0, 0,
    0, 0, 0, 0, 0, 0, 0, 0,
    0, 0, -9, 0, -9, 0, 0, 0,
    0, 0, 0, -15, 0, 0, 0, 0,
    0, 0, 0, 0, 0, 0, 0, 0,
    0, 0, 0, 0, 0, 0, 0, 0,
    0, 0, 0, 0, 0, -8, 0, -15,
    0, -11, 0, 0, 0, 0, -4, -4,
    -8, 0, -4, -7, -6, -5, -4, 0,
    -7, 0, 0, 0, -4, 0, 0, 0,
    -4, 0, 0, -13, -6, -8, -7, -7,
    -8, -6, 0, -32, 0, -55, 0, -20,
    0, 0, 0, 0, -12, 0, -10, 0,
    -9, -44, -11, -28, -21, 0, -28, 0,
    -29, 0, -5, -6, -2, 0, 0, 0,
    0, -8, -4, -14, -13, 0, -14, 0,
    0, 0, 0, 0, -41, -13, -41, -29,
    0, 0, 0, -19, 0, -53, -4, -10,
    0, 0, 0, -9, -4, -30, 0, -16,
    -10, 0, -12, 0, 0, 0, -4, 0,
    0, 0, 0, -6, 0, -8, 0, 0,
    0, -4, 0, -11, 0, 0, 0, 0,
    0, -2, 0, -7, -6, -6, 0, 1,
    1, -2, -1, -4, 0, -2, -4, 0,
    -2, 0, 0, 0, 0, 0, 0, 0,
    0, -4, 0, -4, 0, 0, 0, -7,
    0, 4, 0, 0, 0, 0, 0, 0,
    0, -6, -6, -8, 0, 0, 0, 0,
    -6, 0, 0, 0, 0, 0, 0, 0,
    0, 0, 0, -9, 0, 0, 0, 0,
    0, -1, 0, 0, 0, 0, -39, -27,
    -39, -33, -8, -8, 0, -15, -9, -46,
    -15, 0, 0, 0, 0, -8, -6, -20,
    0, -27, -24, -7, -27, 0, 0, -18,
    -22, -7, -18, -13, -13, -15, -13, -28,
    0, 0, 0, 0, -7, 0, -7, -12,
    0, 0, 0, -7, 0, -18, -4, 0,
    0, -2, 0, -4, -6, 0, 0, -2,
    0, 0, -4, 0, 0, 0, -2, 0,
    0, 0, 0, -4, 0, 0, 0, 0,
    0, 0, -24, -8, -24, -18, 0, 0,
    0, -6, -4, -27, -4, 0, -4, 3,
    0, 0, 0, -8, 0, -9, -6, 0,
    -9, 0, 0, -8, -5, 0, -12, -4,
    -4, -6, -4, -10, 0, 0, 0, 0,
    -13, -4, -13, -12, 0, 0, 0, 0,
    -3, -25, -3, 0, 0, 0, 0, 0,
    0, -3, 0, -7, 0, 0, -5, 0,
    0, 0, 0, 0, 0, 0, 0, 0,
    0, -4, 0, -4, 0, -4, 0, -11,
    0, 0, 0, 0, 0, 0, -7, -1,
    -6, -8, -4, 0, 0, 0, 0, 0,
    0, -4, -4, -7, 0, 0, 0, 0,
    0, -7, -4, -7, -6, -4, -7, -6,
    0, 0, 0, 0, -33, -24, -33, -25,
    -10, -10, -4, -6, -6, -36, -6, -6,
    -4, 0, 0, 0, 0, -10, 0, -25,
    -16, 0, -22, 0, 0, -15, -16, -11,
    -13, -6, -9, -13, -6, -18, 0, 0,
    0, 0, 0, -13, 0, 0, 0, 0,
    0, -3, -8, -13, -12, 0, -4, -3,
    -3, 0, -6, -7, 0, -7, -9, -8,
    -6, 0, 0, 0, 0, -6, -9, -7,
    -7, -9, -7, 0, 0, 0, 0, 0,
    0, 0, 0, 0, 0, 0, 0, 0,
    0, 0, 0, -32, -12, -20, -12, 0,
    -27, 0, 0, 0, 0, 0, 11, 0,
    25, 0, 0, 0, 0, -8, -4, 0,
    4, 0, 0, 0, 0, -20, 0, 0,
    0, 0, 0, 0, -5, 0, 0, 0,
    0, -9, 0, -7, -2, 0, -9, 0,
    0, 0, 0, 0, 0, 0, 0, 0,
    0, -6, 0, 0, 0, 0, 0, 0,
    0, -12, 0, -10, -4, 1, -4, 0,
    0, 0, -5, 0, 0, 0, 0, -21,
    0, -8, 0, -2, -17, 0, -10, -6,
    0, -2, 0, 0, 0, 0, -2, -7,
    0, -2, -2, -7, -2, -3, 0, 0,
    0, 0, 0, -8, 0, 0, 0, 0,
    0, 0, 0, 0, 0, -8, 0, -6,
    0, 0, -9, 0, 0, -4, -9, 0,
    -4, 0, 0, 0, 0, -4, 0, 1,
    1, 2, 1, 0, 0, 0, 0, -13,
    0, 3, 0, 0, 0, 0, -4, 0,
    0, -8, -8, -9, 0, -7, -4, 0,
    -10, 0, -8, -6, 0, -2, -4, 0,
    0, 0, 0, -4, 0, 1, 1, -4,
    1, -1, 4, 13, 17, 0, -19, -6,
    -19, -6, 0, 0, 9, 0, 0, 0,
    0, 16, 0, 23, 16, 11, 20, 0,
    21, -8, -4, 0, -6, 0, -4, 0,
    -2, 0, 0, 4, 0, -2, 0, -6,
    0, 0, 4, -13, 0, 0, 0, 16,
    0, 0, -14, 0, 0, 0, 0, -10,
    0, 0, 0, 0, -6, 0, 0, -6,
    -6, 0, 0, 0, 12, 0, 0, 0,
    0, -2, -2, 0, 4, -6, 0, 0,
    0, -13, 0, 0, 0, 0, 0, 0,
    -4, 0, 0, 0, 0, -9, 0, -4,
    0, 0, -7, 0, 0, 0, 0, 0,
    0, 0, 0, 0, 0, 0, 0, 0,
    0, 0, 0, 0, 0, 0, 0, -9,
    4, -16, 4, 0, 4, 4, -5, 0,
    0, 0, 0, -13, 0, 0, 0, 0,
    -5, 0, 0, -4, -7, 0, -4, 0,
    -4, 0, 0, -8, -6, 0, 0, -4,
    0, -4, 0, 0, 0, 0, 0, 0,
    0, 0, 0, 0, 0, 0, 0, 0,
    0, 0, 0, 0, 0, 0, 0, 0,
    0, 0, 0, 0, 0, 0, 2, 0,
    0, 0, 0, 0, 0, 0, 0, 0,
    0, 0, 0, -10, 0, 0, 0, 0,
    0, 0, 0, 0, 0, 0, 0, -8,
    0, -6, 0, 0, -12, 0, 0, 0,
    0, 0, 0, 0, 0, 0, 0, 0,
    0, 0, 0, 0, 0, 0, 0, 0,
    0, 0, -20, -9, -20, -13, 8, 8,
    0, -6, 0, -20, 0, 0, 0, 0,
    0, 0, 0, -4, 4, -9, -4, 0,
    -4, 0, 0, 0, -2, 0, 0, 8,
    6, 0, 8, -2, 0, 0, 0, -19,
    0, 3, 0, 0, 0, 0, -5, 0,
    0, 0, 0, -9, 0, -4, 0, 0,
    -8, 0, 0, 0, 0, 0, 0, 0,
    0, 0, 0, -8, 0, 0, 0, 0,
    0, 0, 0, 0, 0, 0, 2, -10,
    2, 3, 4, 4, -10, 0, 0, 0,
    0, -6, 0, 0, 0, 0, -2, 0,
    0, -9, -6, 0, -4, 0, 0, 0,
    -4, -8, 0, 0, 0, -7, 0, 0,
    0, 0, 0, -5, -13, -4, -13, -8,
    0, 0, 0, -5, 0, -15, 0, -8,
    0, -4, 0, 0, -6, -4, 0, -8,
    -2, 0, 0, 0, -4, 0, 0, 0,
    0, 0, 0, 0, 0, -9, 0, 0,
    0, -5, -14, 0, -14, -4, 0, 0,
    0, -2, 0, -12, 0, -9, 0, -4,
    0, -6, -9, 0, 0, -4, -2, 0,
    0, 0, -4, 0, 0, 0, 0, 0,
    0, 0, 0, -7, -6, 0, 0, -9,
    2, -6, -4, 0, 0, 2, 0, 0,
    -4, 0, -2, -13, 0, -6, 0, -4,
    -13, 0, 0, -4, -7, 0, 0, 0,
    0, 0, 0, -9, 0, 0, 0, 0,
    -1, 0, 0, 0, 0, 0, -13, 0,
    -13, -6, 0, 0, 0, 0, 0, -15,
    0, -8, 0, -2, 0, -2, -4, 0,
    0, -8, -2, 0, 0, 0, -4, 0,
    0, 0, 0, 0, 0, -6, 0, -9,
    0, 0, 0, 0, 0, -7, 0, 0,
    0, 0, 0, 0, 0, 0, 0, -10,
    0, 0, 0, 0, -12, 0, 0, -9,
    -4, 0, -3, 0, 0, 0, 0, 0,
    -4, -2, 0, 0, -2, 0
};

/*Collect the kern class' data in one place*/
static const lv_font_fmt_txt_kern_classes_t kern_classes =
{
    .class_pair_values   = kern_class_values,
    .left_class_mapping  = kern_left_class_mapping,
    .right_class_mapping = kern_right_class_mapping,
    .left_class_cnt      = 45,
    .right_class_cnt     = 38,
};

/*--------------------
 *  ALL CUSTOM DATA
 *--------------------*/

#if LVGL_VERSION_MAJOR == 8
/*Store all the custom data of the font*/
static  lv_font_fmt_txt_glyph_cache_t cache;
#endif

#if LVGL_VERSION_MAJOR >= 8
static const lv_font_fmt_txt_dsc_t font_dsc = {
#else
static lv_font_fmt_txt_dsc_t font_dsc = {
#endif
    .glyph_bitmap = glyph_bitmap,
    .glyph_dsc = glyph_dsc,
    .cmaps = cmaps,
    .kern_dsc = &kern_classes,
    .kern_scale = 16,
    .cmap_num = 2,
    .bpp = 4,
    .kern_classes = 1,
    .bitmap_format = 0,
#if LVGL_VERSION_MAJOR == 8
    .cache = &cache
#endif

};



/*-----------------
 *  PUBLIC FONT
 *----------------*/

/*Initialize a public general font descriptor*/
#if LVGL_VERSION_MAJOR >= 8
const lv_font_t body_20_data = {
#else
lv_font_t body_20_data = {
#endif
    .get_glyph_dsc = lv_font_get_glyph_dsc_fmt_txt,    /*Function pointer to get glyph's data*/
    .get_glyph_bitmap = lv_font_get_bitmap_fmt_txt,    /*Function pointer to get glyph's bitmap*/
    .line_height = 24,          /*The maximum line height required by the font*/
    .base_line = 6,             /*Baseline measured from the bottom of the line*/
#if LV_VERSION_CHECK(9, 6, 0) || LVGL_VERSION_MAJOR >= 10
    .cap_height = 15,           /*Cap height of the font*/
    .x_height = 11,               /*x-height of the font*/
#endif
#if !(LVGL_VERSION_MAJOR == 6 && LVGL_VERSION_MINOR == 0)
    .subpx = LV_FONT_SUBPX_NONE,
#endif
#if LV_VERSION_CHECK(7, 4, 0) || LVGL_VERSION_MAJOR >= 8
    .underline_position = -2,
    .underline_thickness = 1,
#endif

#if LV_VERSION_CHECK(9, 3, 0)
    .static_bitmap = 1,    /*Bitmaps are stored as const so they are always static if not compressed */
#endif

    .dsc = &font_dsc,          /*The custom font data. Will be accessed by `get_glyph_bitmap/dsc` */
#if LV_VERSION_CHECK(8, 2, 0) || LVGL_VERSION_MAJOR >= 9
    .fallback = NULL,
#endif
    .user_data = NULL,
};



#endif /*#if BODY_20_DATA*/
