/*******************************************************************************
 * Size: 24 px
 * Bpp: 4
 * Opts: --font /fonts/WristFlowSans-Regular.ttf -o /fonts/title_24_data.c --size 24 --bpp 4 --format lvgl --no-compress --symbols 仅本地清空全部查看详情接收预览不影响闹钟倒计·月日周二次分最近测量距离目标千米蓝牙已连接未充运行时间小时关闭开启分钟数完成度布局列表三多组件编辑保存中失败稍后重试是否删除当前小完成退出将不再确认新增选择页面？量心率今日活动系统状态控制中心勿扰手电筒常亮设置选择组件新增页面步数池秒表应用简洁扩散返回暂停继续开始重置已选显示盘度即将推出血氧压力活力指标计步站立天气睡眠闹钟供未接入传感器功能等待手机同步暂无数据，管理与声音振动模式消息通知按键关于屏幕自定义熄屏抬腕暂开放允许更换进入过长会减少续航确定使用本仅生效到恢复尚硬件提醒可短打开或首次唤助手以下操作机出厂固版本设备黄山派校实际容量核实识别变持暗。/支台云° --range 0x20-0x7e
 ******************************************************************************/

#ifdef __has_include
    #if __has_include("lvgl.h")
        #ifndef LV_LVGL_H_INCLUDE_SIMPLE
            #define LV_LVGL_H_INCLUDE_SIMPLE
        #endif
    #endif
#endif

#ifdef LV_LVGL_H_INCLUDE_SIMPLE
    #include "lvgl.h"
#else
    #include "lvgl/lvgl.h"
#endif



#ifndef TITLE_24_DATA
#define TITLE_24_DATA 1
#endif

#if TITLE_24_DATA

/*-----------------
 *    BITMAPS
 *----------------*/

/*Store the image of the glyphs*/
static LV_ATTRIBUTE_LARGE_CONST const uint8_t glyph_bitmap[] = {
    /* U+0020 " " */

    /* U+0021 "!" */
    0x3f, 0xf0, 0x3f, 0xf0, 0x3f, 0xe0, 0x2f, 0xe0,
    0x2f, 0xd0, 0x1f, 0xd0, 0x1f, 0xd0, 0x0f, 0xc0,
    0x0f, 0xc0, 0x0f, 0xb0, 0x0f, 0xb0, 0x0e, 0xa0,
    0x0e, 0xa0, 0x03, 0x20, 0x06, 0x50, 0x8f, 0xf4,
    0xaf, 0xf6, 0x4e, 0xd1,

    /* U+0022 "\"" */
    0xdf, 0x70, 0x2f, 0xf2, 0xdf, 0x70, 0x1f, 0xf2,
    0xcf, 0x60, 0x1f, 0xf2, 0xbf, 0x50, 0x0f, 0xf0,
    0x9f, 0x40, 0x0e, 0xf0, 0x8f, 0x20, 0x0c, 0xd0,
    0x6f, 0x10, 0x0b, 0xc0, 0x13, 0x00, 0x02, 0x20,

    /* U+0023 "#" */
    0x00, 0x00, 0x8e, 0x00, 0x08, 0xe0, 0x00, 0x00,
    0x0a, 0xc0, 0x00, 0xac, 0x00, 0x00, 0x00, 0xca,
    0x00, 0x0c, 0xa0, 0x00, 0x00, 0x0e, 0x80, 0x00,
    0xe9, 0x00, 0x00, 0x00, 0xf6, 0x00, 0x0f, 0x70,
    0x00, 0x8f, 0xff, 0xff, 0xff, 0xff, 0xf8, 0x04,
    0x9b, 0xfa, 0x99, 0xbf, 0xa9, 0x50, 0x00, 0x5f,
    0x10, 0x05, 0xf1, 0x00, 0x00, 0x07, 0xf0, 0x00,
    0x7f, 0x00, 0x00, 0x00, 0x9d, 0x00, 0x0a, 0xd0,
    0x00, 0x09, 0x9e, 0xe9, 0x99, 0xee, 0x99, 0x00,
    0xff, 0xff, 0xff, 0xff, 0xff, 0xf0, 0x00, 0x0f,
    0x70, 0x00, 0xf7, 0x00, 0x00, 0x01, 0xf5, 0x00,
    0x1f, 0x50, 0x00, 0x00, 0x3f, 0x30, 0x03, 0xf3,
    0x00, 0x00, 0x04, 0xf2, 0x00, 0x5f, 0x20, 0x00,
    0x00, 0x6f, 0x00, 0x06, 0xf0, 0x00, 0x00, 0x08,
    0xe0, 0x00, 0x8e, 0x00, 0x00,

    /* U+0024 "$" */
    0x00, 0x00, 0x08, 0x40, 0x00, 0x00, 0x00, 0x00,
    0xf9, 0x00, 0x00, 0x00, 0x00, 0x0f, 0x90, 0x00,
    0x00, 0x00, 0x00, 0xf9, 0x00, 0x00, 0x00, 0x07,
    0xdf, 0xfc, 0x50, 0x00, 0x0c, 0xff, 0xff, 0xff,
    0xa0, 0x07, 0xfe, 0x40, 0x03, 0xce, 0x10, 0xcf,
    0x60, 0x00, 0x00, 0x20, 0x0e, 0xf3, 0x00, 0x00,
    0x00, 0x00, 0xdf, 0x60, 0x00, 0x00, 0x00, 0x07,
    0xff, 0x30, 0x00, 0x00, 0x00, 0x0b, 0xff, 0x91,
    0x00, 0x00, 0x00, 0x07, 0xff, 0xf8, 0x00, 0x00,
    0x00, 0x01, 0x9f, 0xfd, 0x20, 0x00, 0x00, 0x00,
    0x2d, 0xfe, 0x00, 0x00, 0x00, 0x00, 0x1e, 0xf7,
    0x00, 0x00, 0x00, 0x00, 0x8f, 0xa0, 0x00, 0x00,
    0x00, 0x07, 0xfb, 0x06, 0x00, 0x00, 0x00, 0xaf,
    0x85, 0xfd, 0x50, 0x00, 0x7f, 0xf3, 0x1b, 0xff,
    0xfe, 0xff, 0xf7, 0x00, 0x03, 0xae, 0xff, 0xb4,
    0x00, 0x00, 0x00, 0x0f, 0x90, 0x00, 0x00, 0x00,
    0x00, 0xf9, 0x00, 0x00, 0x00, 0x00, 0x0f, 0x90,
    0x00, 0x00,

    /* U+0025 "%" */
    0x00, 0x3b, 0xff, 0xa2, 0x00, 0x00, 0x00, 0x2f,
    0x50, 0x00, 0x00, 0x02, 0xfe, 0x78, 0xfe, 0x10,
    0x00, 0x00, 0xac, 0x00, 0x00, 0x00, 0x0a, 0xf2,
    0x00, 0x4f, 0x70, 0x00, 0x03, 0xf4, 0x00, 0x00,
    0x00, 0x0e, 0xc0, 0x00, 0x0e, 0xc0, 0x00, 0x0c,
    0xb0, 0x00, 0x00, 0x00, 0x0f, 0xa0, 0x00, 0x0c,
    0xe0, 0x00, 0x4f, 0x30, 0x00, 0x00, 0x00, 0x0f,
    0x90, 0x00, 0x0c, 0xe0, 0x00, 0xda, 0x00, 0x01,
    0x00, 0x00, 0x0f, 0xb0, 0x00, 0x0e, 0xc0, 0x05,
    0xf2, 0x0a, 0xff, 0xd3, 0x00, 0x0b, 0xf1, 0x00,
    0x2f, 0x90, 0x0e, 0x90, 0xbf, 0x75, 0xdf, 0x20,
    0x04, 0xfb, 0x33, 0xdf, 0x20, 0x7f, 0x13, 0xf7,
    0x00, 0x2f, 0x90, 0x00, 0x6f, 0xff, 0xe4, 0x01,
    0xe7, 0x08, 0xf1, 0x00, 0x0b, 0xe0, 0x00, 0x00,
    0x43, 0x00, 0x08, 0xe0, 0x0b, 0xe0, 0x00, 0x08,
    0xf1, 0x00, 0x00, 0x00, 0x00, 0x1f, 0x60, 0x0c,
    0xd0, 0x00, 0x07, 0xf2, 0x00, 0x00, 0x00, 0x00,
    0x9d, 0x00, 0x0c, 0xd0, 0x00, 0x07, 0xf2, 0x00,
    0x00, 0x00, 0x02, 0xf5, 0x00, 0x0b, 0xe0, 0x00,
    0x09, 0xf1, 0x00, 0x00, 0x00, 0x0b, 0xc0, 0x00,
    0x08, 0xf2, 0x00, 0x0c, 0xe0, 0x00, 0x00, 0x00,
    0x3f, 0x40, 0x00, 0x03, 0xf9, 0x00, 0x3f, 0x80,
    0x00, 0x00, 0x00, 0xcb, 0x00, 0x00, 0x00, 0xaf,
    0x97, 0xee, 0x10, 0x00, 0x00, 0x04, 0xf2, 0x00,
    0x00, 0x00, 0x08, 0xef, 0xb2, 0x00,

    /* U+0026 "&" */
    0x00, 0x00, 0x1a, 0xef, 0xc4, 0x00, 0x00, 0x00,
    0x00, 0x01, 0xdf, 0xca, 0xff, 0x30, 0x00, 0x00,
    0x00, 0x08, 0xf9, 0x00, 0x5f, 0x90, 0x00, 0x00,
    0x00, 0x0c, 0xf2, 0x00, 0x1f, 0xa0, 0x00, 0x00,
    0x00, 0x0c, 0xf1, 0x00, 0x4f, 0x80, 0x00, 0x00,
    0x00, 0x0a, 0xf4, 0x01, 0xde, 0x10, 0x00, 0x00,
    0x00, 0x05, 0xf9, 0x3e, 0xf4, 0x00, 0x00, 0x00,
    0x00, 0x00, 0xef, 0xfe, 0x30, 0x00, 0x00, 0x00,
    0x00, 0x03, 0xef, 0xe1, 0x00, 0x00, 0x04, 0xa6,
    0x00, 0x5f, 0xfe, 0xf5, 0x00, 0x00, 0x0b, 0xf5,
    0x04, 0xff, 0x43, 0xff, 0x20, 0x00, 0x2f, 0xe0,
    0x0c, 0xf6, 0x00, 0x6f, 0xe2, 0x00, 0x9f, 0x70,
    0x1f, 0xf0, 0x00, 0x09, 0xfe, 0x23, 0xfe, 0x00,
    0x1f, 0xf0, 0x00, 0x00, 0x9f, 0xed, 0xf5, 0x00,
    0x0f, 0xf6, 0x00, 0x00, 0x09, 0xff, 0xd0, 0x00,
    0x08, 0xff, 0x50, 0x00, 0x5e, 0xff, 0xfd, 0x50,
    0x00, 0xbf, 0xff, 0xdf, 0xff, 0x93, 0xcf, 0xfc,
    0x00, 0x06, 0xcf, 0xfe, 0xa3, 0x00, 0x04, 0xb7,

    /* U+0027 "'" */
    0xdf, 0x7d, 0xf7, 0xcf, 0x6b, 0xf5, 0x9f, 0x48,
    0xf2, 0x6f, 0x11, 0x30,

    /* U+0028 "(" */
    0x00, 0x03, 0x20, 0x00, 0x0d, 0xd0, 0x00, 0x5f,
    0x50, 0x00, 0xce, 0x00, 0x03, 0xf8, 0x00, 0x09,
    0xf2, 0x00, 0x0e, 0xe0, 0x00, 0x2f, 0xa0, 0x00,
    0x5f, 0x70, 0x00, 0x8f, 0x40, 0x00, 0xaf, 0x20,
    0x00, 0xbf, 0x10, 0x00, 0xcf, 0x00, 0x00, 0xcf,
    0x00, 0x00, 0xcf, 0x10, 0x00, 0xbf, 0x20, 0x00,
    0x9f, 0x30, 0x00, 0x6f, 0x60, 0x00, 0x3f, 0x90,
    0x00, 0x0f, 0xc0, 0x00, 0x0b, 0xf1, 0x00, 0x05,
    0xf6, 0x00, 0x00, 0xec, 0x00, 0x00, 0x8f, 0x20,
    0x00, 0x1f, 0xa0, 0x00, 0x07, 0x90,

    /* U+0029 ")" */
    0x24, 0x00, 0x0c, 0xe0, 0x00, 0x4f, 0x70, 0x00,
    0xce, 0x00, 0x06, 0xf5, 0x00, 0x1f, 0xb0, 0x00,
    0xcf, 0x00, 0x08, 0xf4, 0x00, 0x5f, 0x70, 0x02,
    0xfa, 0x00, 0x0f, 0xc0, 0x00, 0xfd, 0x00, 0x0e,
    0xe0, 0x00, 0xee, 0x00, 0x0e, 0xd0, 0x00, 0xfc,
    0x00, 0x1f, 0xb0, 0x04, 0xf8, 0x00, 0x7f, 0x50,
    0x0a, 0xf1, 0x00, 0xed, 0x00, 0x4f, 0x70, 0x0a,
    0xf1, 0x01, 0xfa, 0x00, 0x8f, 0x20, 0x07, 0x80,
    0x00,

    /* U+002A "*" */
    0x00, 0x01, 0xf4, 0x00, 0x00, 0x00, 0x2f, 0x50,
    0x00, 0x18, 0x44, 0xf7, 0x48, 0x34, 0xff, 0xff,
    0xff, 0xf6, 0x01, 0x7f, 0xff, 0x81, 0x00, 0x04,
    0xff, 0xf7, 0x00, 0x00, 0xde, 0x2c, 0xf1, 0x00,
    0x2e, 0x40, 0x1e, 0x40, 0x00, 0x00, 0x00, 0x00,
    0x00,

    /* U+002B "+" */
    0x00, 0x00, 0x02, 0xb6, 0x00, 0x00, 0x00, 0x00,
    0x00, 0x3f, 0x80, 0x00, 0x00, 0x00, 0x00, 0x03,
    0xf8, 0x00, 0x00, 0x00, 0x00, 0x00, 0x3f, 0x80,
    0x00, 0x00, 0x00, 0x00, 0x03, 0xf8, 0x00, 0x00,
    0x00, 0x00, 0x00, 0x3f, 0x80, 0x00, 0x00, 0x1f,
    0xff, 0xff, 0xff, 0xff, 0xff, 0x71, 0xbb, 0xbb,
    0xcf, 0xdb, 0xbb, 0xb4, 0x00, 0x00, 0x03, 0xf8,
    0x00, 0x00, 0x00, 0x00, 0x00, 0x3f, 0x80, 0x00,
    0x00, 0x00, 0x00, 0x03, 0xf8, 0x00, 0x00, 0x00,
    0x00, 0x00, 0x3f, 0x80, 0x00, 0x00, 0x00, 0x00,
    0x03, 0xf8, 0x00, 0x00, 0x00,

    /* U+002C "," */
    0x00, 0x30, 0x00, 0xdf, 0xb0, 0x2f, 0xff, 0x30,
    0xbf, 0xf4, 0x00, 0x6f, 0x30, 0x0b, 0xe0, 0x07,
    0xf6, 0x08, 0xf9, 0x00, 0x35, 0x00, 0x00,

    /* U+002D "-" */
    0xac, 0xcc, 0xcc, 0x3e, 0xff, 0xff, 0xf4,

    /* U+002E "." */
    0x03, 0x71, 0x1f, 0xfc, 0x3f, 0xfe, 0x0b, 0xf6,

    /* U+002F "/" */
    0x00, 0x00, 0x00, 0x0a, 0xe0, 0x00, 0x00, 0x00,
    0x0f, 0x90, 0x00, 0x00, 0x00, 0x4f, 0x50, 0x00,
    0x00, 0x00, 0x9f, 0x00, 0x00, 0x00, 0x00, 0xdb,
    0x00, 0x00, 0x00, 0x02, 0xf7, 0x00, 0x00, 0x00,
    0x07, 0xf2, 0x00, 0x00, 0x00, 0x0b, 0xd0, 0x00,
    0x00, 0x00, 0x0f, 0x90, 0x00, 0x00, 0x00, 0x5f,
    0x40, 0x00, 0x00, 0x00, 0x9f, 0x00, 0x00, 0x00,
    0x00, 0xea, 0x00, 0x00, 0x00, 0x03, 0xf6, 0x00,
    0x00, 0x00, 0x08, 0xf1, 0x00, 0x00, 0x00, 0x0c,
    0xc0, 0x00, 0x00, 0x00, 0x1f, 0x80, 0x00, 0x00,
    0x00, 0x6f, 0x30, 0x00, 0x00, 0x00, 0xae, 0x00,
    0x00, 0x00, 0x00, 0xfa, 0x00, 0x00, 0x00, 0x04,
    0xf5, 0x00, 0x00, 0x00, 0x08, 0xf1, 0x00, 0x00,
    0x00, 0x0d, 0xc0, 0x00, 0x00, 0x00, 0x2f, 0x70,
    0x00, 0x00, 0x00, 0x7f, 0x20, 0x00, 0x00, 0x00,
    0x57, 0x00, 0x00, 0x00, 0x00,

    /* U+0030 "0" */
    0x00, 0x07, 0xdf, 0xea, 0x20, 0x00, 0x00, 0xbf,
    0xfd, 0xef, 0xe2, 0x00, 0x07, 0xfd, 0x20, 0x0a,
    0xfc, 0x00, 0x0e, 0xf4, 0x00, 0x00, 0xef, 0x40,
    0x4f, 0xd0, 0x00, 0x00, 0x8f, 0xa0, 0x8f, 0x90,
    0x00, 0x00, 0x4f, 0xd0, 0xaf, 0x70, 0x00, 0x00,
    0x1f, 0xf0, 0xcf, 0x50, 0x00, 0x00, 0x0f, 0xf1,
    0xcf, 0x50, 0x00, 0x00, 0x0f, 0xf2, 0xcf, 0x50,
    0x00, 0x00, 0x0f, 0xf2, 0xbf, 0x50, 0x00, 0x00,
    0x0f, 0xf1, 0xaf, 0x70, 0x00, 0x00, 0x1f, 0xf0,
    0x8f, 0x90, 0x00, 0x00, 0x4f, 0xd0, 0x4f, 0xe0,
    0x00, 0x00, 0x8f, 0x90, 0x0e, 0xf4, 0x00, 0x00,
    0xef, 0x40, 0x07, 0xfe, 0x30, 0x1b, 0xfc, 0x00,
    0x00, 0xbf, 0xfe, 0xff, 0xe2, 0x00, 0x00, 0x07,
    0xdf, 0xea, 0x10, 0x00,

    /* U+0031 "1" */
    0x00, 0x28, 0xef, 0x30, 0x00, 0x1d, 0xff, 0xff,
    0x30, 0x00, 0x1b, 0xbb, 0xff, 0x30, 0x00, 0x00,
    0x00, 0xff, 0x30, 0x00, 0x00, 0x00, 0xff, 0x30,
    0x00, 0x00, 0x00, 0xff, 0x30, 0x00, 0x00, 0x00,
    0xff, 0x30, 0x00, 0x00, 0x00, 0xff, 0x30, 0x00,
    0x00, 0x00, 0xff, 0x30, 0x00, 0x00, 0x00, 0xff,
    0x30, 0x00, 0x00, 0x00, 0xff, 0x30, 0x00, 0x00,
    0x00, 0xff, 0x30, 0x00, 0x00, 0x00, 0xff, 0x30,
    0x00, 0x00, 0x00, 0xff, 0x30, 0x00, 0x00, 0x00,
    0xff, 0x30, 0x00, 0x00, 0x00, 0xff, 0x30, 0x00,
    0xce, 0xee, 0xff, 0xee, 0xeb, 0xef, 0xff, 0xff,
    0xff, 0xfc,

    /* U+0032 "2" */
    0x00, 0x06, 0xcf, 0xfd, 0x81, 0x00, 0x00, 0x1c,
    0xff, 0xee, 0xff, 0xd1, 0x00, 0x0c, 0xfb, 0x20,
    0x03, 0xef, 0xa0, 0x00, 0x38, 0x00, 0x00, 0x04,
    0xff, 0x10, 0x00, 0x00, 0x00, 0x00, 0x0f, 0xf3,
    0x00, 0x00, 0x00, 0x00, 0x00, 0xef, 0x40, 0x00,
    0x00, 0x00, 0x00, 0x0f, 0xf2, 0x00, 0x00, 0x00,
    0x00, 0x04, 0xfe, 0x00, 0x00, 0x00, 0x00, 0x00,
    0xbf, 0x70, 0x00, 0x00, 0x00, 0x00, 0x4f, 0xe1,
    0x00, 0x00, 0x00, 0x00, 0x1e, 0xf5, 0x00, 0x00,
    0x00, 0x00, 0x0b, 0xfa, 0x00, 0x00, 0x00, 0x00,
    0x0a, 0xfd, 0x00, 0x00, 0x00, 0x00, 0x09, 0xfe,
    0x10, 0x00, 0x00, 0x00, 0x09, 0xfe, 0x20, 0x00,
    0x00, 0x00, 0x0a, 0xfe, 0x20, 0x00, 0x00, 0x00,
    0x0b, 0xff, 0xed, 0xdd, 0xdd, 0xdd, 0x10, 0xff,
    0xff, 0xff, 0xff, 0xff, 0xf2,

    /* U+0033 "3" */
    0x00, 0x05, 0xcf, 0xfe, 0xa3, 0x00, 0x01, 0xcf,
    0xfe, 0xef, 0xff, 0x60, 0x04, 0xfa, 0x20, 0x01,
    0xbf, 0xf1, 0x00, 0x20, 0x00, 0x00, 0x0f, 0xf5,
    0x00, 0x00, 0x00, 0x00, 0x0e, 0xf5, 0x00, 0x00,
    0x00, 0x00, 0x3f, 0xf1, 0x00, 0x00, 0x00, 0x05,
    0xef, 0x70, 0x00, 0x00, 0x9d, 0xff, 0xd5, 0x00,
    0x00, 0x00, 0xbf, 0xff, 0xd6, 0x00, 0x00, 0x00,
    0x00, 0x37, 0xef, 0xa0, 0x00, 0x00, 0x00, 0x00,
    0x1e, 0xf6, 0x00, 0x00, 0x00, 0x00, 0x07, 0xfc,
    0x00, 0x00, 0x00, 0x00, 0x04, 0xff, 0x00, 0x00,
    0x00, 0x00, 0x05, 0xfe, 0x08, 0x60, 0x00, 0x00,
    0x0b, 0xfb, 0x1f, 0xfa, 0x20, 0x02, 0xaf, 0xf3,
    0x04, 0xef, 0xff, 0xef, 0xff, 0x60, 0x00, 0x17,
    0xcf, 0xfe, 0xa3, 0x00,

    /* U+0034 "4" */
    0x00, 0x00, 0x00, 0x08, 0xff, 0x30, 0x00, 0x00,
    0x00, 0x02, 0xff, 0xf3, 0x00, 0x00, 0x00, 0x00,
    0xcf, 0xef, 0x30, 0x00, 0x00, 0x00, 0x6f, 0xac,
    0xf3, 0x00, 0x00, 0x00, 0x1f, 0xf1, 0xdf, 0x30,
    0x00, 0x00, 0x0b, 0xf7, 0x0d, 0xf3, 0x00, 0x00,
    0x05, 0xfd, 0x00, 0xdf, 0x30, 0x00, 0x01, 0xef,
    0x30, 0x0d, 0xf3, 0x00, 0x00, 0x9f, 0x80, 0x00,
    0xdf, 0x30, 0x00, 0x4f, 0xd0, 0x00, 0x0d, 0xf3,
    0x00, 0x0d, 0xf3, 0x00, 0x00, 0xdf, 0x30, 0x06,
    0xff, 0xdd, 0xdd, 0xdf, 0xfd, 0xd7, 0x8f, 0xff,
    0xff, 0xff, 0xff, 0xff, 0x90, 0x00, 0x00, 0x00,
    0x0d, 0xf3, 0x00, 0x00, 0x00, 0x00, 0x00, 0xdf,
    0x30, 0x00, 0x00, 0x00, 0x00, 0x0d, 0xf3, 0x00,
    0x00, 0x00, 0x00, 0x00, 0xdf, 0x30, 0x00, 0x00,
    0x00, 0x00, 0x0d, 0xf3, 0x00,

    /* U+0035 "5" */
    0x00, 0x6f, 0xff, 0xff, 0xff, 0xf3, 0x00, 0x07,
    0xff, 0xff, 0xff, 0xff, 0x20, 0x00, 0x8f, 0x80,
    0x00, 0x00, 0x00, 0x00, 0x09, 0xf6, 0x00, 0x00,
    0x00, 0x00, 0x00, 0xaf, 0x50, 0x00, 0x00, 0x00,
    0x00, 0x0c, 0xf3, 0x00, 0x00, 0x00, 0x00, 0x00,
    0xdf, 0x9d, 0xff, 0xb5, 0x00, 0x00, 0x0e, 0xff,
    0xcc, 0xef, 0xf9, 0x00, 0x00, 0x59, 0x10, 0x00,
    0x8f, 0xf4, 0x00, 0x00, 0x00, 0x00, 0x00, 0xbf,
    0xb0, 0x00, 0x00, 0x00, 0x00, 0x05, 0xff, 0x00,
    0x00, 0x00, 0x00, 0x00, 0x3f, 0xf0, 0x00, 0x00,
    0x00, 0x00, 0x03, 0xff, 0x00, 0x00, 0x00, 0x00,
    0x00, 0x7f, 0xd0, 0x07, 0x30, 0x00, 0x00, 0x1e,
    0xf8, 0x02, 0xff, 0x82, 0x00, 0x3c, 0xfe, 0x10,
    0x05, 0xff, 0xff, 0xff, 0xfe, 0x30, 0x00, 0x01,
    0x8d, 0xff, 0xd8, 0x10, 0x00,

    /* U+0036 "6" */
    0x00, 0x01, 0x8d, 0xff, 0xc5, 0x00, 0x00, 0x2e,
    0xff, 0xee, 0xff, 0x80, 0x00, 0xef, 0xb2, 0x00,
    0x3c, 0x50, 0x08, 0xfc, 0x00, 0x00, 0x00, 0x00,
    0x0e, 0xf3, 0x00, 0x00, 0x00, 0x00, 0x3f, 0xd0,
    0x00, 0x00, 0x00, 0x00, 0x7f, 0x90, 0x39, 0xb9,
    0x40, 0x00, 0x9f, 0x89, 0xff, 0xff, 0xfa, 0x00,
    0xaf, 0xef, 0x61, 0x05, 0xef, 0x70, 0xaf, 0xf2,
    0x00, 0x00, 0x5f, 0xe0, 0x9f, 0x80, 0x00, 0x00,
    0x0f, 0xf2, 0x8f, 0x80, 0x00, 0x00, 0x0d, 0xf4,
    0x5f, 0xb0, 0x00, 0x00, 0x0d, 0xf4, 0x1f, 0xf0,
    0x00, 0x00, 0x0f, 0xf2, 0x0b, 0xf7, 0x00, 0x00,
    0x5f, 0xd0, 0x03, 0xff, 0x50, 0x03, 0xef, 0x50,
    0x00, 0x6f, 0xfe, 0xdf, 0xf9, 0x00, 0x00, 0x03,
    0xbf, 0xfc, 0x60, 0x00,

    /* U+0037 "7" */
    0xdf, 0xff, 0xff, 0xff, 0xff, 0xf3, 0xcf, 0xff,
    0xff, 0xff, 0xff, 0xf1, 0x00, 0x00, 0x00, 0x00,
    0xaf, 0x60, 0x00, 0x00, 0x00, 0x04, 0xfb, 0x00,
    0x00, 0x00, 0x00, 0x0d, 0xf2, 0x00, 0x00, 0x00,
    0x00, 0x7f, 0x90, 0x00, 0x00, 0x00, 0x00, 0xef,
    0x10, 0x00, 0x00, 0x00, 0x05, 0xfb, 0x00, 0x00,
    0x00, 0x00, 0x0b, 0xf5, 0x00, 0x00, 0x00, 0x00,
    0x0f, 0xf1, 0x00, 0x00, 0x00, 0x00, 0x4f, 0xd0,
    0x00, 0x00, 0x00, 0x00, 0x8f, 0xa0, 0x00, 0x00,
    0x00, 0x00, 0xbf, 0x70, 0x00, 0x00, 0x00, 0x00,
    0xdf, 0x50, 0x00, 0x00, 0x00, 0x00, 0xff, 0x30,
    0x00, 0x00, 0x00, 0x01, 0xff, 0x20, 0x00, 0x00,
    0x00, 0x02, 0xff, 0x10, 0x00, 0x00, 0x00, 0x03,
    0xff, 0x00, 0x00, 0x00,

    /* U+0038 "8" */
    0x00, 0x08, 0xdf, 0xfc, 0x40, 0x00, 0x01, 0xdf,
    0xeb, 0xcf, 0xf7, 0x00, 0x0a, 0xfb, 0x00, 0x04,
    0xff, 0x20, 0x0f, 0xf2, 0x00, 0x00, 0x9f, 0x70,
    0x0f, 0xf0, 0x00, 0x00, 0x5f, 0x90, 0x0e, 0xf1,
    0x00, 0x00, 0x5f, 0x70, 0x08, 0xf8, 0x00, 0x00,
    0x9f, 0x20, 0x00, 0xbf, 0x90, 0x02, 0xf7, 0x00,
    0x00, 0x1e, 0xfe, 0x8d, 0x90, 0x00, 0x02, 0xde,
    0x59, 0xff, 0xe3, 0x00, 0x1e, 0xe1, 0x00, 0x1a,
    0xff, 0x30, 0x8f, 0x60, 0x00, 0x00, 0x9f, 0xc0,
    0xcf, 0x10, 0x00, 0x00, 0x0f, 0xf2, 0xef, 0x10,
    0x00, 0x00, 0x0e, 0xf3, 0xbf, 0x60, 0x00, 0x00,
    0x2f, 0xf1, 0x5f, 0xf5, 0x00, 0x01, 0xcf, 0xa0,
    0x08, 0xff, 0xeb, 0xcf, 0xfc, 0x10, 0x00, 0x3a,
    0xef, 0xfc, 0x70, 0x00,

    /* U+0039 "9" */
    0x00, 0x4b, 0xff, 0xd7, 0x00, 0x00, 0x06, 0xff,
    0xdd, 0xff, 0xc0, 0x00, 0x3f, 0xf5, 0x00, 0x1c,
    0xf9, 0x00, 0xaf, 0x80, 0x00, 0x01, 0xef, 0x20,
    0xdf, 0x30, 0x00, 0x00, 0x8f, 0x80, 0xef, 0x20,
    0x00, 0x00, 0x4f, 0xc0, 0xdf, 0x30, 0x00, 0x00,
    0x2f, 0xe0, 0xaf, 0x90, 0x00, 0x00, 0xaf, 0xf0,
    0x3f, 0xf7, 0x10, 0x4c, 0xef, 0xf0, 0x07, 0xff,
    0xff, 0xfd, 0x3f, 0xf0, 0x00, 0x28, 0xaa, 0x50,
    0x2f, 0xe0, 0x00, 0x00, 0x00, 0x00, 0x4f, 0xc0,
    0x00, 0x00, 0x00, 0x00, 0x8f, 0x80, 0x00, 0x00,
    0x00, 0x00, 0xef, 0x40, 0x01, 0x00, 0x00, 0x07,
    0xfd, 0x00, 0x2e, 0x91, 0x00, 0x7f, 0xf4, 0x00,
    0x4f, 0xff, 0xef, 0xff, 0x60, 0x00, 0x01, 0x9e,
    0xfe, 0xa3, 0x00, 0x00,

    /* U+003A ":" */
    0x0b, 0xf6, 0x3f, 0xfe, 0x1f, 0xfc, 0x03, 0x71,
    0x00, 0x00, 0x00, 0x00, 0x00, 0x00, 0x00, 0x00,
    0x00, 0x00, 0x00, 0x00, 0x03, 0x71, 0x1f, 0xfc,
    0x3f, 0xfe, 0x0b, 0xf6,

    /* U+003B ";" */
    0x0b, 0xf6, 0x03, 0xff, 0xe0, 0x1f, 0xfc, 0x00,
    0x37, 0x10, 0x00, 0x00, 0x00, 0x00, 0x00, 0x00,
    0x00, 0x00, 0x00, 0x00, 0x00, 0x00, 0x00, 0x00,
    0x00, 0x00, 0x30, 0x00, 0xdf, 0xb0, 0x2f, 0xff,
    0x30, 0xbf, 0xf4, 0x00, 0x6f, 0x30, 0x0b, 0xe0,
    0x07, 0xf6, 0x08, 0xf9, 0x00, 0x35, 0x00, 0x00,

    /* U+003C "<" */
    0x00, 0x00, 0x00, 0x00, 0x00, 0x29, 0x60, 0x00,
    0x00, 0x00, 0x05, 0xcf, 0xf7, 0x00, 0x00, 0x01,
    0x8e, 0xff, 0xc6, 0x00, 0x00, 0x4b, 0xff, 0xe8,
    0x20, 0x00, 0x07, 0xdf, 0xfb, 0x50, 0x00, 0x00,
    0x01, 0xff, 0xa1, 0x00, 0x00, 0x00, 0x00, 0x0d,
    0xff, 0xb5, 0x00, 0x00, 0x00, 0x00, 0x03, 0xaf,
    0xfe, 0x93, 0x00, 0x00, 0x00, 0x00, 0x17, 0xdf,
    0xfc, 0x61, 0x00, 0x00, 0x00, 0x00, 0x4b, 0xff,
    0xf5, 0x00, 0x00, 0x00, 0x00, 0x02, 0x8e, 0x70,
    0x00, 0x00, 0x00, 0x00, 0x00, 0x01,

    /* U+003D "=" */
    0x1b, 0xbb, 0xbb, 0xbb, 0xbb, 0xbb, 0x41, 0xff,
    0xff, 0xff, 0xff, 0xff, 0xf7, 0x00, 0x00, 0x00,
    0x00, 0x00, 0x00, 0x00, 0x00, 0x00, 0x00, 0x00,
    0x00, 0x00, 0x00, 0x00, 0x00, 0x00, 0x00, 0x00,
    0x00, 0x00, 0x00, 0x00, 0x00, 0x00, 0x00, 0x1b,
    0xbb, 0xbb, 0xbb, 0xbb, 0xbb, 0x41, 0xff, 0xff,
    0xff, 0xff, 0xff, 0xf7,

    /* U+003E ">" */
    0x1b, 0x40, 0x00, 0x00, 0x00, 0x00, 0x01, 0xff,
    0xe7, 0x10, 0x00, 0x00, 0x00, 0x03, 0xaf, 0xff,
    0xa4, 0x00, 0x00, 0x00, 0x00, 0x16, 0xcf, 0xfd,
    0x60, 0x00, 0x00, 0x00, 0x00, 0x39, 0xff, 0xf9,
    0x20, 0x00, 0x00, 0x00, 0x00, 0x6f, 0xf7, 0x00,
    0x00, 0x00, 0x03, 0x9f, 0xfe, 0x40, 0x00, 0x01,
    0x7d, 0xff, 0xc6, 0x00, 0x00, 0x4a, 0xff, 0xf9,
    0x30, 0x00, 0x01, 0xef, 0xfd, 0x71, 0x00, 0x00,
    0x00, 0x1f, 0xa4, 0x00, 0x00, 0x00, 0x00, 0x00,
    0x10, 0x00, 0x00, 0x00, 0x00, 0x00,

    /* U+003F "?" */
    0x01, 0x9e, 0xfe, 0xb3, 0x00, 0x4e, 0xff, 0xef,
    0xff, 0x40, 0xaf, 0x60, 0x01, 0xcf, 0xd0, 0x02,
    0x00, 0x00, 0x2f, 0xf1, 0x00, 0x00, 0x00, 0x0f,
    0xf1, 0x00, 0x00, 0x00, 0x4f, 0xd0, 0x00, 0x00,
    0x01, 0xdf, 0x40, 0x00, 0x00, 0x0b, 0xf8, 0x00,
    0x00, 0x00, 0x9f, 0xb0, 0x00, 0x00, 0x03, 0xfe,
    0x00, 0x00, 0x00, 0x09, 0xf6, 0x00, 0x00, 0x00,
    0x0c, 0xf3, 0x00, 0x00, 0x00, 0x04, 0x61, 0x00,
    0x00, 0x00, 0x00, 0x00, 0x00, 0x00, 0x00, 0x03,
    0x71, 0x00, 0x00, 0x00, 0x1f, 0xfb, 0x00, 0x00,
    0x00, 0x3f, 0xfd, 0x00, 0x00, 0x00, 0x0b, 0xf6,
    0x00, 0x00,

    /* U+0040 "@" */
    0x00, 0x00, 0x00, 0x03, 0x8c, 0xff, 0xfd, 0x93,
    0x00, 0x00, 0x00, 0x00, 0x00, 0x2b, 0xff, 0xc9,
    0x89, 0xcf, 0xfa, 0x10, 0x00, 0x00, 0x00, 0x5f,
    0xf7, 0x10, 0x00, 0x00, 0x19, 0xfd, 0x10, 0x00,
    0x00, 0x5f, 0xd2, 0x00, 0x00, 0x00, 0x00, 0x05,
    0xfb, 0x00, 0x00, 0x3f, 0xd1, 0x00, 0x00, 0x00,
    0x00, 0x00, 0x08, 0xf5, 0x00, 0x0d, 0xf1, 0x00,
    0x00, 0x00, 0x00, 0x00, 0x00, 0x0e, 0xb0, 0x06,
    0xf6, 0x00, 0x00, 0x4c, 0xfe, 0x4c, 0xa0, 0x00,
    0x9f, 0x00, 0xde, 0x00, 0x00, 0x6f, 0xfa, 0xcf,
    0xf7, 0x00, 0x05, 0xf3, 0x2f, 0x80, 0x00, 0x2f,
    0xd1, 0x00, 0xaf, 0x40, 0x00, 0x3f, 0x46, 0xf4,
    0x00, 0x0a, 0xf3, 0x00, 0x09, 0xf1, 0x00, 0x03,
    0xf5, 0x8f, 0x10, 0x01, 0xfc, 0x00, 0x00, 0xbe,
    0x00, 0x00, 0x4f, 0x49, 0xf0, 0x00, 0x4f, 0x80,
    0x00, 0x0e, 0xb0, 0x00, 0x07, 0xf1, 0xaf, 0x00,
    0x05, 0xf6, 0x00, 0x00, 0xf9, 0x00, 0x00, 0xdc,
    0x09, 0xf0, 0x00, 0x4f, 0x80, 0x00, 0x6f, 0x80,
    0x00, 0x6f, 0x50, 0x8f, 0x20, 0x00, 0xfe, 0x30,
    0x6e, 0xde, 0x20, 0x7f, 0xb0, 0x05, 0xf6, 0x00,
    0x06, 0xff, 0xfe, 0x35, 0xff, 0xff, 0xa0, 0x00,
    0x0f, 0xc0, 0x00, 0x03, 0x87, 0x10, 0x03, 0x88,
    0x30, 0x00, 0x00, 0x9f, 0x40, 0x00, 0x00, 0x00,
    0x00, 0x00, 0x00, 0x00, 0x00, 0x01, 0xfe, 0x20,
    0x00, 0x00, 0x00, 0x00, 0x00, 0x00, 0x00, 0x00,
    0x04, 0xfe, 0x30, 0x00, 0x00, 0x00, 0x01, 0x00,
    0x00, 0x00, 0x00, 0x05, 0xff, 0xb5, 0x10, 0x02,
    0x7e, 0xa0, 0x00, 0x00, 0x00, 0x00, 0x01, 0x9f,
    0xff, 0xff, 0xff, 0xd4, 0x00, 0x00, 0x00, 0x00,
    0x00, 0x00, 0x04, 0x78, 0x86, 0x20, 0x00, 0x00,
    0x00, 0x00,

    /* U+0041 "A" */
    0x00, 0x00, 0x01, 0xff, 0xa0, 0x00, 0x00, 0x00,
    0x00, 0x00, 0x7f, 0xff, 0x00, 0x00, 0x00, 0x00,
    0x00, 0x0c, 0xf8, 0xf5, 0x00, 0x00, 0x00, 0x00,
    0x01, 0xfb, 0x3f, 0xa0, 0x00, 0x00, 0x00, 0x00,
    0x7f, 0x70, 0xef, 0x00, 0x00, 0x00, 0x00, 0x0c,
    0xf2, 0x0a, 0xf5, 0x00, 0x00, 0x00, 0x01, 0xfd,
    0x00, 0x5f, 0xa0, 0x00, 0x00, 0x00, 0x6f, 0x90,
    0x00, 0xff, 0x00, 0x00, 0x00, 0x0c, 0xf4, 0x00,
    0x0b, 0xf5, 0x00, 0x00, 0x01, 0xfe, 0x00, 0x00,
    0x6f, 0xa0, 0x00, 0x00, 0x6f, 0xfd, 0xdd, 0xde,
    0xff, 0x00, 0x00, 0x0c, 0xff, 0xff, 0xff, 0xff,
    0xf5, 0x00, 0x01, 0xff, 0x00, 0x00, 0x00, 0x8f,
    0xa0, 0x00, 0x6f, 0xb0, 0x00, 0x00, 0x03, 0xff,
    0x00, 0x0c, 0xf6, 0x00, 0x00, 0x00, 0x0e, 0xf5,
    0x01, 0xff, 0x10, 0x00, 0x00, 0x00, 0x9f, 0xa0,
    0x6f, 0xc0, 0x00, 0x00, 0x00, 0x05, 0xff, 0x0b,
    0xf7, 0x00, 0x00, 0x00, 0x00, 0x0f, 0xf5,

    /* U+0042 "B" */
    0x9f, 0xff, 0xff, 0xfd, 0xa4, 0x00, 0x09, 0xff,
    0xdd, 0xde, 0xff, 0xfa, 0x00, 0x9f, 0xa0, 0x00,
    0x01, 0x7f, 0xf5, 0x09, 0xfa, 0x00, 0x00, 0x00,
    0xaf, 0xa0, 0x9f, 0xa0, 0x00, 0x00, 0x08, 0xfa,
    0x09, 0xfa, 0x00, 0x00, 0x00, 0xbf, 0x70, 0x9f,
    0xa0, 0x00, 0x01, 0x8f, 0xe1, 0x09, 0xfe, 0xcc,
    0xcd, 0xff, 0xb2, 0x00, 0x9f, 0xff, 0xff, 0xff,
    0xfe, 0x70, 0x09, 0xfa, 0x00, 0x00, 0x27, 0xef,
    0xb0, 0x9f, 0xa0, 0x00, 0x00, 0x02, 0xff, 0x59,
    0xfa, 0x00, 0x00, 0x00, 0x09, 0xf9, 0x9f, 0xa0,
    0x00, 0x00, 0x00, 0x8f, 0xa9, 0xfa, 0x00, 0x00,
    0x00, 0x0a, 0xf9, 0x9f, 0xa0, 0x00, 0x00, 0x02,
    0xff, 0x59, 0xfa, 0x00, 0x00, 0x16, 0xef, 0xd0,
    0x9f, 0xfd, 0xdd, 0xef, 0xff, 0xc1, 0x09, 0xff,
    0xff, 0xff, 0xeb, 0x50, 0x00,

    /* U+0043 "C" */
    0x00, 0x00, 0x18, 0xdf, 0xfd, 0x81, 0x00, 0x00,
    0x06, 0xff, 0xff, 0xff, 0xfe, 0x40, 0x00, 0x7f,
    0xfc, 0x51, 0x03, 0xaf, 0xb0, 0x03, 0xff, 0x90,
    0x00, 0x00, 0x05, 0x10, 0x0b, 0xfc, 0x00, 0x00,
    0x00, 0x00, 0x00, 0x1f, 0xf4, 0x00, 0x00, 0x00,
    0x00, 0x00, 0x5f, 0xf0, 0x00, 0x00, 0x00, 0x00,
    0x00, 0x8f, 0xc0, 0x00, 0x00, 0x00, 0x00, 0x00,
    0x9f, 0xb0, 0x00, 0x00, 0x00, 0x00, 0x00, 0x9f,
    0xb0, 0x00, 0x00, 0x00, 0x00, 0x00, 0x8f, 0xc0,
    0x00, 0x00, 0x00, 0x00, 0x00, 0x5f, 0xf0, 0x00,
    0x00, 0x00, 0x00, 0x00, 0x1f, 0xf4, 0x00, 0x00,
    0x00, 0x00, 0x00, 0x0b, 0xfc, 0x00, 0x00, 0x00,
    0x00, 0x00, 0x03, 0xff, 0x80, 0x00, 0x00, 0x04,
    0x90, 0x00, 0x8f, 0xfb, 0x41, 0x03, 0xaf, 0xf3,
    0x00, 0x07, 0xff, 0xff, 0xff, 0xff, 0x50, 0x00,
    0x00, 0x29, 0xdf, 0xfd, 0x91, 0x00,

    /* U+0044 "D" */
    0x9f, 0xff, 0xff, 0xeb, 0x50, 0x00, 0x00, 0x9f,
    0xfe, 0xee, 0xff, 0xfd, 0x30, 0x00, 0x9f, 0xa0,
    0x00, 0x16, 0xef, 0xf2, 0x00, 0x9f, 0xa0, 0x00,
    0x00, 0x1d, 0xfd, 0x00, 0x9f, 0xa0, 0x00, 0x00,
    0x03, 0xff, 0x50, 0x9f, 0xa0, 0x00, 0x00, 0x00,
    0xbf, 0xa0, 0x9f, 0xa0, 0x00, 0x00, 0x00, 0x7f,
    0xe0, 0x9f, 0xa0, 0x00, 0x00, 0x00, 0x4f, 0xf0,
    0x9f, 0xa0, 0x00, 0x00, 0x00, 0x3f, 0xf1, 0x9f,
    0xa0, 0x00, 0x00, 0x00, 0x3f, 0xf1, 0x9f, 0xa0,
    0x00, 0x00, 0x00, 0x4f, 0xf0, 0x9f, 0xa0, 0x00,
    0x00, 0x00, 0x7f, 0xd0, 0x9f, 0xa0, 0x00, 0x00,
    0x00, 0xcf, 0x90, 0x9f, 0xa0, 0x00, 0x00, 0x03,
    0xff, 0x40, 0x9f, 0xa0, 0x00, 0x00, 0x2e, 0xfc,
    0x00, 0x9f, 0xa0, 0x00, 0x27, 0xff, 0xe2, 0x00,
    0x9f, 0xfe, 0xef, 0xff, 0xfd, 0x20, 0x00, 0x9f,
    0xff, 0xff, 0xeb, 0x50, 0x00, 0x00,

    /* U+0045 "E" */
    0x9f, 0xff, 0xff, 0xff, 0xff, 0x89, 0xff, 0xff,
    0xff, 0xff, 0xf8, 0x9f, 0xa0, 0x00, 0x00, 0x00,
    0x09, 0xfa, 0x00, 0x00, 0x00, 0x00, 0x9f, 0xa0,
    0x00, 0x00, 0x00, 0x09, 0xfa, 0x00, 0x00, 0x00,
    0x00, 0x9f, 0xa0, 0x00, 0x00, 0x00, 0x09, 0xff,
    0xff, 0xff, 0xff, 0x40, 0x9f, 0xff, 0xff, 0xff,
    0xf4, 0x09, 0xfa, 0x00, 0x00, 0x00, 0x00, 0x9f,
    0xa0, 0x00, 0x00, 0x00, 0x09, 0xfa, 0x00, 0x00,
    0x00, 0x00, 0x9f, 0xa0, 0x00, 0x00, 0x00, 0x09,
    0xfa, 0x00, 0x00, 0x00, 0x00, 0x9f, 0xa0, 0x00,
    0x00, 0x00, 0x09, 0xfa, 0x00, 0x00, 0x00, 0x00,
    0x9f, 0xff, 0xff, 0xff, 0xff, 0xc9, 0xff, 0xff,
    0xff, 0xff, 0xfd,

    /* U+0046 "F" */
    0x9f, 0xff, 0xff, 0xff, 0xff, 0x89, 0xff, 0xff,
    0xff, 0xff, 0xf8, 0x9f, 0xa0, 0x00, 0x00, 0x00,
    0x09, 0xfa, 0x00, 0x00, 0x00, 0x00, 0x9f, 0xa0,
    0x00, 0x00, 0x00, 0x09, 0xfa, 0x00, 0x00, 0x00,
    0x00, 0x9f, 0xa0, 0x00, 0x00, 0x00, 0x09, 0xfa,
    0x00, 0x00, 0x00, 0x00, 0x9f, 0xff, 0xff, 0xff,
    0xf5, 0x09, 0xff, 0xff, 0xff, 0xff, 0x50, 0x9f,
    0xa0, 0x00, 0x00, 0x00, 0x09, 0xfa, 0x00, 0x00,
    0x00, 0x00, 0x9f, 0xa0, 0x00, 0x00, 0x00, 0x09,
    0xfa, 0x00, 0x00, 0x00, 0x00, 0x9f, 0xa0, 0x00,
    0x00, 0x00, 0x09, 0xfa, 0x00, 0x00, 0x00, 0x00,
    0x9f, 0xa0, 0x00, 0x00, 0x00, 0x09, 0xfa, 0x00,
    0x00, 0x00, 0x00,

    /* U+0047 "G" */
    0x00, 0x00, 0x17, 0xcf, 0xfe, 0xb4, 0x00, 0x00,
    0x05, 0xff, 0xff, 0xff, 0xff, 0xa0, 0x00, 0x6f,
    0xfd, 0x52, 0x01, 0x5d, 0xf3, 0x02, 0xff, 0xa0,
    0x00, 0x00, 0x00, 0x30, 0x0b, 0xfd, 0x00, 0x00,
    0x00, 0x00, 0x00, 0x1f, 0xf4, 0x00, 0x00, 0x00,
    0x00, 0x00, 0x5f, 0xf0, 0x00, 0x00, 0x00, 0x00,
    0x00, 0x8f, 0xc0, 0x00, 0x00, 0x00, 0x00, 0x00,
    0x9f, 0xb0, 0x00, 0x00, 0xff, 0xff, 0xfb, 0x9f,
    0xb0, 0x00, 0x00, 0xff, 0xff, 0xfc, 0x8f, 0xc0,
    0x00, 0x00, 0x00, 0x04, 0xfc, 0x6f, 0xf0, 0x00,
    0x00, 0x00, 0x04, 0xfc, 0x1f, 0xf4, 0x00, 0x00,
    0x00, 0x04, 0xfc, 0x0b, 0xfc, 0x00, 0x00, 0x00,
    0x04, 0xfc, 0x03, 0xff, 0x90, 0x00, 0x00, 0x04,
    0xfc, 0x00, 0x7f, 0xfd, 0x52, 0x01, 0x6e, 0xfc,
    0x00, 0x06, 0xff, 0xff, 0xff, 0xff, 0xd2, 0x00,
    0x00, 0x18, 0xcf, 0xfe, 0xb6, 0x00,

    /* U+0048 "H" */
    0x9f, 0xa0, 0x00, 0x00, 0x00, 0x2f, 0xf1, 0x9f,
    0xa0, 0x00, 0x00, 0x00, 0x2f, 0xf1, 0x9f, 0xa0,
    0x00, 0x00, 0x00, 0x2f, 0xf1, 0x9f, 0xa0, 0x00,
    0x00, 0x00, 0x2f, 0xf1, 0x9f, 0xa0, 0x00, 0x00,
    0x00, 0x2f, 0xf1, 0x9f, 0xa0, 0x00, 0x00, 0x00,
    0x2f, 0xf1, 0x9f, 0xa0, 0x00, 0x00, 0x00, 0x2f,
    0xf1, 0x9f, 0xff, 0xff, 0xff, 0xff, 0xff, 0xf1,
    0x9f, 0xff, 0xff, 0xff, 0xff, 0xff, 0xf1, 0x9f,
    0xa0, 0x00, 0x00, 0x00, 0x2f, 0xf1, 0x9f, 0xa0,
    0x00, 0x00, 0x00, 0x2f, 0xf1, 0x9f, 0xa0, 0x00,
    0x00, 0x00, 0x2f, 0xf1, 0x9f, 0xa0, 0x00, 0x00,
    0x00, 0x2f, 0xf1, 0x9f, 0xa0, 0x00, 0x00, 0x00,
    0x2f, 0xf1, 0x9f, 0xa0, 0x00, 0x00, 0x00, 0x2f,
    0xf1, 0x9f, 0xa0, 0x00, 0x00, 0x00, 0x2f, 0xf1,
    0x9f, 0xa0, 0x00, 0x00, 0x00, 0x2f, 0xf1, 0x9f,
    0xa0, 0x00, 0x00, 0x00, 0x2f, 0xf1,

    /* U+0049 "I" */
    0x9f, 0xa9, 0xfa, 0x9f, 0xa9, 0xfa, 0x9f, 0xa9,
    0xfa, 0x9f, 0xa9, 0xfa, 0x9f, 0xa9, 0xfa, 0x9f,
    0xa9, 0xfa, 0x9f, 0xa9, 0xfa, 0x9f, 0xa9, 0xfa,
    0x9f, 0xa9, 0xfa,

    /* U+004A "J" */
    0x00, 0x00, 0x00, 0x00, 0xbf, 0x80, 0x00, 0x00,
    0x00, 0x0b, 0xf8, 0x00, 0x00, 0x00, 0x00, 0xbf,
    0x80, 0x00, 0x00, 0x00, 0x0b, 0xf8, 0x00, 0x00,
    0x00, 0x00, 0xbf, 0x80, 0x00, 0x00, 0x00, 0x0b,
    0xf8, 0x00, 0x00, 0x00, 0x00, 0xbf, 0x80, 0x00,
    0x00, 0x00, 0x0b, 0xf8, 0x00, 0x00, 0x00, 0x00,
    0xbf, 0x80, 0x00, 0x00, 0x00, 0x0b, 0xf8, 0x00,
    0x00, 0x00, 0x00, 0xbf, 0x80, 0x00, 0x00, 0x00,
    0x0b, 0xf8, 0x00, 0x00, 0x00, 0x00, 0xbf, 0x80,
    0x00, 0x00, 0x00, 0x0c, 0xf7, 0x05, 0xb0, 0x00,
    0x01, 0xff, 0x40, 0xef, 0xb3, 0x03, 0xcf, 0xe0,
    0x03, 0xef, 0xff, 0xff, 0xf4, 0x00, 0x01, 0x9e,
    0xff, 0xb3, 0x00,

    /* U+004B "K" */
    0x9f, 0xa0, 0x00, 0x00, 0x05, 0xff, 0x30, 0x9f,
    0xa0, 0x00, 0x00, 0x3f, 0xf5, 0x00, 0x9f, 0xa0,
    0x00, 0x01, 0xef, 0x80, 0x00, 0x9f, 0xa0, 0x00,
    0x0c, 0xfb, 0x00, 0x00, 0x9f, 0xa0, 0x00, 0x9f,
    0xd1, 0x00, 0x00, 0x9f, 0xa0, 0x06, 0xff, 0x20,
    0x00, 0x00, 0x9f, 0xa0, 0x4f, 0xf5, 0x00, 0x00,
    0x00, 0x9f, 0xa2, 0xef, 0xf6, 0x00, 0x00, 0x00,
    0x9f, 0xad, 0xfe, 0xfe, 0x10, 0x00, 0x00, 0x9f,
    0xff, 0xd1, 0xdf, 0x90, 0x00, 0x00, 0x9f, 0xff,
    0x20, 0x4f, 0xf2, 0x00, 0x00, 0x9f, 0xf4, 0x00,
    0x0b, 0xfb, 0x00, 0x00, 0x9f, 0xa0, 0x00, 0x02,
    0xff, 0x40, 0x00, 0x9f, 0xa0, 0x00, 0x00, 0x9f,
    0xd0, 0x00, 0x9f, 0xa0, 0x00, 0x00, 0x1f, 0xf6,
    0x00, 0x9f, 0xa0, 0x00, 0x00, 0x07, 0xfe, 0x10,
    0x9f, 0xa0, 0x00, 0x00, 0x00, 0xef, 0x80, 0x9f,
    0xa0, 0x00, 0x00, 0x00, 0x5f, 0xf2,

    /* U+004C "L" */
    0x9f, 0xa0, 0x00, 0x00, 0x00, 0x09, 0xfa, 0x00,
    0x00, 0x00, 0x00, 0x9f, 0xa0, 0x00, 0x00, 0x00,
    0x09, 0xfa, 0x00, 0x00, 0x00, 0x00, 0x9f, 0xa0,
    0x00, 0x00, 0x00, 0x09, 0xfa, 0x00, 0x00, 0x00,
    0x00, 0x9f, 0xa0, 0x00, 0x00, 0x00, 0x09, 0xfa,
    0x00, 0x00, 0x00, 0x00, 0x9f, 0xa0, 0x00, 0x00,
    0x00, 0x09, 0xfa, 0x00, 0x00, 0x00, 0x00, 0x9f,
    0xa0, 0x00, 0x00, 0x00, 0x09, 0xfa, 0x00, 0x00,
    0x00, 0x00, 0x9f, 0xa0, 0x00, 0x00, 0x00, 0x09,
    0xfa, 0x00, 0x00, 0x00, 0x00, 0x9f, 0xa0, 0x00,
    0x00, 0x00, 0x09, 0xfa, 0x00, 0x00, 0x00, 0x00,
    0x9f, 0xff, 0xff, 0xff, 0xff, 0x59, 0xff, 0xff,
    0xff, 0xff, 0xf5,

    /* U+004D "M" */
    0x9f, 0xf4, 0x00, 0x00, 0x00, 0x00, 0xcf, 0xf1,
    0x9f, 0xf9, 0x00, 0x00, 0x00, 0x01, 0xff, 0xf1,
    0x9f, 0xff, 0x00, 0x00, 0x00, 0x07, 0xff, 0xf1,
    0x9f, 0xbf, 0x50, 0x00, 0x00, 0x0d, 0xec, 0xf1,
    0x9f, 0x7f, 0xa0, 0x00, 0x00, 0x2f, 0x9d, 0xf1,
    0x9f, 0x5d, 0xf0, 0x00, 0x00, 0x8f, 0x3e, 0xf1,
    0x9f, 0x67, 0xf5, 0x00, 0x00, 0xde, 0x0f, 0xf1,
    0x9f, 0x61, 0xfb, 0x00, 0x03, 0xf8, 0x0f, 0xf1,
    0x9f, 0x60, 0xcf, 0x10, 0x09, 0xf2, 0x0f, 0xf1,
    0x9f, 0x60, 0x6f, 0x60, 0x0e, 0xd0, 0x0f, 0xf1,
    0x9f, 0x60, 0x1f, 0xc0, 0x3f, 0x70, 0x0f, 0xf1,
    0x9f, 0x60, 0x0b, 0xf1, 0x8f, 0x20, 0x0f, 0xf1,
    0x9f, 0x60, 0x05, 0xf6, 0xec, 0x00, 0x0f, 0xf1,
    0x9f, 0x60, 0x00, 0xfe, 0xf6, 0x00, 0x0f, 0xf1,
    0x9f, 0x60, 0x00, 0xaf, 0xf1, 0x00, 0x0f, 0xf1,
    0x9f, 0x60, 0x00, 0x4f, 0xb0, 0x00, 0x0f, 0xf1,
    0x9f, 0x60, 0x00, 0x03, 0x10, 0x00, 0x0f, 0xf1,
    0x9f, 0x60, 0x00, 0x00, 0x00, 0x00, 0x0f, 0xf1,

    /* U+004E "N" */
    0x9f, 0xe0, 0x00, 0x00, 0x00, 0x3f, 0xe9, 0xff,
    0x80, 0x00, 0x00, 0x03, 0xfe, 0x9f, 0xff, 0x20,
    0x00, 0x00, 0x3f, 0xe9, 0xfa, 0xfa, 0x00, 0x00,
    0x03, 0xfe, 0x9f, 0x5d, 0xf3, 0x00, 0x00, 0x3f,
    0xe9, 0xf6, 0x5f, 0xc0, 0x00, 0x03, 0xfe, 0x9f,
    0x70, 0xdf, 0x50, 0x00, 0x3f, 0xe9, 0xf7, 0x04,
    0xfe, 0x00, 0x03, 0xfe, 0x9f, 0x80, 0x0b, 0xf8,
    0x00, 0x3f, 0xe9, 0xf8, 0x00, 0x2f, 0xf1, 0x02,
    0xfe, 0x9f, 0x80, 0x00, 0x9f, 0xa0, 0x2f, 0xe9,
    0xf8, 0x00, 0x01, 0xff, 0x32, 0xfe, 0x9f, 0x80,
    0x00, 0x07, 0xfb, 0x1f, 0xe9, 0xf8, 0x00, 0x00,
    0x0d, 0xf3, 0xfe, 0x9f, 0x80, 0x00, 0x00, 0x5f,
    0xbe, 0xe9, 0xf8, 0x00, 0x00, 0x00, 0xcf, 0xfe,
    0x9f, 0x80, 0x00, 0x00, 0x03, 0xff, 0xe9, 0xf8,
    0x00, 0x00, 0x00, 0x0a, 0xfe,

    /* U+004F "O" */
    0x00, 0x00, 0x3a, 0xef, 0xfd, 0x82, 0x00, 0x00,
    0x00, 0x08, 0xff, 0xff, 0xff, 0xff, 0x60, 0x00,
    0x00, 0x9f, 0xfa, 0x30, 0x14, 0xcf, 0xf6, 0x00,
    0x04, 0xff, 0x70, 0x00, 0x00, 0x0a, 0xff, 0x20,
    0x0c, 0xfb, 0x00, 0x00, 0x00, 0x00, 0xdf, 0x90,
    0x2f, 0xf3, 0x00, 0x00, 0x00, 0x00, 0x6f, 0xf0,
    0x6f, 0xe0, 0x00, 0x00, 0x00, 0x00, 0x1f, 0xf3,
    0x8f, 0xc0, 0x00, 0x00, 0x00, 0x00, 0x0f, 0xf5,
    0x9f, 0xb0, 0x00, 0x00, 0x00, 0x00, 0x0e, 0xf6,
    0x9f, 0xb0, 0x00, 0x00, 0x00, 0x00, 0x0e, 0xf6,
    0x8f, 0xc0, 0x00, 0x00, 0x00, 0x00, 0x0f, 0xf5,
    0x5f, 0xf0, 0x00, 0x00, 0x00, 0x00, 0x2f, 0xf2,
    0x1f, 0xf4, 0x00, 0x00, 0x00, 0x00, 0x7f, 0xe0,
    0x0b, 0xfc, 0x00, 0x00, 0x00, 0x00, 0xef, 0x80,
    0x03, 0xff, 0x80, 0x00, 0x00, 0x0a, 0xff, 0x10,
    0x00, 0x8f, 0xfb, 0x40, 0x14, 0xcf, 0xf5, 0x00,
    0x00, 0x07, 0xff, 0xff, 0xff, 0xff, 0x50, 0x00,
    0x00, 0x00, 0x29, 0xdf, 0xfd, 0x81, 0x00, 0x00,

    /* U+0050 "P" */
    0x9f, 0xff, 0xff, 0xfd, 0x93, 0x00, 0x09, 0xff,
    0xee, 0xef, 0xff, 0xf9, 0x00, 0x9f, 0xa0, 0x00,
    0x02, 0x8f, 0xf6, 0x09, 0xfa, 0x00, 0x00, 0x00,
    0x9f, 0xc0, 0x9f, 0xa0, 0x00, 0x00, 0x04, 0xff,
    0x09, 0xfa, 0x00, 0x00, 0x00, 0x3f, 0xf0, 0x9f,
    0xa0, 0x00, 0x00, 0x05, 0xfe, 0x09, 0xfa, 0x00,
    0x00, 0x00, 0xcf, 0xa0, 0x9f, 0xa0, 0x00, 0x14,
    0xcf, 0xf2, 0x09, 0xff, 0xff, 0xff, 0xff, 0xe4,
    0x00, 0x9f, 0xfe, 0xee, 0xdb, 0x61, 0x00, 0x09,
    0xfa, 0x00, 0x00, 0x00, 0x00, 0x00, 0x9f, 0xa0,
    0x00, 0x00, 0x00, 0x00, 0x09, 0xfa, 0x00, 0x00,
    0x00, 0x00, 0x00, 0x9f, 0xa0, 0x00, 0x00, 0x00,
    0x00, 0x09, 0xfa, 0x00, 0x00, 0x00, 0x00, 0x00,
    0x9f, 0xa0, 0x00, 0x00, 0x00, 0x00, 0x09, 0xfa,
    0x00, 0x00, 0x00, 0x00, 0x00,

    /* U+0051 "Q" */
    0x00, 0x00, 0x3a, 0xef, 0xfd, 0x82, 0x00, 0x00,
    0x00, 0x08, 0xff, 0xff, 0xff, 0xff, 0x60, 0x00,
    0x00, 0x9f, 0xfa, 0x30, 0x14, 0xcf, 0xf6, 0x00,
    0x04, 0xff, 0x70, 0x00, 0x00, 0x0a, 0xff, 0x20,
    0x0c, 0xfb, 0x00, 0x00, 0x00, 0x00, 0xdf, 0x90,
    0x2f, 0xf3, 0x00, 0x00, 0x00, 0x00, 0x6f, 0xf0,
    0x6f, 0xe0, 0x00, 0x00, 0x00, 0x00, 0x1f, 0xf3,
    0x8f, 0xc0, 0x00, 0x00, 0x00, 0x00, 0x0f, 0xf5,
    0x9f, 0xb0, 0x00, 0x00, 0x00, 0x00, 0x0e, 0xf6,
    0x9f, 0xb0, 0x00, 0x00, 0x00, 0x00, 0x0e, 0xf6,
    0x8f, 0xc0, 0x00, 0x00, 0x00, 0x00, 0x0f, 0xf5,
    0x5f, 0xf0, 0x00, 0x00, 0x00, 0x00, 0x2f, 0xf2,
    0x1f, 0xf4, 0x00, 0x00, 0x00, 0x00, 0x7f, 0xe0,
    0x0b, 0xfb, 0x00, 0x00, 0x00, 0x00, 0xdf, 0x80,
    0x03, 0xff, 0x60, 0x00, 0x00, 0x09, 0xff, 0x10,
    0x00, 0x8f, 0xf9, 0x20, 0x03, 0xbf, 0xf5, 0x00,
    0x00, 0x07, 0xff, 0xff, 0xff, 0xff, 0x50, 0x00,
    0x00, 0x00, 0x29, 0xef, 0xfd, 0x81, 0x00, 0x00,
    0x00, 0x00, 0x00, 0x0d, 0xfa, 0x00, 0x00, 0x00,
    0x00, 0x00, 0x00, 0x03, 0xff, 0xc4, 0x00, 0x00,
    0x00, 0x00, 0x00, 0x00, 0x4e, 0xff, 0xff, 0xf8,
    0x00, 0x00, 0x00, 0x00, 0x01, 0x8c, 0xff, 0xe8,

    /* U+0052 "R" */
    0x9f, 0xff, 0xff, 0xfe, 0xb5, 0x00, 0x09, 0xff,
    0xee, 0xee, 0xff, 0xfc, 0x00, 0x9f, 0xa0, 0x00,
    0x01, 0x6f, 0xf8, 0x09, 0xfa, 0x00, 0x00, 0x00,
    0x6f, 0xe0, 0x9f, 0xa0, 0x00, 0x00, 0x02, 0xff,
    0x09, 0xfa, 0x00, 0x00, 0x00, 0x3f, 0xf0, 0x9f,
    0xa0, 0x00, 0x00, 0x08, 0xfd, 0x09, 0xfa, 0x00,
    0x00, 0x18, 0xff, 0x60, 0x9f, 0xfd, 0xdd, 0xef,
    0xff, 0x90, 0x09, 0xff, 0xff, 0xff, 0xfa, 0x30,
    0x00, 0x9f, 0xa0, 0x00, 0xef, 0x70, 0x00, 0x09,
    0xfa, 0x00, 0x06, 0xff, 0x10, 0x00, 0x9f, 0xa0,
    0x00, 0x0d, 0xf9, 0x00, 0x09, 0xfa, 0x00, 0x00,
    0x5f, 0xf2, 0x00, 0x9f, 0xa0, 0x00, 0x00, 0xcf,
    0xa0, 0x09, 0xfa, 0x00, 0x00, 0x04, 0xff, 0x30,
    0x9f, 0xa0, 0x00, 0x00, 0x0b, 0xfb, 0x09, 0xfa,
    0x00, 0x00, 0x00, 0x3f, 0xf4,

    /* U+0053 "S" */
    0x00, 0x05, 0xbe, 0xfe, 0xb5, 0x00, 0x00, 0x0a,
    0xff, 0xff, 0xff, 0xfc, 0x10, 0x07, 0xff, 0x72,
    0x01, 0x6d, 0xf6, 0x00, 0xef, 0x70, 0x00, 0x00,
    0x06, 0x00, 0x0f, 0xf3, 0x00, 0x00, 0x00, 0x00,
    0x00, 0xef, 0x70, 0x00, 0x00, 0x00, 0x00, 0x08,
    0xff, 0x60, 0x00, 0x00, 0x00, 0x00, 0x0c, 0xff,
    0xd6, 0x00, 0x00, 0x00, 0x00, 0x07, 0xef, 0xff,
    0x91, 0x00, 0x00, 0x00, 0x00, 0x6d, 0xff, 0xf7,
    0x00, 0x00, 0x00, 0x00, 0x04, 0xcf, 0xf7, 0x00,
    0x00, 0x00, 0x00, 0x00, 0x9f, 0xf0, 0x00, 0x00,
    0x00, 0x00, 0x01, 0xff, 0x30, 0x00, 0x00, 0x00,
    0x00, 0x0f, 0xf3, 0x2e, 0x40, 0x00, 0x00, 0x06,
    0xff, 0x19, 0xff, 0xb5, 0x10, 0x27, 0xff, 0x90,
    0x08, 0xff, 0xff, 0xff, 0xff, 0xb0, 0x00, 0x02,
    0x8c, 0xff, 0xeb, 0x50, 0x00,

    /* U+0054 "T" */
    0x4f, 0xff, 0xff, 0xff, 0xff, 0xff, 0xfa, 0x3f,
    0xff, 0xff, 0xff, 0xff, 0xff, 0xf9, 0x00, 0x00,
    0x00, 0xef, 0x40, 0x00, 0x00, 0x00, 0x00, 0x00,
    0xef, 0x40, 0x00, 0x00, 0x00, 0x00, 0x00, 0xef,
    0x40, 0x00, 0x00, 0x00, 0x00, 0x00, 0xef, 0x40,
    0x00, 0x00, 0x00, 0x00, 0x00, 0xef, 0x40, 0x00,
    0x00, 0x00, 0x00, 0x00, 0xef, 0x40, 0x00, 0x00,
    0x00, 0x00, 0x00, 0xef, 0x40, 0x00, 0x00, 0x00,
    0x00, 0x00, 0xef, 0x40, 0x00, 0x00, 0x00, 0x00,
    0x00, 0xef, 0x40, 0x00, 0x00, 0x00, 0x00, 0x00,
    0xef, 0x40, 0x00, 0x00, 0x00, 0x00, 0x00, 0xef,
    0x40, 0x00, 0x00, 0x00, 0x00, 0x00, 0xef, 0x40,
    0x00, 0x00, 0x00, 0x00, 0x00, 0xef, 0x40, 0x00,
    0x00, 0x00, 0x00, 0x00, 0xef, 0x40, 0x00, 0x00,
    0x00, 0x00, 0x00, 0xef, 0x40, 0x00, 0x00, 0x00,
    0x00, 0x00, 0xef, 0x40, 0x00, 0x00,

    /* U+0055 "U" */
    0xaf, 0x90, 0x00, 0x00, 0x00, 0x2f, 0xfa, 0xf9,
    0x00, 0x00, 0x00, 0x02, 0xff, 0xaf, 0x90, 0x00,
    0x00, 0x00, 0x2f, 0xfa, 0xf9, 0x00, 0x00, 0x00,
    0x02, 0xff, 0xaf, 0x90, 0x00, 0x00, 0x00, 0x2f,
    0xfa, 0xf9, 0x00, 0x00, 0x00, 0x02, 0xff, 0xaf,
    0x90, 0x00, 0x00, 0x00, 0x2f, 0xfa, 0xf9, 0x00,
    0x00, 0x00, 0x02, 0xff, 0xaf, 0x90, 0x00, 0x00,
    0x00, 0x2f, 0xfa, 0xf9, 0x00, 0x00, 0x00, 0x02,
    0xff, 0xaf, 0x90, 0x00, 0x00, 0x00, 0x2f, 0xf9,
    0xf9, 0x00, 0x00, 0x00, 0x03, 0xfe, 0x7f, 0xc0,
    0x00, 0x00, 0x00, 0x5f, 0xd4, 0xff, 0x10, 0x00,
    0x00, 0x0a, 0xfa, 0x0e, 0xf9, 0x00, 0x00, 0x03,
    0xff, 0x40, 0x7f, 0xfa, 0x30, 0x16, 0xff, 0xc0,
    0x00, 0xaf, 0xff, 0xff, 0xff, 0xd1, 0x00, 0x00,
    0x5b, 0xef, 0xfc, 0x70, 0x00,

    /* U+0056 "V" */
    0xdf, 0x80, 0x00, 0x00, 0x00, 0x09, 0xfa, 0x8f,
    0xc0, 0x00, 0x00, 0x00, 0x0e, 0xf5, 0x3f, 0xf1,
    0x00, 0x00, 0x00, 0x2f, 0xf0, 0x0e, 0xf6, 0x00,
    0x00, 0x00, 0x7f, 0xb0, 0x09, 0xfa, 0x00, 0x00,
    0x00, 0xcf, 0x60, 0x04, 0xff, 0x00, 0x00, 0x01,
    0xff, 0x10, 0x00, 0xef, 0x40, 0x00, 0x05, 0xfc,
    0x00, 0x00, 0xaf, 0x80, 0x00, 0x0a, 0xf7, 0x00,
    0x00, 0x5f, 0xd0, 0x00, 0x0e, 0xf2, 0x00, 0x00,
    0x0f, 0xf2, 0x00, 0x3f, 0xd0, 0x00, 0x00, 0x0b,
    0xf6, 0x00, 0x8f, 0x80, 0x00, 0x00, 0x06, 0xfb,
    0x00, 0xcf, 0x30, 0x00, 0x00, 0x01, 0xff, 0x01,
    0xfe, 0x00, 0x00, 0x00, 0x00, 0xcf, 0x45, 0xf9,
    0x00, 0x00, 0x00, 0x00, 0x7f, 0x8a, 0xf4, 0x00,
    0x00, 0x00, 0x00, 0x2f, 0xde, 0xf0, 0x00, 0x00,
    0x00, 0x00, 0x0d, 0xff, 0xa0, 0x00, 0x00, 0x00,
    0x00, 0x08, 0xff, 0x50, 0x00, 0x00,

    /* U+0057 "W" */
    0x4f, 0xf0, 0x00, 0x00, 0x08, 0xfb, 0x00, 0x00,
    0x00, 0xcf, 0x51, 0xff, 0x30, 0x00, 0x00, 0xcf,
    0xf0, 0x00, 0x00, 0x0f, 0xf1, 0x0d, 0xf6, 0x00,
    0x00, 0x0f, 0xff, 0x30, 0x00, 0x02, 0xfe, 0x00,
    0xaf, 0x90, 0x00, 0x04, 0xfb, 0xf7, 0x00, 0x00,
    0x5f, 0xb0, 0x07, 0xfc, 0x00, 0x00, 0x8f, 0x4f,
    0xb0, 0x00, 0x08, 0xf8, 0x00, 0x3f, 0xf0, 0x00,
    0x0c, 0xf0, 0xef, 0x00, 0x00, 0xbf, 0x50, 0x00,
    0xff, 0x20, 0x00, 0xfb, 0x0b, 0xf3, 0x00, 0x0f,
    0xf1, 0x00, 0x0d, 0xf5, 0x00, 0x4f, 0x80, 0x7f,
    0x70, 0x02, 0xfe, 0x00, 0x00, 0x9f, 0x80, 0x08,
    0xf4, 0x03, 0xfb, 0x00, 0x5f, 0xb0, 0x00, 0x06,
    0xfb, 0x00, 0xcf, 0x00, 0x0f, 0xf0, 0x08, 0xf8,
    0x00, 0x00, 0x3f, 0xe0, 0x0f, 0xc0, 0x00, 0xbf,
    0x30, 0xbf, 0x40, 0x00, 0x00, 0xff, 0x03, 0xf8,
    0x00, 0x07, 0xf6, 0x0d, 0xf1, 0x00, 0x00, 0x0c,
    0xf3, 0x6f, 0x40, 0x00, 0x3f, 0xa0, 0xfe, 0x00,
    0x00, 0x00, 0x9f, 0x6a, 0xf1, 0x00, 0x00, 0xfd,
    0x3f, 0xb0, 0x00, 0x00, 0x06, 0xf9, 0xdd, 0x00,
    0x00, 0x0c, 0xf7, 0xf8, 0x00, 0x00, 0x00, 0x2f,
    0xdf, 0x90, 0x00, 0x00, 0x8f, 0xdf, 0x40, 0x00,
    0x00, 0x00, 0xff, 0xf5, 0x00, 0x00, 0x04, 0xff,
    0xf1, 0x00, 0x00, 0x00, 0x0c, 0xff, 0x10, 0x00,
    0x00, 0x0f, 0xfe, 0x00, 0x00,

    /* U+0058 "X" */
    0x0e, 0xf7, 0x00, 0x00, 0x00, 0x9f, 0xb0, 0x06,
    0xfe, 0x00, 0x00, 0x01, 0xff, 0x30, 0x00, 0xdf,
    0x70, 0x00, 0x09, 0xfa, 0x00, 0x00, 0x5f, 0xf1,
    0x00, 0x2f, 0xf2, 0x00, 0x00, 0x0c, 0xf8, 0x00,
    0xaf, 0x90, 0x00, 0x00, 0x03, 0xff, 0x12, 0xff,
    0x10, 0x00, 0x00, 0x00, 0xaf, 0x99, 0xf7, 0x00,
    0x00, 0x00, 0x00, 0x2f, 0xff, 0xe0, 0x00, 0x00,
    0x00, 0x00, 0x09, 0xff, 0x60, 0x00, 0x00, 0x00,
    0x00, 0x0d, 0xff, 0x90, 0x00, 0x00, 0x00, 0x00,
    0x7f, 0xaf, 0xf2, 0x00, 0x00, 0x00, 0x01, 0xef,
    0x18, 0xfb, 0x00, 0x00, 0x00, 0x08, 0xf9, 0x01,
    0xff, 0x40, 0x00, 0x00, 0x2f, 0xf1, 0x00, 0x7f,
    0xd0, 0x00, 0x00, 0xaf, 0x90, 0x00, 0x0e, 0xf6,
    0x00, 0x03, 0xff, 0x10, 0x00, 0x06, 0xfe, 0x00,
    0x0c, 0xf8, 0x00, 0x00, 0x00, 0xdf, 0x80, 0x5f,
    0xf1, 0x00, 0x00, 0x00, 0x5f, 0xf2,

    /* U+0059 "Y" */
    0x0c, 0xf8, 0x00, 0x00, 0x00, 0x0c, 0xf8, 0x05,
    0xff, 0x00, 0x00, 0x00, 0x3f, 0xf1, 0x00, 0xdf,
    0x70, 0x00, 0x00, 0xaf, 0x90, 0x00, 0x5f, 0xe0,
    0x00, 0x01, 0xff, 0x10, 0x00, 0x0d, 0xf5, 0x00,
    0x08, 0xf9, 0x00, 0x00, 0x06, 0xfc, 0x00, 0x0e,
    0xf2, 0x00, 0x00, 0x00, 0xef, 0x30, 0x6f, 0xa0,
    0x00, 0x00, 0x00, 0x7f, 0xa0, 0xdf, 0x20, 0x00,
    0x00, 0x00, 0x0e, 0xf7, 0xfa, 0x00, 0x00, 0x00,
    0x00, 0x07, 0xff, 0xf3, 0x00, 0x00, 0x00, 0x00,
    0x01, 0xff, 0xb0, 0x00, 0x00, 0x00, 0x00, 0x00,
    0xcf, 0x70, 0x00, 0x00, 0x00, 0x00, 0x00, 0xcf,
    0x70, 0x00, 0x00, 0x00, 0x00, 0x00, 0xcf, 0x70,
    0x00, 0x00, 0x00, 0x00, 0x00, 0xcf, 0x70, 0x00,
    0x00, 0x00, 0x00, 0x00, 0xcf, 0x70, 0x00, 0x00,
    0x00, 0x00, 0x00, 0xcf, 0x70, 0x00, 0x00, 0x00,
    0x00, 0x00, 0xcf, 0x70, 0x00, 0x00,

    /* U+005A "Z" */
    0x0f, 0xff, 0xff, 0xff, 0xff, 0xff, 0x30, 0xef,
    0xff, 0xff, 0xff, 0xff, 0xf1, 0x00, 0x00, 0x00,
    0x00, 0x0d, 0xf8, 0x00, 0x00, 0x00, 0x00, 0x08,
    0xfd, 0x00, 0x00, 0x00, 0x00, 0x02, 0xff, 0x30,
    0x00, 0x00, 0x00, 0x00, 0xcf, 0x90, 0x00, 0x00,
    0x00, 0x00, 0x6f, 0xe1, 0x00, 0x00, 0x00, 0x00,
    0x1f, 0xf5, 0x00, 0x00, 0x00, 0x00, 0x0a, 0xfb,
    0x00, 0x00, 0x00, 0x00, 0x04, 0xff, 0x10, 0x00,
    0x00, 0x00, 0x00, 0xef, 0x60, 0x00, 0x00, 0x00,
    0x00, 0x9f, 0xc0, 0x00, 0x00, 0x00, 0x00, 0x3f,
    0xf3, 0x00, 0x00, 0x00, 0x00, 0x0d, 0xf8, 0x00,
    0x00, 0x00, 0x00, 0x07, 0xfd, 0x00, 0x00, 0x00,
    0x00, 0x02, 0xff, 0x40, 0x00, 0x00, 0x00, 0x00,
    0xaf, 0xff, 0xff, 0xff, 0xff, 0xff, 0x5c, 0xff,
    0xff, 0xff, 0xff, 0xff, 0xf5,

    /* U+005B "[" */
    0x7f, 0xff, 0xf4, 0x7f, 0x75, 0x51, 0x7f, 0x20,
    0x00, 0x7f, 0x20, 0x00, 0x7f, 0x20, 0x00, 0x7f,
    0x20, 0x00, 0x7f, 0x20, 0x00, 0x7f, 0x20, 0x00,
    0x7f, 0x20, 0x00, 0x7f, 0x20, 0x00, 0x7f, 0x20,
    0x00, 0x7f, 0x20, 0x00, 0x7f, 0x20, 0x00, 0x7f,
    0x20, 0x00, 0x7f, 0x20, 0x00, 0x7f, 0x20, 0x00,
    0x7f, 0x20, 0x00, 0x7f, 0x20, 0x00, 0x7f, 0x20,
    0x00, 0x7f, 0x20, 0x00, 0x7f, 0x20, 0x00, 0x7f,
    0x20, 0x00, 0x7f, 0x30, 0x00, 0x7f, 0xff, 0xf4,
    0x13, 0x33, 0x31,

    /* U+005C "\\" */
    0x7f, 0x10, 0x00, 0x00, 0x00, 0x3f, 0x60, 0x00,
    0x00, 0x00, 0x0e, 0xa0, 0x00, 0x00, 0x00, 0x09,
    0xf0, 0x00, 0x00, 0x00, 0x05, 0xf4, 0x00, 0x00,
    0x00, 0x00, 0xf8, 0x00, 0x00, 0x00, 0x00, 0xbd,
    0x00, 0x00, 0x00, 0x00, 0x7f, 0x20, 0x00, 0x00,
    0x00, 0x2f, 0x60, 0x00, 0x00, 0x00, 0x0d, 0xb0,
    0x00, 0x00, 0x00, 0x09, 0xf0, 0x00, 0x00, 0x00,
    0x04, 0xf5, 0x00, 0x00, 0x00, 0x00, 0xf9, 0x00,
    0x00, 0x00, 0x00, 0xbe, 0x00, 0x00, 0x00, 0x00,
    0x6f, 0x30, 0x00, 0x00, 0x00, 0x1f, 0x70, 0x00,
    0x00, 0x00, 0x0d, 0xc0, 0x00, 0x00, 0x00, 0x08,
    0xf1, 0x00, 0x00, 0x00, 0x03, 0xf5, 0x00, 0x00,
    0x00, 0x00, 0xea, 0x00, 0x00, 0x00, 0x00, 0xaf,
    0x00, 0x00, 0x00, 0x00, 0x5f, 0x30, 0x00, 0x00,
    0x00, 0x1f, 0x80, 0x00, 0x00, 0x00, 0x0c, 0xd0,
    0x00, 0x00, 0x00, 0x04, 0x80,

    /* U+005D "]" */
    0x3f, 0xff, 0xf9, 0x15, 0x55, 0xf9, 0x00, 0x01,
    0xf9, 0x00, 0x01, 0xf9, 0x00, 0x01, 0xf9, 0x00,
    0x01, 0xf9, 0x00, 0x01, 0xf9, 0x00, 0x01, 0xf9,
    0x00, 0x01, 0xf9, 0x00, 0x01, 0xf9, 0x00, 0x01,
    0xf9, 0x00, 0x01, 0xf9, 0x00, 0x01, 0xf9, 0x00,
    0x01, 0xf9, 0x00, 0x01, 0xf9, 0x00, 0x01, 0xf9,
    0x00, 0x01, 0xf9, 0x00, 0x01, 0xf9, 0x00, 0x01,
    0xf9, 0x00, 0x01, 0xf9, 0x00, 0x01, 0xf9, 0x00,
    0x01, 0xf9, 0x00, 0x01, 0xf9, 0x3f, 0xff, 0xf9,
    0x03, 0x33, 0x32,

    /* U+005E "^" */
    0x00, 0x00, 0x8f, 0xd0, 0x00, 0x00, 0x00, 0x0d,
    0xff, 0x20, 0x00, 0x00, 0x03, 0xfa, 0xf8, 0x00,
    0x00, 0x00, 0x9f, 0x2d, 0xe0, 0x00, 0x00, 0x0f,
    0xc0, 0x7f, 0x40, 0x00, 0x05, 0xf7, 0x02, 0xfa,
    0x00, 0x00, 0xbf, 0x10, 0x0c, 0xf1, 0x00, 0x1f,
    0xc0, 0x00, 0x6f, 0x60, 0x07, 0xf6, 0x00, 0x01,
    0xfc, 0x00, 0xdf, 0x10, 0x00, 0x0b, 0xf2, 0x3f,
    0xb0, 0x00, 0x00, 0x6f, 0x80,

    /* U+005F "_" */
    0x58, 0x88, 0x88, 0x88, 0x88, 0x88, 0x80, 0xbf,
    0xff, 0xff, 0xff, 0xff, 0xff, 0xf1,

    /* U+0060 "`" */
    0x06, 0x50, 0x00, 0x4f, 0xf2, 0x00, 0x0a, 0xfd,
    0x10, 0x00, 0xaf, 0xb0, 0x00, 0x0b, 0xf8, 0x00,
    0x00, 0xa2,

    /* U+0061 "a" */
    0x00, 0x18, 0xdf, 0xfc, 0x50, 0x00, 0x8f, 0xff,
    0xff, 0xff, 0x70, 0x0a, 0xe6, 0x10, 0x08, 0xff,
    0x10, 0x10, 0x00, 0x00, 0x0e, 0xf5, 0x00, 0x00,
    0x00, 0x00, 0xaf, 0x80, 0x00, 0x00, 0x47, 0xae,
    0xf9, 0x00, 0x3a, 0xff, 0xfd, 0xef, 0x90, 0x7f,
    0xf9, 0x40, 0x09, 0xf9, 0x3f, 0xf3, 0x00, 0x00,
    0x9f, 0x98, 0xf9, 0x00, 0x00, 0x09, 0xf9, 0x9f,
    0x90, 0x00, 0x00, 0xcf, 0x96, 0xfe, 0x30, 0x04,
    0xdf, 0xf9, 0x0d, 0xff, 0xee, 0xfd, 0x8f, 0x90,
    0x1a, 0xff, 0xd6, 0x04, 0xf9,

    /* U+0062 "b" */
    0xcf, 0x60, 0x00, 0x00, 0x00, 0x00, 0xcf, 0x60,
    0x00, 0x00, 0x00, 0x00, 0xcf, 0x60, 0x00, 0x00,
    0x00, 0x00, 0xcf, 0x60, 0x00, 0x00, 0x00, 0x00,
    0xcf, 0x60, 0x00, 0x00, 0x00, 0x00, 0xcf, 0x60,
    0x00, 0x00, 0x00, 0x00, 0xcf, 0x61, 0x8e, 0xfe,
    0x91, 0x00, 0xcf, 0x9e, 0xff, 0xff, 0xfd, 0x10,
    0xcf, 0xfd, 0x40, 0x05, 0xff, 0xa0, 0xcf, 0xb0,
    0x00, 0x00, 0x5f, 0xf1, 0xcf, 0x60, 0x00, 0x00,
    0x0f, 0xf6, 0xcf, 0x60, 0x00, 0x00, 0x0c, 0xf8,
    0xcf, 0x60, 0x00, 0x00, 0x0a, 0xf9, 0xcf, 0x60,
    0x00, 0x00, 0x0b, 0xf9, 0xcf, 0x60, 0x00, 0x00,
    0x0d, 0xf7, 0xcf, 0x60, 0x00, 0x00, 0x1f, 0xf3,
    0xcf, 0x70, 0x00, 0x00, 0x9f, 0xd0, 0xcf, 0xf8,
    0x10, 0x19, 0xff, 0x50, 0xcf, 0x9f, 0xff, 0xff,
    0xf7, 0x00, 0xcf, 0x03, 0xbf, 0xfb, 0x40, 0x00,

    /* U+0063 "c" */
    0x00, 0x03, 0xae, 0xfe, 0x91, 0x00, 0x07, 0xff,
    0xff, 0xff, 0xe1, 0x06, 0xff, 0x91, 0x01, 0x8a,
    0x01, 0xff, 0x90, 0x00, 0x00, 0x00, 0x6f, 0xf0,
    0x00, 0x00, 0x00, 0x0a, 0xfa, 0x00, 0x00, 0x00,
    0x00, 0xbf, 0x80, 0x00, 0x00, 0x00, 0x0b, 0xf8,
    0x00, 0x00, 0x00, 0x00, 0xaf, 0xa0, 0x00, 0x00,
    0x00, 0x06, 0xfe, 0x00, 0x00, 0x00, 0x00, 0x1f,
    0xf8, 0x00, 0x00, 0x00, 0x00, 0x8f, 0xf8, 0x10,
    0x07, 0xe1, 0x00, 0x9f, 0xff, 0xef, 0xff, 0x40,
    0x00, 0x4b, 0xef, 0xe9, 0x10,

    /* U+0064 "d" */
    0x00, 0x00, 0x00, 0x00, 0x08, 0xfa, 0x00, 0x00,
    0x00, 0x00, 0x08, 0xfa, 0x00, 0x00, 0x00, 0x00,
    0x08, 0xfa, 0x00, 0x00, 0x00, 0x00, 0x08, 0xfa,
    0x00, 0x00, 0x00, 0x00, 0x08, 0xfa, 0x00, 0x00,
    0x00, 0x00, 0x08, 0xfa, 0x00, 0x05, 0xcf, 0xfb,
    0x37, 0xfa, 0x00, 0x9f, 0xff, 0xff, 0xfc, 0xfa,
    0x07, 0xff, 0x81, 0x02, 0x9f, 0xfa, 0x1f, 0xf8,
    0x00, 0x00, 0x09, 0xfa, 0x6f, 0xf0, 0x00, 0x00,
    0x08, 0xfa, 0x9f, 0xb0, 0x00, 0x00, 0x08, 0xfa,
    0xbf, 0x80, 0x00, 0x00, 0x08, 0xfa, 0xbf, 0x80,
    0x00, 0x00, 0x08, 0xfa, 0xaf, 0xa0, 0x00, 0x00,
    0x08, 0xfa, 0x7f, 0xe0, 0x00, 0x00, 0x08, 0xfa,
    0x2f, 0xf5, 0x00, 0x00, 0x0c, 0xfa, 0x0b, 0xff,
    0x50, 0x03, 0xcf, 0xfa, 0x01, 0xdf, 0xff, 0xff,
    0xe7, 0xfa, 0x00, 0x18, 0xef, 0xe9, 0x12, 0xfa,

    /* U+0065 "e" */
    0x00, 0x04, 0xbf, 0xfd, 0x70, 0x00, 0x00, 0x8f,
    0xfe, 0xef, 0xfb, 0x00, 0x06, 0xfe, 0x40, 0x02,
    0xdf, 0x60, 0x1f, 0xf3, 0x00, 0x00, 0x2f, 0xd0,
    0x6f, 0xb0, 0x00, 0x00, 0x0c, 0xf1, 0xaf, 0x70,
    0x00, 0x00, 0x0a, 0xf3, 0xbf, 0xff, 0xff, 0xff,
    0xff, 0xf4, 0xbf, 0xca, 0xaa, 0xaa, 0xaa, 0xa2,
    0xaf, 0x80, 0x00, 0x00, 0x00, 0x00, 0x6f, 0xd0,
    0x00, 0x00, 0x00, 0x00, 0x1f, 0xf5, 0x00, 0x00,
    0x00, 0x00, 0x07, 0xff, 0x70, 0x00, 0x29, 0x20,
    0x00, 0x8f, 0xff, 0xde, 0xff, 0x80, 0x00, 0x03,
    0xae, 0xfe, 0xb5, 0x00,

    /* U+0066 "f" */
    0x00, 0x00, 0x9e, 0xfe, 0x50, 0x00, 0xbf, 0xfd,
    0xf3, 0x00, 0x2f, 0xf4, 0x00, 0x00, 0x06, 0xfd,
    0x00, 0x00, 0x00, 0x6f, 0xc0, 0x00, 0x00, 0x07,
    0xfc, 0x00, 0x00, 0x3f, 0xff, 0xff, 0xf8, 0x02,
    0xce, 0xff, 0xcc, 0x60, 0x00, 0x7f, 0xc0, 0x00,
    0x00, 0x07, 0xfc, 0x00, 0x00, 0x00, 0x7f, 0xc0,
    0x00, 0x00, 0x07, 0xfc, 0x00, 0x00, 0x00, 0x7f,
    0xc0, 0x00, 0x00, 0x07, 0xfc, 0x00, 0x00, 0x00,
    0x7f, 0xc0, 0x00, 0x00, 0x07, 0xfc, 0x00, 0x00,
    0x00, 0x7f, 0xc0, 0x00, 0x00, 0x07, 0xfc, 0x00,
    0x00, 0x00, 0x7f, 0xc0, 0x00, 0x00, 0x07, 0xfc,
    0x00, 0x00,

    /* U+0067 "g" */
    0x00, 0x18, 0xef, 0xff, 0xff, 0xff, 0x00, 0x2e,
    0xfe, 0xbd, 0xff, 0xdc, 0xb0, 0x0b, 0xfa, 0x00,
    0x08, 0xfd, 0x00, 0x02, 0xff, 0x10, 0x00, 0x0d,
    0xf3, 0x00, 0x4f, 0xd0, 0x00, 0x00, 0xaf, 0x50,
    0x03, 0xfe, 0x00, 0x00, 0x0b, 0xf4, 0x00, 0x0e,
    0xf3, 0x00, 0x01, 0xff, 0x10, 0x00, 0x6f, 0xe4,
    0x03, 0xcf, 0x80, 0x00, 0x00, 0xcf, 0xff, 0xff,
    0x90, 0x00, 0x00, 0x8f, 0x56, 0x87, 0x20, 0x00,
    0x00, 0x0f, 0xd0, 0x00, 0x00, 0x00, 0x00, 0x00,
    0xff, 0x30, 0x00, 0x00, 0x00, 0x00, 0x08, 0xff,
    0xee, 0xee, 0xdb, 0x60, 0x00, 0x3f, 0xef, 0xff,
    0xff, 0xff, 0xa0, 0x2f, 0xb0, 0x00, 0x00, 0x18,
    0xff, 0x1a, 0xf3, 0x00, 0x00, 0x00, 0x0f, 0xf2,
    0xcf, 0x30, 0x00, 0x00, 0x02, 0xff, 0x09, 0xfc,
    0x10, 0x00, 0x03, 0xdf, 0x70, 0x1d, 0xff, 0xb9,
    0x9c, 0xff, 0x70, 0x00, 0x07, 0xce, 0xff, 0xd9,
    0x20, 0x00,

    /* U+0068 "h" */
    0xcf, 0x60, 0x00, 0x00, 0x00, 0x0c, 0xf6, 0x00,
    0x00, 0x00, 0x00, 0xcf, 0x60, 0x00, 0x00, 0x00,
    0x0c, 0xf6, 0x00, 0x00, 0x00, 0x00, 0xcf, 0x60,
    0x00, 0x00, 0x00, 0x0c, 0xf6, 0x00, 0x00, 0x00,
    0x00, 0xcf, 0x60, 0x7d, 0xfe, 0x90, 0x0c, 0xf6,
    0xcf, 0xff, 0xff, 0xb0, 0xcf, 0xfe, 0x51, 0x18,
    0xff, 0x3c, 0xfe, 0x20, 0x00, 0x0d, 0xf7, 0xcf,
    0x60, 0x00, 0x00, 0xaf, 0x9c, 0xf6, 0x00, 0x00,
    0x09, 0xfa, 0xcf, 0x60, 0x00, 0x00, 0x9f, 0xac,
    0xf6, 0x00, 0x00, 0x09, 0xfa, 0xcf, 0x60, 0x00,
    0x00, 0x9f, 0xac, 0xf6, 0x00, 0x00, 0x09, 0xfa,
    0xcf, 0x60, 0x00, 0x00, 0x9f, 0xac, 0xf6, 0x00,
    0x00, 0x09, 0xfa, 0xcf, 0x60, 0x00, 0x00, 0x9f,
    0xac, 0xf6, 0x00, 0x00, 0x09, 0xfa,

    /* U+0069 "i" */
    0x0b, 0xf6, 0x1f, 0xfc, 0x0b, 0xf6, 0x00, 0x00,
    0x00, 0x00, 0x00, 0x00, 0x0c, 0xf6, 0x0c, 0xf6,
    0x0c, 0xf6, 0x0c, 0xf6, 0x0c, 0xf6, 0x0c, 0xf6,
    0x0c, 0xf6, 0x0c, 0xf6, 0x0c, 0xf6, 0x0c, 0xf6,
    0x0c, 0xf6, 0x0c, 0xf6, 0x0c, 0xf6, 0x0c, 0xf6,

    /* U+006A "j" */
    0x00, 0x00, 0xbf, 0x60, 0x00, 0x2f, 0xfc, 0x00,
    0x00, 0xbf, 0x60, 0x00, 0x00, 0x00, 0x00, 0x00,
    0x00, 0x00, 0x00, 0x00, 0x00, 0x00, 0x00, 0xcf,
    0x60, 0x00, 0x0c, 0xf6, 0x00, 0x00, 0xcf, 0x60,
    0x00, 0x0c, 0xf6, 0x00, 0x00, 0xcf, 0x60, 0x00,
    0x0c, 0xf6, 0x00, 0x00, 0xcf, 0x60, 0x00, 0x0c,
    0xf6, 0x00, 0x00, 0xcf, 0x60, 0x00, 0x0c, 0xf6,
    0x00, 0x00, 0xcf, 0x60, 0x00, 0x0c, 0xf6, 0x00,
    0x00, 0xcf, 0x60, 0x00, 0x0c, 0xf6, 0x00, 0x00,
    0xcf, 0x60, 0x00, 0x0c, 0xf6, 0x00, 0x00, 0xdf,
    0x50, 0x00, 0x2f, 0xf2, 0x0b, 0xdf, 0xfc, 0x00,
    0xcf, 0xfa, 0x10,

    /* U+006B "k" */
    0xcf, 0x60, 0x00, 0x00, 0x00, 0x00, 0xcf, 0x60,
    0x00, 0x00, 0x00, 0x00, 0xcf, 0x60, 0x00, 0x00,
    0x00, 0x00, 0xcf, 0x60, 0x00, 0x00, 0x00, 0x00,
    0xcf, 0x60, 0x00, 0x00, 0x00, 0x00, 0xcf, 0x60,
    0x00, 0x00, 0x00, 0x00, 0xcf, 0x60, 0x00, 0x06,
    0xfe, 0x10, 0xcf, 0x60, 0x00, 0x2f, 0xf4, 0x00,
    0xcf, 0x60, 0x00, 0xdf, 0x80, 0x00, 0xcf, 0x60,
    0x0a, 0xfb, 0x00, 0x00, 0xcf, 0x60, 0x6f, 0xe1,
    0x00, 0x00, 0xcf, 0x62, 0xff, 0x40, 0x00, 0x00,
    0xcf, 0x6d, 0xff, 0x90, 0x00, 0x00, 0xcf, 0xef,
    0xaf, 0xf3, 0x00, 0x00, 0xcf, 0xfc, 0x07, 0xfc,
    0x00, 0x00, 0xcf, 0xe1, 0x00, 0xef, 0x50, 0x00,
    0xcf, 0x60, 0x00, 0x5f, 0xe0, 0x00, 0xcf, 0x60,
    0x00, 0x0c, 0xf8, 0x00, 0xcf, 0x60, 0x00, 0x03,
    0xff, 0x20, 0xcf, 0x60, 0x00, 0x00, 0xaf, 0xb0,

    /* U+006C "l" */
    0xcf, 0x60, 0xcf, 0x60, 0xcf, 0x60, 0xcf, 0x60,
    0xcf, 0x60, 0xcf, 0x60, 0xcf, 0x60, 0xcf, 0x60,
    0xcf, 0x60, 0xcf, 0x60, 0xcf, 0x60, 0xcf, 0x60,
    0xcf, 0x60, 0xcf, 0x60, 0xcf, 0x60, 0xcf, 0x60,
    0xcf, 0x60, 0xcf, 0x70, 0x9f, 0xf8, 0x1c, 0xfa,

    /* U+006D "m" */
    0xcf, 0x00, 0x8e, 0xfd, 0x60, 0x00, 0x8e, 0xfd,
    0x50, 0x0c, 0xf3, 0xcf, 0xff, 0xff, 0x51, 0xdf,
    0xff, 0xff, 0x40, 0xcf, 0xee, 0x50, 0x2c, 0xfe,
    0xdd, 0x40, 0x3d, 0xfc, 0x0c, 0xfd, 0x10, 0x00,
    0x3f, 0xfc, 0x10, 0x00, 0x4f, 0xf0, 0xcf, 0x60,
    0x00, 0x00, 0xff, 0x40, 0x00, 0x01, 0xff, 0x2c,
    0xf6, 0x00, 0x00, 0x0e, 0xf4, 0x00, 0x00, 0x0f,
    0xf3, 0xcf, 0x60, 0x00, 0x00, 0xef, 0x40, 0x00,
    0x00, 0xff, 0x3c, 0xf6, 0x00, 0x00, 0x0e, 0xf4,
    0x00, 0x00, 0x0f, 0xf3, 0xcf, 0x60, 0x00, 0x00,
    0xef, 0x40, 0x00, 0x00, 0xff, 0x3c, 0xf6, 0x00,
    0x00, 0x0e, 0xf4, 0x00, 0x00, 0x0f, 0xf3, 0xcf,
    0x60, 0x00, 0x00, 0xef, 0x40, 0x00, 0x00, 0xff,
    0x3c, 0xf6, 0x00, 0x00, 0x0e, 0xf4, 0x00, 0x00,
    0x0f, 0xf3, 0xcf, 0x60, 0x00, 0x00, 0xef, 0x40,
    0x00, 0x00, 0xff, 0x3c, 0xf6, 0x00, 0x00, 0x0e,
    0xf4, 0x00, 0x00, 0x0f, 0xf3,

    /* U+006E "n" */
    0xcf, 0x00, 0x7d, 0xfe, 0x90, 0x0c, 0xf3, 0xcf,
    0xff, 0xff, 0xb0, 0xcf, 0xee, 0x51, 0x18, 0xff,
    0x3c, 0xfe, 0x20, 0x00, 0x0d, 0xf7, 0xcf, 0x60,
    0x00, 0x00, 0xaf, 0x9c, 0xf6, 0x00, 0x00, 0x09,
    0xfa, 0xcf, 0x60, 0x00, 0x00, 0x9f, 0xac, 0xf6,
    0x00, 0x00, 0x09, 0xfa, 0xcf, 0x60, 0x00, 0x00,
    0x9f, 0xac, 0xf6, 0x00, 0x00, 0x09, 0xfa, 0xcf,
    0x60, 0x00, 0x00, 0x9f, 0xac, 0xf6, 0x00, 0x00,
    0x09, 0xfa, 0xcf, 0x60, 0x00, 0x00, 0x9f, 0xac,
    0xf6, 0x00, 0x00, 0x09, 0xfa,

    /* U+006F "o" */
    0x00, 0x04, 0xbe, 0xfd, 0x81, 0x00, 0x00, 0x08,
    0xff, 0xff, 0xff, 0xe3, 0x00, 0x07, 0xff, 0x70,
    0x02, 0xcf, 0xe1, 0x01, 0xff, 0x70, 0x00, 0x00,
    0xdf, 0x90, 0x6f, 0xe0, 0x00, 0x00, 0x05, 0xff,
    0x0a, 0xfa, 0x00, 0x00, 0x00, 0x1f, 0xf2, 0xbf,
    0x80, 0x00, 0x00, 0x00, 0xff, 0x4b, 0xf8, 0x00,
    0x00, 0x00, 0x0f, 0xf4, 0xaf, 0xa0, 0x00, 0x00,
    0x01, 0xff, 0x26, 0xfe, 0x00, 0x00, 0x00, 0x5f,
    0xf0, 0x1f, 0xf6, 0x00, 0x00, 0x0d, 0xf9, 0x00,
    0x7f, 0xf6, 0x00, 0x2b, 0xfe, 0x10, 0x00, 0x9f,
    0xff, 0xef, 0xfe, 0x30, 0x00, 0x00, 0x4b, 0xef,
    0xd8, 0x10, 0x00,

    /* U+0070 "p" */
    0xcf, 0x11, 0x8e, 0xfe, 0x91, 0x00, 0xcf, 0x6e,
    0xff, 0xff, 0xfd, 0x10, 0xcf, 0xfd, 0x40, 0x05,
    0xff, 0xa0, 0xcf, 0xb0, 0x00, 0x00, 0x5f, 0xf1,
    0xcf, 0x60, 0x00, 0x00, 0x0f, 0xf6, 0xcf, 0x60,
    0x00, 0x00, 0x0c, 0xf8, 0xcf, 0x60, 0x00, 0x00,
    0x0a, 0xf9, 0xcf, 0x60, 0x00, 0x00, 0x0b, 0xf9,
    0xcf, 0x60, 0x00, 0x00, 0x0d, 0xf7, 0xcf, 0x60,
    0x00, 0x00, 0x1f, 0xf3, 0xcf, 0x70, 0x00, 0x00,
    0x9f, 0xd0, 0xcf, 0xf8, 0x20, 0x19, 0xff, 0x50,
    0xcf, 0xcf, 0xff, 0xff, 0xf7, 0x00, 0xcf, 0x63,
    0xbf, 0xfb, 0x40, 0x00, 0xcf, 0x60, 0x00, 0x00,
    0x00, 0x00, 0xcf, 0x60, 0x00, 0x00, 0x00, 0x00,
    0xcf, 0x60, 0x00, 0x00, 0x00, 0x00, 0xcf, 0x60,
    0x00, 0x00, 0x00, 0x00, 0xcf, 0x60, 0x00, 0x00,
    0x00, 0x00, 0xcf, 0x60, 0x00, 0x00, 0x00, 0x00,

    /* U+0071 "q" */
    0x00, 0x05, 0xcf, 0xfc, 0x42, 0xfa, 0x00, 0x9f,
    0xff, 0xff, 0xfc, 0xfa, 0x07, 0xff, 0x81, 0x02,
    0x9f, 0xfa, 0x1f, 0xf8, 0x00, 0x00, 0x09, 0xfa,
    0x6f, 0xf0, 0x00, 0x00, 0x08, 0xfa, 0x9f, 0xb0,
    0x00, 0x00, 0x08, 0xfa, 0xbf, 0x80, 0x00, 0x00,
    0x08, 0xfa, 0xbf, 0x80, 0x00, 0x00, 0x08, 0xfa,
    0xaf, 0xa0, 0x00, 0x00, 0x08, 0xfa, 0x7f, 0xe0,
    0x00, 0x00, 0x08, 0xfa, 0x2f, 0xf5, 0x00, 0x00,
    0x0c, 0xfa, 0x0b, 0xff, 0x50, 0x03, 0xcf, 0xfa,
    0x01, 0xdf, 0xff, 0xff, 0xea, 0xfa, 0x00, 0x18,
    0xef, 0xe9, 0x17, 0xfa, 0x00, 0x00, 0x00, 0x00,
    0x08, 0xfa, 0x00, 0x00, 0x00, 0x00, 0x08, 0xfa,
    0x00, 0x00, 0x00, 0x00, 0x08, 0xfa, 0x00, 0x00,
    0x00, 0x00, 0x08, 0xfa, 0x00, 0x00, 0x00, 0x00,
    0x08, 0xfa, 0x00, 0x00, 0x00, 0x00, 0x08, 0xfa,

    /* U+0072 "r" */
    0xcf, 0x00, 0x9f, 0xf4, 0xcf, 0x2c, 0xff, 0xf1,
    0xcf, 0xbf, 0x71, 0x20, 0xcf, 0xf5, 0x00, 0x00,
    0xcf, 0xb0, 0x00, 0x00, 0xcf, 0x60, 0x00, 0x00,
    0xcf, 0x60, 0x00, 0x00, 0xcf, 0x60, 0x00, 0x00,
    0xcf, 0x60, 0x00, 0x00, 0xcf, 0x60, 0x00, 0x00,
    0xcf, 0x60, 0x00, 0x00, 0xcf, 0x60, 0x00, 0x00,
    0xcf, 0x60, 0x00, 0x00, 0xcf, 0x60, 0x00, 0x00,

    /* U+0073 "s" */
    0x00, 0x07, 0xdf, 0xfc, 0x60, 0x00, 0x0b, 0xff,
    0xdd, 0xff, 0xb0, 0x04, 0xfe, 0x20, 0x02, 0xa5,
    0x00, 0x7f, 0x90, 0x00, 0x00, 0x00, 0x06, 0xfc,
    0x00, 0x00, 0x00, 0x00, 0x1e, 0xfd, 0x50, 0x00,
    0x00, 0x00, 0x2c, 0xff, 0xe8, 0x10, 0x00, 0x00,
    0x04, 0xbf, 0xfe, 0x40, 0x00, 0x00, 0x00, 0x2b,
    0xfe, 0x00, 0x00, 0x00, 0x00, 0x0e, 0xf4, 0x01,
    0x00, 0x00, 0x00, 0xcf, 0x40, 0xcd, 0x40, 0x00,
    0x5f, 0xf1, 0x0a, 0xff, 0xec, 0xef, 0xf7, 0x00,
    0x03, 0xae, 0xff, 0xb4, 0x00,

    /* U+0074 "t" */
    0x00, 0x1f, 0xc0, 0x00, 0x00, 0x02, 0xfc, 0x00,
    0x00, 0x00, 0x3f, 0xc0, 0x00, 0x00, 0x04, 0xfc,
    0x00, 0x00, 0x5f, 0xff, 0xff, 0xff, 0x54, 0xcd,
    0xff, 0xcc, 0xc4, 0x00, 0x6f, 0xc0, 0x00, 0x00,
    0x06, 0xfc, 0x00, 0x00, 0x00, 0x6f, 0xc0, 0x00,
    0x00, 0x06, 0xfc, 0x00, 0x00, 0x00, 0x6f, 0xc0,
    0x00, 0x00, 0x06, 0xfc, 0x00, 0x00, 0x00, 0x6f,
    0xc0, 0x00, 0x00, 0x06, 0xfc, 0x00, 0x00, 0x00,
    0x5f, 0xe0, 0x00, 0x00, 0x02, 0xff, 0x50, 0x00,
    0x00, 0x0b, 0xff, 0xef, 0x70, 0x00, 0x1a, 0xef,
    0xd6,

    /* U+0075 "u" */
    0xff, 0x30, 0x00, 0x00, 0xcf, 0x6f, 0xf3, 0x00,
    0x00, 0x0c, 0xf6, 0xff, 0x30, 0x00, 0x00, 0xcf,
    0x6f, 0xf3, 0x00, 0x00, 0x0c, 0xf6, 0xff, 0x30,
    0x00, 0x00, 0xcf, 0x6f, 0xf3, 0x00, 0x00, 0x0c,
    0xf6, 0xff, 0x30, 0x00, 0x00, 0xcf, 0x6f, 0xf3,
    0x00, 0x00, 0x0c, 0xf6, 0xff, 0x30, 0x00, 0x00,
    0xcf, 0x6f, 0xf4, 0x00, 0x00, 0x0d, 0xf6, 0xdf,
    0x80, 0x00, 0x07, 0xff, 0x69, 0xff, 0x40, 0x19,
    0xfd, 0xf6, 0x2f, 0xff, 0xff, 0xf6, 0x8f, 0x60,
    0x3c, 0xff, 0xb3, 0x07, 0xf6,

    /* U+0076 "v" */
    0x8f, 0xb0, 0x00, 0x00, 0x01, 0xff, 0x02, 0xff,
    0x10, 0x00, 0x00, 0x6f, 0xb0, 0x0d, 0xf5, 0x00,
    0x00, 0x0b, 0xf5, 0x00, 0x8f, 0xa0, 0x00, 0x01,
    0xff, 0x00, 0x02, 0xff, 0x00, 0x00, 0x5f, 0xb0,
    0x00, 0x0d, 0xf4, 0x00, 0x0a, 0xf6, 0x00, 0x00,
    0x8f, 0x90, 0x00, 0xff, 0x10, 0x00, 0x02, 0xfe,
    0x00, 0x4f, 0xb0, 0x00, 0x00, 0x0d, 0xf3, 0x09,
    0xf6, 0x00, 0x00, 0x00, 0x7f, 0x70, 0xef, 0x10,
    0x00, 0x00, 0x02, 0xfc, 0x2f, 0xb0, 0x00, 0x00,
    0x00, 0x0d, 0xf8, 0xf6, 0x00, 0x00, 0x00, 0x00,
    0x7f, 0xff, 0x10, 0x00, 0x00, 0x00, 0x02, 0xff,
    0xb0, 0x00, 0x00,

    /* U+0077 "w" */
    0x3f, 0xf0, 0x00, 0x00, 0x8f, 0xe0, 0x00, 0x00,
    0x9f, 0x80, 0xff, 0x30, 0x00, 0x0c, 0xff, 0x20,
    0x00, 0x0d, 0xf4, 0x0b, 0xf7, 0x00, 0x00, 0xfd,
    0xf6, 0x00, 0x01, 0xff, 0x00, 0x7f, 0xb0, 0x00,
    0x4f, 0x7f, 0xa0, 0x00, 0x4f, 0xb0, 0x03, 0xff,
    0x00, 0x08, 0xf2, 0xee, 0x00, 0x08, 0xf7, 0x00,
    0x0e, 0xf3, 0x00, 0xce, 0x0a, 0xf2, 0x00, 0xcf,
    0x30, 0x00, 0xaf, 0x70, 0x0f, 0xa0, 0x6f, 0x60,
    0x0f, 0xf0, 0x00, 0x06, 0xfb, 0x04, 0xf6, 0x02,
    0xfa, 0x04, 0xfb, 0x00, 0x00, 0x2f, 0xe0, 0x8f,
    0x20, 0x0e, 0xe0, 0x7f, 0x70, 0x00, 0x00, 0xef,
    0x1b, 0xe0, 0x00, 0xbf, 0x2a, 0xf3, 0x00, 0x00,
    0x0a, 0xf5, 0xfa, 0x00, 0x07, 0xf5, 0xef, 0x00,
    0x00, 0x00, 0x6f, 0xbf, 0x60, 0x00, 0x3f, 0xaf,
    0xb0, 0x00, 0x00, 0x02, 0xff, 0xf3, 0x00, 0x00,
    0xef, 0xf7, 0x00, 0x00, 0x00, 0x0d, 0xfe, 0x00,
    0x00, 0x0b, 0xff, 0x30, 0x00,

    /* U+0078 "x" */
    0x1e, 0xf5, 0x00, 0x00, 0x4f, 0xe0, 0x06, 0xfe,
    0x00, 0x00, 0xcf, 0x60, 0x00, 0xdf, 0x80, 0x05,
    0xfd, 0x00, 0x00, 0x3f, 0xf1, 0x0d, 0xf4, 0x00,
    0x00, 0x0a, 0xf9, 0x5f, 0xa0, 0x00, 0x00, 0x01,
    0xff, 0xdf, 0x20, 0x00, 0x00, 0x00, 0x8f, 0xf8,
    0x00, 0x00, 0x00, 0x00, 0xcf, 0xfa, 0x00, 0x00,
    0x00, 0x06, 0xfa, 0xef, 0x40, 0x00, 0x00, 0x1e,
    0xf1, 0x6f, 0xd0, 0x00, 0x00, 0x9f, 0x80, 0x0d,
    0xf7, 0x00, 0x02, 0xfe, 0x10, 0x04, 0xff, 0x10,
    0x0c, 0xf7, 0x00, 0x00, 0xbf, 0xa0, 0x5f, 0xe0,
    0x00, 0x00, 0x2f, 0xf4,

    /* U+0079 "y" */
    0x8f, 0xc0, 0x00, 0x00, 0x01, 0xff, 0x02, 0xff,
    0x10, 0x00, 0x00, 0x6f, 0xb0, 0x0c, 0xf7, 0x00,
    0x00, 0x0b, 0xf6, 0x00, 0x6f, 0xc0, 0x00, 0x00,
    0xff, 0x10, 0x00, 0xff, 0x20, 0x00, 0x4f, 0xb0,
    0x00, 0x0a, 0xf7, 0x00, 0x09, 0xf6, 0x00, 0x00,
    0x4f, 0xc0, 0x00, 0xef, 0x10, 0x00, 0x00, 0xef,
    0x20, 0x3f, 0xc0, 0x00, 0x00, 0x08, 0xf7, 0x07,
    0xf7, 0x00, 0x00, 0x00, 0x2f, 0xc0, 0xcf, 0x20,
    0x00, 0x00, 0x00, 0xcf, 0x2f, 0xc0, 0x00, 0x00,
    0x00, 0x06, 0xfc, 0xf7, 0x00, 0x00, 0x00, 0x00,
    0x1f, 0xff, 0x20, 0x00, 0x00, 0x00, 0x00, 0xaf,
    0xd0, 0x00, 0x00, 0x00, 0x00, 0x09, 0xf8, 0x00,
    0x00, 0x00, 0x00, 0x00, 0xef, 0x20, 0x00, 0x00,
    0x00, 0x00, 0x5f, 0xc0, 0x00, 0x00, 0x00, 0x00,
    0x3e, 0xf4, 0x00, 0x00, 0x00, 0x0c, 0xef, 0xf8,
    0x00, 0x00, 0x00, 0x00, 0xef, 0xd6, 0x00, 0x00,
    0x00, 0x00,

    /* U+007A "z" */
    0x06, 0xff, 0xff, 0xff, 0xff, 0x70, 0x5d, 0xdd,
    0xdd, 0xef, 0xf4, 0x00, 0x00, 0x00, 0x0b, 0xfb,
    0x00, 0x00, 0x00, 0x05, 0xff, 0x10, 0x00, 0x00,
    0x00, 0xef, 0x60, 0x00, 0x00, 0x00, 0x9f, 0xc0,
    0x00, 0x00, 0x00, 0x3f, 0xf2, 0x00, 0x00, 0x00,
    0x0d, 0xf8, 0x00, 0x00, 0x00, 0x07, 0xfd, 0x00,
    0x00, 0x00, 0x02, 0xff, 0x40, 0x00, 0x00, 0x00,
    0xbf, 0xa0, 0x00, 0x00, 0x00, 0x5f, 0xe1, 0x00,
    0x00, 0x00, 0x0e, 0xff, 0xdd, 0xdd, 0xdd, 0x92,
    0xff, 0xff, 0xff, 0xff, 0xfb,

    /* U+007B "{" */
    0x00, 0x01, 0xbf, 0xf4, 0x00, 0x0b, 0xfa, 0x51,
    0x00, 0x0f, 0xe0, 0x00, 0x00, 0x0f, 0xc0, 0x00,
    0x00, 0x0f, 0xc0, 0x00, 0x00, 0x0f, 0xd0, 0x00,
    0x00, 0x0e, 0xd0, 0x00, 0x00, 0x0d, 0xe0, 0x00,
    0x00, 0x0c, 0xe0, 0x00, 0x00, 0x0e, 0xd0, 0x00,
    0x03, 0x9f, 0x90, 0x00, 0x1f, 0xfb, 0x00, 0x00,
    0x06, 0xcf, 0x60, 0x00, 0x00, 0x1f, 0xc0, 0x00,
    0x00, 0x0c, 0xe0, 0x00, 0x00, 0x0c, 0xe0, 0x00,
    0x00, 0x0d, 0xe0, 0x00, 0x00, 0x0e, 0xd0, 0x00,
    0x00, 0x0f, 0xd0, 0x00, 0x00, 0x0f, 0xc0, 0x00,
    0x00, 0x0f, 0xc0, 0x00, 0x00, 0x0f, 0xe0, 0x00,
    0x00, 0x0b, 0xf6, 0x10, 0x00, 0x03, 0xef, 0xf4,
    0x00, 0x00, 0x03, 0x31,

    /* U+007C "|" */
    0x8f, 0x08, 0xf0, 0x8f, 0x08, 0xf0, 0x8f, 0x08,
    0xf0, 0x8f, 0x08, 0xf0, 0x8f, 0x08, 0xf0, 0x8f,
    0x08, 0xf0, 0x8f, 0x08, 0xf0, 0x8f, 0x08, 0xf0,
    0x8f, 0x08, 0xf0, 0x8f, 0x08, 0xf0, 0x8f, 0x08,
    0xf0, 0x8f, 0x08, 0xf0, 0x8f, 0x08, 0xf0, 0x8f,
    0x08, 0xf0,

    /* U+007D "}" */
    0x3f, 0xfb, 0x20, 0x00, 0x15, 0x8f, 0xd0, 0x00,
    0x00, 0x0c, 0xf1, 0x00, 0x00, 0x0a, 0xf2, 0x00,
    0x00, 0x0a, 0xf2, 0x00, 0x00, 0x0b, 0xf1, 0x00,
    0x00, 0x0b, 0xf0, 0x00, 0x00, 0x0c, 0xf0, 0x00,
    0x00, 0x0c, 0xe0, 0x00, 0x00, 0x0b, 0xf0, 0x00,
    0x00, 0x07, 0xfb, 0x30, 0x00, 0x00, 0x9f, 0xf3,
    0x00, 0x04, 0xfd, 0x61, 0x00, 0x0a, 0xf2, 0x00,
    0x00, 0x0c, 0xf0, 0x00, 0x00, 0x0c, 0xf0, 0x00,
    0x00, 0x0c, 0xf0, 0x00, 0x00, 0x0b, 0xf0, 0x00,
    0x00, 0x0b, 0xf1, 0x00, 0x00, 0x0a, 0xf2, 0x00,
    0x00, 0x0a, 0xf2, 0x00, 0x00, 0x0c, 0xf1, 0x00,
    0x00, 0x4f, 0xd0, 0x00, 0x3f, 0xfe, 0x40, 0x00,
    0x03, 0x30, 0x00, 0x00,

    /* U+007E "~" */
    0x00, 0x5d, 0xfb, 0x30, 0x00, 0x01, 0x00, 0x6f,
    0xec, 0xff, 0x60, 0x07, 0xe2, 0x0b, 0xc0, 0x03,
    0xdf, 0xdd, 0xfb, 0x00, 0x01, 0x00, 0x00, 0x9f,
    0xf8, 0x00,

    /* U+00B0 "°" */
    0x00, 0x00, 0x00, 0x00, 0x6d, 0xfd, 0x40, 0x5f,
    0x83, 0x9f, 0x3c, 0xa0, 0x00, 0xba, 0xe7, 0x00,
    0x08, 0xcd, 0x90, 0x00, 0xab, 0x7f, 0x51, 0x6f,
    0x50, 0x9f, 0xff, 0x70, 0x00, 0x13, 0x10, 0x00,

    /* U+00B7 "·" */
    0x00, 0x33, 0x00, 0x0c, 0xff, 0xc0, 0x6f, 0xff,
    0xf6, 0x8f, 0xff, 0xf8, 0x4f, 0xff, 0xf4, 0x07,
    0xee, 0x70,

    /* U+3002 "。" */
    0x03, 0xad, 0xc6, 0x00, 0x4f, 0xb6, 0x8f, 0x80,
    0xc9, 0x00, 0x04, 0xf2, 0xf4, 0x00, 0x00, 0xe5,
    0xd8, 0x00, 0x02, 0xf2, 0x5f, 0x84, 0x6e, 0xa0,
    0x04, 0xcf, 0xe8, 0x00,

    /* U+4E09 "三" */
    0x03, 0xdd, 0xdd, 0xdd, 0xdd, 0xdd, 0xdd, 0xdd,
    0xdd, 0xdb, 0x00, 0x04, 0xff, 0xff, 0xff, 0xff,
    0xff, 0xff, 0xff, 0xff, 0xfe, 0x00, 0x00, 0x00,
    0x00, 0x00, 0x00, 0x00, 0x00, 0x00, 0x00, 0x00,
    0x00, 0x00, 0x00, 0x00, 0x00, 0x00, 0x00, 0x00,
    0x00, 0x00, 0x00, 0x00, 0x00, 0x00, 0x00, 0x00,
    0x00, 0x00, 0x00, 0x00, 0x00, 0x00, 0x00, 0x00,
    0x00, 0x00, 0x00, 0x00, 0x00, 0x00, 0x00, 0x00,
    0x00, 0x00, 0x00, 0x00, 0x00, 0x00, 0x00, 0x00,
    0x00, 0x00, 0x00, 0x00, 0x00, 0x00, 0x00, 0x00,
    0x00, 0x00, 0x00, 0x00, 0x00, 0x00, 0x00, 0x00,
    0x00, 0x0b, 0xff, 0xff, 0xff, 0xff, 0xff, 0xff,
    0xff, 0x00, 0x00, 0x00, 0x09, 0xdd, 0xdd, 0xdd,
    0xdd, 0xdd, 0xdd, 0xdd, 0x00, 0x00, 0x00, 0x00,
    0x00, 0x00, 0x00, 0x00, 0x00, 0x00, 0x00, 0x00,
    0x00, 0x00, 0x00, 0x00, 0x00, 0x00, 0x00, 0x00,
    0x00, 0x00, 0x00, 0x00, 0x00, 0x00, 0x00, 0x00,
    0x00, 0x00, 0x00, 0x00, 0x00, 0x00, 0x00, 0x00,
    0x00, 0x00, 0x00, 0x00, 0x00, 0x00, 0x00, 0x00,
    0x00, 0x00, 0x00, 0x00, 0x00, 0x00, 0x00, 0x00,
    0x00, 0x00, 0x00, 0x00, 0x00, 0x00, 0x00, 0x00,
    0x00, 0x00, 0x00, 0x00, 0x00, 0x00, 0x00, 0x00,
    0x8c, 0xcc, 0xcc, 0xcc, 0xcc, 0xcc, 0xcc, 0xcc,
    0xcc, 0xcc, 0xc2, 0xaf, 0xff, 0xff, 0xff, 0xff,
    0xff, 0xff, 0xff, 0xff, 0xff, 0xf3, 0x00, 0x00,
    0x00, 0x00, 0x00, 0x00, 0x00, 0x00, 0x00, 0x00,
    0x00,

    /* U+4E0B "下" */
    0x26, 0x66, 0x66, 0x66, 0x66, 0x66, 0x66, 0x66,
    0x66, 0x66, 0x65, 0x7f, 0xff, 0xff, 0xff, 0xff,
    0xff, 0xff, 0xff, 0xff, 0xff, 0xfe, 0x36, 0x66,
    0x66, 0x66, 0x68, 0xfd, 0x66, 0x66, 0x66, 0x66,
    0x66, 0x00, 0x00, 0x00, 0x00, 0x03, 0xfb, 0x00,
    0x00, 0x00, 0x00, 0x00, 0x00, 0x00, 0x00, 0x00,
    0x03, 0xfb, 0x00, 0x00, 0x00, 0x00, 0x00, 0x00,
    0x00, 0x00, 0x00, 0x03, 0xfb, 0x00, 0x00, 0x00,
    0x00, 0x00, 0x00, 0x00, 0x00, 0x00, 0x03, 0xfd,
    0x60, 0x00, 0x00, 0x00, 0x00, 0x00, 0x00, 0x00,
    0x00, 0x03, 0xff, 0xfd, 0x50, 0x00, 0x00, 0x00,
    0x00, 0x00, 0x00, 0x00, 0x03, 0xfc, 0xaf, 0xfc,
    0x30, 0x00, 0x00, 0x00, 0x00, 0x00, 0x00, 0x03,
    0xfb, 0x03, 0xcf, 0xfa, 0x10, 0x00, 0x00, 0x00,
    0x00, 0x00, 0x03, 0xfb, 0x00, 0x06, 0xff, 0xf6,
    0x00, 0x00, 0x00, 0x00, 0x00, 0x03, 0xfb, 0x00,
    0x00, 0x1b, 0xff, 0x60, 0x00, 0x00, 0x00, 0x00,
    0x03, 0xfb, 0x00, 0x00, 0x00, 0x6b, 0x00, 0x00,
    0x00, 0x00, 0x00, 0x03, 0xfb, 0x00, 0x00, 0x00,
    0x00, 0x00, 0x00, 0x00, 0x00, 0x00, 0x03, 0xfb,
    0x00, 0x00, 0x00, 0x00, 0x00, 0x00, 0x00, 0x00,
    0x00, 0x03, 0xfb, 0x00, 0x00, 0x00, 0x00, 0x00,
    0x00, 0x00, 0x00, 0x00, 0x03, 0xfb, 0x00, 0x00,
    0x00, 0x00, 0x00, 0x00, 0x00, 0x00, 0x00, 0x03,
    0xfb, 0x00, 0x00, 0x00, 0x00, 0x00, 0x00, 0x00,
    0x00, 0x00, 0x03, 0xfb, 0x00, 0x00, 0x00, 0x00,
    0x00, 0x00, 0x00, 0x00, 0x00, 0x03, 0xfb, 0x00,
    0x00, 0x00, 0x00, 0x00, 0x00, 0x00, 0x00, 0x00,
    0x03, 0xfb, 0x00, 0x00, 0x00, 0x00, 0x00,

    /* U+4E0D "不" */
    0x1b, 0xbb, 0xbb, 0xbb, 0xbb, 0xbb, 0xbb, 0xbb,
    0xbb, 0xbb, 0xb6, 0x02, 0xff, 0xff, 0xff, 0xff,
    0xff, 0xff, 0xff, 0xff, 0xff, 0xff, 0x90, 0x02,
    0x22, 0x22, 0x22, 0x22, 0x2b, 0xfb, 0x22, 0x22,
    0x22, 0x21, 0x00, 0x00, 0x00, 0x00, 0x00, 0x04,
    0xff, 0x10, 0x00, 0x00, 0x00, 0x00, 0x00, 0x00,
    0x00, 0x00, 0x01, 0xef, 0x70, 0x00, 0x00, 0x00,
    0x00, 0x00, 0x00, 0x00, 0x00, 0x00, 0xbf, 0xf2,
    0x00, 0x00, 0x00, 0x00, 0x00, 0x00, 0x00, 0x00,
    0x00, 0x9f, 0xff, 0x25, 0x60, 0x00, 0x00, 0x00,
    0x00, 0x00, 0x00, 0x00, 0x8f, 0xfe, 0xf4, 0xef,
    0xb1, 0x00, 0x00, 0x00, 0x00, 0x00, 0x00, 0x8f,
    0xf3, 0xcf, 0x21, 0xbf, 0xe4, 0x00, 0x00, 0x00,
    0x00, 0x00, 0xaf, 0xf4, 0x0c, 0xf2, 0x00, 0x8f,
    0xf8, 0x00, 0x00, 0x00, 0x02, 0xcf, 0xe3, 0x00,
    0xcf, 0x20, 0x00, 0x4e, 0xfb, 0x10, 0x00, 0x06,
    0xff, 0xd2, 0x00, 0x0c, 0xf2, 0x00, 0x00, 0x2d,
    0xfd, 0x20, 0x3d, 0xff, 0x90, 0x00, 0x00, 0xcf,
    0x20, 0x00, 0x00, 0x1c, 0xfe, 0x13, 0xfd, 0x40,
    0x00, 0x00, 0x0c, 0xf2, 0x00, 0x00, 0x00, 0x0c,
    0x70, 0x03, 0x00, 0x00, 0x00, 0x00, 0xcf, 0x20,
    0x00, 0x00, 0x00, 0x00, 0x00, 0x00, 0x00, 0x00,
    0x00, 0x0c, 0xf2, 0x00, 0x00, 0x00, 0x00, 0x00,
    0x00, 0x00, 0x00, 0x00, 0x00, 0xcf, 0x20, 0x00,
    0x00, 0x00, 0x00, 0x00, 0x00, 0x00, 0x00, 0x00,
    0x0c, 0xf2, 0x00, 0x00, 0x00, 0x00, 0x00, 0x00,
    0x00, 0x00, 0x00, 0x00, 0xcf, 0x20, 0x00, 0x00,
    0x00, 0x00, 0x00, 0x00, 0x00, 0x00, 0x00, 0x0c,
    0xf2, 0x00, 0x00, 0x00, 0x00, 0x00, 0x00, 0x00,
    0x00, 0x00, 0x00, 0xcf, 0x20, 0x00, 0x00, 0x00,
    0x00, 0x00,

    /* U+4E0E "与" */
    0x00, 0x00, 0x07, 0x50, 0x00, 0x00, 0x00, 0x00,
    0x00, 0x00, 0x00, 0x00, 0x02, 0xfb, 0x00, 0x00,
    0x00, 0x00, 0x00, 0x00, 0x00, 0x00, 0x00, 0x5f,
    0x80, 0x00, 0x00, 0x00, 0x00, 0x00, 0x00, 0x00,
    0x00, 0x08, 0xfd, 0xcc, 0xcc, 0xcc, 0xcc, 0xcc,
    0xcc, 0xc0, 0x00, 0x00, 0xcf, 0xff, 0xff, 0xff,
    0xff, 0xff, 0xff, 0xff, 0x00, 0x00, 0x0f, 0xe0,
    0x00, 0x00, 0x00, 0x00, 0x00, 0x00, 0x00, 0x00,
    0x03, 0xfa, 0x00, 0x00, 0x00, 0x00, 0x00, 0x00,
    0x00, 0x00, 0x00, 0x6f, 0x70, 0x00, 0x00, 0x00,
    0x00, 0x00, 0x00, 0x00, 0x00, 0x0a, 0xf3, 0x00,
    0x00, 0x00, 0x00, 0x00, 0x00, 0x00, 0x00, 0x00,
    0xef, 0xcc, 0xcc, 0xcc, 0xcc, 0xcc, 0xcc, 0xcc,
    0xc4, 0x00, 0x2e, 0xff, 0xff, 0xff, 0xff, 0xff,
    0xff, 0xff, 0xff, 0x40, 0x00, 0x00, 0x00, 0x00,
    0x00, 0x00, 0x00, 0x00, 0x0b, 0xf2, 0x00, 0x00,
    0x00, 0x00, 0x00, 0x00, 0x00, 0x00, 0x00, 0xdf,
    0x00, 0x00, 0x00, 0x00, 0x00, 0x00, 0x00, 0x00,
    0x00, 0x0f, 0xf0, 0x9b, 0xbb, 0xbb, 0xbb, 0xbb,
    0xbb, 0xbb, 0xb1, 0x01, 0xfc, 0x0d, 0xff, 0xff,
    0xff, 0xff, 0xff, 0xff, 0xff, 0x20, 0x4f, 0xa0,
    0x00, 0x00, 0x00, 0x00, 0x00, 0x00, 0x00, 0x00,
    0x06, 0xf7, 0x00, 0x00, 0x00, 0x00, 0x00, 0x00,
    0x00, 0x00, 0x00, 0xaf, 0x40, 0x00, 0x00, 0x00,
    0x00, 0x00, 0x00, 0x00, 0x00, 0x0e, 0xf0, 0x00,
    0x00, 0x00, 0x00, 0x00, 0x00, 0x00, 0x00, 0x06,
    0xfb, 0x00, 0x00, 0x00, 0x00, 0x00, 0x00, 0x4c,
    0xbb, 0xbb, 0xff, 0x40, 0x00, 0x00, 0x00, 0x00,
    0x00, 0x00, 0xef, 0xff, 0xfd, 0x60, 0x00, 0x00,
    0x00, 0x00, 0x00, 0x00, 0x00, 0x00, 0x00, 0x00,
    0x00, 0x00,

    /* U+4E2D "中" */
    0x00, 0x00, 0x00, 0x00, 0x01, 0x10, 0x00, 0x00,
    0x00, 0x00, 0x00, 0x00, 0x00, 0x00, 0x1f, 0xd0,
    0x00, 0x00, 0x00, 0x00, 0x00, 0x00, 0x00, 0x00,
    0x1f, 0xd0, 0x00, 0x00, 0x00, 0x00, 0x00, 0x00,
    0x00, 0x00, 0x1f, 0xd0, 0x00, 0x00, 0x00, 0x00,
    0x00, 0x00, 0x00, 0x00, 0x1f, 0xd0, 0x00, 0x00,
    0x00, 0x00, 0xac, 0xcc, 0xcc, 0xcc, 0xdf, 0xfc,
    0xcc, 0xcc, 0xcc, 0xc8, 0xdf, 0xff, 0xff, 0xff,
    0xff, 0xff, 0xff, 0xff, 0xff, 0xfb, 0xdf, 0x00,
    0x00, 0x00, 0x1f, 0xd0, 0x00, 0x00, 0x02, 0xfb,
    0xdf, 0x00, 0x00, 0x00, 0x1f, 0xd0, 0x00, 0x00,
    0x02, 0xfb, 0xdf, 0x00, 0x00, 0x00, 0x1f, 0xd0,
    0x00, 0x00, 0x02, 0xfb, 0xdf, 0x00, 0x00, 0x00,
    0x1f, 0xd0, 0x00, 0x00, 0x02, 0xfb, 0xdf, 0x00,
    0x00, 0x00, 0x1f, 0xd0, 0x00, 0x00, 0x02, 0xfb,
    0xdf, 0x00, 0x00, 0x00, 0x1f, 0xd0, 0x00, 0x00,
    0x02, 0xfb, 0xdf, 0xbb, 0xbb, 0xbb, 0xcf, 0xfb,
    0xbb, 0xbb, 0xbc, 0xfb, 0xdf, 0xff, 0xff, 0xff,
    0xff, 0xff, 0xff, 0xff, 0xff, 0xfb, 0xdf, 0x00,
    0x00, 0x00, 0x2f, 0xd0, 0x00, 0x00, 0x03, 0xfb,
    0x68, 0x00, 0x00, 0x00, 0x1f, 0xd0, 0x00, 0x00,
    0x01, 0x64, 0x00, 0x00, 0x00, 0x00, 0x1f, 0xd0,
    0x00, 0x00, 0x00, 0x00, 0x00, 0x00, 0x00, 0x00,
    0x1f, 0xd0, 0x00, 0x00, 0x00, 0x00, 0x00, 0x00,
    0x00, 0x00, 0x1f, 0xd0, 0x00, 0x00, 0x00, 0x00,
    0x00, 0x00, 0x00, 0x00, 0x1f, 0xd0, 0x00, 0x00,
    0x00, 0x00, 0x00, 0x00, 0x00, 0x00, 0x1f, 0xd0,
    0x00, 0x00, 0x00, 0x00, 0x00, 0x00, 0x00, 0x00,
    0x1f, 0xd0, 0x00, 0x00, 0x00, 0x00,

    /* U+4E49 "义" */
    0x00, 0x00, 0x00, 0x00, 0x00, 0x01, 0x00, 0x00,
    0x00, 0x00, 0x00, 0x00, 0x00, 0x00, 0x00, 0x00,
    0x00, 0xdd, 0x00, 0x00, 0x00, 0x00, 0x00, 0x00,
    0x00, 0x00, 0x00, 0x00, 0x00, 0x8f, 0x50, 0x00,
    0x00, 0x04, 0x00, 0x00, 0x00, 0x00, 0x31, 0x00,
    0x00, 0x1f, 0xc0, 0x00, 0x00, 0x4f, 0xa0, 0x00,
    0x00, 0x05, 0xf8, 0x00, 0x00, 0x0b, 0xf3, 0x00,
    0x00, 0xaf, 0x50, 0x00, 0x00, 0x00, 0xee, 0x00,
    0x00, 0x04, 0xf9, 0x00, 0x01, 0xfe, 0x00, 0x00,
    0x00, 0x00, 0x7f, 0x60, 0x00, 0x00, 0xe9, 0x00,
    0x08, 0xf8, 0x00, 0x00, 0x00, 0x00, 0x1f, 0xe0,
    0x00, 0x00, 0x00, 0x00, 0x0e, 0xf1, 0x00, 0x00,
    0x00, 0x00, 0x08, 0xf7, 0x00, 0x00, 0x00, 0x00,
    0x8f, 0x90, 0x00, 0x00, 0x00, 0x00, 0x00, 0xef,
    0x10, 0x00, 0x00, 0x01, 0xff, 0x10, 0x00, 0x00,
    0x00, 0x00, 0x00, 0x5f, 0xb0, 0x00, 0x00, 0x0a,
    0xf7, 0x00, 0x00, 0x00, 0x00, 0x00, 0x00, 0x0b,
    0xf7, 0x00, 0x00, 0x5f, 0xc0, 0x00, 0x00, 0x00,
    0x00, 0x00, 0x00, 0x01, 0xef, 0x30, 0x02, 0xff,
    0x20, 0x00, 0x00, 0x00, 0x00, 0x00, 0x00, 0x00,
    0x4f, 0xe2, 0x1d, 0xf6, 0x00, 0x00, 0x00, 0x00,
    0x00, 0x00, 0x00, 0x00, 0x07, 0xfe, 0xcf, 0x90,
    0x00, 0x00, 0x00, 0x00, 0x00, 0x00, 0x00, 0x00,
    0x00, 0x9f, 0xfb, 0x00, 0x00, 0x00, 0x00, 0x00,
    0x00, 0x00, 0x00, 0x00, 0x02, 0xdf, 0xfe, 0x40,
    0x00, 0x00, 0x00, 0x00, 0x00, 0x00, 0x00, 0x00,
    0x6f, 0xf8, 0x8f, 0xf8, 0x00, 0x00, 0x00, 0x00,
    0x00, 0x00, 0x00, 0x2b, 0xff, 0x50, 0x05, 0xff,
    0xc3, 0x00, 0x00, 0x00, 0x00, 0x00, 0x19, 0xff,
    0xb2, 0x00, 0x00, 0x2d, 0xff, 0xa2, 0x00, 0x00,
    0x00, 0x3a, 0xff, 0xd5, 0x00, 0x00, 0x00, 0x00,
    0x7f, 0xff, 0xa4, 0x00, 0x0c, 0xff, 0xd6, 0x00,
    0x00, 0x00, 0x00, 0x00, 0x01, 0x8f, 0xff, 0xb0,
    0x05, 0xa4, 0x00, 0x00, 0x00, 0x00, 0x00, 0x00,
    0x00, 0x00, 0x6b, 0x20,

    /* U+4E8C "二" */
    0x00, 0x5e, 0xee, 0xee, 0xee, 0xee, 0xee, 0xee,
    0xee, 0xec, 0x00, 0x00, 0x6f, 0xff, 0xff, 0xff,
    0xff, 0xff, 0xff, 0xff, 0xfd, 0x00, 0x00, 0x00,
    0x00, 0x00, 0x00, 0x00, 0x00, 0x00, 0x00, 0x00,
    0x00, 0x00, 0x00, 0x00, 0x00, 0x00, 0x00, 0x00,
    0x00, 0x00, 0x00, 0x00, 0x00, 0x00, 0x00, 0x00,
    0x00, 0x00, 0x00, 0x00, 0x00, 0x00, 0x00, 0x00,
    0x00, 0x00, 0x00, 0x00, 0x00, 0x00, 0x00, 0x00,
    0x00, 0x00, 0x00, 0x00, 0x00, 0x00, 0x00, 0x00,
    0x00, 0x00, 0x00, 0x00, 0x00, 0x00, 0x00, 0x00,
    0x00, 0x00, 0x00, 0x00, 0x00, 0x00, 0x00, 0x00,
    0x00, 0x00, 0x00, 0x00, 0x00, 0x00, 0x00, 0x00,
    0x00, 0x00, 0x00, 0x00, 0x00, 0x00, 0x00, 0x00,
    0x00, 0x00, 0x00, 0x00, 0x00, 0x00, 0x00, 0x00,
    0x00, 0x00, 0x00, 0x00, 0x00, 0x00, 0x00, 0x00,
    0x00, 0x00, 0x00, 0x00, 0x00, 0x00, 0x00, 0x00,
    0x00, 0x00, 0x00, 0x00, 0x00, 0x00, 0x00, 0x00,
    0x00, 0x00, 0x00, 0x00, 0x00, 0x00, 0x00, 0x00,
    0x00, 0x00, 0x00, 0x00, 0x00, 0x00, 0x00, 0x00,
    0x00, 0x00, 0x14, 0x44, 0x44, 0x44, 0x44, 0x44,
    0x44, 0x44, 0x44, 0x44, 0x44, 0x6f, 0xff, 0xff,
    0xff, 0xff, 0xff, 0xff, 0xff, 0xff, 0xff, 0xfe,
    0x4b, 0xbb, 0xbb, 0xbb, 0xbb, 0xbb, 0xbb, 0xbb,
    0xbb, 0xbb, 0xba,

    /* U+4E8E "于" */
    0x01, 0x88, 0x88, 0x88, 0x88, 0x88, 0x88, 0x88,
    0x88, 0x88, 0x00, 0x02, 0xff, 0xff, 0xff, 0xff,
    0xff, 0xff, 0xff, 0xff, 0xff, 0x00, 0x00, 0x44,
    0x44, 0x44, 0x44, 0xdf, 0x44, 0x44, 0x44, 0x43,
    0x00, 0x00, 0x00, 0x00, 0x00, 0x00, 0xdf, 0x10,
    0x00, 0x00, 0x00, 0x00, 0x00, 0x00, 0x00, 0x00,
    0x00, 0xdf, 0x10, 0x00, 0x00, 0x00, 0x00, 0x00,
    0x00, 0x00, 0x00, 0x00, 0xdf, 0x10, 0x00, 0x00,
    0x00, 0x00, 0x00, 0x00, 0x00, 0x00, 0x00, 0xdf,
    0x10, 0x00, 0x00, 0x00, 0x00, 0x00, 0x00, 0x00,
    0x00, 0x00, 0xdf, 0x10, 0x00, 0x00, 0x00, 0x00,
    0x9c, 0xcc, 0xcc, 0xcc, 0xcc, 0xff, 0xcc, 0xcc,
    0xcc, 0xcc, 0xc7, 0xcf, 0xff, 0xff, 0xff, 0xff,
    0xff, 0xff, 0xff, 0xff, 0xff, 0xf9, 0x00, 0x00,
    0x00, 0x00, 0x00, 0xdf, 0x20, 0x00, 0x00, 0x00,
    0x00, 0x00, 0x00, 0x00, 0x00, 0x00, 0xdf, 0x10,
    0x00, 0x00, 0x00, 0x00, 0x00, 0x00, 0x00, 0x00,
    0x00, 0xdf, 0x10, 0x00, 0x00, 0x00, 0x00, 0x00,
    0x00, 0x00, 0x00, 0x00, 0xdf, 0x10, 0x00, 0x00,
    0x00, 0x00, 0x00, 0x00, 0x00, 0x00, 0x00, 0xdf,
    0x10, 0x00, 0x00, 0x00, 0x00, 0x00, 0x00, 0x00,
    0x00, 0x00, 0xdf, 0x10, 0x00, 0x00, 0x00, 0x00,
    0x00, 0x00, 0x00, 0x00, 0x00, 0xdf, 0x10, 0x00,
    0x00, 0x00, 0x00, 0x00, 0x00, 0x00, 0x00, 0x00,
    0xdf, 0x10, 0x00, 0x00, 0x00, 0x00, 0x00, 0x00,
    0x00, 0x00, 0x00, 0xdf, 0x10, 0x00, 0x00, 0x00,
    0x00, 0x00, 0x00, 0x08, 0xcc, 0xdd, 0xfe, 0x00,
    0x00, 0x00, 0x00, 0x00, 0x00, 0x00, 0x04, 0xff,
    0xff, 0xc4, 0x00, 0x00, 0x00, 0x00, 0x00, 0x00,
    0x00, 0x00, 0x00, 0x00, 0x00, 0x00, 0x00, 0x00,
    0x00, 0x00,

    /* U+4E91 "云" */
    0x00, 0x00, 0x00, 0x00, 0x00, 0x00, 0x00, 0x00,
    0x00, 0x00, 0x00, 0x00, 0x0d, 0xff, 0xff, 0xff,
    0xff, 0xff, 0xff, 0xff, 0xf7, 0x00, 0x00, 0x0a,
    0xcc, 0xcc, 0xcc, 0xcc, 0xcc, 0xcc, 0xcc, 0xc5,
    0x00, 0x00, 0x00, 0x00, 0x00, 0x00, 0x00, 0x00,
    0x00, 0x00, 0x00, 0x00, 0x00, 0x00, 0x00, 0x00,
    0x00, 0x00, 0x00, 0x00, 0x00, 0x00, 0x00, 0x00,
    0x00, 0x00, 0x00, 0x00, 0x00, 0x00, 0x00, 0x00,
    0x00, 0x00, 0x00, 0x00, 0x00, 0x00, 0x00, 0x00,
    0x00, 0x00, 0x00, 0x00, 0x00, 0x4b, 0xbb, 0xbb,
    0xbb, 0xbb, 0xbb, 0xbb, 0xbb, 0xbb, 0xbb, 0xba,
    0x7f, 0xff, 0xff, 0xff, 0xff, 0xff, 0xff, 0xff,
    0xff, 0xff, 0xfe, 0x12, 0x22, 0x22, 0x25, 0xff,
    0x62, 0x22, 0x22, 0x22, 0x22, 0x22, 0x00, 0x00,
    0x00, 0x0a, 0xfc, 0x00, 0x00, 0x00, 0x00, 0x00,
    0x00, 0x00, 0x00, 0x00, 0x3f, 0xf3, 0x00, 0x00,
    0x18, 0x00, 0x00, 0x00, 0x00, 0x00, 0x00, 0xdf,
    0x90, 0x00, 0x00, 0x9f, 0xa0, 0x00, 0x00, 0x00,
    0x00, 0x07, 0xfe, 0x10, 0x00, 0x00, 0x0e, 0xf5,
    0x00, 0x00, 0x00, 0x00, 0x2f, 0xf4, 0x00, 0x00,
    0x00, 0x04, 0xff, 0x20, 0x00, 0x00, 0x00, 0xcf,
    0x90, 0x00, 0x00, 0x00, 0x00, 0x9f, 0xc0, 0x00,
    0x00, 0x09, 0xfc, 0x00, 0x00, 0x00, 0x13, 0x45,
    0x7f, 0xf6, 0x00, 0x00, 0x8f, 0xfb, 0xab, 0xde,
    0xff, 0xff, 0xff, 0xff, 0xff, 0x10, 0x00, 0xdf,
    0xff, 0xff, 0xff, 0xdc, 0xb9, 0x87, 0x54, 0xaf,
    0xa0, 0x00, 0x69, 0x75, 0x32, 0x00, 0x00, 0x00,
    0x00, 0x00, 0x1f, 0xf3, 0x00, 0x00, 0x00, 0x00,
    0x00, 0x00, 0x00, 0x00, 0x00, 0x06, 0x40,

    /* U+4EAE "亮" */
    0x00, 0x00, 0x00, 0x00, 0x00, 0x31, 0x00, 0x00,
    0x00, 0x00, 0x00, 0x00, 0x00, 0x00, 0x00, 0x04,
    0xfc, 0x00, 0x00, 0x00, 0x00, 0x00, 0x00, 0x00,
    0x00, 0x00, 0x00, 0xcf, 0x40, 0x00, 0x00, 0x00,
    0x00, 0xbf, 0xff, 0xff, 0xff, 0xff, 0xff, 0xff,
    0xff, 0xff, 0xff, 0xf4, 0x79, 0x99, 0x99, 0x99,
    0x99, 0x99, 0x99, 0x99, 0x99, 0x99, 0x92, 0x00,
    0x00, 0x00, 0x00, 0x00, 0x00, 0x00, 0x00, 0x00,
    0x00, 0x00, 0x00, 0x04, 0xff, 0xff, 0xff, 0xff,
    0xff, 0xff, 0xff, 0x30, 0x00, 0x00, 0x04, 0xfb,
    0x44, 0x44, 0x44, 0x44, 0x44, 0xbf, 0x30, 0x00,
    0x00, 0x04, 0xf9, 0x00, 0x00, 0x00, 0x00, 0x00,
    0x9f, 0x30, 0x00, 0x00, 0x04, 0xfc, 0x66, 0x66,
    0x66, 0x66, 0x66, 0xcf, 0x30, 0x00, 0x00, 0x03,
    0xee, 0xee, 0xee, 0xee, 0xee, 0xee, 0xee, 0x30,
    0x00, 0x00, 0x00, 0x00, 0x00, 0x00, 0x00, 0x00,
    0x00, 0x00, 0x00, 0x00, 0x5f, 0xff, 0xff, 0xff,
    0xff, 0xff, 0xff, 0xff, 0xff, 0xff, 0xd0, 0x5f,
    0xb7, 0x77, 0x77, 0x77, 0x77, 0x77, 0x77, 0x77,
    0x7e, 0xe0, 0x5f, 0x70, 0x00, 0x00, 0x00, 0x00,
    0x00, 0x00, 0x00, 0x0d, 0xe0, 0x5f, 0x70, 0x00,
    0x7b, 0x99, 0x99, 0x99, 0xa6, 0x00, 0x0d, 0xe0,
    0x00, 0x00, 0x00, 0xcf, 0xff, 0xff, 0xff, 0xfa,
    0x00, 0x00, 0x00, 0x00, 0x00, 0x00, 0xee, 0x00,
    0x00, 0x03, 0xfa, 0x00, 0x00, 0x00, 0x00, 0x00,
    0x03, 0xfb, 0x00, 0x00, 0x03, 0xfa, 0x00, 0x01,
    0x00, 0x00, 0x00, 0x0b, 0xf6, 0x00, 0x00, 0x03,
    0xfa, 0x00, 0x05, 0xe2, 0x00, 0x01, 0xaf, 0xd0,
    0x00, 0x00, 0x03, 0xfa, 0x00, 0x06, 0xf3, 0x26,
    0xaf, 0xfc, 0x10, 0x00, 0x00, 0x02, 0xfe, 0x99,
    0x9d, 0xf0, 0x4f, 0xfc, 0x60, 0x00, 0x00, 0x00,
    0x00, 0xaf, 0xff, 0xff, 0x70, 0x04, 0x10, 0x00,
    0x00, 0x00, 0x00, 0x00, 0x00, 0x00, 0x00, 0x00,

    /* U+4EC5 "仅" */
    0x00, 0x00, 0x00, 0x00, 0x00, 0x00, 0x00, 0x00,
    0x00, 0x00, 0x00, 0x00, 0x00, 0x00, 0x00, 0x4f,
    0x70, 0x00, 0x00, 0x00, 0x00, 0x00, 0x00, 0x00,
    0x00, 0x00, 0x00, 0xbf, 0x40, 0x00, 0x00, 0x00,
    0x00, 0x00, 0x00, 0x00, 0x00, 0x00, 0x03, 0xfc,
    0x3a, 0xaa, 0xaa, 0xaa, 0xaa, 0xaa, 0xb6, 0x00,
    0x00, 0x00, 0x0c, 0xf4, 0x6f, 0xff, 0xff, 0xff,
    0xff, 0xff, 0xf9, 0x00, 0x00, 0x00, 0x5f, 0xc0,
    0x06, 0xf5, 0x00, 0x00, 0x00, 0x06, 0xf6, 0x00,
    0x00, 0x01, 0xef, 0x40, 0x02, 0xf8, 0x00, 0x00,
    0x00, 0x09, 0xf2, 0x00, 0x00, 0x0b, 0xff, 0x10,
    0x00, 0xed, 0x00, 0x00, 0x00, 0x0d, 0xe0, 0x00,
    0x00, 0x7f, 0xff, 0x10, 0x00, 0x9f, 0x20, 0x00,
    0x00, 0x2f, 0xa0, 0x00, 0x04, 0xff, 0xdf, 0x10,
    0x00, 0x4f, 0x80, 0x00, 0x00, 0x8f, 0x40, 0x00,
    0x4f, 0xf7, 0xaf, 0x10, 0x00, 0x0e, 0xd0, 0x00,
    0x00, 0xee, 0x00, 0x00, 0x1f, 0x90, 0xaf, 0x10,
    0x00, 0x08, 0xf4, 0x00, 0x06, 0xf8, 0x00, 0x00,
    0x03, 0x00, 0xaf, 0x10, 0x00, 0x01, 0xfc, 0x00,
    0x0e, 0xf1, 0x00, 0x00, 0x00, 0x00, 0xaf, 0x10,
    0x00, 0x00, 0xaf, 0x40, 0x8f, 0x80, 0x00, 0x00,
    0x00, 0x00, 0xaf, 0x10, 0x00, 0x00, 0x2f, 0xd3,
    0xfe, 0x00, 0x00, 0x00, 0x00, 0x00, 0xaf, 0x10,
    0x00, 0x00, 0x08, 0xff, 0xf5, 0x00, 0x00, 0x00,
    0x00, 0x00, 0xaf, 0x10, 0x00, 0x00, 0x01, 0xff,
    0xa0, 0x00, 0x00, 0x00, 0x00, 0x00, 0xaf, 0x10,
    0x00, 0x00, 0x0b, 0xff, 0xf4, 0x00, 0x00, 0x00,
    0x00, 0x00, 0xaf, 0x10, 0x00, 0x01, 0xcf, 0xc5,
    0xff, 0x40, 0x00, 0x00, 0x00, 0x00, 0xaf, 0x10,
    0x00, 0x4e, 0xfb, 0x00, 0x5f, 0xf7, 0x00, 0x00,
    0x00, 0x00, 0xaf, 0x10, 0x2a, 0xff, 0x80, 0x00,
    0x04, 0xef, 0xd4, 0x00, 0x00, 0x00, 0xaf, 0x18,
    0xff, 0xc3, 0x00, 0x00, 0x00, 0x1a, 0xff, 0xc0,
    0x00, 0x00, 0xaf, 0x13, 0xd5, 0x00, 0x00, 0x00,
    0x00, 0x00, 0x3b, 0x40, 0x00, 0x00, 0x00, 0x00,
    0x00, 0x00, 0x00, 0x00, 0x00, 0x00, 0x00, 0x00,

    /* U+4ECA "今" */
    0x00, 0x00, 0x00, 0x00, 0x00, 0x00, 0x00, 0x00,
    0x00, 0x00, 0x00, 0x00, 0x00, 0x00, 0x00, 0x00,
    0x00, 0x08, 0xd3, 0x00, 0x00, 0x00, 0x00, 0x00,
    0x00, 0x00, 0x00, 0x00, 0x00, 0x5f, 0xf6, 0x00,
    0x00, 0x00, 0x00, 0x00, 0x00, 0x00, 0x00, 0x00,
    0x04, 0xff, 0xff, 0x40, 0x00, 0x00, 0x00, 0x00,
    0x00, 0x00, 0x00, 0x00, 0x4f, 0xf6, 0x3f, 0xf5,
    0x00, 0x00, 0x00, 0x00, 0x00, 0x00, 0x00, 0x06,
    0xff, 0x70, 0x04, 0xff, 0x70, 0x00, 0x00, 0x00,
    0x00, 0x00, 0x00, 0x9f, 0xf6, 0x00, 0x00, 0x3e,
    0xfb, 0x10, 0x00, 0x00, 0x00, 0x00, 0x2c, 0xff,
    0x40, 0x71, 0x00, 0x01, 0xcf, 0xe5, 0x00, 0x00,
    0x00, 0x18, 0xff, 0xc2, 0x05, 0xfe, 0x40, 0x00,
    0x09, 0xff, 0xb2, 0x00, 0x07, 0xef, 0xf7, 0x00,
    0x00, 0x4f, 0xf6, 0x00, 0x00, 0x4e, 0xff, 0xa0,
    0x08, 0xfb, 0x20, 0x00, 0x00, 0x02, 0xef, 0x90,
    0x00, 0x01, 0x9f, 0x50, 0x00, 0x30, 0x00, 0x00,
    0x00, 0x00, 0x1d, 0xc0, 0x00, 0x00, 0x01, 0x00,
    0x00, 0x00, 0x22, 0x22, 0x22, 0x22, 0x23, 0x32,
    0x22, 0x21, 0x00, 0x00, 0x00, 0x02, 0xff, 0xff,
    0xff, 0xff, 0xff, 0xff, 0xff, 0xff, 0x50, 0x00,
    0x00, 0x01, 0xbb, 0xbb, 0xbb, 0xbb, 0xbb, 0xbb,
    0xbf, 0xfc, 0x00, 0x00, 0x00, 0x00, 0x00, 0x00,
    0x00, 0x00, 0x00, 0x00, 0x4f, 0xe2, 0x00, 0x00,
    0x00, 0x00, 0x00, 0x00, 0x00, 0x00, 0x00, 0x02,
    0xff, 0x40, 0x00, 0x00, 0x00, 0x00, 0x00, 0x00,
    0x00, 0x00, 0x00, 0x0d, 0xf8, 0x00, 0x00, 0x00,
    0x00, 0x00, 0x00, 0x00, 0x00, 0x00, 0x00, 0xbf,
    0xb0, 0x00, 0x00, 0x00, 0x00, 0x00, 0x00, 0x00,
    0x00, 0x00, 0x08, 0xfd, 0x10, 0x00, 0x00, 0x00,
    0x00, 0x00, 0x00, 0x00, 0x00, 0x00, 0x5f, 0xf2,
    0x00, 0x00, 0x00, 0x00, 0x00, 0x00, 0x00, 0x00,
    0x00, 0x03, 0xff, 0x50, 0x00, 0x00, 0x00, 0x00,
    0x00, 0x00, 0x00, 0x00, 0x00, 0x07, 0xf7, 0x00,
    0x00, 0x00, 0x00, 0x00, 0x00, 0x00, 0x00, 0x00,
    0x00, 0x00, 0x00, 0x00, 0x00, 0x00, 0x00, 0x00,

    /* U+4EE5 "以" */
    0x00, 0x00, 0x00, 0x00, 0x00, 0x00, 0x00, 0x00,
    0x22, 0x00, 0x00, 0x00, 0x54, 0x00, 0x00, 0x00,
    0x00, 0x00, 0x00, 0xbf, 0x30, 0x00, 0x01, 0xfd,
    0x00, 0x05, 0xb1, 0x00, 0x00, 0x00, 0xcf, 0x20,
    0x00, 0x01, 0xfd, 0x00, 0x07, 0xfb, 0x00, 0x00,
    0x00, 0xdf, 0x00, 0x00, 0x01, 0xfd, 0x00, 0x00,
    0xcf, 0x60, 0x00, 0x00, 0xef, 0x00, 0x00, 0x01,
    0xfd, 0x00, 0x00, 0x2f, 0xf1, 0x00, 0x00, 0xfd,
    0x00, 0x00, 0x01, 0xfd, 0x00, 0x00, 0x07, 0xfa,
    0x00, 0x02, 0xfb, 0x00, 0x00, 0x01, 0xfd, 0x00,
    0x00, 0x00, 0xdf, 0x10, 0x04, 0xf9, 0x00, 0x00,
    0x01, 0xfd, 0x00, 0x00, 0x00, 0x42, 0x00, 0x07,
    0xf6, 0x00, 0x00, 0x01, 0xfd, 0x00, 0x00, 0x00,
    0x00, 0x00, 0x0a, 0xf3, 0x00, 0x00, 0x01, 0xfd,
    0x00, 0x00, 0x00, 0x00, 0x00, 0x0e, 0xf0, 0x00,
    0x00, 0x01, 0xfd, 0x00, 0x00, 0x00, 0x00, 0x00,
    0x3f, 0xc0, 0x00, 0x00, 0x01, 0xfd, 0x00, 0x00,
    0x00, 0x00, 0x00, 0x8f, 0x60, 0x00, 0x00, 0x01,
    0xfd, 0x00, 0x00, 0x23, 0x00, 0x00, 0xef, 0x10,
    0x00, 0x00, 0x01, 0xfd, 0x00, 0x3a, 0xfb, 0x00,
    0x07, 0xfd, 0x00, 0x00, 0x00, 0x01, 0xfd, 0x4b,
    0xff, 0xc4, 0x00, 0x1f, 0xff, 0xa0, 0x00, 0x00,
    0x03, 0xff, 0xff, 0xc4, 0x00, 0x00, 0xcf, 0x9b,
    0xfa, 0x00, 0x00, 0x1d, 0xff, 0xc3, 0x00, 0x00,
    0x0b, 0xfc, 0x00, 0xcf, 0xa0, 0x00, 0x2f, 0xc4,
    0x00, 0x00, 0x02, 0xcf, 0xd1, 0x00, 0x1d, 0xf8,
    0x00, 0x04, 0x00, 0x00, 0x00, 0x7f, 0xfc, 0x10,
    0x00, 0x02, 0xef, 0x60, 0x00, 0x00, 0x00, 0x4e,
    0xff, 0x80, 0x00, 0x00, 0x00, 0x4f, 0xf1, 0x00,
    0x00, 0x00, 0x0a, 0xb2, 0x00, 0x00, 0x00, 0x00,
    0x07, 0x30, 0x00, 0x00, 0x00, 0x00, 0x00, 0x00,
    0x00, 0x00, 0x00, 0x00, 0x00,

    /* U+4EF6 "件" */
    0x00, 0x00, 0x00, 0xb7, 0x00, 0x00, 0x00, 0x7b,
    0x00, 0x00, 0x00, 0x00, 0x00, 0x00, 0x4f, 0x90,
    0x0a, 0x60, 0x0b, 0xf1, 0x00, 0x00, 0x00, 0x00,
    0x00, 0x0a, 0xf2, 0x01, 0xfa, 0x00, 0xbf, 0x10,
    0x00, 0x00, 0x00, 0x00, 0x02, 0xfb, 0x00, 0x5f,
    0x70, 0x0b, 0xf1, 0x00, 0x00, 0x00, 0x00, 0x00,
    0xaf, 0x40, 0x09, 0xf3, 0x00, 0xbf, 0x20, 0x00,
    0x00, 0x00, 0x00, 0x3f, 0xd0, 0x00, 0xef, 0xff,
    0xff, 0xff, 0xff, 0xff, 0x90, 0x00, 0x0c, 0xfb,
    0x00, 0x4f, 0xdb, 0xbb, 0xef, 0xbb, 0xbb, 0xb6,
    0x00, 0x07, 0xff, 0xb0, 0x0b, 0xf2, 0x00, 0x0b,
    0xf1, 0x00, 0x00, 0x00, 0x03, 0xfe, 0xfb, 0x03,
    0xfb, 0x00, 0x00, 0xbf, 0x10, 0x00, 0x00, 0x01,
    0xef, 0x5f, 0xb0, 0x7f, 0x30, 0x00, 0x0b, 0xf1,
    0x00, 0x00, 0x00, 0x0b, 0x90, 0xfb, 0x00, 0x10,
    0x00, 0x00, 0xbf, 0x10, 0x00, 0x00, 0x00, 0x10,
    0x0f, 0xb0, 0x00, 0x00, 0x00, 0x0b, 0xf2, 0x00,
    0x00, 0x00, 0x00, 0x00, 0xfb, 0x09, 0xff, 0xff,
    0xff, 0xff, 0xff, 0xff, 0xff, 0xa0, 0x00, 0x0f,
    0xb0, 0x7b, 0xbb, 0xbb, 0xbe, 0xfc, 0xbb, 0xbb,
    0xb7, 0x00, 0x00, 0xfb, 0x00, 0x00, 0x00, 0x00,
    0xbf, 0x10, 0x00, 0x00, 0x00, 0x00, 0x0f, 0xb0,
    0x00, 0x00, 0x00, 0x0b, 0xf1, 0x00, 0x00, 0x00,
    0x00, 0x00, 0xfb, 0x00, 0x00, 0x00, 0x00, 0xbf,
    0x10, 0x00, 0x00, 0x00, 0x00, 0x0f, 0xb0, 0x00,
    0x00, 0x00, 0x0b, 0xf1, 0x00, 0x00, 0x00, 0x00,
    0x00, 0xfb, 0x00, 0x00, 0x00, 0x00, 0xbf, 0x10,
    0x00, 0x00, 0x00, 0x00, 0x0f, 0xb0, 0x00, 0x00,
    0x00, 0x0b, 0xf1, 0x00, 0x00, 0x00, 0x00, 0x00,
    0xfb, 0x00, 0x00, 0x00, 0x00, 0xbf, 0x10, 0x00,
    0x00, 0x00, 0x00, 0x0f, 0xb0, 0x00, 0x00, 0x00,
    0x0b, 0xf1, 0x00, 0x00, 0x00,

    /* U+4F1A "会" */
    0x00, 0x00, 0x00, 0x00, 0x00, 0x00, 0x00, 0x00,
    0x00, 0x00, 0x00, 0x00, 0x00, 0x00, 0x00, 0x00,
    0x06, 0xf6, 0x00, 0x00, 0x00, 0x00, 0x00, 0x00,
    0x00, 0x00, 0x00, 0x03, 0xff, 0x50, 0x00, 0x00,
    0x00, 0x00, 0x00, 0x00, 0x00, 0x00, 0x03, 0xff,
    0xfe, 0x30, 0x00, 0x00, 0x00, 0x00, 0x00, 0x00,
    0x00, 0x05, 0xff, 0x63, 0xff, 0x50, 0x00, 0x00,
    0x00, 0x00, 0x00, 0x00, 0x08, 0xff, 0x50, 0x02,
    0xdf, 0x91, 0x00, 0x00, 0x00, 0x00, 0x00, 0x3d,
    0xfe, 0x30, 0x00, 0x01, 0xbf, 0xe5, 0x00, 0x00,
    0x00, 0x01, 0xaf, 0xfb, 0x10, 0x00, 0x00, 0x00,
    0x7f, 0xfc, 0x40, 0x00, 0x29, 0xff, 0xed, 0xbb,
    0xbb, 0xbb, 0xbb, 0xbb, 0xbb, 0xff, 0xd6, 0x09,
    0xff, 0x80, 0xaf, 0xff, 0xff, 0xff, 0xff, 0xfb,
    0x04, 0xcf, 0x70, 0x07, 0x10, 0x00, 0x00, 0x00,
    0x00, 0x00, 0x00, 0x00, 0x00, 0x30, 0x00, 0x00,
    0x00, 0x00, 0x00, 0x00, 0x00, 0x00, 0x00, 0x00,
    0x00, 0x00, 0x00, 0x00, 0x00, 0x00, 0x00, 0x00,
    0x00, 0x00, 0x00, 0x00, 0x00, 0x00, 0xdf, 0xff,
    0xff, 0xff, 0xff, 0xff, 0xff, 0xff, 0xff, 0xff,
    0x00, 0x09, 0xbb, 0xbb, 0xbb, 0xff, 0xdb, 0xbb,
    0xbb, 0xbb, 0xbb, 0xb0, 0x00, 0x00, 0x00, 0x00,
    0x9f, 0xc0, 0x00, 0x00, 0x20, 0x00, 0x00, 0x00,
    0x00, 0x00, 0x00, 0x6f, 0xe1, 0x00, 0x00, 0xee,
    0x30, 0x00, 0x00, 0x00, 0x00, 0x00, 0x4f, 0xf3,
    0x00, 0x00, 0x04, 0xff, 0x30, 0x00, 0x00, 0x00,
    0x00, 0x3f, 0xf4, 0x00, 0x00, 0x00, 0x04, 0xfe,
    0x20, 0x00, 0x00, 0x00, 0x4f, 0xf4, 0x00, 0x13,
    0x45, 0x68, 0x9e, 0xfd, 0x10, 0x00, 0x00, 0x7f,
    0xff, 0xef, 0xff, 0xff, 0xff, 0xff, 0xff, 0xfb,
    0x00, 0x00, 0x08, 0xff, 0xfe, 0xcb, 0xa8, 0x75,
    0x43, 0x10, 0x0c, 0xf6, 0x00, 0x00, 0x24, 0x10,
    0x00, 0x00, 0x00, 0x00, 0x00, 0x00, 0x2a, 0x20,
    0x00,

    /* U+4F20 "传" */
    0x00, 0x00, 0x00, 0x20, 0x00, 0x00, 0x01, 0x20,
    0x00, 0x00, 0x00, 0x00, 0x00, 0x00, 0x0d, 0xe0,
    0x00, 0x00, 0x6f, 0x70, 0x00, 0x00, 0x00, 0x00,
    0x00, 0x04, 0xf9, 0x00, 0x00, 0x0a, 0xf2, 0x00,
    0x00, 0x00, 0x00, 0x00, 0x00, 0xbf, 0x35, 0x99,
    0x99, 0xff, 0x99, 0x99, 0x99, 0x80, 0x00, 0x00,
    0x3f, 0xb0, 0x9f, 0xff, 0xff, 0xff, 0xff, 0xff,
    0xfd, 0x00, 0x00, 0x0c, 0xf3, 0x00, 0x11, 0x17,
    0xf6, 0x11, 0x11, 0x11, 0x10, 0x00, 0x05, 0xfc,
    0x00, 0x00, 0x00, 0xaf, 0x20, 0x00, 0x00, 0x00,
    0x00, 0x01, 0xef, 0xa0, 0x00, 0x00, 0x0e, 0xd0,
    0x00, 0x00, 0x00, 0x00, 0x00, 0xbf, 0xfa, 0x0b,
    0xcc, 0xcc, 0xfe, 0xcc, 0xcc, 0xcc, 0xcc, 0xb0,
    0x7f, 0xef, 0xa0, 0xef, 0xff, 0xff, 0xff, 0xff,
    0xff, 0xff, 0xfe, 0x4f, 0xf4, 0xfa, 0x00, 0x00,
    0x0c, 0xf0, 0x00, 0x00, 0x00, 0x00, 0x00, 0xe5,
    0x1f, 0xa0, 0x00, 0x01, 0xfb, 0x00, 0x00, 0x00,
    0x00, 0x00, 0x02, 0x01, 0xfa, 0x00, 0x00, 0x6f,
    0x71, 0x11, 0x11, 0x11, 0x10, 0x00, 0x00, 0x1f,
    0xa0, 0x00, 0x0b, 0xff, 0xff, 0xff, 0xff, 0xff,
    0x40, 0x00, 0x01, 0xfa, 0x00, 0x00, 0x9a, 0xaa,
    0xaa, 0xaa, 0xef, 0xc0, 0x00, 0x00, 0x1f, 0xa0,
    0x00, 0x00, 0x00, 0x00, 0x00, 0x5f, 0xe1, 0x00,
    0x00, 0x01, 0xfa, 0x00, 0x00, 0x00, 0x00, 0x00,
    0x3f, 0xe2, 0x00, 0x00, 0x00, 0x1f, 0xa0, 0x00,
    0x00, 0x1b, 0x50, 0x3f, 0xf3, 0x00, 0x00, 0x00,
    0x01, 0xfa, 0x00, 0x00, 0x04, 0xef, 0xbe, 0xf4,
    0x00, 0x00, 0x00, 0x00, 0x1f, 0xa0, 0x00, 0x00,
    0x01, 0xaf, 0xf8, 0x00, 0x00, 0x00, 0x00, 0x01,
    0xfa, 0x00, 0x00, 0x00, 0x00, 0x6f, 0xf8, 0x00,
    0x00, 0x00, 0x00, 0x1f, 0xa0, 0x00, 0x00, 0x00,
    0x00, 0x3e, 0xf9, 0x00, 0x00, 0x00, 0x01, 0xfa,
    0x00, 0x00, 0x00, 0x00, 0x00, 0x2c, 0x30, 0x00,
    0x00, 0x00, 0x00, 0x00, 0x00, 0x00, 0x00, 0x00,
    0x00, 0x00, 0x00, 0x00,

    /* U+4F5C "作" */
    0x00, 0x00, 0x00, 0x3a, 0x30, 0x00, 0x37, 0x20,
    0x00, 0x00, 0x00, 0x00, 0x00, 0x00, 0x00, 0xaf,
    0x40, 0x00, 0xaf, 0x40, 0x00, 0x00, 0x00, 0x00,
    0x00, 0x00, 0x02, 0xfd, 0x00, 0x01, 0xfd, 0x00,
    0x00, 0x00, 0x00, 0x00, 0x00, 0x00, 0x0a, 0xf6,
    0x00, 0x08, 0xf6, 0x00, 0x00, 0x00, 0x00, 0x00,
    0x00, 0x00, 0x4f, 0xd0, 0x00, 0x1f, 0xff, 0xff,
    0xff, 0xff, 0xff, 0xf4, 0x00, 0x00, 0xdf, 0x50,
    0x00, 0xaf, 0xdc, 0xff, 0xcc, 0xcc, 0xcc, 0xc4,
    0x00, 0x08, 0xff, 0x10, 0x04, 0xfc, 0x00, 0xfd,
    0x00, 0x00, 0x00, 0x00, 0x00, 0x4f, 0xff, 0x10,
    0x1e, 0xf3, 0x00, 0xfd, 0x00, 0x00, 0x00, 0x00,
    0x03, 0xff, 0xef, 0x10, 0xcf, 0x80, 0x00, 0xfd,
    0x00, 0x00, 0x00, 0x00, 0x0e, 0xf8, 0xbf, 0x15,
    0xfb, 0x00, 0x00, 0xff, 0xff, 0xff, 0xff, 0xb0,
    0x08, 0xb0, 0xbf, 0x10, 0x41, 0x00, 0x00, 0xff,
    0xbb, 0xbb, 0xbb, 0x80, 0x00, 0x00, 0xbf, 0x10,
    0x00, 0x00, 0x00, 0xfd, 0x00, 0x00, 0x00, 0x00,
    0x00, 0x00, 0xbf, 0x10, 0x00, 0x00, 0x00, 0xfd,
    0x00, 0x00, 0x00, 0x00, 0x00, 0x00, 0xbf, 0x10,
    0x00, 0x00, 0x00, 0xfd, 0x00, 0x00, 0x00, 0x00,
    0x00, 0x00, 0xbf, 0x10, 0x00, 0x00, 0x00, 0xff,
    0xaa, 0xaa, 0xaa, 0xa0, 0x00, 0x00, 0xbf, 0x10,
    0x00, 0x00, 0x00, 0xff, 0xff, 0xff, 0xff, 0xf1,
    0x00, 0x00, 0xbf, 0x10, 0x00, 0x00, 0x00, 0xfd,
    0x00, 0x00, 0x00, 0x00, 0x00, 0x00, 0xbf, 0x10,
    0x00, 0x00, 0x00, 0xfd, 0x00, 0x00, 0x00, 0x00,
    0x00, 0x00, 0xbf, 0x10, 0x00, 0x00, 0x00, 0xfd,
    0x00, 0x00, 0x00, 0x00, 0x00, 0x00, 0xbf, 0x10,
    0x00, 0x00, 0x00, 0xfd, 0x00, 0x00, 0x00, 0x00,
    0x00, 0x00, 0xbf, 0x10, 0x00, 0x00, 0x00, 0xfd,
    0x00, 0x00, 0x00, 0x00, 0x00, 0x00, 0xbf, 0x10,
    0x00, 0x00, 0x00, 0xfd, 0x00, 0x00, 0x00, 0x00,

    /* U+4F7F "使" */
    0x00, 0x00, 0x00, 0x11, 0x00, 0x00, 0x00, 0x12,
    0x00, 0x00, 0x00, 0x00, 0x00, 0x00, 0x00, 0xaf,
    0x20, 0x00, 0x00, 0xaf, 0x10, 0x00, 0x00, 0x00,
    0x00, 0x00, 0x01, 0xfc, 0x00, 0x00, 0x00, 0xaf,
    0x10, 0x00, 0x00, 0x00, 0x00, 0x00, 0x09, 0xf8,
    0x99, 0x99, 0x99, 0xef, 0xa9, 0x99, 0x99, 0x90,
    0x00, 0x00, 0x2f, 0xd5, 0xff, 0xff, 0xff, 0xff,
    0xff, 0xff, 0xff, 0xf0, 0x00, 0x00, 0xbf, 0x40,
    0x00, 0x00, 0x00, 0xbf, 0x20, 0x00, 0x00, 0x00,
    0x00, 0x05, 0xff, 0x00, 0x00, 0x00, 0x00, 0xaf,
    0x10, 0x00, 0x00, 0x00, 0x00, 0x2f, 0xff, 0x00,
    0x47, 0x77, 0x77, 0xdf, 0x87, 0x77, 0x77, 0x10,
    0x00, 0xdf, 0xff, 0x00, 0x9f, 0xff, 0xff, 0xff,
    0xff, 0xff, 0xff, 0x20, 0x0b, 0xfa, 0xcf, 0x00,
    0x9f, 0x10, 0x00, 0xbf, 0x10, 0x00, 0x9f, 0x20,
    0x3f, 0xd0, 0xcf, 0x00, 0x9f, 0x10, 0x00, 0xaf,
    0x10, 0x00, 0x9f, 0x20, 0x08, 0x20, 0xcf, 0x00,
    0x9f, 0x10, 0x00, 0xaf, 0x10, 0x00, 0x9f, 0x20,
    0x00, 0x00, 0xcf, 0x00, 0x9f, 0x87, 0x77, 0xdf,
    0x87, 0x77, 0xcf, 0x20, 0x00, 0x00, 0xcf, 0x00,
    0x9f, 0xff, 0xff, 0xff, 0xff, 0xff, 0xff, 0x20,
    0x00, 0x00, 0xcf, 0x00, 0x15, 0x10, 0x00, 0xee,
    0x00, 0x00, 0x00, 0x00, 0x00, 0x00, 0xcf, 0x00,
    0x4f, 0x90, 0x01, 0xfb, 0x00, 0x00, 0x00, 0x00,
    0x00, 0x00, 0xcf, 0x00, 0x09, 0xf7, 0x06, 0xf7,
    0x00, 0x00, 0x00, 0x00, 0x00, 0x00, 0xcf, 0x00,
    0x00, 0xbf, 0x8d, 0xf1, 0x00, 0x00, 0x00, 0x00,
    0x00, 0x00, 0xcf, 0x00, 0x00, 0x0b, 0xff, 0xa0,
    0x00, 0x00, 0x00, 0x00, 0x00, 0x00, 0xcf, 0x00,
    0x00, 0x1a, 0xff, 0xfb, 0x50, 0x00, 0x00, 0x00,
    0x00, 0x00, 0xcf, 0x00, 0x17, 0xef, 0xb3, 0xaf,
    0xfe, 0xa6, 0x20, 0x00, 0x00, 0x00, 0xcf, 0x0a,
    0xff, 0xe6, 0x00, 0x02, 0x8e, 0xff, 0xff, 0xb0,
    0x00, 0x00, 0xcf, 0x06, 0xc6, 0x00, 0x00, 0x00,
    0x00, 0x27, 0xad, 0x50,

    /* U+4F9B "供" */
    0x00, 0x00, 0x00, 0x00, 0x00, 0x00, 0x00, 0x00,
    0x00, 0x00, 0x00, 0x00, 0x00, 0x00, 0x0b, 0xc0,
    0x00, 0xbd, 0x00, 0x00, 0x9e, 0x20, 0x00, 0x00,
    0x00, 0x02, 0xfc, 0x00, 0x0d, 0xe0, 0x00, 0x0a,
    0xf2, 0x00, 0x00, 0x00, 0x00, 0x9f, 0x50, 0x00,
    0xde, 0x00, 0x00, 0xaf, 0x20, 0x00, 0x00, 0x00,
    0x2f, 0xd0, 0x00, 0x0d, 0xe0, 0x00, 0x0a, 0xf2,
    0x00, 0x00, 0x00, 0x0b, 0xf5, 0x00, 0x00, 0xde,
    0x00, 0x00, 0xaf, 0x30, 0x00, 0x00, 0x04, 0xfd,
    0x00, 0xef, 0xff, 0xff, 0xff, 0xff, 0xff, 0xff,
    0x90, 0x00, 0xef, 0xb0, 0x0a, 0xbb, 0xff, 0xbb,
    0xbb, 0xef, 0xcb, 0xb6, 0x00, 0xaf, 0xfb, 0x00,
    0x00, 0x0d, 0xe0, 0x00, 0x0a, 0xf2, 0x00, 0x00,
    0x7f, 0xef, 0xb0, 0x00, 0x00, 0xde, 0x00, 0x00,
    0xaf, 0x20, 0x00, 0x3f, 0xf4, 0xfb, 0x00, 0x00,
    0x0d, 0xe0, 0x00, 0x0a, 0xf2, 0x00, 0x00, 0xe6,
    0x1f, 0xb0, 0x00, 0x00, 0xde, 0x00, 0x00, 0xaf,
    0x20, 0x00, 0x01, 0x01, 0xfb, 0x00, 0x00, 0x0d,
    0xe0, 0x00, 0x0a, 0xf2, 0x00, 0x00, 0x00, 0x1f,
    0xb0, 0x12, 0x22, 0xdf, 0x22, 0x22, 0xbf, 0x42,
    0x22, 0x00, 0x01, 0xfb, 0x08, 0xff, 0xff, 0xff,
    0xff, 0xff, 0xff, 0xff, 0xd0, 0x00, 0x1f, 0xb0,
    0x59, 0x99, 0x99, 0x99, 0x99, 0x99, 0x99, 0x98,
    0x00, 0x01, 0xfb, 0x00, 0x00, 0x00, 0x00, 0x00,
    0x00, 0x00, 0x00, 0x00, 0x00, 0x1f, 0xb0, 0x00,
    0x00, 0xbc, 0x10, 0x00, 0x8b, 0x00, 0x00, 0x00,
    0x01, 0xfb, 0x00, 0x00, 0x6f, 0xb0, 0x00, 0x06,
    0xfc, 0x00, 0x00, 0x00, 0x1f, 0xb0, 0x00, 0x3f,
    0xe1, 0x00, 0x00, 0x08, 0xfa, 0x00, 0x00, 0x01,
    0xfb, 0x00, 0x3e, 0xf3, 0x00, 0x00, 0x00, 0x0b,
    0xf7, 0x00, 0x00, 0x1f, 0xb0, 0x4f, 0xf4, 0x00,
    0x00, 0x00, 0x00, 0x0d, 0xf3, 0x00, 0x01, 0xfb,
    0x01, 0xb5, 0x00, 0x00, 0x00, 0x00, 0x00, 0x4c,
    0x20, 0x00, 0x00, 0x00, 0x00, 0x00, 0x00, 0x00,
    0x00, 0x00, 0x00, 0x00,

    /* U+4FDD "保" */
    0x00, 0x00, 0x00, 0x00, 0x00, 0x00, 0x00, 0x00,
    0x00, 0x00, 0x00, 0x00, 0x00, 0x00, 0x00, 0x9d,
    0x20, 0x00, 0x00, 0x00, 0x00, 0x00, 0x00, 0x00,
    0x00, 0x00, 0x00, 0xfe, 0x0c, 0xff, 0xff, 0xff,
    0xff, 0xff, 0xfb, 0x00, 0x00, 0x00, 0x07, 0xf6,
    0x0c, 0xf9, 0x99, 0x99, 0x99, 0x99, 0xfb, 0x00,
    0x00, 0x00, 0x1f, 0xe0, 0x0c, 0xe0, 0x00, 0x00,
    0x00, 0x01, 0xfb, 0x00, 0x00, 0x00, 0x9f, 0x60,
    0x0c, 0xe0, 0x00, 0x00, 0x00, 0x01, 0xfb, 0x00,
    0x00, 0x04, 0xff, 0x00, 0x0c, 0xe0, 0x00, 0x00,
    0x00, 0x01, 0xfb, 0x00, 0x00, 0x1e, 0xff, 0x00,
    0x0c, 0xe0, 0x00, 0x00, 0x00, 0x01, 0xfb, 0x00,
    0x00, 0xbf, 0xff, 0x00, 0x0c, 0xff, 0xff, 0xff,
    0xff, 0xff, 0xfb, 0x00, 0x09, 0xfc, 0xcf, 0x00,
    0x08, 0xaa, 0xaa, 0xef, 0xaa, 0xaa, 0xa7, 0x00,
    0x2f, 0xe1, 0xcf, 0x00, 0x00, 0x00, 0x00, 0xbf,
    0x10, 0x00, 0x00, 0x00, 0x08, 0x20, 0xcf, 0x00,
    0x00, 0x00, 0x00, 0xbf, 0x10, 0x00, 0x00, 0x00,
    0x00, 0x00, 0xcf, 0x07, 0x99, 0x99, 0x99, 0xef,
    0xa9, 0x99, 0x99, 0x70, 0x00, 0x00, 0xcf, 0x0b,
    0xff, 0xff, 0xff, 0xff, 0xff, 0xff, 0xff, 0xd0,
    0x00, 0x00, 0xcf, 0x00, 0x00, 0x00, 0x2f, 0xff,
    0xf7, 0x00, 0x00, 0x00, 0x00, 0x00, 0xcf, 0x00,
    0x00, 0x00, 0xbf, 0xdf, 0xcf, 0x20, 0x00, 0x00,
    0x00, 0x00, 0xcf, 0x00, 0x00, 0x09, 0xf7, 0xbf,
    0x2e, 0xd1, 0x00, 0x00, 0x00, 0x00, 0xcf, 0x00,
    0x00, 0x7f, 0xb0, 0xbf, 0x14, 0xfb, 0x00, 0x00,
    0x00, 0x00, 0xcf, 0x00, 0x08, 0xfd, 0x10, 0xbf,
    0x10, 0x7f, 0xb1, 0x00, 0x00, 0x00, 0xcf, 0x01,
    0xbf, 0xd1, 0x00, 0xbf, 0x10, 0x08, 0xfd, 0x20,
    0x00, 0x00, 0xcf, 0x1e, 0xfc, 0x10, 0x00, 0xbf,
    0x10, 0x00, 0x8f, 0xf2, 0x00, 0x00, 0xcf, 0x06,
    0x80, 0x00, 0x00, 0xbf, 0x10, 0x00, 0x05, 0x90,
    0x00, 0x00, 0xbd, 0x00, 0x00, 0x00, 0x00, 0xbf,
    0x10, 0x00, 0x00, 0x00,

    /* U+5012 "倒" */
    0x00, 0x00, 0x04, 0x20, 0x00, 0x00, 0x00, 0x00,
    0x00, 0x00, 0x00, 0x00, 0x00, 0x00, 0xfc, 0x00,
    0x00, 0x00, 0x00, 0x00, 0x00, 0x08, 0xe0, 0x00,
    0x00, 0x4f, 0x78, 0x88, 0x88, 0x88, 0x87, 0x03,
    0x10, 0x9f, 0x00, 0x00, 0x0a, 0xf2, 0xff, 0xff,
    0xff, 0xff, 0xd0, 0xf8, 0x09, 0xf0, 0x00, 0x01,
    0xfb, 0x01, 0x1c, 0xf3, 0x11, 0x11, 0x0f, 0x80,
    0x9f, 0x00, 0x00, 0x8f, 0x50, 0x02, 0xfa, 0x03,
    0x70, 0x00, 0xf8, 0x09, 0xf0, 0x00, 0x1f, 0xf2,
    0x00, 0xaf, 0x20, 0x4f, 0x60, 0x0f, 0x80, 0x9f,
    0x00, 0x08, 0xff, 0x10, 0x2f, 0x90, 0x00, 0xbe,
    0x10, 0xf8, 0x09, 0xf0, 0x01, 0xff, 0xf1, 0x1c,
    0xf9, 0xbd, 0xff, 0xf9, 0x0f, 0x80, 0x9f, 0x00,
    0xbf, 0xef, 0x11, 0xff, 0xec, 0x97, 0x4a, 0xf2,
    0xf8, 0x09, 0xf0, 0x5f, 0xc9, 0xf1, 0x05, 0x10,
    0x33, 0x00, 0x29, 0x2f, 0x80, 0x9f, 0x02, 0xf2,
    0x9f, 0x10, 0x00, 0x0e, 0xd0, 0x00, 0x00, 0xf8,
    0x09, 0xf0, 0x03, 0x09, 0xf1, 0x00, 0x00, 0xed,
    0x00, 0x00, 0x0f, 0x80, 0x9f, 0x00, 0x00, 0x9f,
    0x13, 0x99, 0x9f, 0xe9, 0x99, 0x50, 0xf8, 0x09,
    0xf0, 0x00, 0x09, 0xf1, 0x5f, 0xff, 0xff, 0xff,
    0xf9, 0x0f, 0x80, 0x9f, 0x00, 0x00, 0x9f, 0x10,
    0x00, 0x0e, 0xd0, 0x00, 0x00, 0xf8, 0x09, 0xf0,
    0x00, 0x09, 0xf1, 0x00, 0x00, 0xed, 0x00, 0x00,
    0x0f, 0x80, 0x9f, 0x00, 0x00, 0x9f, 0x10, 0x00,
    0x0e, 0xd0, 0x03, 0x50, 0x00, 0x09, 0xf0, 0x00,
    0x09, 0xf1, 0x00, 0x35, 0xff, 0xdf, 0xff, 0x00,
    0x00, 0x9f, 0x00, 0x00, 0x9f, 0x1c, 0xff, 0xff,
    0xc9, 0x74, 0x10, 0x00, 0x09, 0xf0, 0x00, 0x09,
    0xf1, 0x77, 0x42, 0x00, 0x00, 0x00, 0x29, 0x88,
    0xdf, 0x00, 0x00, 0x9f, 0x10, 0x00, 0x00, 0x00,
    0x00, 0x00, 0xef, 0xfd, 0x60, 0x00, 0x09, 0xf1,
    0x00, 0x00, 0x00, 0x00, 0x00, 0x00, 0x00, 0x00,
    0x00,

    /* U+505C "停" */
    0x00, 0x00, 0x00, 0x00, 0x00, 0x00, 0x00, 0x11,
    0x00, 0x00, 0x00, 0x00, 0x00, 0x00, 0x0d, 0xb0,
    0x00, 0x00, 0x3f, 0xa0, 0x00, 0x00, 0x00, 0x00,
    0x00, 0x03, 0xf9, 0x00, 0x00, 0x00, 0xcf, 0x30,
    0x00, 0x00, 0x00, 0x00, 0x00, 0xaf, 0x5f, 0xff,
    0xff, 0xff, 0xff, 0xff, 0xff, 0xff, 0x00, 0x00,
    0x2f, 0xc1, 0x88, 0x88, 0x88, 0x88, 0x88, 0x88,
    0x88, 0x80, 0x00, 0x0a, 0xf4, 0x00, 0x12, 0x22,
    0x22, 0x22, 0x22, 0x22, 0x00, 0x00, 0x03, 0xfc,
    0x00, 0x06, 0xff, 0xff, 0xff, 0xff, 0xff, 0xe0,
    0x00, 0x00, 0xdf, 0x90, 0x00, 0x6f, 0x52, 0x22,
    0x22, 0x22, 0xde, 0x00, 0x00, 0x8f, 0xf9, 0x00,
    0x06, 0xf4, 0x00, 0x00, 0x00, 0x0d, 0xe0, 0x00,
    0x4f, 0xff, 0x90, 0x00, 0x6f, 0xff, 0xff, 0xff,
    0xff, 0xfe, 0x00, 0x0e, 0xf5, 0xf9, 0x00, 0x02,
    0x55, 0x55, 0x55, 0x55, 0x55, 0x50, 0x00, 0x88,
    0x1f, 0x90, 0x00, 0x00, 0x00, 0x00, 0x00, 0x00,
    0x00, 0x00, 0x00, 0x01, 0xf9, 0x08, 0xff, 0xff,
    0xff, 0xff, 0xff, 0xff, 0xff, 0xf0, 0x00, 0x1f,
    0x90, 0x8f, 0x77, 0x77, 0x77, 0x77, 0x77, 0x77,
    0xdf, 0x00, 0x01, 0xf9, 0x08, 0xf1, 0x00, 0x00,
    0x00, 0x00, 0x00, 0x0b, 0xf0, 0x00, 0x1f, 0x90,
    0x6d, 0x4a, 0xaa, 0xaa, 0xaa, 0xaa, 0xa6, 0x9c,
    0x00, 0x01, 0xf9, 0x00, 0x05, 0xdd, 0xdd, 0xff,
    0xdd, 0xdd, 0x80, 0x00, 0x00, 0x1f, 0x90, 0x00,
    0x00, 0x00, 0x0b, 0xf1, 0x00, 0x00, 0x00, 0x00,
    0x01, 0xf9, 0x00, 0x00, 0x00, 0x00, 0xbf, 0x10,
    0x00, 0x00, 0x00, 0x00, 0x1f, 0x90, 0x00, 0x00,
    0x00, 0x0b, 0xf1, 0x00, 0x00, 0x00, 0x00, 0x01,
    0xf9, 0x00, 0x00, 0x00, 0x00, 0xbf, 0x10, 0x00,
    0x00, 0x00, 0x00, 0x1f, 0x90, 0x00, 0x01, 0x88,
    0x8e, 0xf0, 0x00, 0x00, 0x00, 0x00, 0x01, 0xf9,
    0x00, 0x00, 0x0e, 0xff, 0xe8, 0x00, 0x00, 0x00,
    0x00, 0x00, 0x00, 0x00, 0x00, 0x00, 0x00, 0x00,
    0x00, 0x00, 0x00, 0x00,

    /* U+5141 "允" */
    0x00, 0x00, 0x00, 0x00, 0x00, 0xa5, 0x00, 0x00,
    0x00, 0x00, 0x00, 0x00, 0x00, 0x00, 0x00, 0x00,
    0x08, 0xfd, 0x00, 0x00, 0x00, 0x00, 0x00, 0x00,
    0x00, 0x00, 0x00, 0x00, 0x2f, 0xf3, 0x00, 0x00,
    0x00, 0x00, 0x00, 0x00, 0x00, 0x00, 0x00, 0x00,
    0xcf, 0x70, 0x00, 0x06, 0x20, 0x00, 0x00, 0x00,
    0x00, 0x00, 0x00, 0x08, 0xfb, 0x00, 0x00, 0x4f,
    0xd0, 0x00, 0x00, 0x00, 0x00, 0x00, 0x00, 0x3f,
    0xe1, 0x00, 0x00, 0x08, 0xfa, 0x00, 0x00, 0x00,
    0x00, 0x00, 0x01, 0xef, 0x30, 0x00, 0x00, 0x00,
    0xbf, 0x60, 0x00, 0x00, 0x00, 0x00, 0x0c, 0xf6,
    0x00, 0x00, 0x00, 0x00, 0x1e, 0xf3, 0x00, 0x00,
    0x00, 0x00, 0xbf, 0x80, 0x12, 0x34, 0x57, 0x89,
    0xad, 0xfd, 0x00, 0x00, 0x00, 0x0c, 0xff, 0xff,
    0xff, 0xff, 0xff, 0xff, 0xfe, 0xef, 0xa0, 0x00,
    0x00, 0x0b, 0xff, 0xdc, 0xff, 0x86, 0x55, 0xfc,
    0x00, 0x0d, 0xf5, 0x00, 0x00, 0x02, 0x10, 0x00,
    0xef, 0x00, 0x01, 0xfc, 0x00, 0x03, 0x90, 0x00,
    0x00, 0x00, 0x00, 0x00, 0xfd, 0x00, 0x01, 0xfc,
    0x00, 0x00, 0x00, 0x00, 0x00, 0x00, 0x00, 0x02,
    0xfb, 0x00, 0x01, 0xfc, 0x00, 0x00, 0x00, 0x00,
    0x00, 0x00, 0x00, 0x05, 0xf9, 0x00, 0x01, 0xfc,
    0x00, 0x00, 0x00, 0x00, 0x00, 0x00, 0x00, 0x09,
    0xf5, 0x00, 0x01, 0xfc, 0x00, 0x00, 0x00, 0x00,
    0x00, 0x00, 0x00, 0x0e, 0xf1, 0x00, 0x01, 0xfc,
    0x00, 0x00, 0x09, 0xb1, 0x00, 0x00, 0x00, 0x8f,
    0xa0, 0x00, 0x01, 0xfc, 0x00, 0x00, 0x09, 0xf1,
    0x00, 0x00, 0x05, 0xff, 0x10, 0x00, 0x01, 0xfc,
    0x00, 0x00, 0x0b, 0xf0, 0x00, 0x00, 0x8f, 0xf4,
    0x00, 0x00, 0x01, 0xfc, 0x00, 0x00, 0x0d, 0xd0,
    0x03, 0x8e, 0xfe, 0x40, 0x00, 0x00, 0x00, 0xff,
    0xcb, 0xbb, 0xdf, 0x90, 0x0b, 0xff, 0x81, 0x00,
    0x00, 0x00, 0x00, 0x6e, 0xff, 0xff, 0xfc, 0x10,
    0x02, 0x50, 0x00, 0x00, 0x00, 0x00, 0x00, 0x00,
    0x00, 0x00, 0x00, 0x00,

    /* U+5145 "充" */
    0x00, 0x00, 0x00, 0x00, 0x00, 0x00, 0x00, 0x00,
    0x00, 0x00, 0x00, 0x00, 0x00, 0x00, 0x00, 0x00,
    0x4d, 0x90, 0x00, 0x00, 0x00, 0x00, 0x00, 0x00,
    0x00, 0x00, 0x00, 0x00, 0xef, 0x30, 0x00, 0x00,
    0x00, 0x00, 0x00, 0x00, 0x00, 0x00, 0x00, 0x05,
    0xfd, 0x00, 0x00, 0x00, 0x00, 0x00, 0x01, 0x11,
    0x11, 0x11, 0x11, 0x1c, 0x92, 0x11, 0x11, 0x11,
    0x11, 0x02, 0xff, 0xff, 0xff, 0xff, 0xff, 0xff,
    0xff, 0xff, 0xff, 0xff, 0xb0, 0x1a, 0xaa, 0xaa,
    0xae, 0xfe, 0xaa, 0xaa, 0xaa, 0xaa, 0xaa, 0xa7,
    0x00, 0x00, 0x00, 0x02, 0xff, 0x40, 0x00, 0x03,
    0x30, 0x00, 0x00, 0x00, 0x00, 0x00, 0x01, 0xdf,
    0x70, 0x00, 0x01, 0xef, 0x60, 0x00, 0x00, 0x00,
    0x00, 0x00, 0xcf, 0x90, 0x00, 0x00, 0x02, 0xdf,
    0x80, 0x00, 0x00, 0x00, 0x00, 0xbf, 0xa0, 0x00,
    0x00, 0x00, 0x01, 0xcf, 0xa0, 0x00, 0x00, 0x01,
    0xcf, 0xf8, 0x9a, 0xab, 0xcc, 0xde, 0xff, 0xff,
    0xb0, 0x00, 0x00, 0xaf, 0xff, 0xff, 0xff, 0xff,
    0xef, 0xfb, 0xa9, 0xdf, 0xa0, 0x00, 0x04, 0x75,
    0x43, 0xbf, 0x50, 0x00, 0xfe, 0x00, 0x01, 0xda,
    0x00, 0x00, 0x00, 0x00, 0x0c, 0xf2, 0x00, 0x0f,
    0xe0, 0x00, 0x00, 0x00, 0x00, 0x00, 0x00, 0x00,
    0xff, 0x00, 0x00, 0xfe, 0x00, 0x00, 0x00, 0x00,
    0x00, 0x00, 0x00, 0x5f, 0xb0, 0x00, 0x0f, 0xe0,
    0x00, 0x00, 0x10, 0x00, 0x00, 0x00, 0x0c, 0xf6,
    0x00, 0x00, 0xfe, 0x00, 0x00, 0x08, 0xd1, 0x00,
    0x00, 0x09, 0xfd, 0x00, 0x00, 0x0f, 0xe0, 0x00,
    0x00, 0x9f, 0x10, 0x00, 0x1a, 0xff, 0x30, 0x00,
    0x00, 0xfe, 0x00, 0x00, 0x0c, 0xf0, 0x04, 0x9f,
    0xfe, 0x30, 0x00, 0x00, 0x0e, 0xfc, 0xbb, 0xbc,
    0xfc, 0x01, 0xef, 0xf8, 0x00, 0x00, 0x00, 0x00,
    0x6e, 0xff, 0xff, 0xfd, 0x30, 0x04, 0x50, 0x00,
    0x00, 0x00, 0x00, 0x00, 0x00, 0x00, 0x00, 0x00,
    0x00,

    /* U+5165 "入" */
    0x00, 0x00, 0x00, 0x00, 0x60, 0x00, 0x00, 0x00,
    0x00, 0x00, 0x00, 0x00, 0x00, 0x00, 0x00, 0x0a,
    0xf9, 0x00, 0x00, 0x00, 0x00, 0x00, 0x00, 0x00,
    0x00, 0x00, 0x00, 0x03, 0xef, 0xa0, 0x00, 0x00,
    0x00, 0x00, 0x00, 0x00, 0x00, 0x00, 0x00, 0x00,
    0x1d, 0xf8, 0x00, 0x00, 0x00, 0x00, 0x00, 0x00,
    0x00, 0x00, 0x00, 0x00, 0x02, 0xef, 0x40, 0x00,
    0x00, 0x00, 0x00, 0x00, 0x00, 0x00, 0x00, 0x00,
    0x00, 0x5f, 0xe1, 0x00, 0x00, 0x00, 0x00, 0x00,
    0x00, 0x00, 0x00, 0x00, 0x00, 0x3f, 0xf9, 0x00,
    0x00, 0x00, 0x00, 0x00, 0x00, 0x00, 0x00, 0x00,
    0x00, 0x7f, 0xff, 0x20, 0x00, 0x00, 0x00, 0x00,
    0x00, 0x00, 0x00, 0x00, 0x00, 0xcf, 0xbf, 0xa0,
    0x00, 0x00, 0x00, 0x00, 0x00, 0x00, 0x00, 0x00,
    0x02, 0xff, 0x1e, 0xf2, 0x00, 0x00, 0x00, 0x00,
    0x00, 0x00, 0x00, 0x00, 0x08, 0xfa, 0x06, 0xfa,
    0x00, 0x00, 0x00, 0x00, 0x00, 0x00, 0x00, 0x00,
    0x0e, 0xf4, 0x00, 0xef, 0x30, 0x00, 0x00, 0x00,
    0x00, 0x00, 0x00, 0x00, 0x6f, 0xd0, 0x00, 0x6f,
    0xb0, 0x00, 0x00, 0x00, 0x00, 0x00, 0x00, 0x00,
    0xef, 0x50, 0x00, 0x0e, 0xf4, 0x00, 0x00, 0x00,
    0x00, 0x00, 0x00, 0x08, 0xfc, 0x00, 0x00, 0x06,
    0xfd, 0x00, 0x00, 0x00, 0x00, 0x00, 0x00, 0x4f,
    0xf3, 0x00, 0x00, 0x00, 0xcf, 0x90, 0x00, 0x00,
    0x00, 0x00, 0x02, 0xef, 0x70, 0x00, 0x00, 0x00,
    0x3f, 0xf6, 0x00, 0x00, 0x00, 0x00, 0x2e, 0xfb,
    0x00, 0x00, 0x00, 0x00, 0x07, 0xff, 0x50, 0x00,
    0x00, 0x04, 0xef, 0xc0, 0x00, 0x00, 0x00, 0x00,
    0x00, 0xaf, 0xf7, 0x00, 0x00, 0x9f, 0xfb, 0x00,
    0x00, 0x00, 0x00, 0x00, 0x00, 0x0b, 0xff, 0xc0,
    0x0a, 0xff, 0x80, 0x00, 0x00, 0x00, 0x00, 0x00,
    0x00, 0x00, 0x8f, 0xb0, 0x00, 0x83, 0x00, 0x00,
    0x00, 0x00, 0x00, 0x00, 0x00, 0x00, 0x03, 0x30,

    /* U+5168 "全" */
    0x00, 0x00, 0x00, 0x00, 0x00, 0x03, 0x50, 0x00,
    0x00, 0x00, 0x00, 0x00, 0x00, 0x00, 0x00, 0x00,
    0x00, 0x1e, 0xf3, 0x00, 0x00, 0x00, 0x00, 0x00,
    0x00, 0x00, 0x00, 0x00, 0x00, 0xbf, 0xfb, 0x00,
    0x00, 0x00, 0x00, 0x00, 0x00, 0x00, 0x00, 0x00,
    0x0a, 0xf9, 0x9f, 0xa0, 0x00, 0x00, 0x00, 0x00,
    0x00, 0x00, 0x00, 0x00, 0xaf, 0xb0, 0x0a, 0xfb,
    0x00, 0x00, 0x00, 0x00, 0x00, 0x00, 0x00, 0x0b,
    0xfb, 0x00, 0x00, 0x9f, 0xc1, 0x00, 0x00, 0x00,
    0x00, 0x00, 0x02, 0xdf, 0xa0, 0x00, 0x00, 0x08,
    0xfe, 0x50, 0x00, 0x00, 0x00, 0x00, 0x7f, 0xf8,
    0x00, 0x00, 0x00, 0x00, 0x5f, 0xfa, 0x10, 0x00,
    0x00, 0x3d, 0xfe, 0x40, 0x00, 0x00, 0x00, 0x00,
    0x02, 0xdf, 0xe5, 0x00, 0x1b, 0xff, 0xd9, 0x88,
    0x88, 0x88, 0x88, 0x88, 0x88, 0x8b, 0xff, 0xc2,
    0x09, 0xd4, 0x4f, 0xff, 0xff, 0xff, 0xff, 0xff,
    0xff, 0xf6, 0x3c, 0xb0, 0x00, 0x00, 0x01, 0x11,
    0x11, 0x1f, 0xf1, 0x11, 0x11, 0x10, 0x00, 0x00,
    0x00, 0x00, 0x00, 0x00, 0x00, 0x0f, 0xf0, 0x00,
    0x00, 0x00, 0x00, 0x00, 0x00, 0x00, 0x00, 0x00,
    0x00, 0x0f, 0xf0, 0x00, 0x00, 0x00, 0x00, 0x00,
    0x00, 0x00, 0x00, 0x00, 0x00, 0x0f, 0xf0, 0x00,
    0x00, 0x00, 0x00, 0x00, 0x00, 0x00, 0x1f, 0xff,
    0xff, 0xff, 0xff, 0xff, 0xff, 0xf6, 0x00, 0x00,
    0x00, 0x00, 0x1a, 0xaa, 0xaa, 0xaf, 0xfa, 0xaa,
    0xaa, 0xa4, 0x00, 0x00, 0x00, 0x00, 0x00, 0x00,
    0x00, 0x0f, 0xf0, 0x00, 0x00, 0x00, 0x00, 0x00,
    0x00, 0x00, 0x00, 0x00, 0x00, 0x0f, 0xf0, 0x00,
    0x00, 0x00, 0x00, 0x00, 0x00, 0x00, 0x00, 0x00,
    0x00, 0x0f, 0xf0, 0x00, 0x00, 0x00, 0x00, 0x00,
    0x00, 0x33, 0x33, 0x33, 0x33, 0x3f, 0xf3, 0x33,
    0x33, 0x33, 0x33, 0x00, 0x02, 0xff, 0xff, 0xff,
    0xff, 0xff, 0xff, 0xff, 0xff, 0xff, 0xff, 0x40,

    /* U+5173 "关" */
    0x00, 0x00, 0x18, 0x20, 0x00, 0x00, 0x00, 0x02,
    0xb5, 0x00, 0x00, 0x00, 0x00, 0x04, 0xfc, 0x00,
    0x00, 0x00, 0x00, 0x9f, 0x90, 0x00, 0x00, 0x00,
    0x00, 0x09, 0xf7, 0x00, 0x00, 0x00, 0x1f, 0xf1,
    0x00, 0x00, 0x00, 0x00, 0x00, 0x1f, 0xf1, 0x00,
    0x00, 0x09, 0xf6, 0x00, 0x00, 0x00, 0x00, 0x00,
    0x00, 0x8c, 0x20, 0x00, 0x03, 0xfc, 0x00, 0x00,
    0x00, 0x00, 0x0c, 0xdd, 0xde, 0xdd, 0xdd, 0xdd,
    0xff, 0xed, 0xdd, 0xd1, 0x00, 0x00, 0xdf, 0xff,
    0xff, 0xff, 0xff, 0xff, 0xff, 0xff, 0xff, 0x20,
    0x00, 0x00, 0x00, 0x00, 0x00, 0x0f, 0xf1, 0x00,
    0x00, 0x00, 0x00, 0x00, 0x00, 0x00, 0x00, 0x00,
    0x00, 0xff, 0x10, 0x00, 0x00, 0x00, 0x00, 0x00,
    0x00, 0x00, 0x00, 0x00, 0x0f, 0xf1, 0x00, 0x00,
    0x00, 0x00, 0x00, 0x00, 0x00, 0x00, 0x00, 0x00,
    0xff, 0x10, 0x00, 0x00, 0x00, 0x00, 0x02, 0xff,
    0xff, 0xff, 0xff, 0xff, 0xff, 0xff, 0xff, 0xff,
    0xff, 0xa0, 0x2c, 0xcc, 0xcc, 0xcc, 0xcd, 0xff,
    0xfc, 0xcc, 0xcc, 0xcc, 0xc8, 0x00, 0x00, 0x00,
    0x00, 0x00, 0x8f, 0xfe, 0x10, 0x00, 0x00, 0x00,
    0x00, 0x00, 0x00, 0x00, 0x00, 0x1f, 0xfa, 0xfa,
    0x00, 0x00, 0x00, 0x00, 0x00, 0x00, 0x00, 0x00,
    0x0b, 0xfb, 0x0c, 0xf7, 0x00, 0x00, 0x00, 0x00,
    0x00, 0x00, 0x00, 0x09, 0xff, 0x20, 0x2e, 0xf7,
    0x00, 0x00, 0x00, 0x00, 0x00, 0x00, 0x1b, 0xff,
    0x40, 0x00, 0x3f, 0xfa, 0x00, 0x00, 0x00, 0x00,
    0x00, 0x7f, 0xfe, 0x30, 0x00, 0x00, 0x3e, 0xfe,
    0x60, 0x00, 0x00, 0x18, 0xef, 0xfa, 0x10, 0x00,
    0x00, 0x00, 0x1c, 0xff, 0xe8, 0x30, 0x4f, 0xff,
    0xb3, 0x00, 0x00, 0x00, 0x00, 0x00, 0x05, 0xdf,
    0xfc, 0x00, 0x98, 0x20, 0x00, 0x00, 0x00, 0x00,
    0x00, 0x00, 0x00, 0x4a, 0x10,

    /* U+518D "再" */
    0x01, 0xbb, 0xbb, 0xbb, 0xbb, 0xbb, 0xbb, 0xbb,
    0xbb, 0xbb, 0xbb, 0x20, 0x02, 0xff, 0xff, 0xff,
    0xff, 0xff, 0xff, 0xff, 0xff, 0xff, 0xff, 0x30,
    0x00, 0x00, 0x00, 0x00, 0x00, 0x0f, 0xd0, 0x00,
    0x00, 0x00, 0x00, 0x00, 0x00, 0x00, 0x00, 0x00,
    0x00, 0x0f, 0xd0, 0x00, 0x00, 0x00, 0x00, 0x00,
    0x00, 0x02, 0xaa, 0xaa, 0xaa, 0xaf, 0xfa, 0xaa,
    0xaa, 0xba, 0x10, 0x00, 0x00, 0x03, 0xff, 0xff,
    0xff, 0xff, 0xff, 0xff, 0xff, 0xff, 0x10, 0x00,
    0x00, 0x03, 0xf9, 0x00, 0x00, 0x0f, 0xd0, 0x00,
    0x00, 0xaf, 0x10, 0x00, 0x00, 0x03, 0xf9, 0x00,
    0x00, 0x0f, 0xd0, 0x00, 0x00, 0xaf, 0x10, 0x00,
    0x00, 0x03, 0xf9, 0x00, 0x00, 0x0f, 0xd0, 0x00,
    0x00, 0xbf, 0x10, 0x00, 0x00, 0x03, 0xff, 0xff,
    0xff, 0xff, 0xff, 0xff, 0xff, 0xff, 0x10, 0x00,
    0x00, 0x03, 0xfc, 0x88, 0x88, 0x8f, 0xe8, 0x88,
    0x88, 0xdf, 0x10, 0x00, 0x00, 0x03, 0xf9, 0x00,
    0x00, 0x0f, 0xd0, 0x00, 0x00, 0xaf, 0x10, 0x00,
    0x00, 0x03, 0xf9, 0x00, 0x00, 0x0f, 0xd0, 0x00,
    0x00, 0xaf, 0x10, 0x00, 0x0a, 0xab, 0xfd, 0xaa,
    0xaa, 0xaf, 0xfa, 0xaa, 0xaa, 0xef, 0xaa, 0xa0,
    0x0f, 0xff, 0xff, 0xff, 0xff, 0xff, 0xff, 0xff,
    0xff, 0xff, 0xff, 0xf0, 0x00, 0x03, 0xf9, 0x00,
    0x00, 0x00, 0x00, 0x00, 0x00, 0xbf, 0x20, 0x00,
    0x00, 0x03, 0xf9, 0x00, 0x00, 0x00, 0x00, 0x00,
    0x00, 0xaf, 0x10, 0x00, 0x00, 0x03, 0xf9, 0x00,
    0x00, 0x00, 0x00, 0x00, 0x00, 0xaf, 0x10, 0x00,
    0x00, 0x03, 0xf9, 0x00, 0x00, 0x00, 0x00, 0x00,
    0x00, 0xaf, 0x10, 0x00, 0x00, 0x03, 0xf9, 0x00,
    0x00, 0x00, 0x00, 0x6a, 0xaa, 0xef, 0x00, 0x00,
    0x00, 0x03, 0xf9, 0x00, 0x00, 0x00, 0x00, 0x4f,
    0xff, 0xe7, 0x00, 0x00, 0x00, 0x00, 0x10, 0x00,
    0x00, 0x00, 0x00, 0x00, 0x00, 0x00, 0x00, 0x00,

    /* U+51CF "减" */
    0x00, 0x00, 0x00, 0x00, 0x00, 0x00, 0x00, 0x00,
    0xba, 0x2a, 0x20, 0x00, 0x05, 0xa0, 0x00, 0x00,
    0x00, 0x00, 0x00, 0x00, 0xcc, 0x2c, 0xf4, 0x00,
    0x04, 0xf7, 0x00, 0x00, 0x00, 0x00, 0x00, 0x00,
    0xbc, 0x00, 0xbf, 0x30, 0x00, 0xaf, 0x20, 0x00,
    0x10, 0x00, 0x00, 0x00, 0xbd, 0x00, 0x18, 0x00,
    0x00, 0x1f, 0xb0, 0x0e, 0xff, 0xff, 0xff, 0xff,
    0xff, 0xff, 0xff, 0xd0, 0x00, 0x08, 0xf3, 0x0e,
    0xe9, 0x99, 0x99, 0x99, 0xdf, 0x99, 0x99, 0x80,
    0x00, 0x01, 0xc4, 0x0e, 0xb0, 0x00, 0x00, 0x00,
    0x8f, 0x00, 0x00, 0x00, 0x00, 0x00, 0x00, 0x0e,
    0xb2, 0xff, 0xff, 0xfc, 0x7f, 0x10, 0x2c, 0x30,
    0x00, 0x00, 0x00, 0x0e, 0xb1, 0x77, 0x77, 0x76,
    0x6f, 0x20, 0x7f, 0x20, 0x00, 0x00, 0x00, 0x0e,
    0xb0, 0x00, 0x00, 0x00, 0x4f, 0x30, 0xbe, 0x00,
    0x00, 0x00, 0x00, 0x0e, 0xa0, 0x67, 0x66, 0x64,
    0x3f, 0x51, 0xf9, 0x00, 0x00, 0x00, 0x10, 0x0f,
    0xa1, 0xff, 0xff, 0xfb, 0x1f, 0x76, 0xf3, 0x00,
    0x00, 0x00, 0xf6, 0x0f, 0xa1, 0xf6, 0x11, 0xab,
    0x0f, 0x9c, 0xd0, 0x00, 0x00, 0x05, 0xf5, 0x0f,
    0x91, 0xf5, 0x00, 0xab, 0x0d, 0xef, 0x60, 0x00,
    0x00, 0x0b, 0xe0, 0x2f, 0x71, 0xf5, 0x00, 0xab,
    0x0b, 0xfe, 0x00, 0x00, 0x00, 0x2f, 0x90, 0x4f,
    0x51, 0xf7, 0x33, 0xbb, 0x08, 0xf6, 0x00, 0x00,
    0x00, 0x8f, 0x30, 0x7f, 0x31, 0xff, 0xff, 0xfb,
    0x1e, 0xf4, 0x00, 0x70, 0x00, 0xed, 0x00, 0xbf,
    0x01, 0xf8, 0x44, 0x43, 0xcf, 0xf8, 0x01, 0xf3,
    0x06, 0xf6, 0x00, 0xfb, 0x01, 0xa3, 0x00, 0x0b,
    0xf6, 0xce, 0x03, 0xf1, 0x0d, 0xf0, 0x06, 0xf5,
    0x00, 0x00, 0x01, 0xbf, 0x70, 0x6f, 0x77, 0xe0,
    0x04, 0x60, 0x0e, 0xe0, 0x00, 0x00, 0x2e, 0xf7,
    0x00, 0x0d, 0xff, 0x90, 0x00, 0x00, 0x09, 0x60,
    0x00, 0x00, 0x08, 0x50, 0x00, 0x03, 0xde, 0x20,
    0x00, 0x00, 0x00, 0x00, 0x00, 0x00, 0x00, 0x00,
    0x00, 0x00, 0x00, 0x00,

    /* U+51FA "出" */
    0x00, 0x00, 0x00, 0x00, 0x05, 0x50, 0x00, 0x00,
    0x00, 0x00, 0x00, 0x00, 0x00, 0x00, 0x1f, 0xe0,
    0x00, 0x00, 0x00, 0x00, 0x01, 0x30, 0x00, 0x00,
    0x1f, 0xe0, 0x00, 0x00, 0x33, 0x00, 0x0a, 0xf4,
    0x00, 0x00, 0x1f, 0xe0, 0x00, 0x00, 0xdf, 0x10,
    0x0a, 0xf4, 0x00, 0x00, 0x1f, 0xe0, 0x00, 0x00,
    0xdf, 0x10, 0x0a, 0xf4, 0x00, 0x00, 0x1f, 0xe0,
    0x00, 0x00, 0xdf, 0x10, 0x0a, 0xf4, 0x00, 0x00,
    0x1f, 0xe0, 0x00, 0x00, 0xdf, 0x10, 0x0a, 0xf4,
    0x00, 0x00, 0x1f, 0xe0, 0x00, 0x00, 0xdf, 0x10,
    0x0a, 0xf4, 0x00, 0x00, 0x1f, 0xe0, 0x00, 0x00,
    0xdf, 0x10, 0x0a, 0xfc, 0xaa, 0xaa, 0xbf, 0xfa,
    0xaa, 0xaa, 0xff, 0x10, 0x0a, 0xff, 0xff, 0xff,
    0xff, 0xff, 0xff, 0xff, 0xff, 0x10, 0x00, 0x11,
    0x11, 0x11, 0x2f, 0xe1, 0x11, 0x11, 0x11, 0x00,
    0x00, 0x00, 0x00, 0x00, 0x1f, 0xe0, 0x00, 0x00,
    0x00, 0x00, 0xbf, 0x40, 0x00, 0x00, 0x1f, 0xe0,
    0x00, 0x00, 0x0e, 0xf0, 0xbf, 0x40, 0x00, 0x00,
    0x1f, 0xe0, 0x00, 0x00, 0x0e, 0xf0, 0xbf, 0x40,
    0x00, 0x00, 0x1f, 0xe0, 0x00, 0x00, 0x0e, 0xf0,
    0xbf, 0x40, 0x00, 0x00, 0x1f, 0xe0, 0x00, 0x00,
    0x0e, 0xf0, 0xbf, 0x40, 0x00, 0x00, 0x1f, 0xe0,
    0x00, 0x00, 0x0e, 0xf0, 0xbf, 0x40, 0x00, 0x00,
    0x1f, 0xe0, 0x00, 0x00, 0x0e, 0xf0, 0xbf, 0x51,
    0x11, 0x11, 0x2f, 0xe1, 0x11, 0x11, 0x1e, 0xf0,
    0xbf, 0xff, 0xff, 0xff, 0xff, 0xff, 0xff, 0xff,
    0xff, 0xf0, 0x8b, 0xbb, 0xbb, 0xbb, 0xbb, 0xbb,
    0xbb, 0xbb, 0xbf, 0xf0, 0x00, 0x00, 0x00, 0x00,
    0x00, 0x00, 0x00, 0x00, 0x0e, 0xf0,

    /* U+5206 "分" */
    0x00, 0x00, 0x00, 0x03, 0x30, 0x00, 0x00, 0x05,
    0x00, 0x00, 0x00, 0x00, 0x00, 0x00, 0x00, 0xdf,
    0x40, 0x00, 0x08, 0xf7, 0x00, 0x00, 0x00, 0x00,
    0x00, 0x00, 0x5f, 0xd0, 0x00, 0x00, 0x1f, 0xf1,
    0x00, 0x00, 0x00, 0x00, 0x00, 0x0d, 0xf5, 0x00,
    0x00, 0x00, 0x7f, 0xa0, 0x00, 0x00, 0x00, 0x00,
    0x07, 0xfc, 0x00, 0x00, 0x00, 0x00, 0xdf, 0x50,
    0x00, 0x00, 0x00, 0x02, 0xff, 0x20, 0x00, 0x00,
    0x00, 0x03, 0xff, 0x20, 0x00, 0x00, 0x00, 0xdf,
    0x70, 0x00, 0x00, 0x00, 0x00, 0x07, 0xfd, 0x10,
    0x00, 0x00, 0xbf, 0xb0, 0x00, 0x00, 0x00, 0x00,
    0x00, 0x0a, 0xfc, 0x10, 0x00, 0xbf, 0xd1, 0x00,
    0x00, 0x00, 0x00, 0x00, 0x00, 0x0c, 0xfd, 0x10,
    0xcf, 0xec, 0xee, 0xee, 0xee, 0xee, 0xee, 0xee,
    0xfe, 0x5d, 0xf7, 0x03, 0xc1, 0xae, 0xee, 0xef,
    0xfe, 0xee, 0xee, 0xef, 0xf3, 0x17, 0x00, 0x00,
    0x00, 0x00, 0x03, 0xfa, 0x00, 0x00, 0x00, 0xbf,
    0x20, 0x00, 0x00, 0x00, 0x00, 0x00, 0x6f, 0x70,
    0x00, 0x00, 0x0c, 0xf1, 0x00, 0x00, 0x00, 0x00,
    0x00, 0x09, 0xf4, 0x00, 0x00, 0x00, 0xcf, 0x00,
    0x00, 0x00, 0x00, 0x00, 0x00, 0xef, 0x00, 0x00,
    0x00, 0x0d, 0xf0, 0x00, 0x00, 0x00, 0x00, 0x00,
    0x5f, 0xb0, 0x00, 0x00, 0x00, 0xfe, 0x00, 0x00,
    0x00, 0x00, 0x00, 0x0d, 0xf4, 0x00, 0x00, 0x00,
    0x0f, 0xd0, 0x00, 0x00, 0x00, 0x00, 0x08, 0xfb,
    0x00, 0x00, 0x00, 0x02, 0xfb, 0x00, 0x00, 0x00,
    0x00, 0x08, 0xfe, 0x10, 0x00, 0x00, 0x00, 0x5f,
    0x90, 0x00, 0x00, 0x00, 0x2b, 0xfe, 0x30, 0x00,
    0x00, 0x00, 0x0a, 0xf6, 0x00, 0x00, 0x03, 0xaf,
    0xfc, 0x20, 0x00, 0x04, 0xcb, 0xbc, 0xff, 0x10,
    0x00, 0x00, 0x2f, 0xe6, 0x00, 0x00, 0x00, 0x0f,
    0xff, 0xfe, 0x50, 0x00, 0x00, 0x00, 0x20, 0x00,
    0x00, 0x00, 0x00, 0x00, 0x00, 0x00, 0x00, 0x00,
    0x00,

    /* U+5217 "列" */
    0x00, 0x00, 0x00, 0x00, 0x00, 0x00, 0x00, 0x00,
    0x00, 0x08, 0xd2, 0x3c, 0xcc, 0xcc, 0xcc, 0xcc,
    0xcc, 0xb0, 0x00, 0x00, 0x0a, 0xf2, 0x4d, 0xdd,
    0xef, 0xed, 0xdd, 0xdd, 0xc0, 0x06, 0x30, 0x0a,
    0xf2, 0x00, 0x00, 0x9f, 0x30, 0x00, 0x00, 0x00,
    0x2f, 0xa0, 0x0a, 0xf2, 0x00, 0x00, 0xdf, 0x00,
    0x00, 0x00, 0x00, 0x2f, 0xa0, 0x0a, 0xf2, 0x00,
    0x02, 0xfa, 0x00, 0x00, 0x00, 0x00, 0x2f, 0xa0,
    0x0a, 0xf2, 0x00, 0x07, 0xfb, 0x88, 0x88, 0x87,
    0x00, 0x2f, 0xa0, 0x0a, 0xf2, 0x00, 0x0d, 0xff,
    0xff, 0xff, 0xff, 0x10, 0x2f, 0xa0, 0x0a, 0xf2,
    0x00, 0x4f, 0xa2, 0x22, 0x22, 0xde, 0x00, 0x2f,
    0xa0, 0x0a, 0xf2, 0x00, 0xbf, 0x30, 0x00, 0x01,
    0xfb, 0x00, 0x2f, 0xa0, 0x0a, 0xf2, 0x04, 0xfb,
    0x00, 0x00, 0x05, 0xf7, 0x00, 0x2f, 0xa0, 0x0a,
    0xf2, 0x1e, 0xf2, 0x51, 0x00, 0x0a, 0xf2, 0x00,
    0x2f, 0xa0, 0x0a, 0xf2, 0x2e, 0x83, 0xfe, 0x40,
    0x1f, 0xd0, 0x00, 0x2f, 0xa0, 0x0a, 0xf2, 0x01,
    0x00, 0x6f, 0xf8, 0x7f, 0x70, 0x00, 0x2f, 0xa0,
    0x0a, 0xf2, 0x00, 0x00, 0x03, 0xef, 0xfe, 0x00,
    0x00, 0x2f, 0xa0, 0x0a, 0xf2, 0x00, 0x00, 0x00,
    0x1e, 0xf7, 0x00, 0x00, 0x2f, 0xa0, 0x0a, 0xf2,
    0x00, 0x00, 0x00, 0x5f, 0xd0, 0x00, 0x00, 0x01,
    0x00, 0x0a, 0xf2, 0x00, 0x00, 0x03, 0xff, 0x30,
    0x00, 0x00, 0x00, 0x00, 0x0a, 0xf2, 0x00, 0x00,
    0x4f, 0xf5, 0x00, 0x00, 0x00, 0x00, 0x00, 0x0a,
    0xf2, 0x00, 0x08, 0xff, 0x50, 0x00, 0x00, 0x00,
    0x00, 0x00, 0x0a, 0xf2, 0x06, 0xef, 0xe3, 0x00,
    0x00, 0x00, 0x00, 0x00, 0x6a, 0xae, 0xf1, 0x04,
    0xf9, 0x10, 0x00, 0x00, 0x00, 0x00, 0x00, 0x4f,
    0xfe, 0x80, 0x00, 0x10, 0x00, 0x00, 0x00, 0x00,
    0x00, 0x00, 0x00, 0x00, 0x00,

    /* U+5220 "删" */
    0x00, 0x27, 0x66, 0x74, 0x03, 0x86, 0x68, 0x40,
    0x00, 0x00, 0x6c, 0x00, 0x06, 0xff, 0xff, 0xa0,
    0x7f, 0xff, 0xf9, 0x00, 0x00, 0x08, 0xf1, 0x00,
    0x6f, 0x43, 0xea, 0x07, 0xf4, 0x3f, 0x90, 0x08,
    0x40, 0x8f, 0x10, 0x06, 0xf1, 0x0e, 0xa0, 0x7f,
    0x00, 0xe9, 0x00, 0xf7, 0x08, 0xf1, 0x00, 0x6f,
    0x10, 0xea, 0x07, 0xf0, 0x0e, 0x90, 0x0f, 0x70,
    0x8f, 0x10, 0x06, 0xf1, 0x0e, 0xa0, 0x7f, 0x00,
    0xe9, 0x00, 0xf7, 0x08, 0xf1, 0x00, 0x6f, 0x10,
    0xea, 0x07, 0xf0, 0x0e, 0x90, 0x0f, 0x70, 0x8f,
    0x10, 0x06, 0xf1, 0x0e, 0xa0, 0x7f, 0x00, 0xe9,
    0x00, 0xf7, 0x08, 0xf1, 0x00, 0x6f, 0x10, 0xea,
    0x07, 0xf0, 0x0e, 0x90, 0x0f, 0x70, 0x8f, 0x10,
    0xce, 0xfd, 0xdf, 0xfd, 0xef, 0xdd, 0xfe, 0xb0,
    0xf7, 0x08, 0xf1, 0x0c, 0xef, 0xdd, 0xff, 0xde,
    0xfd, 0xdf, 0xfb, 0x0f, 0x70, 0x8f, 0x10, 0x06,
    0xf1, 0x0e, 0xa0, 0x7f, 0x00, 0xe9, 0x00, 0xf7,
    0x08, 0xf1, 0x00, 0x6f, 0x10, 0xea, 0x07, 0xf0,
    0x0e, 0x90, 0x0f, 0x70, 0x8f, 0x10, 0x06, 0xf1,
    0x0e, 0xa0, 0x8f, 0x00, 0xe9, 0x00, 0xf7, 0x08,
    0xf1, 0x00, 0x7f, 0x00, 0xea, 0x08, 0xf0, 0x0e,
    0x90, 0x0f, 0x70, 0x8f, 0x10, 0x08, 0xf0, 0x0e,
    0xa0, 0x9e, 0x00, 0xe9, 0x00, 0xf7, 0x08, 0xf1,
    0x00, 0x9e, 0x00, 0xea, 0x0b, 0xc0, 0x0e, 0x90,
    0x00, 0x00, 0x8f, 0x10, 0x0c, 0xc0, 0x0e, 0xa0,
    0xda, 0x00, 0xe9, 0x00, 0x00, 0x08, 0xf1, 0x00,
    0xf9, 0x00, 0xea, 0x1f, 0x70, 0x0e, 0x90, 0x00,
    0x00, 0x8f, 0x10, 0x3f, 0x50, 0x0e, 0xa5, 0xf4,
    0x00, 0xe9, 0x00, 0x00, 0x08, 0xf1, 0x0a, 0xf0,
    0x79, 0xf9, 0xbf, 0x07, 0x9f, 0x90, 0x02, 0x99,
    0xdf, 0x00, 0x88, 0x09, 0xfd, 0x38, 0x90, 0xaf,
    0xd3, 0x00, 0x0f, 0xfd, 0x70, 0x00, 0x00, 0x00,
    0x00, 0x00, 0x00, 0x00, 0x00, 0x00, 0x00, 0x00,
    0x00,

    /* U+522B "别" */
    0x00, 0x00, 0x00, 0x00, 0x00, 0x00, 0x00, 0x00,
    0x00, 0x00, 0x88, 0x00, 0xbf, 0xff, 0xff, 0xff,
    0xfd, 0x00, 0x00, 0x00, 0x00, 0xdf, 0x00, 0xbf,
    0x88, 0x88, 0x88, 0xfd, 0x00, 0x04, 0x30, 0x00,
    0xdf, 0x00, 0xbe, 0x00, 0x00, 0x00, 0xed, 0x00,
    0x0f, 0xd0, 0x00, 0xdf, 0x00, 0xbe, 0x00, 0x00,
    0x00, 0xed, 0x00, 0x0f, 0xd0, 0x00, 0xdf, 0x00,
    0xbe, 0x00, 0x00, 0x00, 0xed, 0x00, 0x0f, 0xd0,
    0x00, 0xdf, 0x00, 0xbe, 0x00, 0x00, 0x00, 0xed,
    0x00, 0x0f, 0xd0, 0x00, 0xdf, 0x00, 0xbf, 0xdd,
    0xdd, 0xdd, 0xfd, 0x00, 0x0f, 0xd0, 0x00, 0xdf,
    0x00, 0x9c, 0xcc, 0xcc, 0xcc, 0xca, 0x00, 0x0f,
    0xd0, 0x00, 0xdf, 0x00, 0x00, 0x04, 0x92, 0x00,
    0x00, 0x00, 0x0f, 0xd0, 0x00, 0xdf, 0x00, 0x00,
    0x07, 0xf3, 0x00, 0x00, 0x00, 0x0f, 0xd0, 0x00,
    0xdf, 0x05, 0x88, 0x8c, 0xf9, 0x88, 0x88, 0x10,
    0x0f, 0xd0, 0x00, 0xdf, 0x0a, 0xff, 0xff, 0xff,
    0xff, 0xff, 0x30, 0x0f, 0xd0, 0x00, 0xdf, 0x01,
    0x11, 0x1c, 0xf1, 0x11, 0xaf, 0x20, 0x0f, 0xd0,
    0x00, 0xdf, 0x00, 0x00, 0x0e, 0xc0, 0x00, 0xaf,
    0x10, 0x0f, 0xd0, 0x00, 0xdf, 0x00, 0x00, 0x2f,
    0x90, 0x00, 0xbf, 0x00, 0x0f, 0xd0, 0x00, 0xdf,
    0x00, 0x00, 0x7f, 0x40, 0x00, 0xcf, 0x00, 0x00,
    0x00, 0x00, 0xdf, 0x00, 0x00, 0xee, 0x00, 0x00,
    0xee, 0x00, 0x00, 0x00, 0x00, 0xdf, 0x00, 0x08,
    0xf7, 0x00, 0x00, 0xfd, 0x00, 0x00, 0x00, 0x00,
    0xdf, 0x00, 0x5f, 0xd0, 0x00, 0x03, 0xfa, 0x00,
    0x00, 0x00, 0x00, 0xde, 0x09, 0xfe, 0x20, 0x5a,
    0x9d, 0xf7, 0x00, 0x00, 0x8b, 0xbc, 0xfd, 0x08,
    0xc1, 0x00, 0x3f, 0xff, 0xb0, 0x00, 0x00, 0x6f,
    0xff, 0xd4, 0x00, 0x00, 0x00, 0x00, 0x10, 0x00,
    0x00, 0x00, 0x00, 0x00, 0x00,

    /* U+5230 "到" */
    0x00, 0x00, 0x00, 0x00, 0x00, 0x00, 0x00, 0x00,
    0x00, 0x09, 0xa2, 0x88, 0x88, 0x88, 0x88, 0x88,
    0x88, 0x00, 0x00, 0x00, 0xde, 0x4f, 0xff, 0xff,
    0xff, 0xff, 0xff, 0xf0, 0x9f, 0x10, 0x0d, 0xe0,
    0x00, 0x0b, 0xf5, 0x00, 0x10, 0x00, 0x09, 0xf1,
    0x00, 0xde, 0x00, 0x03, 0xfb, 0x00, 0x8e, 0x10,
    0x00, 0x9f, 0x10, 0x0d, 0xe0, 0x00, 0xcf, 0x20,
    0x03, 0xfb, 0x00, 0x09, 0xf1, 0x00, 0xde, 0x00,
    0x6f, 0x70, 0x00, 0x07, 0xf7, 0x00, 0x9f, 0x10,
    0x0d, 0xe0, 0x4f, 0xf9, 0xab, 0xde, 0xff, 0xf3,
    0x09, 0xf1, 0x00, 0xde, 0x07, 0xff, 0xfe, 0xdb,
    0x98, 0x7f, 0xc0, 0x9f, 0x10, 0x0d, 0xe0, 0x14,
    0x20, 0x03, 0x20, 0x00, 0x75, 0x09, 0xf1, 0x00,
    0xde, 0x00, 0x00, 0x00, 0xfc, 0x00, 0x00, 0x00,
    0x9f, 0x10, 0x0d, 0xe0, 0x00, 0x00, 0x0f, 0xc0,
    0x00, 0x00, 0x09, 0xf1, 0x00, 0xde, 0x06, 0x99,
    0x99, 0xfe, 0x99, 0x99, 0x50, 0x9f, 0x10, 0x0d,
    0xe0, 0xaf, 0xff, 0xff, 0xff, 0xff, 0xf9, 0x09,
    0xf1, 0x00, 0xde, 0x00, 0x00, 0x00, 0xfc, 0x00,
    0x00, 0x00, 0x9f, 0x10, 0x0d, 0xe0, 0x00, 0x00,
    0x0f, 0xc0, 0x00, 0x00, 0x09, 0xf1, 0x00, 0xde,
    0x00, 0x00, 0x00, 0xfc, 0x00, 0x00, 0x10, 0x48,
    0x00, 0x0d, 0xe0, 0x00, 0x00, 0x0f, 0xd7, 0x9c,
    0xed, 0x00, 0x00, 0x00, 0xde, 0x26, 0x8a, 0xdf,
    0xff, 0xff, 0xca, 0x60, 0x00, 0x00, 0x0d, 0xe5,
    0xff, 0xeb, 0x96, 0x41, 0x00, 0x00, 0x00, 0x4c,
    0xcc, 0xfd, 0x03, 0x00, 0x00, 0x00, 0x00, 0x00,
    0x00, 0x00, 0xff, 0xec, 0x40,

    /* U+5236 "制" */
    0x00, 0x00, 0x00, 0x01, 0x00, 0x00, 0x00, 0x00,
    0x00, 0x00, 0x00, 0x00, 0x00, 0x43, 0x01, 0xfa,
    0x00, 0x00, 0x00, 0x00, 0x00, 0x07, 0xb0, 0x00,
    0x0e, 0xd0, 0x1f, 0xa0, 0x00, 0x00, 0x00, 0x00,
    0x00, 0xbf, 0x10, 0x02, 0xf9, 0x01, 0xfa, 0x00,
    0x00, 0x00, 0x0e, 0xb0, 0x0b, 0xf1, 0x00, 0x7f,
    0xdb, 0xbf, 0xeb, 0xbb, 0xb6, 0x00, 0xec, 0x00,
    0xbf, 0x10, 0x0d, 0xff, 0xff, 0xff, 0xff, 0xff,
    0x80, 0x0e, 0xc0, 0x0b, 0xf1, 0x04, 0xf7, 0x00,
    0x1f, 0xa0, 0x00, 0x00, 0x00, 0xec, 0x00, 0xbf,
    0x10, 0xcf, 0x10, 0x01, 0xfa, 0x00, 0x00, 0x00,
    0x0e, 0xc0, 0x0b, 0xf1, 0x08, 0xb8, 0x88, 0x9f,
    0xd8, 0x88, 0x88, 0x40, 0xec, 0x00, 0xbf, 0x10,
    0xff, 0xff, 0xff, 0xff, 0xff, 0xff, 0xf7, 0x0e,
    0xc0, 0x0b, 0xf1, 0x01, 0x22, 0x22, 0x3f, 0xb2,
    0x22, 0x22, 0x10, 0xec, 0x00, 0xbf, 0x10, 0x00,
    0x00, 0x01, 0xfa, 0x00, 0x00, 0x00, 0x0e, 0xc0,
    0x0b, 0xf1, 0x00, 0x66, 0x66, 0x7f, 0xc6, 0x66,
    0x74, 0x00, 0xec, 0x00, 0xbf, 0x10, 0x0e, 0xff,
    0xff, 0xff, 0xff, 0xff, 0xa0, 0x0e, 0xc0, 0x0b,
    0xf1, 0x00, 0xec, 0x33, 0x4f, 0xb3, 0x33, 0xfa,
    0x00, 0xec, 0x00, 0xbf, 0x10, 0x0e, 0xb0, 0x01,
    0xfa, 0x00, 0x0f, 0xa0, 0x0e, 0xc0, 0x0b, 0xf1,
    0x00, 0xeb, 0x00, 0x1f, 0xa0, 0x00, 0xfa, 0x00,
    0x54, 0x00, 0xbf, 0x10, 0x0e, 0xb0, 0x01, 0xfa,
    0x00, 0x0f, 0xa0, 0x00, 0x00, 0x0b, 0xf1, 0x00,
    0xeb, 0x00, 0x1f, 0xa0, 0x00, 0xfa, 0x00, 0x00,
    0x00, 0xbf, 0x10, 0x0e, 0xb0, 0x01, 0xfa, 0x28,
    0x8f, 0xa0, 0x00, 0x00, 0x0b, 0xf1, 0x00, 0xea,
    0x00, 0x1f, 0xa0, 0xff, 0xd4, 0x00, 0x00, 0x00,
    0xbf, 0x10, 0x00, 0x00, 0x01, 0xfa, 0x00, 0x00,
    0x00, 0x02, 0xdd, 0xdf, 0xf0, 0x00, 0x00, 0x00,
    0x1f, 0xa0, 0x00, 0x00, 0x00, 0x0e, 0xff, 0xd5,
    0x00, 0x00, 0x00, 0x00, 0x00, 0x00, 0x00, 0x00,
    0x00, 0x00, 0x00, 0x00,

    /* U+524D "前" */
    0x00, 0x00, 0x04, 0x00, 0x00, 0x00, 0x00, 0x00,
    0x51, 0x00, 0x00, 0x00, 0x00, 0xbf, 0x60, 0x00,
    0x00, 0x00, 0x03, 0xfd, 0x00, 0x00, 0x00, 0x00,
    0x1e, 0xf3, 0x00, 0x00, 0x00, 0x0c, 0xf4, 0x00,
    0x00, 0x00, 0x00, 0x04, 0xfc, 0x00, 0x00, 0x00,
    0x6f, 0xa0, 0x00, 0x00, 0x89, 0x99, 0x99, 0xfc,
    0x99, 0x99, 0x99, 0xff, 0xa9, 0x99, 0x95, 0xef,
    0xff, 0xff, 0xff, 0xff, 0xff, 0xff, 0xff, 0xff,
    0xff, 0xf8, 0x01, 0x11, 0x11, 0x11, 0x11, 0x11,
    0x11, 0x11, 0x11, 0x11, 0x10, 0x00, 0x00, 0x00,
    0x00, 0x00, 0x00, 0x00, 0x00, 0x00, 0x00, 0x00,
    0x01, 0x55, 0x55, 0x55, 0x56, 0x30, 0x01, 0x20,
    0x00, 0xad, 0x00, 0x03, 0xff, 0xff, 0xff, 0xff,
    0x90, 0x09, 0xf1, 0x00, 0xcf, 0x00, 0x03, 0xf9,
    0x33, 0x33, 0x5f, 0x90, 0x09, 0xf1, 0x00, 0xcf,
    0x00, 0x03, 0xf7, 0x00, 0x00, 0x3f, 0x90, 0x09,
    0xf1, 0x00, 0xcf, 0x00, 0x03, 0xfb, 0x66, 0x66,
    0x8f, 0x90, 0x09, 0xf1, 0x00, 0xcf, 0x00, 0x03,
    0xff, 0xff, 0xff, 0xff, 0x90, 0x09, 0xf1, 0x00,
    0xcf, 0x00, 0x03, 0xf7, 0x00, 0x00, 0x3f, 0x90,
    0x09, 0xf1, 0x00, 0xcf, 0x00, 0x03, 0xf7, 0x00,
    0x00, 0x3f, 0x90, 0x09, 0xf1, 0x00, 0xcf, 0x00,
    0x03, 0xfc, 0x99, 0x99, 0xaf, 0x90, 0x09, 0xf1,
    0x00, 0xcf, 0x00, 0x03, 0xfe, 0xdd, 0xdd, 0xdf,
    0x90, 0x09, 0xf1, 0x00, 0xcf, 0x00, 0x03, 0xf7,
    0x00, 0x00, 0x3f, 0x90, 0x06, 0xb1, 0x00, 0xcf,
    0x00, 0x03, 0xf7, 0x00, 0x00, 0x3f, 0x90, 0x00,
    0x00, 0x00, 0xcf, 0x00, 0x03, 0xf7, 0x00, 0x00,
    0x3f, 0x90, 0x00, 0x00, 0x00, 0xcf, 0x00, 0x03,
    0xf7, 0x01, 0x88, 0xaf, 0x80, 0x00, 0x2a, 0xaa,
    0xfe, 0x00, 0x03, 0xf7, 0x00, 0xdf, 0xfc, 0x20,
    0x00, 0x0e, 0xff, 0xe6, 0x00, 0x00, 0x00, 0x00,
    0x00, 0x00, 0x00, 0x00, 0x00, 0x00, 0x00, 0x00,

    /* U+529B "力" */
    0x00, 0x00, 0x00, 0x00, 0x01, 0x10, 0x00, 0x00,
    0x00, 0x00, 0x00, 0x00, 0x00, 0x00, 0x01, 0xfc,
    0x00, 0x00, 0x00, 0x00, 0x00, 0x00, 0x00, 0x00,
    0x00, 0x1f, 0xc0, 0x00, 0x00, 0x00, 0x00, 0x00,
    0x00, 0x00, 0x00, 0x01, 0xfc, 0x00, 0x00, 0x00,
    0x00, 0x00, 0x00, 0x00, 0x00, 0x00, 0x1f, 0xc0,
    0x00, 0x00, 0x00, 0x00, 0x00, 0x00, 0x00, 0x00,
    0x01, 0xfc, 0x00, 0x00, 0x00, 0x00, 0x00, 0x0d,
    0xee, 0xee, 0xee, 0xef, 0xfe, 0xee, 0xee, 0xee,
    0xef, 0xd0, 0xef, 0xff, 0xff, 0xff, 0xff, 0xff,
    0xff, 0xff, 0xff, 0xfd, 0x00, 0x00, 0x00, 0x00,
    0x4f, 0xa0, 0x00, 0x00, 0x00, 0x0f, 0xd0, 0x00,
    0x00, 0x00, 0x05, 0xf8, 0x00, 0x00, 0x00, 0x01,
    0xfc, 0x00, 0x00, 0x00, 0x00, 0x8f, 0x60, 0x00,
    0x00, 0x00, 0x2f, 0xb0, 0x00, 0x00, 0x00, 0x0c,
    0xf3, 0x00, 0x00, 0x00, 0x03, 0xfa, 0x00, 0x00,
    0x00, 0x00, 0xff, 0x00, 0x00, 0x00, 0x00, 0x4f,
    0x90, 0x00, 0x00, 0x00, 0x5f, 0xb0, 0x00, 0x00,
    0x00, 0x06, 0xf8, 0x00, 0x00, 0x00, 0x0c, 0xf5,
    0x00, 0x00, 0x00, 0x00, 0x7f, 0x60, 0x00, 0x00,
    0x04, 0xfe, 0x00, 0x00, 0x00, 0x00, 0x09, 0xf5,
    0x00, 0x00, 0x00, 0xdf, 0x60, 0x00, 0x00, 0x00,
    0x00, 0xbf, 0x30, 0x00, 0x00, 0x9f, 0xd0, 0x00,
    0x00, 0x00, 0x00, 0x0d, 0xf1, 0x00, 0x00, 0x7f,
    0xf2, 0x00, 0x00, 0x00, 0x00, 0x00, 0xfe, 0x00,
    0x00, 0x7f, 0xf5, 0x00, 0x00, 0x00, 0x00, 0x00,
    0x3f, 0xb0, 0x00, 0xaf, 0xf6, 0x00, 0x00, 0x00,
    0x00, 0x00, 0x0a, 0xf7, 0x03, 0xdf, 0xf4, 0x00,
    0x00, 0x00, 0x08, 0xdc, 0xbc, 0xff, 0x10, 0x1d,
    0xc2, 0x00, 0x00, 0x00, 0x00, 0x4f, 0xff, 0xfd,
    0x40, 0x00, 0x10, 0x00, 0x00, 0x00, 0x00, 0x00,
    0x00, 0x00, 0x00, 0x00,

    /* U+529F "功" */
    0x00, 0x00, 0x00, 0x00, 0x00, 0x00, 0x06, 0xc3,
    0x00, 0x00, 0x00, 0x00, 0x00, 0x00, 0x00, 0x00,
    0x00, 0x08, 0xf4, 0x00, 0x00, 0x00, 0x35, 0x55,
    0x55, 0x55, 0x51, 0x00, 0x09, 0xf3, 0x00, 0x00,
    0x00, 0xaf, 0xff, 0xff, 0xff, 0xf3, 0x00, 0x09,
    0xf3, 0x00, 0x00, 0x00, 0x46, 0x67, 0xfd, 0x66,
    0x61, 0x00, 0x09, 0xf3, 0x00, 0x00, 0x00, 0x00,
    0x01, 0xfb, 0x00, 0x06, 0xaa, 0xae, 0xfb, 0xaa,
    0xaa, 0xc9, 0x00, 0x01, 0xfb, 0x00, 0x0a, 0xff,
    0xff, 0xff, 0xff, 0xff, 0xfd, 0x00, 0x01, 0xfb,
    0x00, 0x00, 0x00, 0x0b, 0xf1, 0x00, 0x00, 0xfc,
    0x00, 0x01, 0xfb, 0x00, 0x00, 0x00, 0x0c, 0xf0,
    0x00, 0x00, 0xfc, 0x00, 0x01, 0xfb, 0x00, 0x00,
    0x00, 0x0e, 0xe0, 0x00, 0x01, 0xfb, 0x00, 0x01,
    0xfb, 0x00, 0x00, 0x00, 0x0f, 0xc0, 0x00, 0x02,
    0xfa, 0x00, 0x01, 0xfb, 0x00, 0x00, 0x00, 0x3f,
    0x90, 0x00, 0x02, 0xf9, 0x00, 0x01, 0xfb, 0x00,
    0x00, 0x00, 0x6f, 0x60, 0x00, 0x03, 0xf9, 0x00,
    0x01, 0xfb, 0x02, 0x66, 0x00, 0xaf, 0x20, 0x00,
    0x04, 0xf8, 0x00, 0x02, 0xfe, 0xdf, 0xfb, 0x00,
    0xfe, 0x00, 0x00, 0x05, 0xf6, 0x48, 0xcf, 0xff,
    0xfb, 0x61, 0x07, 0xf8, 0x00, 0x00, 0x07, 0xf5,
    0xcf, 0xfd, 0x94, 0x00, 0x00, 0x1e, 0xf2, 0x00,
    0x00, 0x08, 0xf4, 0x66, 0x20, 0x00, 0x00, 0x00,
    0xaf, 0x90, 0x00, 0x00, 0x0a, 0xf2, 0x00, 0x00,
    0x00, 0x00, 0x07, 0xfe, 0x10, 0x00, 0x00, 0x0d,
    0xf0, 0x00, 0x00, 0x00, 0x00, 0x8f, 0xf3, 0x00,
    0x00, 0x00, 0x3f, 0xc0, 0x00, 0x00, 0x00, 0x2c,
    0xff, 0x40, 0x00, 0x8b, 0xbb, 0xef, 0x70, 0x00,
    0x00, 0x00, 0x0b, 0xd2, 0x00, 0x00, 0x6f, 0xff,
    0xe9, 0x00, 0x00, 0x00, 0x00, 0x00, 0x00, 0x00,
    0x00, 0x00, 0x00, 0x00, 0x00,

    /* U+52A8 "动" */
    0x00, 0x00, 0x00, 0x00, 0x00, 0x00, 0x00, 0x1c,
    0x70, 0x00, 0x00, 0x00, 0x00, 0x00, 0x00, 0x00,
    0x00, 0x00, 0x2f, 0x90, 0x00, 0x00, 0x0c, 0xff,
    0xff, 0xff, 0xff, 0x70, 0x00, 0x3f, 0x90, 0x00,
    0x00, 0x07, 0x99, 0x99, 0x99, 0x99, 0x40, 0x00,
    0x3f, 0x90, 0x00, 0x00, 0x00, 0x00, 0x00, 0x00,
    0x00, 0x00, 0x00, 0x3f, 0x80, 0x00, 0x00, 0x00,
    0x00, 0x00, 0x00, 0x00, 0x06, 0x99, 0xbf, 0xd9,
    0x99, 0xb7, 0x00, 0x00, 0x00, 0x00, 0x00, 0x0a,
    0xff, 0xff, 0xff, 0xff, 0xfc, 0x69, 0x99, 0x99,
    0x99, 0x99, 0x90, 0x00, 0x5f, 0x70, 0x00, 0xfc,
    0xaf, 0xff, 0xff, 0xff, 0xff, 0xe0, 0x00, 0x6f,
    0x50, 0x00, 0xfb, 0x00, 0x07, 0xf7, 0x00, 0x00,
    0x00, 0x00, 0x7f, 0x40, 0x01, 0xfa, 0x00, 0x0a,
    0xf2, 0x00, 0x00, 0x00, 0x00, 0x9f, 0x30, 0x02,
    0xfa, 0x00, 0x0e, 0xd0, 0x03, 0xa1, 0x00, 0x00,
    0xbf, 0x10, 0x02, 0xf9, 0x00, 0x3f, 0x80, 0x04,
    0xf6, 0x00, 0x00, 0xee, 0x00, 0x03, 0xf8, 0x00,
    0x8f, 0x30, 0x00, 0xed, 0x00, 0x01, 0xfc, 0x00,
    0x04, 0xf7, 0x00, 0xed, 0x00, 0x00, 0x8f, 0x30,
    0x05, 0xf8, 0x00, 0x05, 0xf7, 0x04, 0xf7, 0x00,
    0x03, 0x9f, 0x90, 0x09, 0xf4, 0x00, 0x06, 0xf5,
    0x0c, 0xf6, 0x8c, 0xff, 0xff, 0xe0, 0x0e, 0xf0,
    0x00, 0x07, 0xf4, 0x3f, 0xff, 0xff, 0xc8, 0x49,
    0xf4, 0x6f, 0xa0, 0x00, 0x09, 0xf3, 0x0e, 0xc8,
    0x40, 0x00, 0x03, 0x82, 0xef, 0x30, 0x00, 0x0b,
    0xf1, 0x01, 0x00, 0x00, 0x00, 0x00, 0x09, 0xfb,
    0x00, 0x00, 0x0f, 0xe0, 0x00, 0x00, 0x00, 0x00,
    0x00, 0x7f, 0xf1, 0x0c, 0xbb, 0xdf, 0x90, 0x00,
    0x00, 0x00, 0x00, 0x00, 0x4f, 0x40, 0x0b, 0xff,
    0xfb, 0x10, 0x00, 0x00, 0x00, 0x00, 0x00, 0x01,
    0x00, 0x00, 0x00, 0x00, 0x00,

    /* U+52A9 "助" */
    0x00, 0x00, 0x00, 0x00, 0x00, 0x00, 0x00, 0x02,
    0x10, 0x00, 0x00, 0x00, 0x00, 0x00, 0x00, 0x00,
    0x00, 0x00, 0x00, 0xfc, 0x00, 0x00, 0x00, 0x00,
    0x9f, 0xff, 0xff, 0xff, 0x00, 0x00, 0x0f, 0xc0,
    0x00, 0x00, 0x00, 0x0a, 0xfa, 0xaa, 0xae, 0xf0,
    0x00, 0x00, 0xfc, 0x00, 0x00, 0x00, 0x00, 0xaf,
    0x00, 0x00, 0xbf, 0x00, 0x00, 0x0f, 0xb0, 0x00,
    0x00, 0x00, 0x0a, 0xf0, 0x00, 0x0b, 0xf0, 0x00,
    0x00, 0xfb, 0x00, 0x00, 0x00, 0x00, 0xaf, 0x00,
    0x00, 0xbf, 0x0c, 0xdd, 0xdf, 0xfd, 0xdd, 0xdd,
    0x00, 0x0a, 0xff, 0xff, 0xff, 0xf0, 0xdd, 0xde,
    0xff, 0xdd, 0xdf, 0xf0, 0x00, 0xaf, 0xaa, 0xaa,
    0xef, 0x00, 0x00, 0x2f, 0x90, 0x00, 0xcf, 0x00,
    0x0a, 0xf0, 0x00, 0x0b, 0xf0, 0x00, 0x03, 0xf8,
    0x00, 0x0c, 0xf0, 0x00, 0xaf, 0x00, 0x00, 0xbf,
    0x00, 0x00, 0x5f, 0x60, 0x00, 0xce, 0x00, 0x0a,
    0xf0, 0x00, 0x0b, 0xf0, 0x00, 0x07, 0xf4, 0x00,
    0x0d, 0xe0, 0x00, 0xaf, 0xaa, 0xaa, 0xef, 0x00,
    0x00, 0xaf, 0x20, 0x00, 0xdd, 0x00, 0x0a, 0xff,
    0xff, 0xff, 0xf0, 0x00, 0x0d, 0xf0, 0x00, 0x0e,
    0xd0, 0x00, 0xaf, 0x00, 0x00, 0xbf, 0x00, 0x01,
    0xfb, 0x00, 0x00, 0xfc, 0x00, 0x0a, 0xf0, 0x00,
    0x0b, 0xf0, 0x00, 0x6f, 0x70, 0x00, 0x0f, 0xc0,
    0x00, 0xaf, 0x00, 0x00, 0xbf, 0x44, 0x0d, 0xf1,
    0x00, 0x00, 0xfb, 0x00, 0x0a, 0xf0, 0x26, 0xaf,
    0xff, 0xa5, 0xfb, 0x00, 0x00, 0x2f, 0xa0, 0x15,
    0xcf, 0xff, 0xff, 0xea, 0x63, 0xef, 0x30, 0x00,
    0x03, 0xf9, 0x03, 0xff, 0xfe, 0xa6, 0x20, 0x00,
    0xbf, 0x90, 0x00, 0x00, 0x5f, 0x70, 0x1a, 0x62,
    0x00, 0x00, 0x00, 0xaf, 0xd0, 0x00, 0x00, 0x09,
    0xf4, 0x00, 0x00, 0x00, 0x00, 0x02, 0xcf, 0xd1,
    0x00, 0x6b, 0xab, 0xff, 0x00, 0x00, 0x00, 0x00,
    0x00, 0x0b, 0xb1, 0x00, 0x04, 0xff, 0xfe, 0x50,
    0x00, 0x00, 0x00, 0x00, 0x00, 0x00, 0x00, 0x00,
    0x00, 0x00, 0x00, 0x00,

    /* U+52FF "勿" */
    0x00, 0x00, 0x00, 0x22, 0x00, 0x00, 0x00, 0x00,
    0x00, 0x00, 0x00, 0x00, 0x00, 0x00, 0x0b, 0xf4,
    0x00, 0x00, 0x00, 0x00, 0x00, 0x00, 0x00, 0x00,
    0x00, 0x01, 0xfe, 0x00, 0x00, 0x00, 0x00, 0x00,
    0x00, 0x00, 0x00, 0x00, 0x00, 0x6f, 0x90, 0x00,
    0x00, 0x00, 0x00, 0x00, 0x00, 0x00, 0x00, 0x00,
    0x0d, 0xfb, 0x99, 0x99, 0x99, 0x99, 0x99, 0x99,
    0xa9, 0x20, 0x00, 0x04, 0xff, 0xff, 0xff, 0xff,
    0xff, 0xff, 0xff, 0xff, 0xf3, 0x00, 0x00, 0xcf,
    0x62, 0x27, 0xfa, 0x22, 0x2e, 0xf3, 0x22, 0xbf,
    0x20, 0x00, 0x5f, 0xc0, 0x00, 0xaf, 0x30, 0x01,
    0xfc, 0x00, 0x0a, 0xf2, 0x00, 0x1e, 0xf3, 0x00,
    0x0f, 0xe0, 0x00, 0x4f, 0x90, 0x00, 0xbf, 0x10,
    0x0a, 0xfa, 0x00, 0x06, 0xf8, 0x00, 0x08, 0xf5,
    0x00, 0x0c, 0xf0, 0x07, 0xfe, 0x10, 0x00, 0xcf,
    0x20, 0x00, 0xcf, 0x10, 0x00, 0xdf, 0x01, 0xdf,
    0x30, 0x00, 0x4f, 0xb0, 0x00, 0x1f, 0xd0, 0x00,
    0x0e, 0xe0, 0x01, 0x40, 0x00, 0x0c, 0xf3, 0x00,
    0x06, 0xf8, 0x00, 0x00, 0xfd, 0x00, 0x00, 0x00,
    0x05, 0xfb, 0x00, 0x00, 0xbf, 0x20, 0x00, 0x0f,
    0xc0, 0x00, 0x00, 0x00, 0xef, 0x20, 0x00, 0x2f,
    0xd0, 0x00, 0x01, 0xfb, 0x00, 0x00, 0x00, 0xaf,
    0x90, 0x00, 0x09, 0xf6, 0x00, 0x00, 0x2f, 0xa0,
    0x00, 0x00, 0x6f, 0xd0, 0x00, 0x01, 0xfe, 0x00,
    0x00, 0x04, 0xf8, 0x00, 0x00, 0x4f, 0xf3, 0x00,
    0x00, 0x9f, 0x70, 0x00, 0x00, 0x6f, 0x70, 0x00,
    0x5f, 0xf5, 0x00, 0x00, 0x4f, 0xe0, 0x00, 0x00,
    0x08, 0xf4, 0x00, 0x0a, 0xf6, 0x00, 0x00, 0x1e,
    0xf5, 0x00, 0x00, 0x00, 0xcf, 0x20, 0x00, 0x03,
    0x00, 0x00, 0x0c, 0xf9, 0x00, 0x00, 0x00, 0x2f,
    0xe0, 0x00, 0x00, 0x00, 0x00, 0x0c, 0xfc, 0x00,
    0x06, 0xdc, 0xce, 0xf8, 0x00, 0x00, 0x00, 0x00,
    0x00, 0x4b, 0x10, 0x00, 0x3e, 0xff, 0xe9, 0x00,
    0x00,

    /* U+5343 "千" */
    0x00, 0x00, 0x00, 0x00, 0x00, 0x00, 0x00, 0x03,
    0x7b, 0x60, 0x00, 0x00, 0x00, 0x00, 0x00, 0x02,
    0x47, 0x9c, 0xff, 0xff, 0xe2, 0x00, 0x01, 0x46,
    0x79, 0xbd, 0xff, 0xff, 0xff, 0xc9, 0x62, 0x00,
    0x00, 0x03, 0xff, 0xff, 0xfd, 0xb8, 0xfe, 0x20,
    0x00, 0x00, 0x00, 0x00, 0x00, 0x54, 0x20, 0x00,
    0x00, 0xfe, 0x00, 0x00, 0x00, 0x00, 0x00, 0x00,
    0x00, 0x00, 0x00, 0x00, 0xfe, 0x00, 0x00, 0x00,
    0x00, 0x00, 0x00, 0x00, 0x00, 0x00, 0x00, 0xfe,
    0x00, 0x00, 0x00, 0x00, 0x00, 0x00, 0x00, 0x00,
    0x00, 0x00, 0xfe, 0x00, 0x00, 0x00, 0x00, 0x00,
    0x00, 0x00, 0x00, 0x00, 0x00, 0xfe, 0x00, 0x00,
    0x00, 0x00, 0x00, 0x8b, 0xbb, 0xbb, 0xbb, 0xbb,
    0xff, 0xbb, 0xbb, 0xbb, 0xbb, 0xb9, 0xcf, 0xff,
    0xff, 0xff, 0xff, 0xff, 0xff, 0xff, 0xff, 0xff,
    0xfc, 0x00, 0x00, 0x00, 0x00, 0x01, 0xfe, 0x00,
    0x00, 0x00, 0x00, 0x00, 0x00, 0x00, 0x00, 0x00,
    0x00, 0xfe, 0x00, 0x00, 0x00, 0x00, 0x00, 0x00,
    0x00, 0x00, 0x00, 0x00, 0xfe, 0x00, 0x00, 0x00,
    0x00, 0x00, 0x00, 0x00, 0x00, 0x00, 0x00, 0xfe,
    0x00, 0x00, 0x00, 0x00, 0x00, 0x00, 0x00, 0x00,
    0x00, 0x00, 0xfe, 0x00, 0x00, 0x00, 0x00, 0x00,
    0x00, 0x00, 0x00, 0x00, 0x00, 0xfe, 0x00, 0x00,
    0x00, 0x00, 0x00, 0x00, 0x00, 0x00, 0x00, 0x00,
    0xfe, 0x00, 0x00, 0x00, 0x00, 0x00, 0x00, 0x00,
    0x00, 0x00, 0x00, 0xfe, 0x00, 0x00, 0x00, 0x00,
    0x00, 0x00, 0x00, 0x00, 0x00, 0x00, 0xfe, 0x00,
    0x00, 0x00, 0x00, 0x00, 0x00, 0x00, 0x00, 0x00,
    0x00, 0xfe, 0x00, 0x00, 0x00, 0x00, 0x00, 0x00,
    0x00, 0x00, 0x00, 0x00, 0xfe, 0x00, 0x00, 0x00,
    0x00, 0x00,

    /* U+5373 "即" */
    0x07, 0xfe, 0xee, 0xee, 0xee, 0xb0, 0x0b, 0xbb,
    0xbb, 0xbc, 0x90, 0x9f, 0xcb, 0xbb, 0xbb, 0xfc,
    0x01, 0xff, 0xff, 0xff, 0xfc, 0x09, 0xf3, 0x00,
    0x00, 0x0f, 0xc0, 0x1f, 0xb0, 0x00, 0x0f, 0xc0,
    0x9f, 0x30, 0x00, 0x00, 0xfc, 0x01, 0xfb, 0x00,
    0x00, 0xfc, 0x09, 0xf4, 0x00, 0x00, 0x0f, 0xc0,
    0x1f, 0xb0, 0x00, 0x0f, 0xc0, 0x9f, 0xff, 0xff,
    0xff, 0xfc, 0x01, 0xfb, 0x00, 0x00, 0xfc, 0x09,
    0xfb, 0x99, 0x99, 0x9f, 0xc0, 0x1f, 0xb0, 0x00,
    0x0f, 0xc0, 0x9f, 0x30, 0x00, 0x00, 0xfc, 0x01,
    0xfb, 0x00, 0x00, 0xfc, 0x09, 0xf3, 0x00, 0x00,
    0x0f, 0xc0, 0x1f, 0xb0, 0x00, 0x0f, 0xc0, 0x9f,
    0x40, 0x00, 0x00, 0xfc, 0x01, 0xfb, 0x00, 0x00,
    0xfc, 0x09, 0xff, 0xff, 0xff, 0xff, 0xc0, 0x1f,
    0xb0, 0x00, 0x0f, 0xc0, 0x9f, 0xa9, 0x99, 0x99,
    0x97, 0x01, 0xfb, 0x00, 0x00, 0xfc, 0x09, 0xf3,
    0x00, 0x01, 0x00, 0x00, 0x1f, 0xb0, 0x00, 0x0f,
    0xc0, 0x9f, 0x30, 0x03, 0xf8, 0x00, 0x01, 0xfb,
    0x00, 0x00, 0xfc, 0x09, 0xf3, 0x00, 0x0d, 0xf2,
    0x00, 0x1f, 0xb0, 0x89, 0x9f, 0xb0, 0x9f, 0x30,
    0x00, 0x6f, 0xb0, 0x01, 0xfb, 0x0a, 0xff, 0xe5,
    0x09, 0xf3, 0x16, 0xbf, 0xff, 0x40, 0x1f, 0xb0,
    0x11, 0x10, 0x00, 0xbf, 0xdf, 0xff, 0xa7, 0xfc,
    0x01, 0xfb, 0x00, 0x00, 0x00, 0x6f, 0xff, 0xc6,
    0x10, 0x0c, 0xf3, 0x1f, 0xb0, 0x00, 0x00, 0x01,
    0xf8, 0x20, 0x00, 0x00, 0x45, 0x01, 0xfb, 0x00,
    0x00, 0x00, 0x00, 0x00, 0x00, 0x00, 0x00, 0x00,
    0x1f, 0xb0, 0x00, 0x00, 0x00,

    /* U+5382 "厂" */
    0x00, 0x08, 0xcb, 0xbb, 0xbb, 0xbb, 0xbb, 0xbb,
    0xbb, 0xbb, 0xbb, 0x20, 0x00, 0xbf, 0xff, 0xff,
    0xff, 0xff, 0xff, 0xff, 0xff, 0xff, 0xf3, 0x00,
    0x0b, 0xf5, 0x22, 0x22, 0x22, 0x22, 0x22, 0x22,
    0x22, 0x22, 0x00, 0x00, 0xbf, 0x20, 0x00, 0x00,
    0x00, 0x00, 0x00, 0x00, 0x00, 0x00, 0x00, 0x0b,
    0xf2, 0x00, 0x00, 0x00, 0x00, 0x00, 0x00, 0x00,
    0x00, 0x00, 0x00, 0xbf, 0x20, 0x00, 0x00, 0x00,
    0x00, 0x00, 0x00, 0x00, 0x00, 0x00, 0x0b, 0xf2,
    0x00, 0x00, 0x00, 0x00, 0x00, 0x00, 0x00, 0x00,
    0x00, 0x00, 0xbf, 0x20, 0x00, 0x00, 0x00, 0x00,
    0x00, 0x00, 0x00, 0x00, 0x00, 0x0b, 0xf2, 0x00,
    0x00, 0x00, 0x00, 0x00, 0x00, 0x00, 0x00, 0x00,
    0x00, 0xcf, 0x20, 0x00, 0x00, 0x00, 0x00, 0x00,
    0x00, 0x00, 0x00, 0x00, 0x0c, 0xf1, 0x00, 0x00,
    0x00, 0x00, 0x00, 0x00, 0x00, 0x00, 0x00, 0x00,
    0xdf, 0x00, 0x00, 0x00, 0x00, 0x00, 0x00, 0x00,
    0x00, 0x00, 0x00, 0x0f, 0xe0, 0x00, 0x00, 0x00,
    0x00, 0x00, 0x00, 0x00, 0x00, 0x00, 0x01, 0xfc,
    0x00, 0x00, 0x00, 0x00, 0x00, 0x00, 0x00, 0x00,
    0x00, 0x00, 0x4f, 0xa0, 0x00, 0x00, 0x00, 0x00,
    0x00, 0x00, 0x00, 0x00, 0x00, 0x08, 0xf6, 0x00,
    0x00, 0x00, 0x00, 0x00, 0x00, 0x00, 0x00, 0x00,
    0x00, 0xcf, 0x20, 0x00, 0x00, 0x00, 0x00, 0x00,
    0x00, 0x00, 0x00, 0x00, 0x2f, 0xe0, 0x00, 0x00,
    0x00, 0x00, 0x00, 0x00, 0x00, 0x00, 0x00, 0x09,
    0xf8, 0x00, 0x00, 0x00, 0x00, 0x00, 0x00, 0x00,
    0x00, 0x00, 0x00, 0xef, 0x10, 0x00, 0x00, 0x00,
    0x00, 0x00, 0x00, 0x00, 0x00, 0x00, 0x01, 0x40,
    0x00, 0x00, 0x00, 0x00, 0x00, 0x00, 0x00, 0x00,
    0x00, 0x00,

    /* U+538B "压" */
    0x00, 0x00, 0x00, 0x00, 0x00, 0x00, 0x00, 0x00,
    0x00, 0x00, 0x00, 0x00, 0x00, 0x0f, 0xff, 0xff,
    0xff, 0xff, 0xff, 0xff, 0xff, 0xff, 0xff, 0xf2,
    0x00, 0x0f, 0xeb, 0xbb, 0xbb, 0xbb, 0xbb, 0xbb,
    0xbb, 0xbb, 0xbb, 0xb1, 0x00, 0x0f, 0xb0, 0x00,
    0x00, 0x00, 0x00, 0x00, 0x00, 0x00, 0x00, 0x00,
    0x00, 0x0f, 0xb0, 0x00, 0x00, 0x00, 0x0e, 0xb0,
    0x00, 0x00, 0x00, 0x00, 0x00, 0x0f, 0xb0, 0x00,
    0x00, 0x00, 0x0f, 0xc0, 0x00, 0x00, 0x00, 0x00,
    0x00, 0x0f, 0xb0, 0x00, 0x00, 0x00, 0x0f, 0xc0,
    0x00, 0x00, 0x00, 0x00, 0x00, 0x0f, 0xb0, 0x00,
    0x00, 0x00, 0x0f, 0xc0, 0x00, 0x00, 0x00, 0x00,
    0x00, 0x0f, 0xb0, 0x00, 0x00, 0x00, 0x0f, 0xc0,
    0x00, 0x00, 0x00, 0x00, 0x00, 0x0f, 0xb0, 0x7c,
    0xcc, 0xcc, 0xcf, 0xfc, 0xcc, 0xcc, 0xcb, 0x00,
    0x00, 0x0f, 0xa0, 0x9f, 0xff, 0xff, 0xff, 0xff,
    0xff, 0xff, 0xfe, 0x00, 0x00, 0x1f, 0xa0, 0x00,
    0x00, 0x00, 0x0f, 0xc0, 0x00, 0x00, 0x00, 0x00,
    0x00, 0x1f, 0x90, 0x00, 0x00, 0x00, 0x0f, 0xc0,
    0x01, 0x10, 0x00, 0x00, 0x00, 0x2f, 0x80, 0x00,
    0x00, 0x00, 0x0f, 0xc0, 0x1e, 0xd1, 0x00, 0x00,
    0x00, 0x4f, 0x60, 0x00, 0x00, 0x00, 0x0f, 0xc0,
    0x04, 0xfd, 0x10, 0x00, 0x00, 0x6f, 0x40, 0x00,
    0x00, 0x00, 0x0f, 0xc0, 0x00, 0x5f, 0xd0, 0x00,
    0x00, 0x8f, 0x20, 0x00, 0x00, 0x00, 0x0f, 0xc0,
    0x00, 0x07, 0xd2, 0x00, 0x00, 0xcf, 0x00, 0x00,
    0x00, 0x00, 0x0f, 0xc0, 0x00, 0x00, 0x00, 0x00,
    0x00, 0xfb, 0x00, 0x00, 0x00, 0x00, 0x0f, 0xc0,
    0x00, 0x00, 0x00, 0x00, 0x05, 0xf7, 0x2f, 0xff,
    0xff, 0xff, 0xff, 0xff, 0xff, 0xff, 0xff, 0xf0,
    0x0c, 0xf2, 0x2f, 0xff, 0xff, 0xff, 0xff, 0xff,
    0xff, 0xff, 0xff, 0xf1, 0x05, 0xa0, 0x00, 0x00,
    0x00, 0x00, 0x00, 0x00, 0x00, 0x00, 0x00, 0x00,
    0x00, 0x00, 0x00, 0x00, 0x00, 0x00, 0x00, 0x00,
    0x00, 0x00, 0x00, 0x00,

    /* U+53D8 "变" */
    0x00, 0x00, 0x00, 0x00, 0x00, 0x31, 0x00, 0x00,
    0x00, 0x00, 0x00, 0x00, 0x00, 0x00, 0x00, 0x00,
    0x5f, 0xb0, 0x00, 0x00, 0x00, 0x00, 0x00, 0x00,
    0x00, 0x00, 0x00, 0x00, 0xcf, 0x40, 0x00, 0x00,
    0x00, 0x00, 0x04, 0xbb, 0xbb, 0xbb, 0xbb, 0xbd,
    0xfe, 0xbb, 0xbb, 0xbb, 0xbb, 0x40, 0x5e, 0xee,
    0xee, 0xef, 0xfe, 0xee, 0xef, 0xfe, 0xee, 0xee,
    0xe5, 0x00, 0x00, 0x00, 0x00, 0xbf, 0x10, 0x01,
    0xfb, 0x00, 0x00, 0x00, 0x00, 0x00, 0x00, 0xea,
    0x0b, 0xf1, 0x00, 0x1f, 0xb1, 0xa8, 0x00, 0x00,
    0x00, 0x00, 0x7f, 0x60, 0xbf, 0x10, 0x01, 0xfb,
    0x09, 0xf9, 0x00, 0x00, 0x00, 0x2f, 0xd0, 0x0b,
    0xf1, 0x00, 0x1f, 0xb0, 0x0a, 0xf7, 0x00, 0x00,
    0x1d, 0xf3, 0x00, 0xbf, 0x10, 0x01, 0xfb, 0x00,
    0x0b, 0xf5, 0x00, 0x08, 0xf7, 0x00, 0x0b, 0xf1,
    0x00, 0x1f, 0xb0, 0x00, 0x1e, 0xe0, 0x00, 0x04,
    0x00, 0x00, 0xbf, 0x10, 0x01, 0xfb, 0x00, 0x00,
    0x21, 0x00, 0x00, 0x00, 0x00, 0x02, 0x31, 0x00,
    0x03, 0x20, 0x01, 0x00, 0x00, 0x00, 0x0b, 0xff,
    0xff, 0xff, 0xff, 0xff, 0xff, 0xff, 0xf7, 0x00,
    0x00, 0x00, 0x69, 0xdf, 0xb9, 0x99, 0x99, 0x99,
    0x99, 0xff, 0x50, 0x00, 0x00, 0x00, 0x02, 0xfd,
    0x10, 0x00, 0x00, 0x00, 0xbf, 0x90, 0x00, 0x00,
    0x00, 0x00, 0x04, 0xfe, 0x20, 0x00, 0x01, 0xcf,
    0xa0, 0x00, 0x00, 0x00, 0x00, 0x00, 0x04, 0xff,
    0x70, 0x05, 0xef, 0x80, 0x00, 0x00, 0x00, 0x00,
    0x00, 0x00, 0x02, 0xcf, 0xdc, 0xfe, 0x40, 0x00,
    0x00, 0x00, 0x00, 0x00, 0x00, 0x00, 0x17, 0xff,
    0xff, 0x81, 0x00, 0x00, 0x00, 0x00, 0x00, 0x01,
    0x48, 0xcf, 0xfe, 0x77, 0xef, 0xfc, 0x84, 0x10,
    0x00, 0x05, 0xbe, 0xff, 0xfe, 0x94, 0x00, 0x00,
    0x4a, 0xef, 0xff, 0xeb, 0x70, 0x2f, 0xda, 0x62,
    0x00, 0x00, 0x00, 0x00, 0x00, 0x37, 0xad, 0xf5,
    0x00, 0x00, 0x00, 0x00, 0x00, 0x00, 0x00, 0x00,
    0x00, 0x00, 0x00, 0x00,

    /* U+53EF "可" */
    0x37, 0x77, 0x77, 0x77, 0x77, 0x77, 0x77, 0x77,
    0x77, 0x77, 0x77, 0x7f, 0xff, 0xff, 0xff, 0xff,
    0xff, 0xff, 0xff, 0xff, 0xff, 0xff, 0x25, 0x55,
    0x55, 0x55, 0x55, 0x55, 0x55, 0x55, 0x5e, 0xf5,
    0x54, 0x00, 0x00, 0x00, 0x00, 0x00, 0x00, 0x00,
    0x00, 0x0d, 0xf0, 0x00, 0x00, 0x00, 0x00, 0x00,
    0x00, 0x00, 0x00, 0x00, 0x0d, 0xf0, 0x00, 0x00,
    0x00, 0x10, 0x00, 0x00, 0x00, 0x00, 0x00, 0x0d,
    0xf0, 0x00, 0x00, 0x0f, 0xff, 0xff, 0xff, 0xff,
    0xd0, 0x00, 0x0d, 0xf0, 0x00, 0x00, 0x0f, 0xea,
    0xaa, 0xaa, 0xaf, 0xd0, 0x00, 0x0d, 0xf0, 0x00,
    0x00, 0x0f, 0xc0, 0x00, 0x00, 0x0e, 0xd0, 0x00,
    0x0d, 0xf0, 0x00, 0x00, 0x0f, 0xc0, 0x00, 0x00,
    0x0e, 0xd0, 0x00, 0x0d, 0xf0, 0x00, 0x00, 0x0f,
    0xc0, 0x00, 0x00, 0x0e, 0xd0, 0x00, 0x0d, 0xf0,
    0x00, 0x00, 0x0f, 0xc0, 0x00, 0x00, 0x0e, 0xd0,
    0x00, 0x0d, 0xf0, 0x00, 0x00, 0x0f, 0xc0, 0x00,
    0x00, 0x0e, 0xd0, 0x00, 0x0d, 0xf0, 0x00, 0x00,
    0x0f, 0xff, 0xff, 0xff, 0xff, 0xd0, 0x00, 0x0d,
    0xf0, 0x00, 0x00, 0x0f, 0xfc, 0xcc, 0xcc, 0xcc,
    0xa0, 0x00, 0x0d, 0xf0, 0x00, 0x00, 0x0f, 0xc0,
    0x00, 0x00, 0x00, 0x00, 0x00, 0x0d, 0xf0, 0x00,
    0x00, 0x0a, 0x80, 0x00, 0x00, 0x00, 0x00, 0x00,
    0x0d, 0xf0, 0x00, 0x00, 0x00, 0x00, 0x00, 0x00,
    0x00, 0x00, 0x00, 0x0d, 0xf0, 0x00, 0x00, 0x00,
    0x00, 0x00, 0x00, 0x00, 0x00, 0x00, 0x0e, 0xf0,
    0x00, 0x00, 0x00, 0x00, 0x00, 0x00, 0x00, 0xbd,
    0xdd, 0xef, 0xe0, 0x00, 0x00, 0x00, 0x00, 0x00,
    0x00, 0x00, 0x7f, 0xff, 0xfc, 0x40, 0x00, 0x00,
    0x00, 0x00, 0x00, 0x00, 0x00, 0x00, 0x00, 0x00,
    0x00, 0x00,

    /* U+53F0 "台" */
    0x00, 0x00, 0x00, 0x00, 0x00, 0x00, 0x00, 0x00,
    0x00, 0x00, 0x00, 0x00, 0x00, 0x00, 0x9e, 0x50,
    0x00, 0x00, 0x00, 0x00, 0x00, 0x00, 0x00, 0x00,
    0x4f, 0xe1, 0x00, 0x00, 0x00, 0x00, 0x00, 0x00,
    0x00, 0x00, 0x1e, 0xf4, 0x00, 0x00, 0x20, 0x00,
    0x00, 0x00, 0x00, 0x00, 0x0c, 0xf7, 0x00, 0x00,
    0x4f, 0xc1, 0x00, 0x00, 0x00, 0x00, 0x0a, 0xf9,
    0x00, 0x00, 0x00, 0x9f, 0xd1, 0x00, 0x00, 0x00,
    0x09, 0xfa, 0x00, 0x00, 0x00, 0x00, 0x9f, 0xd1,
    0x00, 0x00, 0x08, 0xfa, 0x00, 0x00, 0x00, 0x00,
    0x00, 0x9f, 0xc0, 0x00, 0x09, 0xfe, 0x67, 0x78,
    0x99, 0xab, 0xcc, 0xde, 0xff, 0xa0, 0x07, 0xff,
    0xff, 0xff, 0xff, 0xff, 0xfe, 0xdc, 0xcb, 0xef,
    0x70, 0x2b, 0x87, 0x64, 0x33, 0x21, 0x00, 0x00,
    0x00, 0x02, 0xff, 0x10, 0x00, 0x00, 0x00, 0x00,
    0x00, 0x00, 0x00, 0x00, 0x06, 0x40, 0x00, 0x00,
    0x00, 0x00, 0x00, 0x00, 0x00, 0x00, 0x00, 0x00,
    0x00, 0x0d, 0xff, 0xff, 0xff, 0xff, 0xff, 0xff,
    0xff, 0xc0, 0x00, 0x00, 0xdf, 0xaa, 0xaa, 0xaa,
    0xaa, 0xaa, 0xab, 0xfc, 0x00, 0x00, 0x0d, 0xf0,
    0x00, 0x00, 0x00, 0x00, 0x00, 0x2f, 0xc0, 0x00,
    0x00, 0xdf, 0x00, 0x00, 0x00, 0x00, 0x00, 0x02,
    0xfc, 0x00, 0x00, 0x0d, 0xf0, 0x00, 0x00, 0x00,
    0x00, 0x00, 0x2f, 0xc0, 0x00, 0x00, 0xdf, 0x00,
    0x00, 0x00, 0x00, 0x00, 0x02, 0xfc, 0x00, 0x00,
    0x0d, 0xf0, 0x00, 0x00, 0x00, 0x00, 0x00, 0x2f,
    0xc0, 0x00, 0x00, 0xdf, 0xff, 0xff, 0xff, 0xff,
    0xff, 0xff, 0xfc, 0x00, 0x00, 0x0d, 0xfb, 0xbb,
    0xbb, 0xbb, 0xbb, 0xbb, 0xbf, 0xc0, 0x00, 0x00,
    0xdf, 0x00, 0x00, 0x00, 0x00, 0x00, 0x02, 0xfc,
    0x00, 0x00, 0x00, 0x00, 0x00, 0x00, 0x00, 0x00,
    0x00, 0x00, 0x00, 0x00,

    /* U+540C "同" */
    0xef, 0xff, 0xff, 0xff, 0xff, 0xff, 0xff, 0xff,
    0xff, 0xfd, 0xef, 0xcc, 0xcc, 0xcc, 0xcc, 0xcc,
    0xcc, 0xcc, 0xcc, 0xfd, 0xed, 0x00, 0x00, 0x00,
    0x00, 0x00, 0x00, 0x00, 0x00, 0xed, 0xed, 0x00,
    0x00, 0x00, 0x00, 0x00, 0x00, 0x00, 0x00, 0xed,
    0xed, 0x00, 0x99, 0x99, 0x99, 0x99, 0x99, 0x99,
    0x10, 0xed, 0xed, 0x01, 0xff, 0xff, 0xff, 0xff,
    0xff, 0xff, 0x10, 0xed, 0xed, 0x00, 0x00, 0x00,
    0x00, 0x00, 0x00, 0x00, 0x00, 0xed, 0xed, 0x00,
    0x00, 0x00, 0x00, 0x00, 0x00, 0x00, 0x00, 0xed,
    0xed, 0x00, 0x07, 0xa9, 0x99, 0x99, 0x99, 0x70,
    0x00, 0xed, 0xed, 0x00, 0x0d, 0xff, 0xff, 0xff,
    0xff, 0xd0, 0x00, 0xed, 0xed, 0x00, 0x0d, 0xd0,
    0x00, 0x00, 0x0d, 0xd0, 0x00, 0xed, 0xed, 0x00,
    0x0d, 0xd0, 0x00, 0x00, 0x0d, 0xd0, 0x00, 0xed,
    0xed, 0x00, 0x0d, 0xd0, 0x00, 0x00, 0x0d, 0xd0,
    0x00, 0xed, 0xed, 0x00, 0x0d, 0xd0, 0x00, 0x00,
    0x0d, 0xd0, 0x00, 0xed, 0xed, 0x00, 0x0d, 0xe8,
    0x88, 0x88, 0x8e, 0xd0, 0x00, 0xed, 0xed, 0x00,
    0x0d, 0xff, 0xff, 0xff, 0xff, 0xd0, 0x00, 0xed,
    0xed, 0x00, 0x0d, 0xd0, 0x00, 0x00, 0x00, 0x00,
    0x00, 0xed, 0xed, 0x00, 0x0a, 0xa0, 0x00, 0x00,
    0x00, 0x00, 0x00, 0xed, 0xed, 0x00, 0x00, 0x00,
    0x00, 0x00, 0x00, 0x00, 0x00, 0xed, 0xed, 0x00,
    0x00, 0x00, 0x00, 0x00, 0x00, 0x6c, 0xcc, 0xfc,
    0xed, 0x00, 0x00, 0x00, 0x00, 0x00, 0x00, 0x3f,
    0xfe, 0xb3,

    /* U+540E "后" */
    0x00, 0x00, 0x00, 0x00, 0x00, 0x00, 0x00, 0x13,
    0x58, 0xbd, 0x10, 0x00, 0x00, 0x01, 0x23, 0x46,
    0x79, 0xac, 0xef, 0xff, 0xff, 0xd7, 0x00, 0x00,
    0x09, 0xff, 0xff, 0xff, 0xff, 0xdc, 0xa8, 0x53,
    0x00, 0x00, 0x00, 0x00, 0x9f, 0x96, 0x54, 0x21,
    0x00, 0x00, 0x00, 0x00, 0x00, 0x00, 0x00, 0x09,
    0xf3, 0x00, 0x00, 0x00, 0x00, 0x00, 0x00, 0x00,
    0x00, 0x00, 0x00, 0x9f, 0x30, 0x00, 0x00, 0x00,
    0x00, 0x00, 0x00, 0x00, 0x00, 0x00, 0x09, 0xfc,
    0xbb, 0xbb, 0xbb, 0xbb, 0xbb, 0xbb, 0xbb, 0xbb,
    0x70, 0x00, 0x9f, 0xff, 0xff, 0xff, 0xff, 0xff,
    0xff, 0xff, 0xff, 0xfa, 0x00, 0x09, 0xf4, 0x00,
    0x00, 0x00, 0x00, 0x00, 0x00, 0x00, 0x00, 0x00,
    0x00, 0x9f, 0x30, 0x00, 0x00, 0x00, 0x00, 0x00,
    0x00, 0x00, 0x00, 0x00, 0x0a, 0xf2, 0x00, 0x00,
    0x00, 0x00, 0x00, 0x00, 0x00, 0x00, 0x00, 0x00,
    0xbf, 0x20, 0x79, 0x99, 0x99, 0x99, 0x99, 0x99,
    0x98, 0x00, 0x00, 0x0c, 0xf0, 0x0c, 0xff, 0xff,
    0xff, 0xff, 0xff, 0xff, 0xe0, 0x00, 0x00, 0xef,
    0x00, 0xcf, 0x11, 0x11, 0x11, 0x11, 0x11, 0xfe,
    0x00, 0x00, 0x1f, 0xc0, 0x0c, 0xf0, 0x00, 0x00,
    0x00, 0x00, 0x0f, 0xe0, 0x00, 0x04, 0xfa, 0x00,
    0xcf, 0x00, 0x00, 0x00, 0x00, 0x00, 0xfe, 0x00,
    0x00, 0x8f, 0x60, 0x0c, 0xf0, 0x00, 0x00, 0x00,
    0x00, 0x0f, 0xe0, 0x00, 0x0d, 0xf2, 0x00, 0xcf,
    0x00, 0x00, 0x00, 0x00, 0x00, 0xfe, 0x00, 0x03,
    0xfd, 0x00, 0x0c, 0xf0, 0x00, 0x00, 0x00, 0x00,
    0x0f, 0xe0, 0x00, 0xaf, 0x70, 0x00, 0xcf, 0xff,
    0xff, 0xff, 0xff, 0xff, 0xfe, 0x00, 0x3f, 0xe1,
    0x00, 0x0c, 0xfb, 0xbb, 0xbb, 0xbb, 0xbb, 0xbf,
    0xe0, 0x00, 0x76, 0x00, 0x00, 0xcf, 0x00, 0x00,
    0x00, 0x00, 0x00, 0xfe, 0x00, 0x00, 0x00, 0x00,
    0x00, 0x00, 0x00, 0x00, 0x00, 0x00, 0x00, 0x00,
    0x00,

    /* U+5426 "否" */
    0x2c, 0xcc, 0xcc, 0xcc, 0xcc, 0xcc, 0xcc, 0xcc,
    0xcc, 0xcc, 0xc7, 0x03, 0xff, 0xff, 0xff, 0xff,
    0xff, 0xff, 0xff, 0xff, 0xff, 0xff, 0x90, 0x00,
    0x00, 0x00, 0x00, 0x00, 0x4f, 0xf3, 0x00, 0x00,
    0x00, 0x00, 0x00, 0x00, 0x00, 0x00, 0x00, 0x6f,
    0xf4, 0x00, 0x00, 0x00, 0x00, 0x00, 0x00, 0x00,
    0x00, 0x00, 0xaf, 0xfe, 0x02, 0x92, 0x00, 0x00,
    0x00, 0x00, 0x00, 0x00, 0x04, 0xef, 0xcf, 0xe0,
    0xaf, 0xfb, 0x30, 0x00, 0x00, 0x00, 0x00, 0x3b,
    0xff, 0x80, 0xfe, 0x00, 0x3b, 0xff, 0xb2, 0x00,
    0x00, 0x04, 0xbf, 0xfc, 0x30, 0x0f, 0xe0, 0x00,
    0x03, 0xcf, 0xf8, 0x00, 0x7e, 0xff, 0xd5, 0x00,
    0x00, 0xfe, 0x00, 0x00, 0x00, 0x5e, 0xfd, 0x03,
    0xfc, 0x40, 0x00, 0x00, 0x0f, 0xe0, 0x00, 0x00,
    0x00, 0x1a, 0x50, 0x01, 0x00, 0x00, 0x00, 0x00,
    0xfe, 0x00, 0x00, 0x00, 0x00, 0x00, 0x00, 0x00,
    0x00, 0x00, 0x00, 0x03, 0x30, 0x00, 0x00, 0x00,
    0x00, 0x00, 0x00, 0x0c, 0xff, 0xff, 0xff, 0xff,
    0xff, 0xff, 0xff, 0xf0, 0x00, 0x00, 0x00, 0xcf,
    0x98, 0x88, 0x88, 0x88, 0x88, 0x88, 0xff, 0x00,
    0x00, 0x00, 0x0c, 0xf1, 0x00, 0x00, 0x00, 0x00,
    0x00, 0x0f, 0xf0, 0x00, 0x00, 0x00, 0xcf, 0x10,
    0x00, 0x00, 0x00, 0x00, 0x00, 0xff, 0x00, 0x00,
    0x00, 0x0c, 0xf1, 0x00, 0x00, 0x00, 0x00, 0x00,
    0x0f, 0xf0, 0x00, 0x00, 0x00, 0xcf, 0x10, 0x00,
    0x00, 0x00, 0x00, 0x00, 0xff, 0x00, 0x00, 0x00,
    0x0c, 0xff, 0xff, 0xff, 0xff, 0xff, 0xff, 0xff,
    0xf0, 0x00, 0x00, 0x00, 0xcf, 0xba, 0xaa, 0xaa,
    0xaa, 0xaa, 0xaa, 0xff, 0x00, 0x00, 0x00, 0x0c,
    0xf1, 0x00, 0x00, 0x00, 0x00, 0x00, 0x0f, 0xf0,
    0x00, 0x00, 0x00, 0x00, 0x00, 0x00, 0x00, 0x00,
    0x00, 0x00, 0x00, 0x00, 0x00,

    /* U+542F "启" */
    0x00, 0x00, 0x00, 0x00, 0x00, 0x01, 0x00, 0x00,
    0x00, 0x00, 0x00, 0x00, 0x00, 0x00, 0x00, 0x00,
    0x7f, 0x60, 0x00, 0x00, 0x00, 0x00, 0x00, 0x00,
    0x00, 0x00, 0x00, 0x1f, 0xe0, 0x00, 0x00, 0x00,
    0x00, 0x00, 0x00, 0x00, 0x00, 0x00, 0x09, 0xf6,
    0x00, 0x00, 0x00, 0x00, 0x00, 0x06, 0xcb, 0xbb,
    0xbb, 0xbd, 0xfc, 0xbb, 0xbb, 0xbb, 0x80, 0x00,
    0x08, 0xff, 0xff, 0xff, 0xff, 0xff, 0xff, 0xff,
    0xff, 0xc0, 0x00, 0x08, 0xf4, 0x00, 0x00, 0x00,
    0x00, 0x00, 0x00, 0x1f, 0xc0, 0x00, 0x08, 0xf4,
    0x00, 0x00, 0x00, 0x00, 0x00, 0x00, 0x1f, 0xc0,
    0x00, 0x08, 0xf4, 0x00, 0x00, 0x00, 0x00, 0x00,
    0x00, 0x1f, 0xc0, 0x00, 0x08, 0xfc, 0xbb, 0xbb,
    0xbb, 0xbb, 0xbb, 0xbb, 0xbf, 0xc0, 0x00, 0x08,
    0xff, 0xff, 0xff, 0xff, 0xff, 0xff, 0xff, 0xff,
    0xb0, 0x00, 0x08, 0xf4, 0x00, 0x00, 0x00, 0x00,
    0x00, 0x00, 0x00, 0x00, 0x00, 0x09, 0xf3, 0x00,
    0x00, 0x00, 0x00, 0x00, 0x00, 0x00, 0x00, 0x00,
    0x0a, 0xf2, 0x6a, 0xaa, 0xaa, 0xaa, 0xaa, 0xaa,
    0xaa, 0xa1, 0x00, 0x0c, 0xf0, 0x9f, 0xff, 0xff,
    0xff, 0xff, 0xff, 0xff, 0xf2, 0x00, 0x0e, 0xe0,
    0x9f, 0x20, 0x00, 0x00, 0x00, 0x00, 0x0b, 0xf2,
    0x00, 0x1f, 0xc0, 0x9f, 0x20, 0x00, 0x00, 0x00,
    0x00, 0x0a, 0xf2, 0x00, 0x5f, 0x90, 0x9f, 0x20,
    0x00, 0x00, 0x00, 0x00, 0x0a, 0xf2, 0x00, 0xaf,
    0x50, 0x9f, 0x20, 0x00, 0x00, 0x00, 0x00, 0x0a,
    0xf2, 0x01, 0xff, 0x00, 0x9f, 0xa9, 0x99, 0x99,
    0x99, 0x99, 0x9e, 0xf2, 0x09, 0xfa, 0x00, 0x9f,
    0xff, 0xff, 0xff, 0xff, 0xff, 0xff, 0xf2, 0x2f,
    0xf2, 0x00, 0x9f, 0x30, 0x00, 0x00, 0x00, 0x00,
    0x0b, 0xf2, 0x07, 0x90, 0x00, 0x9f, 0x20, 0x00,
    0x00, 0x00, 0x00, 0x0a, 0xf2, 0x00, 0x00, 0x00,
    0x00, 0x00, 0x00, 0x00, 0x00, 0x00, 0x00, 0x00,

    /* U+5468 "周" */
    0x00, 0x00, 0x00, 0x00, 0x00, 0x00, 0x00, 0x00,
    0x00, 0x00, 0x00, 0x00, 0xaf, 0xff, 0xff, 0xff,
    0xff, 0xff, 0xff, 0xff, 0xfe, 0x00, 0x0a, 0xfb,
    0xaa, 0xaa, 0xab, 0xba, 0xaa, 0xaa, 0xaf, 0xe0,
    0x00, 0xaf, 0x20, 0x00, 0x00, 0xfb, 0x00, 0x00,
    0x00, 0xee, 0x00, 0x0a, 0xf2, 0x00, 0x00, 0x0f,
    0xb0, 0x00, 0x00, 0x0e, 0xe0, 0x00, 0xaf, 0x24,
    0xff, 0xff, 0xff, 0xff, 0xff, 0x40, 0xee, 0x00,
    0x0a, 0xf2, 0x28, 0x88, 0x8f, 0xd8, 0x88, 0x82,
    0x0e, 0xe0, 0x00, 0xaf, 0x20, 0x00, 0x00, 0xfb,
    0x00, 0x00, 0x00, 0xee, 0x00, 0x0a, 0xf2, 0x00,
    0x00, 0x0f, 0xb0, 0x00, 0x00, 0x0e, 0xe0, 0x00,
    0xaf, 0x1d, 0xff, 0xff, 0xff, 0xff, 0xff, 0xd0,
    0xee, 0x00, 0x0b, 0xf1, 0x78, 0x88, 0x88, 0x88,
    0x88, 0x87, 0x0e, 0xe0, 0x00, 0xbf, 0x00, 0x00,
    0x00, 0x00, 0x00, 0x00, 0x00, 0xee, 0x00, 0x0c,
    0xf0, 0x05, 0x77, 0x77, 0x77, 0x77, 0x40, 0x0e,
    0xe0, 0x00, 0xee, 0x00, 0xbf, 0xff, 0xff, 0xff,
    0xfa, 0x00, 0xee, 0x00, 0x0f, 0xc0, 0x0b, 0xf0,
    0x00, 0x00, 0x1f, 0xa0, 0x0e, 0xe0, 0x02, 0xf9,
    0x00, 0xbf, 0x00, 0x00, 0x01, 0xfa, 0x00, 0xee,
    0x00, 0x6f, 0x60, 0x0b, 0xf0, 0x00, 0x00, 0x1f,
    0xa0, 0x0e, 0xe0, 0x0b, 0xf2, 0x00, 0xbf, 0x77,
    0x77, 0x78, 0xfa, 0x00, 0xee, 0x01, 0xfd, 0x00,
    0x0b, 0xff, 0xff, 0xff, 0xff, 0x90, 0x0e, 0xe0,
    0x7f, 0x70, 0x00, 0xbf, 0x00, 0x00, 0x00, 0x00,
    0x00, 0xee, 0x1f, 0xf1, 0x00, 0x03, 0x40, 0x00,
    0x00, 0x08, 0x99, 0xaf, 0xd1, 0xb7, 0x00, 0x00,
    0x00, 0x00, 0x00, 0x00, 0x7f, 0xff, 0xd4, 0x00,
    0x00, 0x00, 0x00, 0x00, 0x00, 0x00, 0x00, 0x00,
    0x00, 0x00,

    /* U+54CD "响" */
    0x00, 0x00, 0x00, 0x00, 0x00, 0x00, 0x00, 0x00,
    0x00, 0x00, 0x00, 0x00, 0x00, 0x00, 0x00, 0x00,
    0x00, 0xed, 0x20, 0x00, 0x00, 0x00, 0x00, 0x00,
    0x00, 0x00, 0x00, 0x3f, 0xd0, 0x00, 0x00, 0x0c,
    0xdc, 0xcc, 0xc0, 0x00, 0x00, 0x08, 0xf6, 0x00,
    0x00, 0x00, 0xff, 0xee, 0xff, 0x00, 0x00, 0x01,
    0xef, 0x10, 0x00, 0x01, 0x0f, 0x90, 0x08, 0xf0,
    0x1f, 0xff, 0xff, 0xff, 0xff, 0xff, 0xfc, 0xf9,
    0x00, 0x8f, 0x01, 0xfd, 0x88, 0x88, 0x88, 0x88,
    0x8f, 0xcf, 0x90, 0x08, 0xf0, 0x1f, 0xa0, 0x00,
    0x00, 0x00, 0x00, 0xfc, 0xf9, 0x00, 0x8f, 0x01,
    0xfa, 0x00, 0x00, 0x00, 0x00, 0x0f, 0xcf, 0x90,
    0x08, 0xf0, 0x1f, 0xa0, 0x7f, 0xff, 0xfe, 0x00,
    0xfc, 0xf9, 0x00, 0x8f, 0x01, 0xfa, 0x08, 0xd6,
    0x69, 0xe0, 0x0f, 0xcf, 0x90, 0x08, 0xf0, 0x1f,
    0xa0, 0x8c, 0x00, 0x6e, 0x00, 0xfc, 0xf9, 0x00,
    0x8f, 0x01, 0xfa, 0x08, 0xc0, 0x06, 0xe0, 0x0f,
    0xcf, 0x90, 0x08, 0xf0, 0x1f, 0xa0, 0x8c, 0x00,
    0x6e, 0x00, 0xfc, 0xfb, 0x22, 0xaf, 0x01, 0xfa,
    0x08, 0xc0, 0x06, 0xe0, 0x0f, 0xcf, 0xff, 0xff,
    0xf0, 0x1f, 0xa0, 0x8c, 0x22, 0x7e, 0x00, 0xfc,
    0xfd, 0x88, 0x88, 0x01, 0xfa, 0x08, 0xff, 0xff,
    0xe0, 0x0f, 0xcf, 0x90, 0x00, 0x00, 0x1f, 0xa0,
    0x8d, 0x33, 0x32, 0x00, 0xfc, 0xd8, 0x00, 0x00,
    0x01, 0xfa, 0x04, 0x60, 0x00, 0x00, 0x0f, 0xc0,
    0x00, 0x00, 0x00, 0x1f, 0xa0, 0x00, 0x00, 0x00,
    0x00, 0xfc, 0x00, 0x00, 0x00, 0x01, 0xfa, 0x00,
    0x00, 0x00, 0x00, 0x0f, 0xc0, 0x00, 0x00, 0x00,
    0x1f, 0xa0, 0x00, 0x00, 0x07, 0xaa, 0xfb, 0x00,
    0x00, 0x00, 0x01, 0xfa, 0x00, 0x00, 0x00, 0x6f,
    0xfc, 0x30,

    /* U+5524 "唤" */
    0x00, 0x00, 0x00, 0x00, 0x00, 0x00, 0x41, 0x00,
    0x00, 0x00, 0x00, 0x00, 0x00, 0x00, 0x00, 0x00,
    0x00, 0x3f, 0xb0, 0x00, 0x00, 0x00, 0x00, 0x00,
    0x00, 0x00, 0x00, 0x00, 0x0c, 0xf6, 0x33, 0x33,
    0x10, 0x00, 0x00, 0x9a, 0x99, 0x96, 0x00, 0x05,
    0xff, 0xff, 0xff, 0xff, 0x20, 0x00, 0x0f, 0xff,
    0xff, 0xa0, 0x01, 0xef, 0x65, 0x55, 0x9f, 0xc0,
    0x00, 0x00, 0xf8, 0x00, 0xfa, 0x00, 0xcf, 0x50,
    0x00, 0x0d, 0xf2, 0x00, 0x00, 0x0f, 0x80, 0x0f,
    0xa0, 0xbf, 0x90, 0x00, 0x09, 0xf6, 0x00, 0x00,
    0x00, 0xf8, 0x00, 0xfa, 0x5f, 0xff, 0xff, 0xff,
    0xff, 0xff, 0xf0, 0x00, 0x0f, 0x80, 0x0f, 0xa0,
    0x4f, 0xd6, 0x67, 0xfc, 0x66, 0xdf, 0x00, 0x00,
    0xf8, 0x00, 0xfa, 0x00, 0xeb, 0x00, 0x1f, 0x90,
    0x0b, 0xf0, 0x00, 0x0f, 0x80, 0x0f, 0xa0, 0x0e,
    0xb0, 0x01, 0xf9, 0x00, 0xbf, 0x00, 0x00, 0xf8,
    0x00, 0xfa, 0x00, 0xeb, 0x00, 0x1f, 0x90, 0x0b,
    0xf0, 0x00, 0x0f, 0x80, 0x0f, 0xa0, 0x0e, 0xb0,
    0x02, 0xf8, 0x00, 0xbf, 0x00, 0x00, 0xf8, 0x00,
    0xfa, 0x00, 0xeb, 0x00, 0x4f, 0x60, 0x0b, 0xf0,
    0x00, 0x0f, 0x80, 0x0f, 0xa8, 0xef, 0xfe, 0xef,
    0xff, 0xee, 0xff, 0xe8, 0x00, 0xfc, 0x99, 0xfa,
    0x5a, 0xaa, 0xaa, 0xff, 0xea, 0xaa, 0xaa, 0x50,
    0x0f, 0xff, 0xff, 0xa0, 0x00, 0x00, 0x7f, 0xef,
    0x20, 0x00, 0x00, 0x00, 0xf8, 0x00, 0x00, 0x00,
    0x00, 0x3f, 0xd1, 0xed, 0x00, 0x00, 0x00, 0x0f,
    0x80, 0x00, 0x00, 0x00, 0x3e, 0xf2, 0x05, 0xfb,
    0x00, 0x00, 0x00, 0x52, 0x00, 0x00, 0x00, 0x6f,
    0xf3, 0x00, 0x07, 0xfd, 0x20, 0x00, 0x00, 0x00,
    0x00, 0x03, 0xcf, 0xd2, 0x00, 0x00, 0x06, 0xff,
    0x81, 0x00, 0x00, 0x00, 0x08, 0xff, 0x80, 0x00,
    0x00, 0x00, 0x03, 0xdf, 0xc0, 0x00, 0x00, 0x00,
    0x18, 0x10, 0x00, 0x00, 0x00, 0x00, 0x00, 0x62,
    0x00,

    /* U+5668 "器" */
    0x00, 0x00, 0x00, 0x00, 0x00, 0x00, 0x00, 0x00,
    0x00, 0x00, 0x00, 0x00, 0x00, 0x0c, 0xff, 0xff,
    0xff, 0xa0, 0x09, 0xff, 0xff, 0xff, 0xf2, 0x00,
    0x00, 0x0c, 0xe8, 0x88, 0x8f, 0xa0, 0x09, 0xf8,
    0x88, 0x8d, 0xf2, 0x00, 0x00, 0x0c, 0xd0, 0x00,
    0x1f, 0xa0, 0x09, 0xf1, 0x00, 0x09, 0xf2, 0x00,
    0x00, 0x0c, 0xd0, 0x00, 0x1f, 0xa0, 0x09, 0xf1,
    0x00, 0x09, 0xf2, 0x00, 0x00, 0x0c, 0xd0, 0x00,
    0x1f, 0xa0, 0x09, 0xf1, 0x00, 0x0a, 0xf2, 0x00,
    0x00, 0x0c, 0xff, 0xff, 0xff, 0xa0, 0x09, 0xff,
    0xff, 0xff, 0xf2, 0x00, 0x00, 0x06, 0x88, 0x88,
    0x88, 0xb8, 0x24, 0x8b, 0xb8, 0x88, 0x81, 0x00,
    0x00, 0x00, 0x00, 0x00, 0x01, 0xfe, 0x00, 0x0a,
    0xfc, 0x40, 0x00, 0x00, 0x00, 0x00, 0x00, 0x00,
    0x1b, 0xf5, 0x00, 0x00, 0x3c, 0xf2, 0x00, 0x00,
    0x09, 0xff, 0xff, 0xff, 0xff, 0xff, 0xff, 0xff,
    0xff, 0xff, 0xff, 0xe0, 0x05, 0x99, 0x99, 0x9f,
    0xfc, 0x99, 0x99, 0xdf, 0xd9, 0x99, 0x99, 0x80,
    0x00, 0x00, 0x02, 0xcf, 0xa0, 0x00, 0x00, 0x1c,
    0xf9, 0x00, 0x00, 0x00, 0x00, 0x00, 0x7f, 0xf7,
    0x00, 0x00, 0x00, 0x00, 0x9f, 0xe7, 0x10, 0x00,
    0x01, 0x7e, 0xff, 0xc8, 0x88, 0x50, 0x04, 0x88,
    0x8c, 0xff, 0xfa, 0x50, 0x0c, 0xff, 0xff, 0xff,
    0xff, 0xa0, 0x08, 0xff, 0xff, 0xff, 0xff, 0xe1,
    0x02, 0x4c, 0xe0, 0x00, 0x2f, 0xa0, 0x08, 0xf2,
    0x00, 0x0a, 0xf4, 0x20, 0x00, 0x0c, 0xe0, 0x00,
    0x1f, 0xa0, 0x08, 0xf2, 0x00, 0x09, 0xf2, 0x00,
    0x00, 0x0c, 0xe0, 0x00, 0x1f, 0xa0, 0x08, 0xf2,
    0x00, 0x09, 0xf2, 0x00, 0x00, 0x0c, 0xf9, 0x99,
    0xaf, 0xa0, 0x08, 0xfa, 0x99, 0x9d, 0xf2, 0x00,
    0x00, 0x0c, 0xff, 0xff, 0xff, 0xa0, 0x08, 0xff,
    0xff, 0xff, 0xf2, 0x00, 0x00, 0x0c, 0xe0, 0x00,
    0x1f, 0xa0, 0x08, 0xf2, 0x00, 0x09, 0xf2, 0x00,

    /* U+56DE "回" */
    0x00, 0x00, 0x00, 0x00, 0x00, 0x00, 0x00, 0x00,
    0x00, 0x00, 0x00, 0xff, 0xff, 0xff, 0xff, 0xff,
    0xff, 0xff, 0xff, 0xff, 0xff, 0x0f, 0xfc, 0xcc,
    0xcc, 0xcc, 0xcc, 0xcc, 0xcc, 0xcc, 0xcf, 0xf0,
    0xfd, 0x00, 0x00, 0x00, 0x00, 0x00, 0x00, 0x00,
    0x00, 0xef, 0x0f, 0xd0, 0x00, 0x00, 0x00, 0x00,
    0x00, 0x00, 0x00, 0x0e, 0xf0, 0xfd, 0x00, 0x00,
    0x00, 0x00, 0x00, 0x00, 0x00, 0x00, 0xef, 0x0f,
    0xd0, 0x00, 0x7a, 0xaa, 0xaa, 0xaa, 0xa7, 0x00,
    0x0e, 0xf0, 0xfd, 0x00, 0x0b, 0xff, 0xff, 0xff,
    0xff, 0xb0, 0x00, 0xef, 0x0f, 0xd0, 0x00, 0xbf,
    0x00, 0x00, 0x01, 0xfb, 0x00, 0x0e, 0xf0, 0xfd,
    0x00, 0x0b, 0xf0, 0x00, 0x00, 0x1f, 0xb0, 0x00,
    0xef, 0x0f, 0xd0, 0x00, 0xbf, 0x00, 0x00, 0x01,
    0xfb, 0x00, 0x0e, 0xf0, 0xfd, 0x00, 0x0b, 0xf0,
    0x00, 0x00, 0x1f, 0xb0, 0x00, 0xef, 0x0f, 0xd0,
    0x00, 0xbf, 0x00, 0x00, 0x01, 0xfb, 0x00, 0x0e,
    0xf0, 0xfd, 0x00, 0x0b, 0xf9, 0x99, 0x99, 0x9f,
    0xb0, 0x00, 0xef, 0x0f, 0xd0, 0x00, 0xbf, 0xff,
    0xff, 0xff, 0xfb, 0x00, 0x0e, 0xf0, 0xfd, 0x00,
    0x00, 0x00, 0x00, 0x00, 0x00, 0x00, 0x00, 0xef,
    0x0f, 0xd0, 0x00, 0x00, 0x00, 0x00, 0x00, 0x00,
    0x00, 0x0e, 0xf0, 0xfd, 0x00, 0x00, 0x00, 0x00,
    0x00, 0x00, 0x00, 0x00, 0xef, 0x0f, 0xd0, 0x00,
    0x00, 0x00, 0x00, 0x00, 0x00, 0x00, 0x0e, 0xf0,
    0xff, 0xff, 0xff, 0xff, 0xff, 0xff, 0xff, 0xff,
    0xff, 0xff, 0x0f, 0xfa, 0xaa, 0xaa, 0xaa, 0xaa,
    0xaa, 0xaa, 0xaa, 0xaf, 0xf0, 0xfd, 0x00, 0x00,
    0x00, 0x00, 0x00, 0x00, 0x00, 0x00, 0xef,

    /* U+56FA "固" */
    0x00, 0x00, 0x00, 0x00, 0x00, 0x00, 0x00, 0x00,
    0x00, 0x00, 0xdf, 0xff, 0xff, 0xff, 0xff, 0xff,
    0xff, 0xff, 0xff, 0xff, 0xdf, 0xaa, 0xaa, 0xaa,
    0xaa, 0xaa, 0xaa, 0xaa, 0xaa, 0xff, 0xdf, 0x00,
    0x00, 0x00, 0x04, 0x40, 0x00, 0x00, 0x00, 0xff,
    0xdf, 0x00, 0x00, 0x00, 0x0e, 0xc0, 0x00, 0x00,
    0x00, 0xff, 0xdf, 0x00, 0x00, 0x00, 0x0e, 0xc0,
    0x00, 0x00, 0x00, 0xff, 0xdf, 0x05, 0x88, 0x88,
    0x8f, 0xe8, 0x88, 0x88, 0x60, 0xff, 0xdf, 0x09,
    0xff, 0xff, 0xff, 0xff, 0xff, 0xff, 0xa0, 0xff,
    0xdf, 0x00, 0x00, 0x00, 0x0e, 0xc0, 0x00, 0x00,
    0x00, 0xff, 0xdf, 0x00, 0x00, 0x00, 0x0e, 0xc0,
    0x00, 0x00, 0x00, 0xff, 0xdf, 0x00, 0x01, 0x11,
    0x1f, 0xd1, 0x11, 0x10, 0x00, 0xff, 0xdf, 0x00,
    0x0f, 0xff, 0xff, 0xff, 0xff, 0xf1, 0x00, 0xff,
    0xdf, 0x00, 0x0f, 0xc5, 0x55, 0x55, 0x5c, 0xf1,
    0x00, 0xff, 0xdf, 0x00, 0x0f, 0xa0, 0x00, 0x00,
    0x0a, 0xf1, 0x00, 0xff, 0xdf, 0x00, 0x0f, 0xa0,
    0x00, 0x00, 0x0a, 0xf1, 0x00, 0xff, 0xdf, 0x00,
    0x0f, 0xc7, 0x77, 0x77, 0x7c, 0xf1, 0x00, 0xff,
    0xdf, 0x00, 0x0f, 0xff, 0xff, 0xff, 0xff, 0xf1,
    0x00, 0xff, 0xdf, 0x00, 0x00, 0x00, 0x00, 0x00,
    0x00, 0x00, 0x00, 0xff, 0xdf, 0x00, 0x00, 0x00,
    0x00, 0x00, 0x00, 0x00, 0x00, 0xff, 0xdf, 0xbb,
    0xbb, 0xbb, 0xbb, 0xbb, 0xbb, 0xbb, 0xbb, 0xff,
    0xdf, 0xff, 0xff, 0xff, 0xff, 0xff, 0xff, 0xff,
    0xff, 0xff, 0xdf, 0x00, 0x00, 0x00, 0x00, 0x00,
    0x00, 0x00, 0x00, 0xff,

    /* U+5730 "地" */
    0x00, 0x00, 0x00, 0x00, 0x00, 0x00, 0x00, 0x00,
    0x00, 0x00, 0x00, 0x00, 0x00, 0x00, 0xca, 0x00,
    0x00, 0x00, 0x00, 0x0c, 0xf0, 0x00, 0x00, 0x00,
    0x00, 0x00, 0xec, 0x00, 0x00, 0x00, 0x00, 0x0c,
    0xf0, 0x00, 0x00, 0x00, 0x00, 0x00, 0xec, 0x00,
    0x00, 0xaf, 0x00, 0x0c, 0xf0, 0x00, 0x00, 0x00,
    0x00, 0x00, 0xec, 0x00, 0x00, 0xbf, 0x00, 0x0c,
    0xf0, 0x00, 0x00, 0x00, 0x00, 0x00, 0xec, 0x00,
    0x00, 0xbf, 0x00, 0x0c, 0xf0, 0x04, 0xcd, 0x00,
    0x05, 0x66, 0xfd, 0x66, 0x30, 0xbf, 0x00, 0x0c,
    0xf6, 0xdf, 0xff, 0x00, 0x0f, 0xff, 0xff, 0xff,
    0x90, 0xbf, 0x00, 0x2d, 0xff, 0xf9, 0xcf, 0x00,
    0x05, 0x55, 0xfd, 0x55, 0x30, 0xbf, 0x5b, 0xff,
    0xf7, 0x00, 0xbf, 0x00, 0x00, 0x00, 0xec, 0x00,
    0x01, 0xcf, 0xff, 0xbe, 0xf0, 0x00, 0xbf, 0x00,
    0x00, 0x00, 0xec, 0x01, 0x9f, 0xff, 0x92, 0x0c,
    0xf0, 0x00, 0xbf, 0x00, 0x00, 0x00, 0xec, 0x00,
    0xed, 0xdf, 0x00, 0x0c, 0xf0, 0x00, 0xbf, 0x00,
    0x00, 0x00, 0xec, 0x00, 0x20, 0xbf, 0x00, 0x0c,
    0xf0, 0x00, 0xbf, 0x00, 0x00, 0x00, 0xec, 0x00,
    0x00, 0xbf, 0x00, 0x0c, 0xf0, 0x00, 0xce, 0x00,
    0x00, 0x00, 0xec, 0x17, 0x70, 0xbf, 0x00, 0x0c,
    0xf0, 0x00, 0xed, 0x00, 0x00, 0x00, 0xff, 0xff,
    0xc0, 0xbf, 0x00, 0x0c, 0xf0, 0xff, 0xf9, 0x00,
    0x01, 0x7d, 0xff, 0xc5, 0x00, 0xbf, 0x00, 0x0c,
    0xf0, 0x67, 0x50, 0x00, 0x0f, 0xff, 0xa3, 0x00,
    0x00, 0xbf, 0x00, 0x08, 0xa0, 0x00, 0x03, 0x20,
    0x09, 0x82, 0x00, 0x00, 0x00, 0xbf, 0x00, 0x00,
    0x00, 0x00, 0x09, 0xf1, 0x00, 0x00, 0x00, 0x00,
    0x00, 0xaf, 0x10, 0x00, 0x00, 0x00, 0x0d, 0xf0,
    0x00, 0x00, 0x00, 0x00, 0x00, 0x7f, 0xda, 0xaa,
    0xaa, 0xaa, 0xcf, 0xa0, 0x00, 0x00, 0x00, 0x00,
    0x00, 0x09, 0xef, 0xff, 0xff, 0xff, 0xfb, 0x10,

    /* U+589E "增" */
    0x00, 0x0a, 0x60, 0x00, 0x01, 0x97, 0x00, 0x00,
    0x08, 0xb3, 0x00, 0x01, 0xf9, 0x00, 0x00, 0x0c,
    0xf4, 0x00, 0x02, 0xfe, 0x10, 0x00, 0x1f, 0x90,
    0x00, 0x00, 0x2f, 0xb0, 0x00, 0xbf, 0x40, 0x00,
    0x01, 0xf9, 0x00, 0x09, 0x99, 0xc9, 0x99, 0xbf,
    0xe9, 0x98, 0x00, 0x1f, 0x90, 0x00, 0xfd, 0xbb,
    0xbc, 0xfb, 0xbb, 0xbe, 0xd0, 0x12, 0xfa, 0x11,
    0x0f, 0x83, 0x30, 0x4f, 0x20, 0x31, 0xbd, 0xaf,
    0xff, 0xff, 0xf0, 0xf8, 0x5e, 0x04, 0xf2, 0x0e,
    0x7b, 0xd6, 0x9a, 0xfd, 0x99, 0x0f, 0x80, 0xd7,
    0x4f, 0x27, 0xc0, 0xbd, 0x00, 0x1f, 0x90, 0x00,
    0xf8, 0x06, 0xd4, 0xf3, 0xe3, 0x0b, 0xd0, 0x01,
    0xf9, 0x00, 0x0f, 0x80, 0x00, 0x4f, 0x22, 0x00,
    0xbd, 0x00, 0x1f, 0x90, 0x00, 0xff, 0xff, 0xff,
    0xff, 0xff, 0xff, 0xd0, 0x01, 0xf9, 0x00, 0x04,
    0x44, 0x44, 0x44, 0x44, 0x44, 0x43, 0x00, 0x1f,
    0x90, 0x00, 0x02, 0x33, 0x33, 0x33, 0x33, 0x32,
    0x00, 0x01, 0xf9, 0x00, 0x00, 0xcf, 0xff, 0xff,
    0xff, 0xff, 0xb0, 0x00, 0x1f, 0x91, 0x60, 0x0c,
    0xe2, 0x22, 0x22, 0x22, 0xfb, 0x00, 0x01, 0xfe,
    0xff, 0x30, 0xce, 0x00, 0x00, 0x00, 0x0f, 0xb0,
    0x39, 0xef, 0xfa, 0x40, 0x0c, 0xff, 0xff, 0xff,
    0xff, 0xfb, 0x0c, 0xfe, 0x81, 0x00, 0x00, 0xcf,
    0x66, 0x66, 0x66, 0x6f, 0xb0, 0x56, 0x00, 0x00,
    0x00, 0x0c, 0xe0, 0x00, 0x00, 0x00, 0xfb, 0x00,
    0x00, 0x00, 0x00, 0x00, 0xcf, 0x77, 0x77, 0x77,
    0x7f, 0xb0, 0x00, 0x00, 0x00, 0x00, 0x0c, 0xfe,
    0xee, 0xee, 0xee, 0xfb, 0x00, 0x00, 0x00, 0x00,
    0x00, 0xce, 0x00, 0x00, 0x00, 0x0f, 0xb0,

    /* U+58F0 "声" */
    0x00, 0x00, 0x00, 0x00, 0x00, 0x00, 0x10, 0x00,
    0x00, 0x00, 0x00, 0x00, 0x00, 0x00, 0x00, 0x00,
    0x00, 0xbf, 0x10, 0x00, 0x00, 0x00, 0x00, 0x00,
    0x00, 0x00, 0x00, 0x00, 0x0c, 0xf2, 0x00, 0x00,
    0x00, 0x00, 0x00, 0x1f, 0xff, 0xff, 0xff, 0xff,
    0xff, 0xff, 0xff, 0xff, 0xff, 0xf8, 0x00, 0x88,
    0x88, 0x88, 0x88, 0x8e, 0xf9, 0x88, 0x88, 0x88,
    0x88, 0x40, 0x00, 0x00, 0x00, 0x00, 0x00, 0xbf,
    0x10, 0x00, 0x00, 0x00, 0x00, 0x00, 0x00, 0x00,
    0x00, 0x00, 0x0b, 0xf1, 0x00, 0x00, 0x00, 0x00,
    0x00, 0x00, 0xaf, 0xff, 0xff, 0xff, 0xff, 0xff,
    0xff, 0xff, 0xff, 0x70, 0x00, 0x05, 0x88, 0x88,
    0x88, 0x88, 0x88, 0x88, 0x88, 0x88, 0x84, 0x00,
    0x00, 0x00, 0x00, 0x00, 0x00, 0x00, 0x00, 0x00,
    0x00, 0x00, 0x00, 0x00, 0x01, 0x99, 0x99, 0x99,
    0x99, 0x99, 0x99, 0x99, 0x99, 0x90, 0x00, 0x00,
    0x1f, 0xff, 0xff, 0xff, 0xff, 0xff, 0xff, 0xff,
    0xff, 0x00, 0x00, 0x01, 0xfa, 0x00, 0x00, 0x0b,
    0xf1, 0x00, 0x00, 0x0c, 0xf0, 0x00, 0x00, 0x1f,
    0xa0, 0x00, 0x00, 0xbf, 0x10, 0x00, 0x00, 0xcf,
    0x00, 0x00, 0x02, 0xfa, 0x00, 0x00, 0x0b, 0xf1,
    0x00, 0x00, 0x0c, 0xf0, 0x00, 0x00, 0x3f, 0xec,
    0xcc, 0xcc, 0xff, 0xcc, 0xcc, 0xcc, 0xff, 0x00,
    0x00, 0x06, 0xfd, 0xcc, 0xcc, 0xcc, 0xcc, 0xcc,
    0xcc, 0xcf, 0xf0, 0x00, 0x00, 0x9f, 0x30, 0x00,
    0x00, 0x00, 0x00, 0x00, 0x00, 0xcf, 0x00, 0x00,
    0x0e, 0xe0, 0x00, 0x00, 0x00, 0x00, 0x00, 0x00,
    0x00, 0x00, 0x00, 0x06, 0xf9, 0x00, 0x00, 0x00,
    0x00, 0x00, 0x00, 0x00, 0x00, 0x00, 0x02, 0xff,
    0x10, 0x00, 0x00, 0x00, 0x00, 0x00, 0x00, 0x00,
    0x00, 0x00, 0xcf, 0x70, 0x00, 0x00, 0x00, 0x00,
    0x00, 0x00, 0x00, 0x00, 0x00, 0x02, 0x80, 0x00,
    0x00, 0x00, 0x00, 0x00, 0x00, 0x00, 0x00, 0x00,
    0x00,

    /* U+5907 "备" */
    0x00, 0x00, 0x00, 0x00, 0x01, 0x00, 0x00, 0x00,
    0x00, 0x00, 0x00, 0x00, 0x00, 0x00, 0x00, 0x00,
    0x9f, 0x70, 0x00, 0x00, 0x00, 0x00, 0x00, 0x00,
    0x00, 0x00, 0x00, 0x05, 0xfd, 0x10, 0x00, 0x00,
    0x01, 0x00, 0x00, 0x00, 0x00, 0x00, 0x00, 0x4f,
    0xff, 0xff, 0xff, 0xff, 0xff, 0xe2, 0x00, 0x00,
    0x00, 0x00, 0x06, 0xff, 0x88, 0x88, 0x88, 0x88,
    0xef, 0xb0, 0x00, 0x00, 0x00, 0x01, 0xaf, 0xff,
    0xa0, 0x00, 0x00, 0x0a, 0xfc, 0x00, 0x00, 0x00,
    0x00, 0x6e, 0xfb, 0x2b, 0xfc, 0x20, 0x03, 0xdf,
    0xb0, 0x00, 0x00, 0x00, 0x00, 0x8e, 0x60, 0x00,
    0x8f, 0xf8, 0x9f, 0xf7, 0x00, 0x00, 0x00, 0x00,
    0x00, 0x00, 0x00, 0x00, 0x07, 0xff, 0xff, 0x60,
    0x00, 0x00, 0x00, 0x00, 0x00, 0x00, 0x00, 0x38,
    0xdf, 0xfc, 0xcf, 0xfd, 0x94, 0x10, 0x00, 0x00,
    0x01, 0x37, 0xae, 0xff, 0xf9, 0x30, 0x03, 0x9e,
    0xff, 0xfd, 0xa7, 0x51, 0x0e, 0xff, 0xfe, 0x94,
    0x00, 0x00, 0x00, 0x00, 0x37, 0xbe, 0xff, 0xc0,
    0x06, 0x85, 0xa9, 0x99, 0x99, 0x99, 0x99, 0x99,
    0x99, 0x97, 0x14, 0x10, 0x00, 0x00, 0xef, 0xff,
    0xff, 0xff, 0xff, 0xff, 0xff, 0xfd, 0x00, 0x00,
    0x00, 0x00, 0xef, 0x00, 0x00, 0x0f, 0xe0, 0x00,
    0x03, 0xfd, 0x00, 0x00, 0x00, 0x00, 0xef, 0x00,
    0x00, 0x0f, 0xe0, 0x00, 0x03, 0xfd, 0x00, 0x00,
    0x00, 0x00, 0xef, 0x88, 0x88, 0x8f, 0xf8, 0x88,
    0x89, 0xfd, 0x00, 0x00, 0x00, 0x00, 0xef, 0xff,
    0xff, 0xff, 0xff, 0xff, 0xff, 0xfd, 0x00, 0x00,
    0x00, 0x00, 0xef, 0x00, 0x00, 0x0f, 0xe0, 0x00,
    0x03, 0xfd, 0x00, 0x00, 0x00, 0x00, 0xef, 0x00,
    0x00, 0x0f, 0xe0, 0x00, 0x03, 0xfd, 0x00, 0x00,
    0x00, 0x00, 0xef, 0xaa, 0xaa, 0xaf, 0xfa, 0xaa,
    0xab, 0xfd, 0x00, 0x00, 0x00, 0x00, 0xef, 0xff,
    0xff, 0xff, 0xff, 0xff, 0xff, 0xfd, 0x00, 0x00,
    0x00, 0x00, 0xef, 0x00, 0x00, 0x00, 0x00, 0x00,
    0x03, 0xfd, 0x00, 0x00, 0x00, 0x00, 0x00, 0x00,
    0x00, 0x00, 0x00, 0x00, 0x00, 0x00, 0x00, 0x00,

    /* U+590D "复" */
    0x00, 0x00, 0x00, 0x20, 0x00, 0x00, 0x00, 0x00,
    0x00, 0x00, 0x00, 0x00, 0x00, 0x00, 0x01, 0xed,
    0x00, 0x00, 0x00, 0x00, 0x00, 0x00, 0x00, 0x00,
    0x00, 0x00, 0x0a, 0xf5, 0x00, 0x00, 0x00, 0x00,
    0x00, 0x00, 0x00, 0x00, 0x00, 0x00, 0x6f, 0xff,
    0xff, 0xff, 0xff, 0xff, 0xff, 0xff, 0xfc, 0x00,
    0x00, 0x05, 0xfe, 0x99, 0x99, 0x99, 0x99, 0x99,
    0x99, 0x99, 0x97, 0x00, 0x00, 0x6f, 0xe2, 0x00,
    0x00, 0x00, 0x00, 0x00, 0x00, 0x00, 0x00, 0x00,
    0x07, 0xfe, 0x3d, 0xff, 0xff, 0xff, 0xff, 0xff,
    0xff, 0xff, 0x10, 0x00, 0x02, 0xc2, 0x0e, 0xf5,
    0x55, 0x55, 0x55, 0x55, 0x55, 0xdf, 0x10, 0x00,
    0x00, 0x00, 0x0e, 0xe0, 0x00, 0x00, 0x00, 0x00,
    0x00, 0xcf, 0x10, 0x00, 0x00, 0x00, 0x0e, 0xff,
    0xff, 0xff, 0xff, 0xff, 0xff, 0xff, 0x10, 0x00,
    0x00, 0x00, 0x0e, 0xf4, 0x44, 0x44, 0x44, 0x44,
    0x44, 0xdf, 0x10, 0x00, 0x00, 0x00, 0x0e, 0xe0,
    0x00, 0x00, 0x00, 0x00, 0x00, 0xcf, 0x10, 0x00,
    0x00, 0x00, 0x0e, 0xff, 0xff, 0xff, 0xff, 0xff,
    0xff, 0xff, 0x10, 0x00, 0x00, 0x00, 0x04, 0x59,
    0xfb, 0x55, 0x55, 0x55, 0x55, 0x55, 0x00, 0x00,
    0x00, 0x00, 0x00, 0x3f, 0xe3, 0x22, 0x22, 0x22,
    0x22, 0x30, 0x00, 0x00, 0x00, 0x00, 0x04, 0xff,
    0xff, 0xff, 0xff, 0xff, 0xff, 0xf7, 0x00, 0x00,
    0x00, 0x00, 0x7f, 0xff, 0x64, 0x44, 0x44, 0x44,
    0x9f, 0xe1, 0x00, 0x00, 0x00, 0x3c, 0xfc, 0x3d,
    0xe5, 0x00, 0x00, 0x19, 0xfd, 0x20, 0x00, 0x00,
    0x00, 0x3e, 0x70, 0x01, 0xaf, 0xc4, 0x18, 0xff,
    0x90, 0x00, 0x00, 0x00, 0x00, 0x00, 0x00, 0x00,
    0x06, 0xff, 0xff, 0xe3, 0x00, 0x00, 0x00, 0x00,
    0x00, 0x00, 0x14, 0x6a, 0xdf, 0xfe, 0xcf, 0xff,
    0xb8, 0x53, 0x10, 0x00, 0x0b, 0xdf, 0xff, 0xff,
    0xc8, 0x30, 0x01, 0x6a, 0xef, 0xff, 0xff, 0xd0,
    0x09, 0xdb, 0x86, 0x30, 0x00, 0x00, 0x00, 0x00,
    0x01, 0x46, 0x8a, 0x50,

    /* U+591A "多" */
    0x00, 0x00, 0x00, 0x00, 0x00, 0x00, 0x00, 0x00,
    0x00, 0x00, 0x00, 0x00, 0x00, 0x00, 0x00, 0x0b,
    0xf6, 0x00, 0x00, 0x00, 0x00, 0x00, 0x00, 0x00,
    0x00, 0x00, 0xaf, 0xa0, 0x00, 0x00, 0x10, 0x00,
    0x00, 0x00, 0x00, 0x00, 0x1b, 0xff, 0xff, 0xff,
    0xff, 0xfa, 0x00, 0x00, 0x00, 0x00, 0x04, 0xef,
    0xa9, 0x99, 0x99, 0x9f, 0xf7, 0x00, 0x00, 0x00,
    0x02, 0xaf, 0xe4, 0x00, 0x00, 0x00, 0x8f, 0xb0,
    0x00, 0x00, 0x01, 0xaf, 0xfa, 0x28, 0x10, 0x00,
    0x09, 0xfc, 0x00, 0x00, 0x00, 0x00, 0x8b, 0x30,
    0x6f, 0xe4, 0x02, 0xcf, 0xb0, 0x00, 0x00, 0x00,
    0x00, 0x00, 0x00, 0x02, 0xdf, 0xaf, 0xf7, 0x00,
    0x00, 0x00, 0x00, 0x00, 0x00, 0x00, 0x01, 0x9f,
    0xfc, 0x36, 0xa5, 0x00, 0x00, 0x00, 0x00, 0x00,
    0x05, 0xbf, 0xfd, 0x50, 0x4f, 0xe2, 0x00, 0x00,
    0x00, 0x04, 0x7b, 0xff, 0xfb, 0x40, 0x05, 0xff,
    0xc9, 0x99, 0x9a, 0x80, 0x0b, 0xff, 0xb6, 0x10,
    0x00, 0x8f, 0xff, 0xff, 0xff, 0xff, 0xf3, 0x02,
    0x40, 0x00, 0x00, 0x3d, 0xfb, 0x10, 0x00, 0x00,
    0x8f, 0xb0, 0x00, 0x00, 0x00, 0x2a, 0xff, 0x70,
    0x00, 0x00, 0x04, 0xfe, 0x10, 0x00, 0x00, 0x5b,
    0xff, 0xa3, 0x95, 0x00, 0x00, 0x4f, 0xf4, 0x00,
    0x00, 0x00, 0xaf, 0xa2, 0x02, 0xdf, 0x90, 0x07,
    0xff, 0x40, 0x00, 0x00, 0x00, 0x01, 0x00, 0x00,
    0x1b, 0xfc, 0xcf, 0xe3, 0x00, 0x00, 0x00, 0x00,
    0x00, 0x00, 0x00, 0x04, 0xff, 0xfa, 0x10, 0x00,
    0x00, 0x00, 0x00, 0x00, 0x00, 0x38, 0xdf, 0xfc,
    0x30, 0x00, 0x00, 0x00, 0x00, 0x02, 0x47, 0xbe,
    0xff, 0xfa, 0x30, 0x00, 0x00, 0x00, 0x00, 0x0c,
    0xff, 0xff, 0xfe, 0x95, 0x00, 0x00, 0x00, 0x00,
    0x00, 0x00, 0x09, 0xdb, 0x85, 0x10, 0x00, 0x00,
    0x00, 0x00, 0x00, 0x00, 0x00,

    /* U+5929 "天" */
    0x04, 0x88, 0x88, 0x88, 0x88, 0x88, 0x88, 0x88,
    0x88, 0x88, 0x30, 0x00, 0x8f, 0xff, 0xff, 0xff,
    0xff, 0xff, 0xff, 0xff, 0xff, 0xf7, 0x00, 0x02,
    0x44, 0x44, 0x44, 0x46, 0xfd, 0x44, 0x44, 0x44,
    0x44, 0x20, 0x00, 0x00, 0x00, 0x00, 0x00, 0x1f,
    0xc0, 0x00, 0x00, 0x00, 0x00, 0x00, 0x00, 0x00,
    0x00, 0x00, 0x01, 0xfc, 0x00, 0x00, 0x00, 0x00,
    0x00, 0x00, 0x00, 0x00, 0x00, 0x00, 0x1f, 0xc0,
    0x00, 0x00, 0x00, 0x00, 0x00, 0x00, 0x00, 0x00,
    0x00, 0x02, 0xfc, 0x00, 0x00, 0x00, 0x00, 0x00,
    0x00, 0x00, 0x00, 0x00, 0x00, 0x3f, 0xa0, 0x00,
    0x00, 0x00, 0x00, 0x00, 0x3f, 0xff, 0xff, 0xff,
    0xff, 0xff, 0xff, 0xff, 0xff, 0xff, 0xfa, 0x02,
    0xee, 0xee, 0xee, 0xee, 0xff, 0xfe, 0xee, 0xee,
    0xee, 0xee, 0x90, 0x00, 0x00, 0x00, 0x00, 0x0c,
    0xff, 0x90, 0x00, 0x00, 0x00, 0x00, 0x00, 0x00,
    0x00, 0x00, 0x02, 0xfe, 0xdf, 0x10, 0x00, 0x00,
    0x00, 0x00, 0x00, 0x00, 0x00, 0x00, 0xaf, 0x86,
    0xfa, 0x00, 0x00, 0x00, 0x00, 0x00, 0x00, 0x00,
    0x00, 0x3f, 0xf1, 0x0d, 0xf4, 0x00, 0x00, 0x00,
    0x00, 0x00, 0x00, 0x00, 0x1e, 0xf7, 0x00, 0x3f,
    0xe2, 0x00, 0x00, 0x00, 0x00, 0x00, 0x00, 0x1c,
    0xfb, 0x00, 0x00, 0x8f, 0xd1, 0x00, 0x00, 0x00,
    0x00, 0x00, 0x2d, 0xfc, 0x00, 0x00, 0x00, 0xaf,
    0xd2, 0x00, 0x00, 0x00, 0x00, 0x7f, 0xfb, 0x00,
    0x00, 0x00, 0x00, 0xaf, 0xf7, 0x00, 0x00, 0x05,
    0xdf, 0xf8, 0x00, 0x00, 0x00, 0x00, 0x00, 0x7f,
    0xfe, 0x71, 0x09, 0xff, 0xc3, 0x00, 0x00, 0x00,
    0x00, 0x00, 0x00, 0x2b, 0xff, 0xe1, 0x1a, 0x40,
    0x00, 0x00, 0x00, 0x00, 0x00, 0x00, 0x00, 0x03,
    0x94, 0x00,

    /* U+5931 "失" */
    0x00, 0x00, 0x00, 0x00, 0x00, 0x22, 0x00, 0x00,
    0x00, 0x00, 0x00, 0x00, 0x00, 0x03, 0xa5, 0x00,
    0x0f, 0xe0, 0x00, 0x00, 0x00, 0x00, 0x00, 0x00,
    0x00, 0x9f, 0x60, 0x00, 0xfe, 0x00, 0x00, 0x00,
    0x00, 0x00, 0x00, 0x00, 0x0e, 0xf1, 0x00, 0x0f,
    0xe0, 0x00, 0x00, 0x00, 0x00, 0x00, 0x00, 0x04,
    0xfb, 0x00, 0x00, 0xfe, 0x00, 0x00, 0x00, 0x00,
    0x00, 0x00, 0x00, 0xbf, 0xff, 0xff, 0xff, 0xff,
    0xff, 0xff, 0xff, 0xa0, 0x00, 0x00, 0x2f, 0xfd,
    0xdd, 0xdd, 0xff, 0xdd, 0xdd, 0xdd, 0xd9, 0x00,
    0x00, 0x0b, 0xf6, 0x00, 0x00, 0x0f, 0xe0, 0x00,
    0x00, 0x00, 0x00, 0x00, 0x05, 0xfd, 0x00, 0x00,
    0x00, 0xfe, 0x00, 0x00, 0x00, 0x00, 0x00, 0x01,
    0xff, 0x40, 0x00, 0x00, 0x0f, 0xd0, 0x00, 0x00,
    0x00, 0x00, 0x00, 0x04, 0x70, 0x00, 0x00, 0x00,
    0xfc, 0x00, 0x00, 0x00, 0x00, 0x00, 0x01, 0x22,
    0x22, 0x22, 0x22, 0x4f, 0xc2, 0x22, 0x22, 0x22,
    0x22, 0x20, 0x8f, 0xff, 0xff, 0xff, 0xff, 0xff,
    0xff, 0xff, 0xff, 0xff, 0xfe, 0x05, 0xaa, 0xaa,
    0xaa, 0xaa, 0xef, 0xfe, 0xaa, 0xaa, 0xaa, 0xaa,
    0x90, 0x00, 0x00, 0x00, 0x00, 0x0e, 0xfd, 0xf1,
    0x00, 0x00, 0x00, 0x00, 0x00, 0x00, 0x00, 0x00,
    0x06, 0xfb, 0x5f, 0xa0, 0x00, 0x00, 0x00, 0x00,
    0x00, 0x00, 0x00, 0x02, 0xff, 0x30, 0xcf, 0x50,
    0x00, 0x00, 0x00, 0x00, 0x00, 0x00, 0x01, 0xdf,
    0x90, 0x03, 0xff, 0x30, 0x00, 0x00, 0x00, 0x00,
    0x00, 0x02, 0xdf, 0xc0, 0x00, 0x06, 0xfe, 0x30,
    0x00, 0x00, 0x00, 0x00, 0x06, 0xff, 0xc1, 0x00,
    0x00, 0x08, 0xff, 0x80, 0x00, 0x00, 0x00, 0x5d,
    0xff, 0x90, 0x00, 0x00, 0x00, 0x06, 0xff, 0xe7,
    0x10, 0x06, 0xef, 0xfc, 0x30, 0x00, 0x00, 0x00,
    0x00, 0x02, 0xbf, 0xff, 0xc2, 0x2f, 0xb4, 0x00,
    0x00, 0x00, 0x00, 0x00, 0x00, 0x00, 0x39, 0xea,
    0x00, 0x00, 0x00, 0x00, 0x00, 0x00, 0x00, 0x00,
    0x00, 0x00, 0x00, 0x00,

    /* U+59CB "始" */
    0x00, 0x00, 0xc9, 0x00, 0x00, 0x00, 0x00, 0x4d,
    0x70, 0x00, 0x00, 0x00, 0x00, 0x01, 0xf9, 0x00,
    0x00, 0x00, 0x00, 0xaf, 0x60, 0x00, 0x00, 0x00,
    0x00, 0x03, 0xf7, 0x00, 0x00, 0x00, 0x02, 0xfd,
    0x00, 0x00, 0x00, 0x00, 0x00, 0x06, 0xf4, 0x00,
    0x00, 0x00, 0x0a, 0xf5, 0x00, 0x32, 0x00, 0x00,
    0x00, 0x09, 0xf2, 0x01, 0x00, 0x00, 0x3f, 0xc0,
    0x00, 0xee, 0x10, 0x00, 0x2f, 0xff, 0xff, 0xff,
    0xf2, 0x00, 0xcf, 0x30, 0x00, 0x4f, 0xa0, 0x00,
    0x1a, 0xaf, 0xda, 0xad, 0xf1, 0x06, 0xf9, 0x00,
    0x00, 0x09, 0xf5, 0x00, 0x00, 0x2f, 0x70, 0x0a,
    0xf0, 0x2f, 0xe2, 0x23, 0x45, 0x68, 0xfe, 0x10,
    0x00, 0x6f, 0x40, 0x0c, 0xd2, 0xef, 0xff, 0xff,
    0xff, 0xff, 0xff, 0x90, 0x00, 0xaf, 0x00, 0x0f,
    0xb1, 0xfd, 0xba, 0x87, 0x65, 0x32, 0x1d, 0xf1,
    0x00, 0xec, 0x00, 0x2f, 0x80, 0x10, 0x00, 0x00,
    0x00, 0x00, 0x04, 0x50, 0x02, 0xf8, 0x00, 0x5f,
    0x50, 0x00, 0x00, 0x00, 0x00, 0x00, 0x00, 0x00,
    0x07, 0xfa, 0x00, 0x9f, 0x10, 0x0f, 0xff, 0xff,
    0xff, 0xff, 0xfb, 0x00, 0x01, 0xbf, 0xd2, 0xed,
    0x00, 0x1f, 0xda, 0xaa, 0xaa, 0xaa, 0xfb, 0x00,
    0x00, 0x08, 0xff, 0xf8, 0x00, 0x1f, 0x90, 0x00,
    0x00, 0x00, 0xfb, 0x00, 0x00, 0x00, 0x5f, 0xf6,
    0x00, 0x1f, 0x90, 0x00, 0x00, 0x00, 0xfb, 0x00,
    0x00, 0x00, 0x3f, 0xff, 0x50, 0x1f, 0x90, 0x00,
    0x00, 0x00, 0xfb, 0x00, 0x00, 0x00, 0xdf, 0x6f,
    0xf4, 0x1f, 0x90, 0x00, 0x00, 0x00, 0xfb, 0x00,
    0x00, 0x0a, 0xf8, 0x04, 0xf5, 0x1f, 0x90, 0x00,
    0x00, 0x00, 0xfb, 0x00, 0x00, 0xaf, 0xb0, 0x00,
    0x40, 0x1f, 0xea, 0xaa, 0xaa, 0xaa, 0xfb, 0x00,
    0x0c, 0xfc, 0x00, 0x00, 0x00, 0x1f, 0xff, 0xff,
    0xff, 0xff, 0xfb, 0x00, 0x06, 0x90, 0x00, 0x00,
    0x00, 0x1f, 0x90, 0x00, 0x00, 0x00, 0xfb, 0x00,
    0x00, 0x00, 0x00, 0x00, 0x00, 0x00, 0x00, 0x00,
    0x00, 0x00, 0x00, 0x00,

    /* U+5B58 "存" */
    0x00, 0x00, 0x00, 0x00, 0x00, 0x00, 0x00, 0x00,
    0x00, 0x00, 0x00, 0x00, 0x00, 0x00, 0x00, 0x00,
    0xed, 0x00, 0x00, 0x00, 0x00, 0x00, 0x00, 0x00,
    0x00, 0x00, 0x00, 0x3f, 0xb0, 0x00, 0x00, 0x00,
    0x00, 0x00, 0x00, 0x00, 0x00, 0x00, 0x09, 0xf5,
    0x00, 0x00, 0x00, 0x00, 0x00, 0x00, 0x04, 0xff,
    0xff, 0xff, 0xff, 0xff, 0xff, 0xff, 0xff, 0xff,
    0xff, 0xc0, 0x3b, 0xbb, 0xbb, 0xef, 0xdb, 0xbb,
    0xbb, 0xbb, 0xbb, 0xbb, 0xb8, 0x00, 0x00, 0x00,
    0x0d, 0xf1, 0x00, 0x00, 0x00, 0x00, 0x00, 0x00,
    0x00, 0x00, 0x00, 0x06, 0xf9, 0x00, 0x00, 0x00,
    0x00, 0x00, 0x00, 0x00, 0x00, 0x00, 0x01, 0xef,
    0x10, 0x99, 0x99, 0x99, 0x99, 0x9a, 0x91, 0x00,
    0x00, 0x00, 0xaf, 0x70, 0x0e, 0xff, 0xff, 0xff,
    0xff, 0xff, 0x50, 0x00, 0x00, 0x6f, 0xc0, 0x00,
    0x00, 0x00, 0x00, 0x05, 0xff, 0x40, 0x00, 0x00,
    0x4f, 0xf6, 0x00, 0x00, 0x00, 0x00, 0x09, 0xfd,
    0x20, 0x00, 0x00, 0x4f, 0xff, 0x60, 0x00, 0x00,
    0x00, 0x2e, 0xf8, 0x00, 0x00, 0x00, 0x6f, 0xfb,
    0xf6, 0x00, 0x00, 0x00, 0x03, 0xfa, 0x00, 0x00,
    0x00, 0x0b, 0xf4, 0x5f, 0x60, 0x99, 0x99, 0x99,
    0xbf, 0xe9, 0x99, 0x99, 0x90, 0x22, 0x05, 0xf6,
    0x0f, 0xff, 0xff, 0xff, 0xff, 0xff, 0xff, 0xff,
    0x00, 0x00, 0x5f, 0x60, 0x11, 0x11, 0x11, 0x4f,
    0xa1, 0x11, 0x11, 0x10, 0x00, 0x05, 0xf6, 0x00,
    0x00, 0x00, 0x03, 0xfa, 0x00, 0x00, 0x00, 0x00,
    0x00, 0x5f, 0x60, 0x00, 0x00, 0x00, 0x3f, 0xa0,
    0x00, 0x00, 0x00, 0x00, 0x05, 0xf6, 0x00, 0x00,
    0x00, 0x03, 0xfa, 0x00, 0x00, 0x00, 0x00, 0x00,
    0x5f, 0x60, 0x00, 0x00, 0x00, 0x3f, 0xa0, 0x00,
    0x00, 0x00, 0x00, 0x05, 0xf6, 0x00, 0x01, 0xaa,
    0xac, 0xf9, 0x00, 0x00, 0x00, 0x00, 0x00, 0x5f,
    0x60, 0x00, 0x0c, 0xff, 0xfc, 0x20, 0x00, 0x00,
    0x00, 0x00, 0x00, 0x00, 0x00, 0x00, 0x00, 0x00,
    0x00, 0x00, 0x00, 0x00,

    /* U+5B8C "完" */
    0x00, 0x00, 0x00, 0x00, 0x03, 0x70, 0x00, 0x00,
    0x00, 0x00, 0x00, 0x00, 0x00, 0x00, 0x00, 0x0c,
    0xf5, 0x00, 0x00, 0x00, 0x00, 0x00, 0x00, 0x00,
    0x00, 0x00, 0x04, 0xfd, 0x00, 0x00, 0x00, 0x00,
    0x00, 0x0a, 0xaa, 0xaa, 0xaa, 0xaa, 0xff, 0xba,
    0xaa, 0xaa, 0xaa, 0x90, 0x0f, 0xff, 0xff, 0xff,
    0xff, 0xff, 0xff, 0xff, 0xff, 0xff, 0xf0, 0x0f,
    0xc1, 0x11, 0x11, 0x11, 0x11, 0x11, 0x11, 0x11,
    0x1e, 0xf0, 0x0f, 0xc0, 0x00, 0x00, 0x00, 0x00,
    0x00, 0x00, 0x00, 0x0e, 0xf0, 0x0f, 0xc0, 0x00,
    0x00, 0x00, 0x00, 0x00, 0x00, 0x00, 0x0e, 0xf0,
    0x0b, 0x80, 0xcf, 0xff, 0xff, 0xff, 0xff, 0xff,
    0xf4, 0x0a, 0xb0, 0x00, 0x00, 0x79, 0x99, 0x99,
    0x99, 0x99, 0x99, 0x92, 0x00, 0x00, 0x00, 0x00,
    0x00, 0x00, 0x00, 0x00, 0x00, 0x00, 0x00, 0x00,
    0x00, 0x00, 0x00, 0x00, 0x00, 0x00, 0x00, 0x00,
    0x00, 0x00, 0x00, 0x00, 0x7b, 0xbb, 0xbb, 0xbb,
    0xbb, 0xbb, 0xbb, 0xbb, 0xbb, 0xbb, 0xb6, 0xaf,
    0xff, 0xff, 0xff, 0xff, 0xff, 0xff, 0xff, 0xff,
    0xff, 0xfa, 0x00, 0x00, 0x00, 0x7f, 0x60, 0x00,
    0x6f, 0x70, 0x00, 0x00, 0x00, 0x00, 0x00, 0x00,
    0x9f, 0x40, 0x00, 0x6f, 0x70, 0x00, 0x00, 0x00,
    0x00, 0x00, 0x00, 0xbf, 0x20, 0x00, 0x6f, 0x70,
    0x00, 0x00, 0x00, 0x00, 0x00, 0x00, 0xee, 0x00,
    0x00, 0x6f, 0x70, 0x00, 0x00, 0x00, 0x00, 0x00,
    0x05, 0xfa, 0x00, 0x00, 0x6f, 0x70, 0x00, 0x00,
    0x97, 0x00, 0x00, 0x1e, 0xf3, 0x00, 0x00, 0x6f,
    0x70, 0x00, 0x00, 0xce, 0x00, 0x04, 0xef, 0x80,
    0x00, 0x00, 0x5f, 0x70, 0x00, 0x00, 0xec, 0x27,
    0xcf, 0xf8, 0x00, 0x00, 0x00, 0x4f, 0xea, 0xaa,
    0xac, 0xf8, 0x8f, 0xfa, 0x20, 0x00, 0x00, 0x00,
    0x09, 0xef, 0xff, 0xff, 0xc1, 0x04, 0x00, 0x00,
    0x00, 0x00, 0x00, 0x00, 0x00, 0x00, 0x00, 0x00,

    /* U+5B9A "定" */
    0x00, 0x00, 0x00, 0x00, 0x00, 0x16, 0x10, 0x00,
    0x00, 0x00, 0x00, 0x00, 0x00, 0x00, 0x00, 0x00,
    0x00, 0x8f, 0x80, 0x00, 0x00, 0x00, 0x00, 0x00,
    0x00, 0x00, 0x00, 0x00, 0x00, 0x1f, 0xf1, 0x00,
    0x00, 0x00, 0x00, 0x00, 0x00, 0xaa, 0xaa, 0xaa,
    0xaa, 0xae, 0xfc, 0xaa, 0xaa, 0xaa, 0xaa, 0x00,
    0x00, 0xff, 0xff, 0xff, 0xff, 0xff, 0xff, 0xff,
    0xff, 0xff, 0xff, 0x00, 0x00, 0xfc, 0x00, 0x00,
    0x00, 0x00, 0x00, 0x00, 0x00, 0x00, 0xdf, 0x00,
    0x00, 0xfc, 0x00, 0x00, 0x00, 0x00, 0x00, 0x00,
    0x00, 0x00, 0xdf, 0x00, 0x00, 0xfc, 0x00, 0x00,
    0x00, 0x00, 0x00, 0x00, 0x00, 0x00, 0xdf, 0x00,
    0x00, 0x96, 0x0b, 0xcc, 0xcc, 0xcc, 0xcc, 0xcc,
    0xcc, 0xc0, 0x79, 0x00, 0x00, 0x00, 0x0e, 0xff,
    0xff, 0xff, 0xff, 0xff, 0xff, 0xf1, 0x00, 0x00,
    0x00, 0x00, 0x00, 0x00, 0x00, 0x0f, 0xe0, 0x00,
    0x00, 0x00, 0x00, 0x00, 0x00, 0x00, 0x00, 0x00,
    0x00, 0x0f, 0xe0, 0x00, 0x00, 0x00, 0x00, 0x00,
    0x00, 0x00, 0x0b, 0xf1, 0x00, 0x0f, 0xe0, 0x00,
    0x00, 0x00, 0x00, 0x00, 0x00, 0x00, 0x0d, 0xf0,
    0x00, 0x0f, 0xe0, 0x00, 0x00, 0x00, 0x00, 0x00,
    0x00, 0x00, 0x0f, 0xc0, 0x00, 0x0f, 0xff, 0xff,
    0xff, 0xff, 0x10, 0x00, 0x00, 0x00, 0x4f, 0xc0,
    0x00, 0x0f, 0xfa, 0xaa, 0xaa, 0xaa, 0x00, 0x00,
    0x00, 0x00, 0x8f, 0xf2, 0x00, 0x0f, 0xe0, 0x00,
    0x00, 0x00, 0x00, 0x00, 0x00, 0x00, 0xef, 0xfa,
    0x00, 0x0f, 0xe0, 0x00, 0x00, 0x00, 0x00, 0x00,
    0x00, 0x05, 0xfa, 0xaf, 0x70, 0x0f, 0xe0, 0x00,
    0x00, 0x00, 0x00, 0x00, 0x00, 0x0d, 0xf3, 0x1d,
    0xf8, 0x0f, 0xe0, 0x00, 0x00, 0x00, 0x00, 0x00,
    0x00, 0x7f, 0xa0, 0x02, 0xdf, 0xef, 0xe0, 0x00,
    0x00, 0x00, 0x00, 0x00, 0x05, 0xfe, 0x10, 0x00,
    0x19, 0xff, 0xff, 0xed, 0xcc, 0xcc, 0xcc, 0xa0,
    0x0a, 0xf4, 0x00, 0x00, 0x00, 0x16, 0xad, 0xef,
    0xff, 0xff, 0xff, 0x80, 0x00, 0x30, 0x00, 0x00,
    0x00, 0x00, 0x00, 0x00, 0x00, 0x00, 0x00, 0x00,

    /* U+5B9E "实" */
    0x00, 0x00, 0x00, 0x00, 0x00, 0x43, 0x00, 0x00,
    0x00, 0x00, 0x00, 0x00, 0x00, 0x00, 0x00, 0x03,
    0xfe, 0x00, 0x00, 0x00, 0x00, 0x00, 0x00, 0x00,
    0x00, 0x00, 0x00, 0xaf, 0x70, 0x00, 0x00, 0x00,
    0x00, 0x06, 0xaa, 0xaa, 0xaa, 0xaa, 0xcf, 0xfa,
    0xaa, 0xaa, 0xaa, 0xa1, 0x0a, 0xff, 0xff, 0xff,
    0xff, 0xff, 0xff, 0xff, 0xff, 0xff, 0xf1, 0x0a,
    0xf3, 0x00, 0x00, 0x00, 0x00, 0x00, 0x00, 0x00,
    0x0c, 0xf1, 0x0a, 0xf2, 0x01, 0x30, 0x00, 0x05,
    0x71, 0x00, 0x00, 0x0c, 0xf1, 0x0a, 0xf2, 0x0b,
    0xfa, 0x10, 0x0c, 0xf1, 0x00, 0x00, 0x0c, 0xf1,
    0x02, 0x40, 0x01, 0xaf, 0xe3, 0x0c, 0xf1, 0x00,
    0x00, 0x03, 0x40, 0x00, 0x00, 0x00, 0x06, 0xf3,
    0x0d, 0xf0, 0x00, 0x00, 0x00, 0x00, 0x00, 0x0a,
    0x70, 0x00, 0x10, 0x0e, 0xe0, 0x00, 0x00, 0x00,
    0x00, 0x00, 0x2d, 0xfc, 0x20, 0x00, 0x0f, 0xd0,
    0x00, 0x00, 0x00, 0x00, 0x00, 0x00, 0x9f, 0xe2,
    0x00, 0x2f, 0xb0, 0x00, 0x00, 0x00, 0x00, 0x00,
    0x00, 0x06, 0xd0, 0x00, 0x5f, 0x80, 0x00, 0x00,
    0x00, 0x00, 0x00, 0x00, 0x00, 0x10, 0x00, 0x9f,
    0x50, 0x00, 0x00, 0x00, 0x00, 0x1f, 0xff, 0xff,
    0xff, 0xff, 0xff, 0xff, 0xff, 0xff, 0xff, 0xfa,
    0x08, 0x88, 0x88, 0x88, 0x8c, 0xfc, 0x88, 0x88,
    0x88, 0x88, 0x85, 0x00, 0x00, 0x00, 0x00, 0x2f,
    0xf2, 0x39, 0x30, 0x00, 0x00, 0x00, 0x00, 0x00,
    0x00, 0x03, 0xef, 0x70, 0x8f, 0xfc, 0x50, 0x00,
    0x00, 0x00, 0x00, 0x00, 0x8f, 0xf8, 0x00, 0x01,
    0x8e, 0xfd, 0x60, 0x00, 0x00, 0x03, 0x9f, 0xfe,
    0x60, 0x00, 0x00, 0x00, 0x7e, 0xfd, 0x40, 0x07,
    0xff, 0xfe, 0x81, 0x00, 0x00, 0x00, 0x00, 0x01,
    0x9f, 0xf4, 0x01, 0xd9, 0x40, 0x00, 0x00, 0x00,
    0x00, 0x00, 0x00, 0x03, 0x90,

    /* U+5BB9 "容" */
    0x00, 0x00, 0x00, 0x00, 0x00, 0x02, 0x10, 0x00,
    0x00, 0x00, 0x00, 0x00, 0x00, 0x00, 0x00, 0x00,
    0x00, 0x5f, 0xc0, 0x00, 0x00, 0x00, 0x00, 0x00,
    0x00, 0x00, 0x00, 0x00, 0x00, 0x0d, 0xf4, 0x00,
    0x00, 0x00, 0x00, 0x00, 0x00, 0xff, 0xff, 0xff,
    0xff, 0xff, 0xff, 0xff, 0xff, 0xff, 0xff, 0x00,
    0x00, 0xfe, 0xbb, 0xbb, 0xbb, 0xbb, 0xbb, 0xbb,
    0xbb, 0xbb, 0xff, 0x00, 0x00, 0xfc, 0x00, 0x00,
    0x00, 0x00, 0x00, 0x00, 0x00, 0x00, 0xdf, 0x00,
    0x00, 0xfc, 0x00, 0x0a, 0xf4, 0x00, 0x00, 0x6e,
    0x60, 0x00, 0xdf, 0x00, 0x00, 0x65, 0x00, 0xaf,
    0xb0, 0x00, 0x00, 0x2c, 0xfb, 0x10, 0x56, 0x00,
    0x00, 0x00, 0x1c, 0xfb, 0x00, 0x07, 0xc2, 0x00,
    0x7f, 0xe4, 0x00, 0x00, 0x00, 0x06, 0xef, 0x90,
    0x00, 0x4f, 0xf4, 0x00, 0x04, 0xef, 0x70, 0x00,
    0x00, 0x8f, 0xf6, 0x00, 0x03, 0xff, 0xef, 0x30,
    0x00, 0x2d, 0xf5, 0x00, 0x00, 0x09, 0x20, 0x00,
    0x4f, 0xf4, 0x2e, 0xf5, 0x00, 0x01, 0x70, 0x00,
    0x00, 0x00, 0x00, 0x06, 0xff, 0x30, 0x02, 0xdf,
    0x90, 0x00, 0x00, 0x00, 0x00, 0x00, 0x01, 0xbf,
    0xd2, 0x00, 0x00, 0x0a, 0xfe, 0x50, 0x00, 0x00,
    0x00, 0x00, 0x7f, 0xfb, 0x10, 0x00, 0x00, 0x00,
    0x7f, 0xfc, 0x40, 0x00, 0x01, 0x7e, 0xff, 0xff,
    0xff, 0xff, 0xff, 0xff, 0xff, 0xff, 0xfc, 0x50,
    0x0b, 0xfe, 0x7c, 0xf9, 0x99, 0x99, 0x99, 0x99,
    0x9f, 0xd2, 0xaf, 0x70, 0x01, 0x60, 0x0c, 0xf0,
    0x00, 0x00, 0x00, 0x00, 0x0f, 0xd0, 0x02, 0x00,
    0x00, 0x00, 0x0c, 0xf0, 0x00, 0x00, 0x00, 0x00,
    0x0f, 0xd0, 0x00, 0x00, 0x00, 0x00, 0x0c, 0xf0,
    0x00, 0x00, 0x00, 0x00, 0x0f, 0xd0, 0x00, 0x00,
    0x00, 0x00, 0x0c, 0xf9, 0x99, 0x99, 0x99, 0x99,
    0x9f, 0xd0, 0x00, 0x00, 0x00, 0x00, 0x0c, 0xff,
    0xff, 0xff, 0xff, 0xff, 0xff, 0xd0, 0x00, 0x00,
    0x00, 0x00, 0x0c, 0xf0, 0x00, 0x00, 0x00, 0x00,
    0x0f, 0xd0, 0x00, 0x00,

    /* U+5C06 "将" */
    0x00, 0x00, 0x00, 0x00, 0x00, 0x00, 0x00, 0x00,
    0x00, 0x00, 0x00, 0x00, 0x00, 0x00, 0xaf, 0x10,
    0x00, 0x00, 0x09, 0xe5, 0x00, 0x00, 0x00, 0x00,
    0x00, 0x0a, 0xf1, 0x00, 0x00, 0x08, 0xfe, 0x43,
    0x33, 0x41, 0x00, 0x00, 0x00, 0xaf, 0x10, 0x00,
    0x0a, 0xff, 0xff, 0xff, 0xff, 0xe0, 0x07, 0x80,
    0x0a, 0xf1, 0x00, 0x4e, 0xf8, 0x44, 0x44, 0x4b,
    0xf8, 0x00, 0xaf, 0x80, 0xaf, 0x14, 0xcf, 0xd5,
    0x40, 0x00, 0x06, 0xfc, 0x00, 0x00, 0xbf, 0x6a,
    0xf1, 0x2c, 0x60, 0xaf, 0x60, 0x08, 0xfd, 0x10,
    0x00, 0x00, 0xdf, 0xdf, 0x10, 0x00, 0x00, 0xbf,
    0x7c, 0xfc, 0x10, 0x00, 0x00, 0x03, 0x9b, 0xf1,
    0x00, 0x00, 0x03, 0xff, 0xf8, 0x00, 0x00, 0x00,
    0x00, 0x00, 0xaf, 0x10, 0x01, 0x6c, 0xff, 0xa2,
    0x09, 0x60, 0x00, 0x00, 0x00, 0x0a, 0xf1, 0x3d,
    0xff, 0xe9, 0x20, 0x01, 0xfb, 0x00, 0x00, 0x00,
    0x00, 0xaf, 0x10, 0xa8, 0x40, 0x00, 0x00, 0x1f,
    0xb0, 0x00, 0x00, 0x00, 0x3f, 0xf1, 0x7a, 0xaa,
    0xaa, 0xaa, 0xaa, 0xfe, 0xaa, 0x60, 0x00, 0x4f,
    0xff, 0x1c, 0xff, 0xff, 0xff, 0xff, 0xff, 0xff,
    0xf9, 0x00, 0x6f, 0xec, 0xf1, 0x00, 0x01, 0x00,
    0x00, 0x01, 0xfb, 0x00, 0x00, 0x8f, 0xe2, 0xaf,
    0x10, 0x0a, 0xe2, 0x00, 0x00, 0x1f, 0xb0, 0x00,
    0x1e, 0xe2, 0x0a, 0xf1, 0x00, 0x5f, 0xd0, 0x00,
    0x01, 0xfb, 0x00, 0x00, 0x51, 0x00, 0xaf, 0x10,
    0x00, 0x8f, 0x90, 0x00, 0x1f, 0xb0, 0x00, 0x00,
    0x00, 0x0a, 0xf1, 0x00, 0x00, 0xdf, 0x30, 0x01,
    0xfb, 0x00, 0x00, 0x00, 0x00, 0xaf, 0x10, 0x00,
    0x04, 0xe4, 0x00, 0x1f, 0xb0, 0x00, 0x00, 0x00,
    0x0a, 0xf1, 0x00, 0x00, 0x00, 0x00, 0x01, 0xfb,
    0x00, 0x00, 0x00, 0x00, 0xaf, 0x10, 0x00, 0x00,
    0x06, 0xa9, 0xbf, 0xa0, 0x00, 0x00, 0x00, 0x0a,
    0xf1, 0x00, 0x00, 0x00, 0x5f, 0xff, 0xc3, 0x00,
    0x00, 0x00, 0x00, 0x00, 0x00, 0x00, 0x00, 0x00,
    0x00, 0x00, 0x00, 0x00,

    /* U+5C0F "小" */
    0x00, 0x00, 0x00, 0x00, 0x00, 0x09, 0xb0, 0x00,
    0x00, 0x00, 0x00, 0x00, 0x00, 0x00, 0x00, 0x00,
    0x00, 0x0d, 0xf1, 0x00, 0x00, 0x00, 0x00, 0x00,
    0x00, 0x00, 0x00, 0x00, 0x00, 0x0d, 0xf1, 0x00,
    0x00, 0x00, 0x00, 0x00, 0x00, 0x00, 0x00, 0x00,
    0x00, 0x0d, 0xf1, 0x00, 0x00, 0x00, 0x00, 0x00,
    0x00, 0x00, 0x00, 0x00, 0x00, 0x0d, 0xf1, 0x00,
    0x00, 0x00, 0x00, 0x00, 0x00, 0x00, 0x00, 0x00,
    0x00, 0x0d, 0xf1, 0x00, 0x00, 0x10, 0x00, 0x00,
    0x00, 0x00, 0x4f, 0x90, 0x00, 0x0d, 0xf1, 0x00,
    0x0b, 0xf2, 0x00, 0x00, 0x00, 0x00, 0x7f, 0x80,
    0x00, 0x0d, 0xf1, 0x00, 0x07, 0xfa, 0x00, 0x00,
    0x00, 0x00, 0xcf, 0x40, 0x00, 0x0d, 0xf1, 0x00,
    0x00, 0xef, 0x30, 0x00, 0x00, 0x01, 0xff, 0x00,
    0x00, 0x0d, 0xf1, 0x00, 0x00, 0x6f, 0xb0, 0x00,
    0x00, 0x06, 0xfa, 0x00, 0x00, 0x0d, 0xf1, 0x00,
    0x00, 0x0e, 0xf3, 0x00, 0x00, 0x0c, 0xf5, 0x00,
    0x00, 0x0d, 0xf1, 0x00, 0x00, 0x07, 0xfa, 0x00,
    0x00, 0x3f, 0xe0, 0x00, 0x00, 0x0d, 0xf1, 0x00,
    0x00, 0x01, 0xff, 0x10, 0x00, 0xaf, 0x70, 0x00,
    0x00, 0x0d, 0xf1, 0x00, 0x00, 0x00, 0xaf, 0x80,
    0x04, 0xfe, 0x10, 0x00, 0x00, 0x0d, 0xf1, 0x00,
    0x00, 0x00, 0x4f, 0xd0, 0x0e, 0xf6, 0x00, 0x00,
    0x00, 0x0d, 0xf1, 0x00, 0x00, 0x00, 0x0e, 0xf2,
    0x03, 0x80, 0x00, 0x00, 0x00, 0x0d, 0xf1, 0x00,
    0x00, 0x00, 0x0a, 0xc3, 0x00, 0x00, 0x00, 0x00,
    0x00, 0x0d, 0xf1, 0x00, 0x00, 0x00, 0x01, 0x00,
    0x00, 0x00, 0x00, 0x00, 0x00, 0x0d, 0xf1, 0x00,
    0x00, 0x00, 0x00, 0x00, 0x00, 0x00, 0x00, 0x00,
    0x00, 0x0e, 0xf1, 0x00, 0x00, 0x00, 0x00, 0x00,
    0x00, 0x00, 0x00, 0x4c, 0xcc, 0xdf, 0xf0, 0x00,
    0x00, 0x00, 0x00, 0x00, 0x00, 0x00, 0x00, 0x0e,
    0xff, 0xfc, 0x50, 0x00, 0x00, 0x00, 0x00, 0x00,
    0x00, 0x00, 0x00, 0x00, 0x00, 0x00, 0x00, 0x00,
    0x00, 0x00, 0x00, 0x00,

    /* U+5C11 "少" */
    0x00, 0x00, 0x00, 0x00, 0x00, 0x00, 0x00, 0x00,
    0x00, 0x00, 0x00, 0x00, 0x00, 0x00, 0x00, 0x00,
    0x00, 0x1f, 0xb0, 0x00, 0x00, 0x00, 0x00, 0x00,
    0x00, 0x00, 0x00, 0x00, 0x00, 0x1f, 0xb0, 0x00,
    0x00, 0x00, 0x00, 0x00, 0x00, 0x00, 0x00, 0x00,
    0x00, 0x1f, 0xb0, 0x00, 0x00, 0x00, 0x00, 0x00,
    0x00, 0x00, 0x01, 0x00, 0x00, 0x1f, 0xb0, 0x00,
    0x00, 0x10, 0x00, 0x00, 0x00, 0x00, 0x0b, 0xf2,
    0x00, 0x1f, 0xb0, 0x00, 0x0a, 0xe1, 0x00, 0x00,
    0x00, 0x00, 0x2f, 0xc0, 0x00, 0x1f, 0xb0, 0x00,
    0x04, 0xfb, 0x00, 0x00, 0x00, 0x00, 0x9f, 0x40,
    0x00, 0x1f, 0xb0, 0x00, 0x00, 0xaf, 0x50, 0x00,
    0x00, 0x02, 0xfc, 0x00, 0x00, 0x1f, 0xb0, 0x00,
    0x00, 0x1e, 0xe1, 0x00, 0x00, 0x0a, 0xf4, 0x00,
    0x00, 0x1f, 0xb0, 0x00, 0x00, 0x06, 0xf9, 0x00,
    0x00, 0x4f, 0xb0, 0x00, 0x00, 0x1f, 0xb0, 0x00,
    0x00, 0x00, 0xdf, 0x30, 0x01, 0xef, 0x20, 0x00,
    0x00, 0x1f, 0xb0, 0x00, 0x00, 0x00, 0x4f, 0xb0,
    0x03, 0xd7, 0x00, 0x00, 0x00, 0x1f, 0xb0, 0x00,
    0x00, 0x00, 0x0a, 0x60, 0x00, 0x00, 0x00, 0x00,
    0x00, 0x1f, 0xb0, 0x00, 0x00, 0x62, 0x00, 0x00,
    0x00, 0x00, 0x00, 0x00, 0x00, 0x1f, 0xb0, 0x00,
    0x06, 0xfc, 0x00, 0x00, 0x00, 0x00, 0x00, 0x00,
    0x00, 0x0c, 0x80, 0x00, 0x5f, 0xe2, 0x00, 0x00,
    0x00, 0x00, 0x00, 0x00, 0x00, 0x00, 0x00, 0x07,
    0xff, 0x30, 0x00, 0x00, 0x00, 0x00, 0x00, 0x00,
    0x00, 0x00, 0x02, 0xcf, 0xe3, 0x00, 0x00, 0x00,
    0x00, 0x00, 0x00, 0x00, 0x00, 0x03, 0xaf, 0xfa,
    0x10, 0x00, 0x00, 0x00, 0x00, 0x00, 0x00, 0x00,
    0x27, 0xcf, 0xfc, 0x40, 0x00, 0x00, 0x00, 0x00,
    0x00, 0x01, 0x36, 0xae, 0xff, 0xfb, 0x40, 0x00,
    0x00, 0x00, 0x00, 0x00, 0x0a, 0xef, 0xff, 0xfe,
    0xa6, 0x10, 0x00, 0x00, 0x00, 0x00, 0x00, 0x00,
    0x06, 0xec, 0x96, 0x20, 0x00, 0x00, 0x00, 0x00,
    0x00, 0x00, 0x00, 0x00,

    /* U+5C1A "尚" */
    0x00, 0x00, 0x00, 0x00, 0x00, 0x00, 0x00, 0x00,
    0x00, 0x00, 0x01, 0x00, 0x00, 0x00, 0xfe, 0x00,
    0x00, 0x00, 0x40, 0x0b, 0xf2, 0x00, 0x00, 0x0f,
    0xe0, 0x00, 0x00, 0x3f, 0xa0, 0x3f, 0xd0, 0x00,
    0x00, 0xfe, 0x00, 0x00, 0x0b, 0xf2, 0x00, 0x7f,
    0x80, 0x00, 0x0f, 0xe0, 0x00, 0x05, 0xf8, 0x00,
    0x00, 0xdf, 0x10, 0x00, 0xfe, 0x00, 0x00, 0xed,
    0x00, 0x00, 0x05, 0xf4, 0x00, 0x0f, 0xe0, 0x00,
    0x7f, 0x30, 0x00, 0x00, 0x01, 0x00, 0x00, 0xfe,
    0x00, 0x00, 0x20, 0x00, 0x1f, 0xff, 0xff, 0xff,
    0xff, 0xff, 0xff, 0xff, 0xff, 0xf1, 0xfe, 0xaa,
    0xaa, 0xaa, 0xaa, 0xaa, 0xaa, 0xaa, 0xef, 0x1f,
    0xb0, 0x00, 0x00, 0x00, 0x00, 0x00, 0x00, 0x0c,
    0xf1, 0xfb, 0x00, 0x01, 0x00, 0x00, 0x00, 0x00,
    0x00, 0xcf, 0x1f, 0xb0, 0x0a, 0xff, 0xff, 0xff,
    0xff, 0x90, 0x0c, 0xf1, 0xfb, 0x00, 0xaf, 0x88,
    0x88, 0x88, 0xf9, 0x00, 0xcf, 0x1f, 0xb0, 0x0a,
    0xf0, 0x00, 0x00, 0x1f, 0x90, 0x0c, 0xf1, 0xfb,
    0x00, 0xaf, 0x00, 0x00, 0x01, 0xf9, 0x00, 0xcf,
    0x1f, 0xb0, 0x0a, 0xf0, 0x00, 0x00, 0x1f, 0x90,
    0x0c, 0xf1, 0xfb, 0x00, 0xaf, 0xa9, 0x99, 0x9a,
    0xf9, 0x00, 0xcf, 0x1f, 0xb0, 0x0a, 0xff, 0xff,
    0xff, 0xff, 0x90, 0x0c, 0xf1, 0xfb, 0x00, 0xaf,
    0x00, 0x00, 0x00, 0x00, 0x00, 0xcf, 0x1f, 0xb0,
    0x05, 0x80, 0x00, 0x00, 0x00, 0x00, 0x0c, 0xf1,
    0xfb, 0x00, 0x00, 0x00, 0x00, 0x00, 0x0a, 0xaa,
    0xfe, 0x1f, 0xb0, 0x00, 0x00, 0x00, 0x00, 0x00,
    0xaf, 0xfe, 0x60, 0x00, 0x00, 0x00, 0x00, 0x00,
    0x00, 0x00, 0x00, 0x00,

    /* U+5C40 "局" */
    0x00, 0x01, 0xff, 0xff, 0xff, 0xff, 0xff, 0xff,
    0xff, 0xff, 0xa0, 0x00, 0x01, 0xfe, 0x99, 0x99,
    0x99, 0x99, 0x99, 0x99, 0xaf, 0xa0, 0x00, 0x01,
    0xfa, 0x00, 0x00, 0x00, 0x00, 0x00, 0x00, 0x2f,
    0xa0, 0x00, 0x01, 0xfa, 0x00, 0x00, 0x00, 0x00,
    0x00, 0x00, 0x2f, 0xa0, 0x00, 0x01, 0xfd, 0x88,
    0x88, 0x88, 0x88, 0x88, 0x88, 0x9f, 0xa0, 0x00,
    0x01, 0xff, 0xff, 0xff, 0xff, 0xff, 0xff, 0xff,
    0xff, 0xa0, 0x00, 0x01, 0xfb, 0x11, 0x11, 0x11,
    0x11, 0x11, 0x11, 0x11, 0x00, 0x00, 0x02, 0xfa,
    0x00, 0x00, 0x00, 0x00, 0x00, 0x00, 0x00, 0x00,
    0x00, 0x02, 0xfe, 0xaa, 0xaa, 0xaa, 0xaa, 0xaa,
    0xaa, 0xaa, 0xb9, 0x00, 0x03, 0xff, 0xff, 0xff,
    0xff, 0xff, 0xff, 0xff, 0xff, 0xfe, 0x00, 0x05,
    0xf6, 0x00, 0x00, 0x00, 0x00, 0x00, 0x00, 0x00,
    0x8d, 0x00, 0x07, 0xf5, 0x00, 0x10, 0x00, 0x00,
    0x00, 0x00, 0x00, 0x9c, 0x00, 0x09, 0xf2, 0x09,
    0xff, 0xff, 0xff, 0xff, 0xc0, 0x00, 0x9b, 0x00,
    0x0c, 0xf0, 0x09, 0xf8, 0x77, 0x77, 0x7f, 0xc0,
    0x00, 0xaa, 0x00, 0x0f, 0xc0, 0x09, 0xf1, 0x00,
    0x00, 0x0e, 0xc0, 0x00, 0xb9, 0x00, 0x5f, 0x80,
    0x09, 0xf1, 0x00, 0x00, 0x0e, 0xc0, 0x00, 0xd8,
    0x00, 0xaf, 0x30, 0x09, 0xf7, 0x66, 0x66, 0x6f,
    0xc0, 0x00, 0xe7, 0x02, 0xfd, 0x00, 0x09, 0xff,
    0xff, 0xff, 0xff, 0xc0, 0x01, 0xf5, 0x0a, 0xf6,
    0x00, 0x09, 0xf2, 0x11, 0x11, 0x11, 0x00, 0x05,
    0xf3, 0x0a, 0xd0, 0x00, 0x04, 0x70, 0x00, 0x00,
    0x05, 0xaa, 0xae, 0xe0, 0x00, 0x10, 0x00, 0x00,
    0x00, 0x00, 0x00, 0x02, 0xff, 0xfd, 0x40,

    /* U+5C4F "屏" */
    0x00, 0x00, 0x00, 0x00, 0x00, 0x00, 0x00, 0x00,
    0x00, 0x00, 0x00, 0x00, 0x00, 0xbf, 0xff, 0xff,
    0xff, 0xff, 0xff, 0xff, 0xff, 0xff, 0x30, 0x00,
    0x0b, 0xf9, 0x88, 0x88, 0x88, 0x88, 0x88, 0x88,
    0x8d, 0xf3, 0x00, 0x00, 0xbf, 0x10, 0x00, 0x00,
    0x00, 0x00, 0x00, 0x00, 0xbf, 0x30, 0x00, 0x0b,
    0xf1, 0x00, 0x00, 0x00, 0x00, 0x00, 0x00, 0x0b,
    0xf3, 0x00, 0x00, 0xbf, 0xff, 0xff, 0xff, 0xff,
    0xff, 0xff, 0xff, 0xff, 0x30, 0x00, 0x0b, 0xf9,
    0x99, 0x99, 0x99, 0x99, 0x99, 0x9a, 0x99, 0x92,
    0x00, 0x00, 0xbf, 0x10, 0x03, 0xf9, 0x00, 0x00,
    0x00, 0xbf, 0x20, 0x00, 0x00, 0x0b, 0xf1, 0x00,
    0x0b, 0xf4, 0x00, 0x00, 0x3f, 0xa0, 0x00, 0x00,
    0x00, 0xbf, 0x04, 0x55, 0x7a, 0x55, 0x55, 0x5c,
    0xf6, 0x55, 0x50, 0x00, 0x0c, 0xf0, 0xdf, 0xff,
    0xff, 0xff, 0xff, 0xff, 0xff, 0xff, 0x00, 0x00,
    0xcf, 0x02, 0x33, 0x4f, 0xb3, 0x33, 0x3c, 0xf4,
    0x33, 0x30, 0x00, 0x0d, 0xf0, 0x00, 0x01, 0xfa,
    0x00, 0x00, 0xbf, 0x10, 0x00, 0x00, 0x00, 0xfd,
    0x00, 0x00, 0x1f, 0xa0, 0x00, 0x0b, 0xf1, 0x00,
    0x00, 0x00, 0x1f, 0xb0, 0x00, 0x02, 0xfa, 0x00,
    0x00, 0xbf, 0x20, 0x00, 0x00, 0x03, 0xf9, 0x7f,
    0xff, 0xff, 0xff, 0xff, 0xff, 0xff, 0xff, 0xfb,
    0x00, 0x6f, 0x63, 0x88, 0x8c, 0xfa, 0x88, 0x88,
    0xdf, 0x88, 0x88, 0x50, 0x0a, 0xf3, 0x00, 0x00,
    0xdf, 0x10, 0x00, 0x0b, 0xf1, 0x00, 0x00, 0x00,
    0xfe, 0x00, 0x00, 0x9f, 0xa0, 0x00, 0x00, 0xbf,
    0x10, 0x00, 0x00, 0x6f, 0x90, 0x00, 0xaf, 0xd1,
    0x00, 0x00, 0x0b, 0xf1, 0x00, 0x00, 0x0e, 0xf3,
    0x05, 0xef, 0xd1, 0x00, 0x00, 0x00, 0xbf, 0x10,
    0x00, 0x00, 0x79, 0x00, 0x1c, 0x70, 0x00, 0x00,
    0x00, 0x0b, 0xf1, 0x00, 0x00, 0x00, 0x00, 0x00,
    0x00, 0x00, 0x00, 0x00, 0x00, 0x00, 0x00, 0x00,
    0x00,

    /* U+5C71 "山" */
    0x00, 0x00, 0x00, 0x00, 0x0c, 0xf1, 0x00, 0x00,
    0x00, 0x00, 0x00, 0x00, 0x00, 0x00, 0x0c, 0xf1,
    0x00, 0x00, 0x00, 0x00, 0x00, 0x00, 0x00, 0x00,
    0x0c, 0xf1, 0x00, 0x00, 0x00, 0x00, 0x00, 0x00,
    0x00, 0x00, 0x0c, 0xf1, 0x00, 0x00, 0x00, 0x00,
    0x04, 0x20, 0x00, 0x00, 0x0c, 0xf1, 0x00, 0x00,
    0x00, 0x43, 0x3f, 0xa0, 0x00, 0x00, 0x0c, 0xf1,
    0x00, 0x00, 0x01, 0xfc, 0x3f, 0xa0, 0x00, 0x00,
    0x0c, 0xf1, 0x00, 0x00, 0x01, 0xfc, 0x3f, 0xa0,
    0x00, 0x00, 0x0c, 0xf1, 0x00, 0x00, 0x01, 0xfc,
    0x3f, 0xa0, 0x00, 0x00, 0x0c, 0xf1, 0x00, 0x00,
    0x01, 0xfc, 0x3f, 0xa0, 0x00, 0x00, 0x0c, 0xf1,
    0x00, 0x00, 0x01, 0xfc, 0x3f, 0xa0, 0x00, 0x00,
    0x0c, 0xf1, 0x00, 0x00, 0x01, 0xfc, 0x3f, 0xa0,
    0x00, 0x00, 0x0c, 0xf1, 0x00, 0x00, 0x01, 0xfc,
    0x3f, 0xa0, 0x00, 0x00, 0x0c, 0xf1, 0x00, 0x00,
    0x01, 0xfc, 0x3f, 0xa0, 0x00, 0x00, 0x0c, 0xf1,
    0x00, 0x00, 0x01, 0xfc, 0x3f, 0xa0, 0x00, 0x00,
    0x0c, 0xf1, 0x00, 0x00, 0x01, 0xfc, 0x3f, 0xa0,
    0x00, 0x00, 0x0c, 0xf1, 0x00, 0x00, 0x01, 0xfc,
    0x3f, 0xa0, 0x00, 0x00, 0x0c, 0xf1, 0x00, 0x00,
    0x01, 0xfc, 0x3f, 0xa0, 0x00, 0x00, 0x0c, 0xf1,
    0x00, 0x00, 0x01, 0xfc, 0x3f, 0xfe, 0xee, 0xee,
    0xef, 0xfe, 0xee, 0xee, 0xee, 0xfc, 0x2f, 0xff,
    0xff, 0xff, 0xff, 0xff, 0xff, 0xff, 0xff, 0xfc,
    0x00, 0x00, 0x00, 0x00, 0x00, 0x00, 0x00, 0x00,
    0x01, 0xfc, 0x00, 0x00, 0x00, 0x00, 0x00, 0x00,
    0x00, 0x00, 0x01, 0xfc,

    /* U+5DF2 "已" */
    0xbc, 0xcc, 0xcc, 0xcc, 0xcc, 0xcc, 0xcc, 0xcc,
    0xc9, 0x00, 0x0f, 0xff, 0xff, 0xff, 0xff, 0xff,
    0xff, 0xff, 0xff, 0xc0, 0x00, 0x00, 0x00, 0x00,
    0x00, 0x00, 0x00, 0x00, 0x01, 0xfc, 0x00, 0x00,
    0x00, 0x00, 0x00, 0x00, 0x00, 0x00, 0x00, 0x1f,
    0xc0, 0x00, 0x07, 0xb1, 0x00, 0x00, 0x00, 0x00,
    0x00, 0x01, 0xfc, 0x00, 0x00, 0xbf, 0x10, 0x00,
    0x00, 0x00, 0x00, 0x00, 0x1f, 0xc0, 0x00, 0x0b,
    0xf1, 0x00, 0x00, 0x00, 0x00, 0x00, 0x01, 0xfc,
    0x00, 0x00, 0xbf, 0x10, 0x00, 0x00, 0x00, 0x00,
    0x00, 0x1f, 0xc0, 0x00, 0x0b, 0xfc, 0xbb, 0xbb,
    0xbb, 0xbb, 0xbb, 0xbc, 0xfc, 0x00, 0x00, 0xbf,
    0xff, 0xff, 0xff, 0xff, 0xff, 0xff, 0xff, 0xc0,
    0x00, 0x0b, 0xf2, 0x00, 0x00, 0x00, 0x00, 0x00,
    0x02, 0xfc, 0x00, 0x00, 0xbf, 0x10, 0x00, 0x00,
    0x00, 0x00, 0x00, 0x04, 0x30, 0x00, 0x0b, 0xf1,
    0x00, 0x00, 0x00, 0x00, 0x00, 0x00, 0x00, 0x00,
    0x00, 0xbf, 0x10, 0x00, 0x00, 0x00, 0x00, 0x00,
    0x00, 0x00, 0x20, 0x0b, 0xf1, 0x00, 0x00, 0x00,
    0x00, 0x00, 0x00, 0x00, 0x1f, 0xa0, 0xbf, 0x10,
    0x00, 0x00, 0x00, 0x00, 0x00, 0x00, 0x03, 0xfb,
    0x0b, 0xf2, 0x00, 0x00, 0x00, 0x00, 0x00, 0x00,
    0x00, 0x7f, 0x80, 0x9f, 0x70, 0x00, 0x00, 0x00,
    0x00, 0x00, 0x00, 0x1d, 0xf3, 0x04, 0xff, 0xec,
    0xcc, 0xcc, 0xcc, 0xcc, 0xcc, 0xdf, 0xfb, 0x00,
    0x04, 0xbe, 0xff, 0xff, 0xff, 0xff, 0xff, 0xff,
    0xd8, 0x00,

    /* U+5E03 "布" */
    0x00, 0x00, 0x00, 0x00, 0x02, 0x30, 0x00, 0x00,
    0x00, 0x00, 0x00, 0x00, 0x00, 0x00, 0x00, 0x00,
    0x8f, 0x60, 0x00, 0x00, 0x00, 0x00, 0x00, 0x00,
    0x00, 0x00, 0x00, 0x0d, 0xf1, 0x00, 0x00, 0x00,
    0x00, 0x00, 0x00, 0x00, 0x00, 0x00, 0x03, 0xfb,
    0x00, 0x00, 0x00, 0x00, 0x00, 0x00, 0x03, 0xbb,
    0xbb, 0xbb, 0xdf, 0xdb, 0xbb, 0xbb, 0xbb, 0xbb,
    0xbb, 0x80, 0x5f, 0xff, 0xff, 0xff, 0xff, 0xff,
    0xff, 0xff, 0xff, 0xff, 0xfc, 0x00, 0x00, 0x00,
    0x08, 0xf7, 0x00, 0x00, 0x00, 0x00, 0x00, 0x00,
    0x00, 0x00, 0x00, 0x01, 0xfe, 0x00, 0x03, 0x50,
    0x00, 0x00, 0x00, 0x00, 0x00, 0x00, 0x00, 0x9f,
    0x70, 0x00, 0xbf, 0x20, 0x00, 0x00, 0x00, 0x00,
    0x00, 0x00, 0x3f, 0xd0, 0x00, 0x0b, 0xf2, 0x00,
    0x00, 0x00, 0x00, 0x00, 0x00, 0x1e, 0xf6, 0x22,
    0x22, 0xbf, 0x42, 0x22, 0x23, 0x20, 0x00, 0x00,
    0x0b, 0xff, 0xff, 0xff, 0xff, 0xff, 0xff, 0xff,
    0xff, 0x40, 0x00, 0x0a, 0xff, 0xfb, 0x99, 0x99,
    0xef, 0xa9, 0x99, 0x9c, 0xf4, 0x00, 0x0a, 0xfd,
    0x9f, 0x40, 0x00, 0x0b, 0xf2, 0x00, 0x00, 0x8f,
    0x40, 0x0c, 0xfd, 0x17, 0xf4, 0x00, 0x00, 0xbf,
    0x20, 0x00, 0x08, 0xf4, 0x00, 0x5b, 0x10, 0x7f,
    0x40, 0x00, 0x0b, 0xf2, 0x00, 0x00, 0x8f, 0x40,
    0x00, 0x00, 0x07, 0xf4, 0x00, 0x00, 0xbf, 0x20,
    0x00, 0x08, 0xf4, 0x00, 0x00, 0x00, 0x7f, 0x40,
    0x00, 0x0b, 0xf2, 0x00, 0x00, 0x8f, 0x40, 0x00,
    0x00, 0x07, 0xf4, 0x00, 0x00, 0xbf, 0x20, 0x00,
    0x09, 0xf4, 0x00, 0x00, 0x00, 0x7f, 0x40, 0x00,
    0x0b, 0xf2, 0x1f, 0xff, 0xff, 0x10, 0x00, 0x00,
    0x07, 0xe4, 0x00, 0x00, 0xbf, 0x20, 0x78, 0x87,
    0x20, 0x00, 0x00, 0x00, 0x00, 0x00, 0x00, 0x0b,
    0xf2, 0x00, 0x00, 0x00, 0x00, 0x00, 0x00, 0x00,
    0x00, 0x00, 0x00, 0xbf, 0x20, 0x00, 0x00, 0x00,
    0x00,

    /* U+5E38 "常" */
    0x00, 0x00, 0x00, 0x00, 0x04, 0x60, 0x00, 0x00,
    0x00, 0x00, 0x00, 0x07, 0xf5, 0x00, 0x00, 0xcf,
    0x10, 0x00, 0x1e, 0xc0, 0x00, 0x00, 0x2f, 0xf2,
    0x00, 0x0c, 0xf1, 0x00, 0x09, 0xf6, 0x00, 0x00,
    0x00, 0x6f, 0x90, 0x00, 0xcf, 0x10, 0x03, 0xfa,
    0x00, 0x00, 0x9a, 0xaa, 0xea, 0xaa, 0xae, 0xfa,
    0xaa, 0xad, 0xba, 0xaa, 0x0f, 0xff, 0xff, 0xff,
    0xff, 0xff, 0xff, 0xff, 0xff, 0xff, 0xf1, 0xfc,
    0x00, 0x00, 0x00, 0x00, 0x00, 0x00, 0x00, 0x00,
    0xbf, 0x1f, 0xc0, 0x02, 0x22, 0x22, 0x22, 0x22,
    0x22, 0x21, 0x0b, 0xf1, 0xfc, 0x01, 0xff, 0xff,
    0xff, 0xff, 0xff, 0xff, 0xa0, 0xbf, 0x17, 0x60,
    0x1f, 0xb3, 0x33, 0x33, 0x33, 0x35, 0xfa, 0x05,
    0x80, 0x00, 0x01, 0xfa, 0x00, 0x00, 0x00, 0x00,
    0x2f, 0xa0, 0x00, 0x00, 0x00, 0x1f, 0xc7, 0x77,
    0x77, 0x77, 0x78, 0xfa, 0x00, 0x00, 0x00, 0x01,
    0xff, 0xff, 0xff, 0xff, 0xff, 0xff, 0x90, 0x00,
    0x00, 0x00, 0x00, 0x00, 0x00, 0xaf, 0x30, 0x00,
    0x00, 0x00, 0x00, 0x00, 0x00, 0x00, 0x00, 0x0a,
    0xf4, 0x00, 0x00, 0x01, 0x00, 0x00, 0x5f, 0xff,
    0xff, 0xff, 0xff, 0xff, 0xff, 0xff, 0xfa, 0x00,
    0x05, 0xfd, 0x99, 0x99, 0x9d, 0xfb, 0x99, 0x99,
    0x9f, 0xa0, 0x00, 0x5f, 0x90, 0x00, 0x00, 0xaf,
    0x30, 0x00, 0x00, 0xfa, 0x00, 0x05, 0xf9, 0x00,
    0x00, 0x0a, 0xf3, 0x00, 0x00, 0x0f, 0xa0, 0x00,
    0x5f, 0x90, 0x00, 0x00, 0xaf, 0x30, 0x00, 0x00,
    0xfa, 0x00, 0x05, 0xf9, 0x00, 0x00, 0x0a, 0xf3,
    0x04, 0xaa, 0xaf, 0x90, 0x00, 0x4d, 0x70, 0x00,
    0x00, 0xaf, 0x30, 0x1f, 0xfe, 0xb2, 0x00, 0x00,
    0x00, 0x00, 0x00, 0x0a, 0xf3, 0x00, 0x00, 0x00,
    0x00, 0x00,

    /* U+5E55 "幕" */
    0x00, 0x00, 0x00, 0x01, 0x10, 0x00, 0x00, 0x01,
    0x10, 0x00, 0x00, 0x00, 0x00, 0x00, 0x00, 0x0f,
    0xc0, 0x00, 0x00, 0x0f, 0xc0, 0x00, 0x00, 0x00,
    0x04, 0x99, 0x99, 0x9f, 0xe9, 0x99, 0x99, 0x9f,
    0xe9, 0x99, 0x99, 0x30, 0x07, 0xff, 0xff, 0xff,
    0xff, 0xff, 0xff, 0xff, 0xff, 0xff, 0xff, 0x50,
    0x00, 0x00, 0x00, 0x0f, 0xc0, 0x00, 0x00, 0x0f,
    0xc0, 0x00, 0x00, 0x00, 0x00, 0x00, 0x45, 0x56,
    0x65, 0x55, 0x55, 0x55, 0x55, 0x55, 0x00, 0x00,
    0x00, 0x00, 0xef, 0xdd, 0xdd, 0xdd, 0xdd, 0xdd,
    0xdd, 0xff, 0x10, 0x00, 0x00, 0x00, 0xed, 0x00,
    0x00, 0x00, 0x00, 0x00, 0x00, 0xbf, 0x10, 0x00,
    0x00, 0x00, 0xef, 0xff, 0xff, 0xff, 0xff, 0xff,
    0xff, 0xff, 0x10, 0x00, 0x00, 0x00, 0xed, 0x33,
    0x33, 0x33, 0x33, 0x33, 0x33, 0xcf, 0x10, 0x00,
    0x00, 0x00, 0xed, 0x22, 0x22, 0x22, 0x22, 0x22,
    0x22, 0xcf, 0x10, 0x00, 0x00, 0x00, 0xef, 0xff,
    0xff, 0xff, 0xff, 0xff, 0xff, 0xff, 0x10, 0x00,
    0x00, 0x00, 0x11, 0x12, 0xef, 0x31, 0x11, 0x11,
    0x11, 0x11, 0x00, 0x00, 0x07, 0x99, 0x99, 0x9c,
    0xfd, 0x99, 0x99, 0x99, 0x99, 0x99, 0x99, 0x60,
    0x0a, 0xee, 0xee, 0xff, 0xee, 0xef, 0xfe, 0xee,
    0xff, 0xee, 0xee, 0x90, 0x00, 0x00, 0x0a, 0xfa,
    0x00, 0x0f, 0xc0, 0x00, 0xaf, 0x70, 0x00, 0x00,
    0x00, 0x04, 0xef, 0xe7, 0x77, 0x7f, 0xd7, 0x77,
    0x7e, 0xfd, 0x40, 0x00, 0x04, 0xbf, 0xef, 0xff,
    0xff, 0xff, 0xff, 0xff, 0xff, 0xff, 0xfd, 0x70,
    0x0d, 0xf8, 0x0f, 0xb0, 0x00, 0x0f, 0xc0, 0x00,
    0x08, 0xf4, 0x6d, 0x90, 0x01, 0x10, 0x0f, 0xb0,
    0x00, 0x0f, 0xc0, 0x00, 0x08, 0xf4, 0x00, 0x00,
    0x00, 0x00, 0x0f, 0xb0, 0x00, 0x0f, 0xc0, 0x04,
    0x4b, 0xf4, 0x00, 0x00, 0x00, 0x00, 0x0f, 0xb0,
    0x00, 0x0f, 0xc0, 0x0c, 0xff, 0xc0, 0x00, 0x00,
    0x00, 0x00, 0x00, 0x00, 0x00, 0x0f, 0xc0, 0x00,
    0x00, 0x00, 0x00, 0x00,

    /* U+5E94 "应" */
    0x00, 0x00, 0x00, 0x00, 0x00, 0x02, 0x10, 0x00,
    0x00, 0x00, 0x00, 0x00, 0x00, 0x00, 0x00, 0x00,
    0x05, 0xf9, 0x00, 0x00, 0x00, 0x00, 0x00, 0x00,
    0x00, 0x00, 0x00, 0x00, 0x0e, 0xf2, 0x00, 0x00,
    0x00, 0x00, 0x00, 0x00, 0x10, 0x00, 0x00, 0x00,
    0x8f, 0x90, 0x00, 0x00, 0x00, 0x00, 0x00, 0xef,
    0xff, 0xff, 0xff, 0xff, 0xff, 0xff, 0xff, 0xff,
    0xfc, 0x00, 0x0e, 0xfa, 0xaa, 0xaa, 0xaa, 0xaa,
    0xaa, 0xaa, 0xaa, 0xaa, 0x80, 0x00, 0xee, 0x00,
    0x00, 0x00, 0x00, 0x00, 0x00, 0x00, 0x00, 0x00,
    0x00, 0x0e, 0xe0, 0x00, 0x00, 0x00, 0x43, 0x00,
    0x00, 0x02, 0x71, 0x00, 0x00, 0xee, 0x00, 0x21,
    0x00, 0x1f, 0xb0, 0x00, 0x00, 0x7f, 0x90, 0x00,
    0x0e, 0xe0, 0x4f, 0x60, 0x00, 0xdf, 0x00, 0x00,
    0x0b, 0xf4, 0x00, 0x00, 0xee, 0x00, 0xfd, 0x00,
    0x08, 0xf4, 0x00, 0x00, 0xfe, 0x00, 0x00, 0x0e,
    0xe0, 0x0a, 0xf2, 0x00, 0x4f, 0x80, 0x00, 0x4f,
    0x90, 0x00, 0x00, 0xfe, 0x00, 0x5f, 0x80, 0x00,
    0xfc, 0x00, 0x0a, 0xf3, 0x00, 0x00, 0x0f, 0xd0,
    0x00, 0xfd, 0x00, 0x0c, 0xf0, 0x01, 0xfd, 0x00,
    0x00, 0x00, 0xfc, 0x00, 0x0a, 0xf3, 0x00, 0x9f,
    0x40, 0x7f, 0x60, 0x00, 0x00, 0x2f, 0xa0, 0x00,
    0x5f, 0x70, 0x06, 0xe4, 0x0d, 0xe0, 0x00, 0x00,
    0x04, 0xf8, 0x00, 0x01, 0xfb, 0x00, 0x00, 0x05,
    0xf8, 0x00, 0x00, 0x00, 0x7f, 0x60, 0x00, 0x04,
    0x00, 0x00, 0x00, 0xcf, 0x10, 0x00, 0x00, 0x0a,
    0xf3, 0x00, 0x00, 0x00, 0x00, 0x00, 0x5f, 0x70,
    0x00, 0x00, 0x00, 0xef, 0x00, 0x00, 0x00, 0x00,
    0x00, 0x0d, 0xe0, 0x00, 0x00, 0x00, 0x3f, 0xb0,
    0xcf, 0xff, 0xff, 0xff, 0xff, 0xff, 0xff, 0xff,
    0xff, 0x1a, 0xf5, 0x09, 0xcc, 0xcc, 0xcc, 0xcc,
    0xcc, 0xcc, 0xcc, 0xcc, 0xc1, 0x4c, 0x00, 0x00,
    0x00, 0x00, 0x00, 0x00, 0x00, 0x00, 0x00, 0x00,
    0x00, 0x00, 0x00, 0x00, 0x00, 0x00, 0x00, 0x00,
    0x00, 0x00, 0x00, 0x00,

    /* U+5EA6 "度" */
    0x00, 0x00, 0x00, 0x00, 0x00, 0x01, 0x10, 0x00,
    0x00, 0x00, 0x00, 0x00, 0x00, 0x00, 0x00, 0x00,
    0x04, 0xfa, 0x00, 0x00, 0x00, 0x00, 0x00, 0x00,
    0x00, 0x00, 0x00, 0x00, 0x0d, 0xf2, 0x00, 0x00,
    0x00, 0x00, 0x00, 0x09, 0xcc, 0xcc, 0xcc, 0xcc,
    0xef, 0xdc, 0xcc, 0xcc, 0xcc, 0xa0, 0x00, 0xdf,
    0xff, 0xff, 0xff, 0xff, 0xff, 0xff, 0xff, 0xff,
    0xfd, 0x00, 0x0d, 0xf0, 0x00, 0x05, 0x80, 0x00,
    0x00, 0x08, 0x60, 0x00, 0x00, 0x00, 0xdf, 0x00,
    0x00, 0xaf, 0x10, 0x00, 0x00, 0xfb, 0x00, 0x00,
    0x00, 0x0d, 0xf3, 0x77, 0x7c, 0xf8, 0x77, 0x77,
    0x7f, 0xd7, 0x77, 0x40, 0x00, 0xdf, 0x8f, 0xff,
    0xff, 0xff, 0xff, 0xff, 0xff, 0xff, 0xfa, 0x00,
    0x0d, 0xf0, 0x00, 0x0a, 0xf2, 0x00, 0x00, 0x1f,
    0xc0, 0x00, 0x00, 0x00, 0xdf, 0x00, 0x00, 0xaf,
    0x10, 0x00, 0x00, 0xfb, 0x00, 0x00, 0x00, 0x0d,
    0xf0, 0x00, 0x0a, 0xf6, 0x55, 0x55, 0x5f, 0xb0,
    0x00, 0x00, 0x00, 0xee, 0x00, 0x00, 0xaf, 0xff,
    0xff, 0xff, 0xfb, 0x00, 0x00, 0x00, 0x0f, 0xd0,
    0x00, 0x01, 0x11, 0x11, 0x11, 0x11, 0x10, 0x00,
    0x00, 0x00, 0xfc, 0x15, 0x55, 0x55, 0x55, 0x55,
    0x55, 0x55, 0x61, 0x00, 0x00, 0x2f, 0xa4, 0xff,
    0xff, 0xff, 0xff, 0xff, 0xff, 0xff, 0xb0, 0x00,
    0x04, 0xf8, 0x02, 0x2a, 0xf6, 0x22, 0x22, 0x22,
    0x4f, 0xf2, 0x00, 0x00, 0x7f, 0x50, 0x00, 0x2e,
    0xf5, 0x00, 0x00, 0x4e, 0xf4, 0x00, 0x00, 0x0a,
    0xf2, 0x00, 0x00, 0x2d, 0xfa, 0x22, 0xaf, 0xe3,
    0x00, 0x00, 0x00, 0xee, 0x00, 0x00, 0x00, 0x09,
    0xff, 0xff, 0x91, 0x00, 0x00, 0x00, 0x4f, 0xa0,
    0x00, 0x14, 0x7b, 0xff, 0xff, 0xfe, 0xa6, 0x20,
    0x00, 0x0a, 0xf4, 0x0d, 0xff, 0xff, 0xe9, 0x50,
    0x17, 0xcf, 0xff, 0xfd, 0xa0, 0x4a, 0x00, 0x8a,
    0x74, 0x10, 0x00, 0x00, 0x00, 0x14, 0x8a, 0xd6,
    0x00,

    /* U+5F00 "开" */
    0x09, 0xbb, 0xbb, 0xbb, 0xbb, 0xbb, 0xbb, 0xbb,
    0xbb, 0xbb, 0xb2, 0x0d, 0xff, 0xff, 0xff, 0xff,
    0xff, 0xff, 0xff, 0xff, 0xff, 0xf4, 0x00, 0x00,
    0x00, 0xfd, 0x00, 0x00, 0x00, 0x3f, 0xa0, 0x00,
    0x00, 0x00, 0x00, 0x00, 0xfd, 0x00, 0x00, 0x00,
    0x3f, 0xa0, 0x00, 0x00, 0x00, 0x00, 0x00, 0xfd,
    0x00, 0x00, 0x00, 0x3f, 0xa0, 0x00, 0x00, 0x00,
    0x00, 0x00, 0xfd, 0x00, 0x00, 0x00, 0x3f, 0xa0,
    0x00, 0x00, 0x00, 0x00, 0x00, 0xfd, 0x00, 0x00,
    0x00, 0x3f, 0xa0, 0x00, 0x00, 0x00, 0x00, 0x00,
    0xfd, 0x00, 0x00, 0x00, 0x3f, 0xa0, 0x00, 0x00,
    0x00, 0x00, 0x00, 0xfd, 0x00, 0x00, 0x00, 0x3f,
    0xa0, 0x00, 0x00, 0xcf, 0xff, 0xff, 0xff, 0xff,
    0xff, 0xff, 0xff, 0xff, 0xff, 0xff, 0x8b, 0xbb,
    0xbc, 0xfe, 0xbb, 0xbb, 0xbb, 0xcf, 0xeb, 0xbb,
    0xbb, 0x00, 0x00, 0x03, 0xfa, 0x00, 0x00, 0x00,
    0x3f, 0xa0, 0x00, 0x00, 0x00, 0x00, 0x06, 0xf8,
    0x00, 0x00, 0x00, 0x3f, 0xa0, 0x00, 0x00, 0x00,
    0x00, 0x0a, 0xf4, 0x00, 0x00, 0x00, 0x3f, 0xa0,
    0x00, 0x00, 0x00, 0x00, 0x1f, 0xf0, 0x00, 0x00,
    0x00, 0x3f, 0xa0, 0x00, 0x00, 0x00, 0x00, 0x8f,
    0xa0, 0x00, 0x00, 0x00, 0x3f, 0xa0, 0x00, 0x00,
    0x00, 0x02, 0xff, 0x20, 0x00, 0x00, 0x00, 0x3f,
    0xa0, 0x00, 0x00, 0x00, 0x1e, 0xf8, 0x00, 0x00,
    0x00, 0x00, 0x3f, 0xa0, 0x00, 0x00, 0x02, 0xdf,
    0xb0, 0x00, 0x00, 0x00, 0x00, 0x3f, 0xa0, 0x00,
    0x00, 0x4f, 0xfb, 0x00, 0x00, 0x00, 0x00, 0x00,
    0x3f, 0xa0, 0x00, 0x00, 0x0b, 0x80, 0x00, 0x00,
    0x00, 0x00, 0x00, 0x3f, 0xa0, 0x00, 0x00, 0x00,
    0x00, 0x00, 0x00, 0x00, 0x00, 0x00, 0x00, 0x00,
    0x00, 0x00,

    /* U+5F0F "式" */
    0x00, 0x00, 0x00, 0x00, 0x00, 0x00, 0x11, 0x00,
    0x00, 0x00, 0x00, 0x00, 0x00, 0x00, 0x00, 0x00,
    0x00, 0xaf, 0x40, 0x9b, 0x10, 0x00, 0x00, 0x00,
    0x00, 0x00, 0x00, 0x00, 0xaf, 0x40, 0x7f, 0xd2,
    0x00, 0x00, 0x00, 0x00, 0x00, 0x00, 0x00, 0x9f,
    0x40, 0x04, 0xff, 0x30, 0x00, 0x00, 0x00, 0x00,
    0x00, 0x00, 0x9f, 0x50, 0x00, 0x3b, 0x10, 0xab,
    0xbb, 0xbb, 0xbb, 0xbb, 0xbb, 0xdf, 0xdb, 0xbb,
    0xbb, 0xb5, 0xef, 0xff, 0xff, 0xff, 0xff, 0xff,
    0xff, 0xff, 0xff, 0xff, 0xf8, 0x00, 0x00, 0x00,
    0x00, 0x00, 0x00, 0x6f, 0x80, 0x00, 0x00, 0x00,
    0x00, 0x00, 0x00, 0x00, 0x00, 0x00, 0x5f, 0x90,
    0x00, 0x00, 0x00, 0x00, 0x00, 0x00, 0x00, 0x00,
    0x00, 0x3f, 0xa0, 0x00, 0x00, 0x00, 0x09, 0x99,
    0x99, 0x99, 0x99, 0x95, 0x1f, 0xc0, 0x00, 0x00,
    0x00, 0x0f, 0xff, 0xff, 0xff, 0xff, 0xf9, 0x0f,
    0xe0, 0x00, 0x00, 0x00, 0x03, 0x33, 0x3c, 0xf4,
    0x33, 0x31, 0x0d, 0xf1, 0x00, 0x00, 0x00, 0x00,
    0x00, 0x0b, 0xf1, 0x00, 0x00, 0x0a, 0xf4, 0x00,
    0x00, 0x00, 0x00, 0x00, 0x0b, 0xf1, 0x00, 0x00,
    0x07, 0xf7, 0x00, 0x00, 0x00, 0x00, 0x00, 0x0b,
    0xf1, 0x00, 0x00, 0x03, 0xfb, 0x00, 0x00, 0x00,
    0x00, 0x00, 0x0b, 0xf1, 0x00, 0x00, 0x00, 0xff,
    0x00, 0x00, 0x30, 0x00, 0x00, 0x0b, 0xf1, 0x00,
    0x00, 0x00, 0xaf, 0x50, 0x00, 0xac, 0x00, 0x00,
    0x0b, 0xf2, 0x58, 0xcf, 0x40, 0x5f, 0xb0, 0x00,
    0xbe, 0x00, 0x04, 0x7e, 0xff, 0xff, 0xfc, 0x30,
    0x0e, 0xf3, 0x00, 0xdc, 0x7d, 0xff, 0xff, 0xeb,
    0x73, 0x00, 0x00, 0x06, 0xfe, 0x21, 0xf9, 0x7f,
    0xda, 0x62, 0x00, 0x00, 0x00, 0x00, 0x00, 0xaf,
    0xff, 0xf4, 0x01, 0x00, 0x00, 0x00, 0x00, 0x00,
    0x00, 0x00, 0x08, 0xef, 0x90,

    /* U+5F53 "当" */
    0x00, 0x00, 0x00, 0x00, 0x06, 0x50, 0x00, 0x00,
    0x00, 0x00, 0x00, 0x20, 0x00, 0x00, 0x0f, 0xf0,
    0x00, 0x00, 0x05, 0x20, 0x0c, 0xf2, 0x00, 0x00,
    0x0f, 0xf0, 0x00, 0x00, 0x2f, 0xe0, 0x04, 0xfc,
    0x00, 0x00, 0x0f, 0xf0, 0x00, 0x00, 0xaf, 0x70,
    0x00, 0xaf, 0x60, 0x00, 0x0f, 0xf0, 0x00, 0x02,
    0xfe, 0x00, 0x00, 0x1f, 0xe0, 0x00, 0x0f, 0xf0,
    0x00, 0x0a, 0xf5, 0x00, 0x00, 0x09, 0xf7, 0x00,
    0x0f, 0xf0, 0x00, 0x3f, 0xc0, 0x00, 0x00, 0x02,
    0xb3, 0x00, 0x0f, 0xf0, 0x00, 0x7e, 0x20, 0x00,
    0x00, 0x00, 0x00, 0x00, 0x0f, 0xf0, 0x00, 0x00,
    0x00, 0x00, 0x0a, 0xee, 0xee, 0xee, 0xef, 0xfe,
    0xee, 0xee, 0xee, 0xc0, 0x0b, 0xee, 0xee, 0xee,
    0xee, 0xee, 0xee, 0xee, 0xef, 0xe0, 0x00, 0x00,
    0x00, 0x00, 0x00, 0x00, 0x00, 0x00, 0x0f, 0xe0,
    0x00, 0x00, 0x00, 0x00, 0x00, 0x00, 0x00, 0x00,
    0x0f, 0xe0, 0x00, 0x00, 0x00, 0x00, 0x00, 0x00,
    0x00, 0x00, 0x0f, 0xe0, 0x00, 0x99, 0x99, 0x99,
    0x99, 0x99, 0x99, 0x99, 0x9f, 0xe0, 0x00, 0xff,
    0xff, 0xff, 0xff, 0xff, 0xff, 0xff, 0xff, 0xe0,
    0x00, 0x12, 0x22, 0x22, 0x22, 0x22, 0x22, 0x22,
    0x2f, 0xe0, 0x00, 0x00, 0x00, 0x00, 0x00, 0x00,
    0x00, 0x00, 0x0f, 0xe0, 0x00, 0x00, 0x00, 0x00,
    0x00, 0x00, 0x00, 0x00, 0x0f, 0xe0, 0x00, 0x00,
    0x00, 0x00, 0x00, 0x00, 0x00, 0x00, 0x0f, 0xe0,
    0x3c, 0xcc, 0xcc, 0xcc, 0xcc, 0xcc, 0xcc, 0xcc,
    0xcf, 0xe0, 0x3f, 0xff, 0xff, 0xff, 0xff, 0xff,
    0xff, 0xff, 0xff, 0xe0, 0x00, 0x00, 0x00, 0x00,
    0x00, 0x00, 0x00, 0x00, 0x0f, 0xe0,

    /* U+5F71 "影" */
    0x02, 0x44, 0x44, 0x44, 0x44, 0x44, 0x10, 0x00,
    0x00, 0x26, 0x10, 0x09, 0xff, 0xff, 0xff, 0xff,
    0xff, 0x30, 0x00, 0x01, 0xdf, 0x50, 0x09, 0xf2,
    0x00, 0x00, 0x00, 0x8f, 0x30, 0x00, 0x1d, 0xf7,
    0x00, 0x09, 0xfd, 0xdd, 0xdd, 0xdd, 0xef, 0x30,
    0x03, 0xef, 0x70, 0x00, 0x09, 0xf6, 0x55, 0x55,
    0x55, 0xaf, 0x30, 0x8f, 0xf6, 0x00, 0x00, 0x09,
    0xf2, 0x00, 0x00, 0x00, 0x8f, 0x39, 0xfe, 0x30,
    0x00, 0x00, 0x09, 0xff, 0xff, 0xff, 0xff, 0xff,
    0x30, 0x70, 0x00, 0x00, 0x00, 0x02, 0x33, 0x37,
    0xd6, 0x33, 0x33, 0x00, 0x00, 0x00, 0x0b, 0xe2,
    0x23, 0x33, 0x37, 0xfb, 0x33, 0x33, 0x30, 0x00,
    0x00, 0xaf, 0xa0, 0xbf, 0xff, 0xff, 0xff, 0xff,
    0xff, 0xf1, 0x00, 0x0a, 0xfb, 0x00, 0x23, 0x33,
    0x33, 0x33, 0x33, 0x33, 0x30, 0x02, 0xcf, 0xa0,
    0x00, 0x02, 0x55, 0x55, 0x55, 0x55, 0x55, 0x00,
    0x6f, 0xf7, 0x00, 0x00, 0x05, 0xff, 0xff, 0xff,
    0xff, 0xff, 0x09, 0xfd, 0x30, 0x00, 0x00, 0x05,
    0xf5, 0x00, 0x00, 0x00, 0xcf, 0x00, 0x60, 0x00,
    0x00, 0x10, 0x05, 0xf8, 0x44, 0x44, 0x44, 0xdf,
    0x00, 0x00, 0x00, 0x03, 0xfa, 0x05, 0xff, 0xff,
    0xff, 0xff, 0xff, 0x00, 0x00, 0x00, 0x1e, 0xf3,
    0x00, 0x32, 0x02, 0xfa, 0x02, 0x20, 0x00, 0x00,
    0x00, 0xcf, 0x70, 0x00, 0xed, 0x02, 0xfa, 0x0d,
    0xc0, 0x00, 0x00, 0x1c, 0xf9, 0x00, 0x07, 0xf6,
    0x02, 0xfa, 0x04, 0xf7, 0x00, 0x03, 0xef, 0x90,
    0x00, 0x3f, 0xc0, 0x02, 0xfa, 0x00, 0xbf, 0x10,
    0x8f, 0xf7, 0x00, 0x00, 0x6e, 0x23, 0x78, 0xf9,
    0x00, 0x3b, 0x5e, 0xfe, 0x30, 0x00, 0x00, 0x00,
    0x02, 0xff, 0xd3, 0x00, 0x00, 0x0b, 0x80, 0x00,
    0x00, 0x00, 0x00, 0x00, 0x00, 0x00, 0x00, 0x00,
    0x00, 0x00, 0x00, 0x00, 0x00,

    /* U+5F85 "待" */
    0x00, 0x00, 0x00, 0x00, 0x00, 0x00, 0x00, 0x00,
    0x00, 0x00, 0x00, 0x00, 0x00, 0x00, 0x08, 0xd3,
    0x00, 0x00, 0x00, 0xbf, 0x10, 0x00, 0x00, 0x00,
    0x00, 0x00, 0x4f, 0xd0, 0x00, 0x00, 0x00, 0xbf,
    0x10, 0x00, 0x00, 0x00, 0x00, 0x04, 0xfe, 0x20,
    0x00, 0x00, 0x00, 0xbf, 0x20, 0x00, 0x00, 0x00,
    0x00, 0x5f, 0xf3, 0x00, 0x0f, 0xff, 0xff, 0xff,
    0xff, 0xff, 0xf9, 0x00, 0x08, 0xff, 0x30, 0x00,
    0x09, 0x99, 0x99, 0xef, 0xa9, 0x99, 0x95, 0x00,
    0x08, 0xd2, 0x00, 0x86, 0x00, 0x00, 0x00, 0xbf,
    0x10, 0x00, 0x00, 0x00, 0x00, 0x00, 0x04, 0xfb,
    0x00, 0x00, 0x00, 0xbf, 0x10, 0x00, 0x00, 0x00,
    0x00, 0x00, 0x1e, 0xf4, 0x55, 0x55, 0x55, 0xdf,
    0x55, 0x55, 0x55, 0x50, 0x00, 0x00, 0xcf, 0x66,
    0xff, 0xff, 0xff, 0xff, 0xff, 0xff, 0xff, 0xf1,
    0x00, 0x0c, 0xff, 0x22, 0x55, 0x55, 0x55, 0x55,
    0x56, 0xfd, 0x55, 0x50, 0x01, 0xcf, 0xff, 0x20,
    0x00, 0x00, 0x00, 0x00, 0x01, 0xfb, 0x00, 0x00,
    0x1e, 0xfb, 0xaf, 0x20, 0x00, 0x00, 0x00, 0x00,
    0x01, 0xfb, 0x00, 0x00, 0x0d, 0xb0, 0x9f, 0x20,
    0xdf, 0xff, 0xff, 0xff, 0xff, 0xff, 0xff, 0xe0,
    0x02, 0x00, 0x9f, 0x20, 0x8a, 0xaa, 0xaa, 0xaa,
    0xaa, 0xfe, 0xaa, 0x90, 0x00, 0x00, 0x9f, 0x20,
    0x00, 0x44, 0x00, 0x00, 0x01, 0xfb, 0x00, 0x00,
    0x00, 0x00, 0x9f, 0x20, 0x01, 0xef, 0x20, 0x00,
    0x01, 0xfb, 0x00, 0x00, 0x00, 0x00, 0x9f, 0x20,
    0x00, 0x4f, 0xd0, 0x00, 0x01, 0xfb, 0x00, 0x00,
    0x00, 0x00, 0x9f, 0x20, 0x00, 0x09, 0xf8, 0x00,
    0x01, 0xfb, 0x00, 0x00, 0x00, 0x00, 0x9f, 0x20,
    0x00, 0x00, 0xed, 0x00, 0x01, 0xfb, 0x00, 0x00,
    0x00, 0x00, 0x9f, 0x20, 0x00, 0x00, 0x30, 0x00,
    0x01, 0xfb, 0x00, 0x00, 0x00, 0x00, 0x9f, 0x20,
    0x00, 0x00, 0x00, 0x9a, 0xab, 0xfa, 0x00, 0x00,
    0x00, 0x00, 0x9f, 0x20, 0x00, 0x00, 0x00, 0x8f,
    0xff, 0xc3, 0x00, 0x00, 0x00, 0x00, 0x00, 0x00,
    0x00, 0x00, 0x00, 0x00, 0x00, 0x00, 0x00, 0x00,

    /* U+5FC3 "心" */
    0x00, 0x00, 0x00, 0x01, 0x91, 0x00, 0x00, 0x00,
    0x00, 0x00, 0x00, 0x00, 0x00, 0x00, 0x00, 0x7f,
    0xe5, 0x00, 0x00, 0x00, 0x00, 0x00, 0x00, 0x00,
    0x00, 0x00, 0x00, 0x5f, 0xf8, 0x00, 0x00, 0x00,
    0x00, 0x00, 0x00, 0x00, 0x00, 0x00, 0x00, 0x2d,
    0xfb, 0x10, 0x00, 0x00, 0x00, 0x00, 0x00, 0x00,
    0x00, 0x00, 0x00, 0x1b, 0xfd, 0x10, 0x00, 0x00,
    0x00, 0x00, 0x00, 0x00, 0x00, 0x00, 0x00, 0x0a,
    0xfb, 0x00, 0x00, 0x00, 0x00, 0x00, 0x00, 0x00,
    0xee, 0x00, 0x00, 0x08, 0x20, 0x00, 0x00, 0x00,
    0x00, 0x00, 0x00, 0x0e, 0xf0, 0x00, 0x00, 0x00,
    0x00, 0x39, 0x10, 0x00, 0x00, 0xdd, 0x00, 0xef,
    0x00, 0x00, 0x00, 0x00, 0x07, 0xf8, 0x00, 0x00,
    0x0f, 0xc0, 0x0e, 0xf0, 0x00, 0x00, 0x00, 0x00,
    0x0f, 0xe0, 0x00, 0x02, 0xfa, 0x00, 0xef, 0x00,
    0x00, 0x00, 0x00, 0x00, 0x9f, 0x50, 0x00, 0x5f,
    0x70, 0x0e, 0xf0, 0x00, 0x00, 0x00, 0x00, 0x03,
    0xfc, 0x00, 0x09, 0xf4, 0x00, 0xef, 0x00, 0x00,
    0x00, 0x00, 0x00, 0x0d, 0xf1, 0x00, 0xdf, 0x00,
    0x0e, 0xf0, 0x00, 0x00, 0x00, 0x00, 0x00, 0x8f,
    0x70, 0x1f, 0xd0, 0x00, 0xef, 0x00, 0x00, 0x00,
    0x00, 0x60, 0x03, 0xfc, 0x06, 0xf8, 0x00, 0x0e,
    0xf0, 0x00, 0x00, 0x00, 0x0f, 0xc0, 0x0e, 0xf0,
    0xcf, 0x40, 0x00, 0xef, 0x00, 0x00, 0x00, 0x00,
    0xfb, 0x00, 0xa8, 0x01, 0x80, 0x00, 0x0e, 0xf0,
    0x00, 0x00, 0x00, 0x2f, 0x90, 0x00, 0x00, 0x00,
    0x00, 0x00, 0xef, 0x00, 0x00, 0x00, 0x07, 0xf6,
    0x00, 0x00, 0x00, 0x00, 0x00, 0x0b, 0xfd, 0xbb,
    0xbb, 0xbb, 0xff, 0x10, 0x00, 0x00, 0x00, 0x00,
    0x00, 0x2b, 0xff, 0xff, 0xff, 0xfd, 0x50, 0x00,
    0x00, 0x00,

    /* U+6001 "态" */
    0x00, 0x00, 0x00, 0x00, 0x00, 0x23, 0x00, 0x00,
    0x00, 0x00, 0x00, 0x00, 0x00, 0x00, 0x00, 0x00,
    0x0c, 0xf2, 0x00, 0x00, 0x00, 0x00, 0x00, 0x00,
    0x00, 0x00, 0x00, 0x00, 0xef, 0x00, 0x00, 0x00,
    0x00, 0x00, 0x00, 0x00, 0x00, 0x00, 0x00, 0x1f,
    0xc0, 0x00, 0x00, 0x00, 0x00, 0x00, 0x5b, 0xbb,
    0xbb, 0xbb, 0xbc, 0xfe, 0xbb, 0xbb, 0xbb, 0xbb,
    0xba, 0x07, 0xff, 0xff, 0xff, 0xff, 0xff, 0xff,
    0xff, 0xff, 0xff, 0xff, 0xe0, 0x00, 0x00, 0x00,
    0x00, 0x0e, 0xf8, 0xf7, 0x00, 0x00, 0x00, 0x00,
    0x00, 0x00, 0x00, 0x00, 0x07, 0xf9, 0x0e, 0xf2,
    0x00, 0x00, 0x00, 0x00, 0x00, 0x00, 0x00, 0x02,
    0xff, 0x10, 0x5f, 0xc0, 0x00, 0x00, 0x00, 0x00,
    0x00, 0x00, 0x02, 0xef, 0x60, 0x00, 0x9f, 0xc1,
    0x00, 0x00, 0x00, 0x00, 0x00, 0x04, 0xef, 0x99,
    0x70, 0x00, 0xaf, 0xe4, 0x00, 0x00, 0x00, 0x00,
    0x3b, 0xff, 0x73, 0xcf, 0xc2, 0x00, 0x8f, 0xfa,
    0x30, 0x00, 0x27, 0xdf, 0xfb, 0x20, 0x00, 0x8f,
    0xf5, 0x00, 0x4d, 0xff, 0xd8, 0x03, 0xff, 0xa3,
    0x00, 0x00, 0x02, 0x4b, 0x20, 0x00, 0x05, 0xcf,
    0x60, 0x03, 0x00, 0x00, 0x00, 0x0a, 0xf6, 0x00,
    0x00, 0x00, 0x30, 0x10, 0x00, 0x04, 0xd3, 0x5f,
    0x60, 0x1c, 0xf6, 0x00, 0x00, 0x9f, 0x40, 0x00,
    0x00, 0x8f, 0x35, 0xf6, 0x00, 0x1d, 0xf6, 0x00,
    0x01, 0xfd, 0x00, 0x00, 0x0e, 0xe0, 0x5f, 0x60,
    0x00, 0x1e, 0xe1, 0x01, 0x08, 0xf5, 0x00, 0x04,
    0xf9, 0x05, 0xf6, 0x00, 0x00, 0x21, 0x00, 0xdb,
    0x1f, 0xd0, 0x00, 0xcf, 0x20, 0x5f, 0x60, 0x00,
    0x00, 0x00, 0x0f, 0xb0, 0xaf, 0x40, 0x4f, 0xb0,
    0x03, 0xfe, 0xaa, 0xaa, 0xaa, 0xac, 0xf7, 0x04,
    0xf9, 0x00, 0x42, 0x00, 0x08, 0xef, 0xff, 0xff,
    0xff, 0xfb, 0x00, 0x04, 0x00,

    /* U+6062 "恢" */
    0x00, 0x00, 0x00, 0x00, 0x00, 0x00, 0x00, 0x00,
    0x00, 0x00, 0x00, 0x00, 0x00, 0x0f, 0x90, 0x00,
    0x00, 0x2f, 0x80, 0x00, 0x00, 0x00, 0x00, 0x00,
    0x00, 0xf9, 0x00, 0x00, 0x04, 0xf6, 0x00, 0x00,
    0x00, 0x00, 0x00, 0x00, 0x0f, 0x90, 0x00, 0x00,
    0x6f, 0x40, 0x00, 0x00, 0x00, 0x00, 0x00, 0x00,
    0xf9, 0x30, 0x99, 0x9c, 0xfb, 0x99, 0x99, 0x99,
    0x99, 0x40, 0x08, 0x4f, 0xbf, 0x5e, 0xff, 0xff,
    0xff, 0xff, 0xff, 0xff, 0xf7, 0x00, 0xf7, 0xf9,
    0xcb, 0x00, 0x0d, 0xe0, 0x00, 0x11, 0x00, 0x00,
    0x00, 0x1f, 0x5f, 0x97, 0xf0, 0x00, 0xfb, 0x00,
    0x05, 0xf2, 0x00, 0x00, 0x04, 0xf3, 0xf9, 0x2f,
    0x40, 0x2f, 0x80, 0x00, 0x6f, 0x10, 0x00, 0x00,
    0x7f, 0x1f, 0x90, 0xa2, 0x06, 0xf4, 0x18, 0x17,
    0xf0, 0x05, 0x90, 0x0b, 0xc0, 0xf9, 0x00, 0x00,
    0xaf, 0x15, 0xf1, 0x9f, 0x00, 0xbd, 0x00, 0xc8,
    0x0f, 0x90, 0x00, 0x0e, 0xc0, 0x8e, 0x0a, 0xd0,
    0x0f, 0x80, 0x00, 0x00, 0xf9, 0x00, 0x03, 0xf7,
    0x0c, 0xa0, 0xcc, 0x04, 0xf4, 0x00, 0x00, 0x0f,
    0x90, 0x00, 0x9f, 0x21, 0xf5, 0x0f, 0x90, 0x9e,
    0x00, 0x00, 0x00, 0xf9, 0x00, 0x1f, 0xc0, 0x8f,
    0x03, 0xf9, 0x1f, 0x80, 0x00, 0x00, 0x0f, 0x90,
    0x08, 0xf5, 0x02, 0x50, 0x7f, 0xe0, 0x41, 0x00,
    0x00, 0x00, 0xf9, 0x02, 0xfd, 0x00, 0x00, 0x0d,
    0xff, 0x40, 0x00, 0x00, 0x00, 0x0f, 0x90, 0xdf,
    0x40, 0x00, 0x04, 0xf8, 0xdc, 0x00, 0x00, 0x00,
    0x00, 0xf9, 0x4f, 0x90, 0x00, 0x00, 0xdf, 0x16,
    0xf5, 0x00, 0x00, 0x00, 0x0f, 0x90, 0x30, 0x00,
    0x00, 0xbf, 0x70, 0x0d, 0xf2, 0x00, 0x00, 0x00,
    0xf9, 0x00, 0x00, 0x02, 0xcf, 0xb0, 0x00, 0x3f,
    0xe4, 0x00, 0x00, 0x0f, 0x90, 0x00, 0x09, 0xff,
    0xa0, 0x00, 0x00, 0x4f, 0xf7, 0x00, 0x00, 0xf9,
    0x00, 0x00, 0x6d, 0x50, 0x00, 0x00, 0x00, 0x2b,
    0x10, 0x00, 0x00, 0x00, 0x00, 0x00, 0x00, 0x00,
    0x00, 0x00, 0x00, 0x00,

    /* U+606F "息" */
    0x00, 0x00, 0x00, 0x00, 0x00, 0x34, 0x10, 0x00,
    0x00, 0x00, 0x00, 0x00, 0x00, 0x00, 0x00, 0x00,
    0x0d, 0xf4, 0x00, 0x00, 0x00, 0x00, 0x00, 0x00,
    0x00, 0x00, 0x00, 0x03, 0xfc, 0x00, 0x00, 0x00,
    0x00, 0x00, 0x00, 0x00, 0x1f, 0xff, 0xff, 0xff,
    0xff, 0xff, 0xff, 0xfa, 0x00, 0x00, 0x00, 0x02,
    0xfc, 0x77, 0x77, 0x77, 0x77, 0x77, 0x8f, 0xb0,
    0x00, 0x00, 0x00, 0x2f, 0x90, 0x00, 0x00, 0x00,
    0x00, 0x01, 0xfb, 0x00, 0x00, 0x00, 0x02, 0xfc,
    0x66, 0x66, 0x66, 0x66, 0x66, 0x7f, 0xb0, 0x00,
    0x00, 0x00, 0x2f, 0xff, 0xff, 0xff, 0xff, 0xff,
    0xff, 0xfb, 0x00, 0x00, 0x00, 0x02, 0xf9, 0x00,
    0x00, 0x00, 0x00, 0x00, 0x1f, 0xb0, 0x00, 0x00,
    0x00, 0x2f, 0xb4, 0x44, 0x44, 0x44, 0x44, 0x45,
    0xfb, 0x00, 0x00, 0x00, 0x02, 0xff, 0xff, 0xff,
    0xff, 0xff, 0xff, 0xff, 0xb0, 0x00, 0x00, 0x00,
    0x2f, 0xa1, 0x11, 0x11, 0x11, 0x11, 0x12, 0xfb,
    0x00, 0x00, 0x00, 0x02, 0xf9, 0x00, 0x00, 0x00,
    0x00, 0x00, 0x1f, 0xb0, 0x00, 0x00, 0x00, 0x2f,
    0xff, 0xff, 0xff, 0xff, 0xff, 0xff, 0xfb, 0x00,
    0x00, 0x00, 0x01, 0x77, 0x77, 0x78, 0xe8, 0x77,
    0x77, 0x77, 0x50, 0x00, 0x00, 0x00, 0x00, 0x00,
    0x00, 0x3f, 0xd2, 0x00, 0x00, 0x01, 0x20, 0x00,
    0x00, 0x7c, 0x17, 0xf5, 0x00, 0x3f, 0xe1, 0x00,
    0x01, 0xee, 0x10, 0x00, 0x0e, 0xe0, 0x7f, 0x50,
    0x00, 0x4f, 0xc0, 0x00, 0x06, 0xfb, 0x00, 0x07,
    0xf7, 0x07, 0xf5, 0x00, 0x00, 0x63, 0x00, 0xda,
    0x0b, 0xf5, 0x01, 0xee, 0x00, 0x7f, 0x50, 0x00,
    0x00, 0x00, 0x0f, 0xc0, 0x3f, 0xd0, 0x6f, 0x70,
    0x06, 0xfe, 0xaa, 0xaa, 0xaa, 0xad, 0xf8, 0x00,
    0x85, 0x00, 0x10, 0x00, 0x0a, 0xef, 0xff, 0xff,
    0xff, 0xfa, 0x00, 0x00, 0x00,

    /* U+60C5 "情" */
    0x00, 0x00, 0x00, 0x00, 0x00, 0x00, 0x00, 0x00,
    0x00, 0x00, 0x00, 0x00, 0x00, 0x9f, 0x10, 0x00,
    0x00, 0x00, 0x0f, 0xb0, 0x00, 0x00, 0x00, 0x00,
    0x09, 0xf1, 0x00, 0x44, 0x44, 0x45, 0xfd, 0x44,
    0x44, 0x44, 0x00, 0x00, 0x9f, 0x10, 0x3f, 0xff,
    0xff, 0xff, 0xff, 0xff, 0xff, 0xf1, 0x00, 0x09,
    0xf4, 0x60, 0x11, 0x11, 0x12, 0xfc, 0x11, 0x11,
    0x11, 0x00, 0x35, 0x9f, 0x7f, 0x13, 0x55, 0x55,
    0x6f, 0xd5, 0x55, 0x55, 0x20, 0x08, 0xd9, 0xf2,
    0xf7, 0x9f, 0xff, 0xff, 0xff, 0xff, 0xff, 0xf7,
    0x00, 0xab, 0x9f, 0x1a, 0xa0, 0x00, 0x00, 0x0f,
    0xb0, 0x00, 0x00, 0x00, 0x0d, 0xa9, 0xf1, 0x16,
    0x77, 0x77, 0x77, 0xfd, 0x77, 0x77, 0x77, 0x50,
    0xf7, 0x9f, 0x10, 0xef, 0xff, 0xff, 0xff, 0xff,
    0xff, 0xff, 0xfc, 0x3f, 0x49, 0xf1, 0x00, 0x00,
    0x00, 0x00, 0x00, 0x00, 0x00, 0x00, 0x06, 0xf1,
    0x9f, 0x10, 0x01, 0x77, 0x77, 0x77, 0x77, 0x77,
    0x76, 0x00, 0x02, 0x09, 0xf1, 0x00, 0x2f, 0xff,
    0xff, 0xff, 0xff, 0xff, 0xe0, 0x00, 0x00, 0x9f,
    0x10, 0x02, 0xf8, 0x00, 0x00, 0x00, 0x00, 0xde,
    0x00, 0x00, 0x09, 0xf1, 0x00, 0x2f, 0xb6, 0x66,
    0x66, 0x66, 0x6e, 0xe0, 0x00, 0x00, 0x9f, 0x10,
    0x02, 0xff, 0xff, 0xff, 0xff, 0xff, 0xfe, 0x00,
    0x00, 0x09, 0xf1, 0x00, 0x2f, 0x80, 0x00, 0x00,
    0x00, 0x0d, 0xe0, 0x00, 0x00, 0x9f, 0x10, 0x02,
    0xf9, 0x33, 0x33, 0x33, 0x33, 0xde, 0x00, 0x00,
    0x09, 0xf1, 0x00, 0x2f, 0xff, 0xff, 0xff, 0xff,
    0xff, 0xe0, 0x00, 0x00, 0x9f, 0x10, 0x02, 0xf9,
    0x22, 0x22, 0x22, 0x22, 0xde, 0x00, 0x00, 0x09,
    0xf1, 0x00, 0x2f, 0x80, 0x00, 0x00, 0x00, 0x0d,
    0xe0, 0x00, 0x00, 0x9f, 0x10, 0x02, 0xf8, 0x00,
    0x00, 0x06, 0x88, 0xfd, 0x00, 0x00, 0x09, 0xf1,
    0x00, 0x2f, 0x80, 0x00, 0x00, 0x8f, 0xfe, 0x60,
    0x00, 0x00, 0x00, 0x00, 0x00, 0x00, 0x00, 0x00,
    0x00, 0x00, 0x00, 0x00,

    /* U+611F "感" */
    0x00, 0x00, 0x00, 0x00, 0x00, 0x00, 0x00, 0x00,
    0x00, 0x00, 0x00, 0x00, 0x00, 0x00, 0x00, 0x00,
    0x00, 0x1f, 0x90, 0xbb, 0x30, 0x00, 0x00, 0x00,
    0x00, 0x00, 0x00, 0x00, 0x0f, 0xa0, 0x2c, 0xf7,
    0x00, 0x00, 0x79, 0x88, 0x88, 0x88, 0x88, 0x8f,
    0xd8, 0x88, 0xea, 0x86, 0x00, 0xdf, 0xff, 0xff,
    0xff, 0xff, 0xff, 0xff, 0xff, 0xff, 0xfb, 0x00,
    0xdd, 0x00, 0x00, 0x00, 0x00, 0x0b, 0xf0, 0x00,
    0x00, 0x00, 0x00, 0xdd, 0x16, 0x66, 0x66, 0x66,
    0x29, 0xf1, 0x00, 0x5b, 0x20, 0x00, 0xdd, 0x3e,
    0xee, 0xee, 0xee, 0x56, 0xf5, 0x00, 0xcf, 0x00,
    0x00, 0xec, 0x00, 0x00, 0x00, 0x00, 0x02, 0xf9,
    0x05, 0xf8, 0x00, 0x00, 0xfb, 0x0e, 0xff, 0xff,
    0xfe, 0x00, 0xed, 0x0e, 0xe0, 0x00, 0x01, 0xf9,
    0x0f, 0xb5, 0x55, 0xae, 0x00, 0x9f, 0xcf, 0x50,
    0x00, 0x04, 0xf6, 0x0f, 0x90, 0x00, 0x8e, 0x00,
    0x2f, 0xf9, 0x00, 0x43, 0x08, 0xf3, 0x0f, 0x91,
    0x11, 0x8e, 0x00, 0x7f, 0xf4, 0x00, 0x8e, 0x0e,
    0xe0, 0x0f, 0xff, 0xff, 0xfe, 0x0a, 0xfc, 0xfe,
    0x20, 0xbc, 0x6f, 0x80, 0x03, 0x44, 0x44, 0x44,
    0xcf, 0xa0, 0x5f, 0xfc, 0xf8, 0x6e, 0x10, 0x00,
    0x00, 0x01, 0x60, 0x26, 0x00, 0x04, 0xce, 0xb1,
    0x01, 0x00, 0x04, 0x71, 0x08, 0xf8, 0x00, 0x00,
    0x00, 0x30, 0x00, 0x00, 0x67, 0x0a, 0xf3, 0x00,
    0xaf, 0x60, 0x00, 0x06, 0xf8, 0x00, 0x00, 0xee,
    0x0a, 0xf3, 0x00, 0x0d, 0xf3, 0x00, 0x30, 0xdf,
    0x20, 0x07, 0xf7, 0x0a, 0xf3, 0x00, 0x02, 0xd4,
    0x02, 0xf7, 0x4f, 0xa0, 0x1e, 0xe0, 0x0a, 0xf3,
    0x00, 0x00, 0x00, 0x04, 0xf6, 0x0c, 0xf2, 0x8f,
    0x60, 0x08, 0xfb, 0x77, 0x77, 0x77, 0x7d, 0xf2,
    0x05, 0xc3, 0x04, 0x00, 0x01, 0xbe, 0xff, 0xff,
    0xff, 0xfe, 0x70, 0x00, 0x00,

    /* U+6210 "成" */
    0x00, 0x00, 0x00, 0x00, 0x00, 0x00, 0x01, 0x10,
    0x00, 0x00, 0x00, 0x00, 0x00, 0x00, 0x00, 0x00,
    0x00, 0x00, 0x0e, 0xe0, 0x5d, 0x50, 0x00, 0x00,
    0x00, 0x00, 0x00, 0x00, 0x00, 0x00, 0x0e, 0xe0,
    0x4d, 0xfb, 0x20, 0x00, 0x00, 0x00, 0x00, 0x00,
    0x00, 0x00, 0x0e, 0xf0, 0x00, 0x8f, 0xf3, 0x00,
    0x00, 0x00, 0x10, 0x00, 0x00, 0x00, 0x0d, 0xf0,
    0x00, 0x04, 0xb1, 0x00, 0x00, 0x0e, 0xff, 0xff,
    0xff, 0xff, 0xff, 0xff, 0xff, 0xff, 0xff, 0xd0,
    0x00, 0x0e, 0xfb, 0xbb, 0xbb, 0xbb, 0xbe, 0xfc,
    0xbb, 0xbb, 0xbb, 0x90, 0x00, 0x0e, 0xf0, 0x00,
    0x00, 0x00, 0x0a, 0xf3, 0x00, 0x00, 0x00, 0x00,
    0x00, 0x0e, 0xf0, 0x00, 0x00, 0x00, 0x08, 0xf4,
    0x00, 0x02, 0x20, 0x00, 0x00, 0x0e, 0xf0, 0x00,
    0x01, 0x00, 0x07, 0xf6, 0x00, 0x0b, 0xf3, 0x00,
    0x00, 0x0e, 0xff, 0xff, 0xff, 0xf0, 0x05, 0xf8,
    0x00, 0x2f, 0xd0, 0x00, 0x00, 0x0e, 0xfa, 0xaa,
    0xae, 0xf0, 0x02, 0xfa, 0x00, 0x8f, 0x70, 0x00,
    0x00, 0x0e, 0xe0, 0x00, 0x0c, 0xf0, 0x00, 0xfd,
    0x01, 0xff, 0x10, 0x00, 0x00, 0x0f, 0xe0, 0x00,
    0x0c, 0xf0, 0x00, 0xdf, 0x08, 0xf8, 0x00, 0x00,
    0x00, 0x0f, 0xd0, 0x00, 0x0d, 0xe0, 0x00, 0x9f,
    0x6f, 0xe1, 0x00, 0x00, 0x00, 0x1f, 0xc0, 0x00,
    0x0e, 0xd0, 0x00, 0x6f, 0xff, 0x60, 0x00, 0x00,
    0x00, 0x3f, 0xa0, 0x00, 0x0f, 0xc0, 0x00, 0x1f,
    0xfb, 0x00, 0x02, 0x00, 0x00, 0x5f, 0x81, 0x22,
    0x5f, 0xa0, 0x00, 0x6f, 0xf4, 0x00, 0x09, 0xb0,
    0x00, 0x9f, 0x43, 0xff, 0xff, 0x60, 0x05, 0xff,
    0xf9, 0x00, 0x0a, 0xe0, 0x00, 0xdf, 0x10, 0x77,
    0x74, 0x00, 0x7f, 0xf5, 0xef, 0x20, 0x0c, 0xc0,
    0x04, 0xfc, 0x00, 0x00, 0x00, 0x1b, 0xff, 0x40,
    0x6f, 0xd1, 0x1f, 0x90, 0x0c, 0xf6, 0x00, 0x00,
    0x04, 0xff, 0xd2, 0x00, 0x0b, 0xff, 0xef, 0x50,
    0x08, 0xd0, 0x00, 0x00, 0x00, 0xb9, 0x00, 0x00,
    0x00, 0x8e, 0xf9, 0x00, 0x00, 0x10, 0x00, 0x00,
    0x00, 0x00, 0x00, 0x00, 0x00, 0x00, 0x00, 0x00,

    /* U+6216 "或" */
    0x00, 0x00, 0x00, 0x00, 0x00, 0x00, 0xce, 0x10,
    0xa6, 0x00, 0x00, 0x00, 0x00, 0x00, 0x00, 0x00,
    0x00, 0xdf, 0x12, 0xcf, 0xd4, 0x00, 0x00, 0x00,
    0x00, 0x00, 0x00, 0x00, 0xcf, 0x10, 0x05, 0xef,
    0x60, 0x01, 0x11, 0x11, 0x11, 0x11, 0x11, 0xcf,
    0x31, 0x11, 0x2b, 0x20, 0x7f, 0xff, 0xff, 0xff,
    0xff, 0xff, 0xff, 0xff, 0xff, 0xff, 0xf5, 0x5a,
    0xaa, 0xaa, 0xaa, 0xaa, 0xaa, 0xef, 0xca, 0xaa,
    0xaa, 0xa3, 0x00, 0x00, 0x00, 0x00, 0x00, 0x00,
    0x9f, 0x50, 0x00, 0x00, 0x00, 0x00, 0x88, 0x88,
    0x88, 0x88, 0x00, 0x7f, 0x60, 0x00, 0x7b, 0x30,
    0x00, 0xff, 0xff, 0xff, 0xff, 0x10, 0x6f, 0x80,
    0x00, 0xdf, 0x10, 0x00, 0xfb, 0x00, 0x00, 0xaf,
    0x10, 0x3f, 0xa0, 0x04, 0xfb, 0x00, 0x00, 0xfb,
    0x00, 0x00, 0xaf, 0x10, 0x1f, 0xc0, 0x0b, 0xf4,
    0x00, 0x00, 0xfb, 0x00, 0x00, 0xaf, 0x10, 0x0f,
    0xf0, 0x3f, 0xd0, 0x00, 0x00, 0xfb, 0x00, 0x00,
    0xaf, 0x10, 0x0c, 0xf2, 0xbf, 0x40, 0x00, 0x00,
    0xfe, 0x99, 0x99, 0xdf, 0x10, 0x09, 0xfb, 0xfc,
    0x00, 0x00, 0x00, 0xff, 0xff, 0xff, 0xff, 0x10,
    0x05, 0xff, 0xf2, 0x00, 0x00, 0x00, 0x00, 0x00,
    0x00, 0x00, 0x00, 0x01, 0xff, 0x70, 0x00, 0x10,
    0x00, 0x00, 0x00, 0x00, 0x25, 0x80, 0x0a, 0xff,
    0x40, 0x00, 0xa8, 0x00, 0x02, 0x58, 0xbf, 0xff,
    0xf0, 0xaf, 0xff, 0xb0, 0x00, 0xbe, 0x5b, 0xef,
    0xff, 0xfd, 0x96, 0x3b, 0xfd, 0x2e, 0xf3, 0x00,
    0xdc, 0x6f, 0xeb, 0x74, 0x10, 0x03, 0xdf, 0xc1,
    0x06, 0xfd, 0x21, 0xf9, 0x12, 0x00, 0x00, 0x00,
    0x7f, 0xfa, 0x00, 0x00, 0xbf, 0xfe, 0xf4, 0x00,
    0x00, 0x00, 0x00, 0x0b, 0x50, 0x00, 0x00, 0x08,
    0xef, 0x90,

    /* U+624B "手" */
    0x00, 0x00, 0x00, 0x00, 0x00, 0x00, 0x00, 0x00,
    0x00, 0x00, 0x00, 0x00, 0x00, 0x00, 0x00, 0x00,
    0x00, 0x02, 0x47, 0xbf, 0xb0, 0x00, 0x00, 0x12,
    0x34, 0x67, 0x8a, 0xce, 0xff, 0xff, 0xfd, 0x92,
    0x00, 0x00, 0xff, 0xff, 0xff, 0xff, 0xff, 0xa8,
    0x63, 0x00, 0x00, 0x00, 0x00, 0x66, 0x65, 0x43,
    0x10, 0xef, 0x00, 0x00, 0x00, 0x00, 0x00, 0x00,
    0x00, 0x00, 0x00, 0x00, 0xef, 0x00, 0x00, 0x00,
    0x00, 0x00, 0x00, 0x00, 0x00, 0x00, 0x00, 0xef,
    0x00, 0x00, 0x00, 0x00, 0x00, 0x00, 0x22, 0x22,
    0x22, 0x22, 0xef, 0x22, 0x22, 0x22, 0x22, 0x10,
    0x03, 0xff, 0xff, 0xff, 0xff, 0xff, 0xff, 0xff,
    0xff, 0xff, 0x80, 0x01, 0x99, 0x99, 0x99, 0x99,
    0xff, 0x99, 0x99, 0x99, 0x99, 0x40, 0x00, 0x00,
    0x00, 0x00, 0x00, 0xef, 0x00, 0x00, 0x00, 0x00,
    0x00, 0x00, 0x00, 0x00, 0x00, 0x00, 0xef, 0x00,
    0x00, 0x00, 0x00, 0x00, 0x00, 0x00, 0x00, 0x00,
    0x00, 0xef, 0x00, 0x00, 0x00, 0x00, 0x00, 0x9b,
    0xbb, 0xbb, 0xbb, 0xbb, 0xff, 0xbb, 0xbb, 0xbb,
    0xbb, 0xba, 0xcf, 0xff, 0xff, 0xff, 0xff, 0xff,
    0xff, 0xff, 0xff, 0xff, 0xfe, 0x00, 0x00, 0x00,
    0x00, 0x00, 0xef, 0x00, 0x00, 0x00, 0x00, 0x00,
    0x00, 0x00, 0x00, 0x00, 0x00, 0xef, 0x00, 0x00,
    0x00, 0x00, 0x00, 0x00, 0x00, 0x00, 0x00, 0x00,
    0xef, 0x00, 0x00, 0x00, 0x00, 0x00, 0x00, 0x00,
    0x00, 0x00, 0x00, 0xef, 0x00, 0x00, 0x00, 0x00,
    0x00, 0x00, 0x00, 0x00, 0x00, 0x00, 0xef, 0x00,
    0x00, 0x00, 0x00, 0x00, 0x00, 0x00, 0x00, 0x00,
    0x00, 0xef, 0x00, 0x00, 0x00, 0x00, 0x00, 0x00,
    0x00, 0x0a, 0xbb, 0xbc, 0xfd, 0x00, 0x00, 0x00,
    0x00, 0x00, 0x00, 0x00, 0x08, 0xff, 0xfe, 0xc3,
    0x00, 0x00, 0x00, 0x00, 0x00, 0x00, 0x00, 0x00,
    0x00, 0x00, 0x00, 0x00, 0x00, 0x00, 0x00, 0x00,

    /* U+6253 "打" */
    0x00, 0x01, 0xfa, 0x00, 0x00, 0x00, 0x00, 0x00,
    0x00, 0x00, 0x00, 0x00, 0x00, 0x1f, 0xb0, 0x00,
    0x00, 0x00, 0x00, 0x00, 0x00, 0x00, 0x00, 0x00,
    0x01, 0xfb, 0x00, 0x0c, 0xee, 0xee, 0xee, 0xee,
    0xee, 0xee, 0x30, 0x00, 0x1f, 0xb0, 0x00, 0xbe,
    0xee, 0xee, 0xef, 0xfe, 0xee, 0xe2, 0x11, 0x12,
    0xfb, 0x11, 0x10, 0x00, 0x00, 0x00, 0xff, 0x00,
    0x00, 0x0b, 0xff, 0xff, 0xff, 0xff, 0x00, 0x00,
    0x00, 0x0f, 0xf0, 0x00, 0x00, 0x7a, 0xaa, 0xfe,
    0xaa, 0xa0, 0x00, 0x00, 0x00, 0xff, 0x00, 0x00,
    0x00, 0x00, 0x1f, 0xb0, 0x00, 0x00, 0x00, 0x00,
    0x0f, 0xf0, 0x00, 0x00, 0x00, 0x01, 0xfb, 0x00,
    0x00, 0x00, 0x00, 0x00, 0xff, 0x00, 0x00, 0x00,
    0x00, 0x1f, 0xb0, 0x00, 0x00, 0x00, 0x00, 0x0f,
    0xf0, 0x00, 0x00, 0x00, 0x01, 0xfb, 0x03, 0x81,
    0x00, 0x00, 0x00, 0xff, 0x00, 0x00, 0x00, 0x00,
    0x2f, 0xef, 0xff, 0x30, 0x00, 0x00, 0x0f, 0xf0,
    0x00, 0x00, 0x49, 0xdf, 0xff, 0xd9, 0x40, 0x00,
    0x00, 0x00, 0xff, 0x00, 0x00, 0x0b, 0xff, 0xcf,
    0xb0, 0x00, 0x00, 0x00, 0x00, 0x0f, 0xf0, 0x00,
    0x00, 0x45, 0x11, 0xfb, 0x00, 0x00, 0x00, 0x00,
    0x00, 0xff, 0x00, 0x00, 0x00, 0x00, 0x1f, 0xb0,
    0x00, 0x00, 0x00, 0x00, 0x0f, 0xf0, 0x00, 0x00,
    0x00, 0x01, 0xfb, 0x00, 0x00, 0x00, 0x00, 0x00,
    0xff, 0x00, 0x00, 0x00, 0x00, 0x1f, 0xb0, 0x00,
    0x00, 0x00, 0x00, 0x0f, 0xf0, 0x00, 0x00, 0x00,
    0x01, 0xfb, 0x00, 0x00, 0x00, 0x00, 0x00, 0xff,
    0x00, 0x00, 0x00, 0x00, 0x1f, 0xb0, 0x00, 0x00,
    0x00, 0x00, 0x0f, 0xe0, 0x00, 0x00, 0x0a, 0xbc,
    0xf9, 0x00, 0x00, 0x06, 0xdc, 0xcd, 0xfd, 0x00,
    0x00, 0x00, 0x9f, 0xfc, 0x20, 0x00, 0x00, 0x1f,
    0xff, 0xfd, 0x40, 0x00, 0x00, 0x00, 0x00, 0x00,
    0x00, 0x00, 0x00, 0x11, 0x10, 0x00, 0x00, 0x00,
    0x00,

    /* U+6269 "扩" */
    0x00, 0x00, 0xcd, 0x00, 0x00, 0x00, 0x00, 0x18,
    0x60, 0x00, 0x00, 0x00, 0x00, 0x0d, 0xe0, 0x00,
    0x00, 0x00, 0x00, 0xee, 0x10, 0x00, 0x00, 0x00,
    0x00, 0xde, 0x00, 0x00, 0x00, 0x00, 0x06, 0xf8,
    0x00, 0x00, 0x00, 0x00, 0x0d, 0xe0, 0x00, 0x04,
    0x54, 0x44, 0x5f, 0xc4, 0x44, 0x44, 0x01, 0x11,
    0xdf, 0x11, 0x00, 0xef, 0xff, 0xff, 0xff, 0xff,
    0xff, 0xe0, 0xbf, 0xff, 0xff, 0xf8, 0x0e, 0xf7,
    0x77, 0x77, 0x77, 0x77, 0x76, 0x06, 0x99, 0xff,
    0x99, 0x50, 0xee, 0x00, 0x00, 0x00, 0x00, 0x00,
    0x00, 0x00, 0x0d, 0xe0, 0x00, 0x0e, 0xe0, 0x00,
    0x00, 0x00, 0x00, 0x00, 0x00, 0x00, 0xde, 0x00,
    0x00, 0xee, 0x00, 0x00, 0x00, 0x00, 0x00, 0x00,
    0x00, 0x0d, 0xe0, 0x00, 0x0e, 0xe0, 0x00, 0x00,
    0x00, 0x00, 0x00, 0x00, 0x00, 0xde, 0x02, 0x20,
    0xee, 0x00, 0x00, 0x00, 0x00, 0x00, 0x00, 0x00,
    0x0d, 0xfd, 0xf8, 0x0e, 0xe0, 0x00, 0x00, 0x00,
    0x00, 0x00, 0x06, 0xae, 0xff, 0xfa, 0x30, 0xfd,
    0x00, 0x00, 0x00, 0x00, 0x00, 0x00, 0xdf, 0xef,
    0xf0, 0x00, 0x0f, 0xb0, 0x00, 0x00, 0x00, 0x00,
    0x00, 0x05, 0x30, 0xde, 0x00, 0x03, 0xf9, 0x00,
    0x00, 0x00, 0x00, 0x00, 0x00, 0x00, 0x0d, 0xe0,
    0x00, 0x5f, 0x70, 0x00, 0x00, 0x00, 0x00, 0x00,
    0x00, 0x00, 0xde, 0x00, 0x09, 0xf4, 0x00, 0x00,
    0x00, 0x00, 0x00, 0x00, 0x00, 0x0d, 0xe0, 0x00,
    0xef, 0x00, 0x00, 0x00, 0x00, 0x00, 0x00, 0x00,
    0x00, 0xde, 0x00, 0x4f, 0xb0, 0x00, 0x00, 0x00,
    0x00, 0x00, 0x00, 0x00, 0x0d, 0xe0, 0x0b, 0xf4,
    0x00, 0x00, 0x00, 0x00, 0x00, 0x00, 0x04, 0xbb,
    0xfd, 0x05, 0xfc, 0x00, 0x00, 0x00, 0x00, 0x00,
    0x00, 0x00, 0x1f, 0xfd, 0x40, 0x4e, 0x30, 0x00,
    0x00, 0x00, 0x00, 0x00, 0x00, 0x00, 0x00, 0x00,
    0x00, 0x00, 0x00, 0x00, 0x00, 0x00, 0x00, 0x00,
    0x00,

    /* U+6270 "扰" */
    0x00, 0x00, 0x12, 0x00, 0x00, 0x00, 0x02, 0x40,
    0x00, 0x00, 0x00, 0x00, 0x00, 0x00, 0xbf, 0x10,
    0x00, 0x00, 0x09, 0xf2, 0x03, 0x90, 0x00, 0x00,
    0x00, 0x00, 0xbf, 0x10, 0x00, 0x00, 0x0a, 0xf2,
    0x06, 0xfb, 0x00, 0x00, 0x00, 0x00, 0xbf, 0x10,
    0x00, 0x00, 0x0a, 0xf2, 0x00, 0x7f, 0xa0, 0x00,
    0x00, 0x00, 0xbf, 0x10, 0x00, 0x00, 0x0a, 0xf1,
    0x00, 0x09, 0xf6, 0x00, 0x08, 0x88, 0xdf, 0x88,
    0x70, 0x00, 0x0b, 0xf1, 0x00, 0x00, 0x80, 0x00,
    0x0f, 0xff, 0xff, 0xff, 0xd5, 0xaa, 0xae, 0xfa,
    0xaa, 0xaa, 0xaa, 0x80, 0x02, 0x33, 0xcf, 0x43,
    0x28, 0xff, 0xff, 0xff, 0xff, 0xff, 0xff, 0xc0,
    0x00, 0x00, 0xbf, 0x10, 0x00, 0x00, 0x0e, 0xe0,
    0x00, 0x00, 0x00, 0x00, 0x00, 0x00, 0xbf, 0x10,
    0x00, 0x00, 0x0f, 0xc1, 0x20, 0x00, 0x00, 0x00,
    0x00, 0x00, 0xbf, 0x10, 0x00, 0x00, 0x1f, 0xa7,
    0xf4, 0x00, 0x00, 0x00, 0x00, 0x00, 0xbf, 0x69,
    0xe4, 0x00, 0x4f, 0x87, 0xf4, 0x00, 0x00, 0x00,
    0x00, 0x37, 0xef, 0xff, 0xd3, 0x00, 0x7f, 0x57,
    0xf4, 0x00, 0x00, 0x00, 0x1f, 0xff, 0xff, 0x71,
    0x00, 0x00, 0xbf, 0x17, 0xf4, 0x00, 0x00, 0x00,
    0x0c, 0x95, 0xbf, 0x10, 0x00, 0x00, 0xfe, 0x07,
    0xf4, 0x00, 0x00, 0x00, 0x00, 0x00, 0xbf, 0x10,
    0x00, 0x04, 0xf9, 0x07, 0xf4, 0x00, 0x00, 0x00,
    0x00, 0x00, 0xbf, 0x10, 0x00, 0x0b, 0xf3, 0x07,
    0xf4, 0x00, 0x01, 0x00, 0x00, 0x00, 0xbf, 0x10,
    0x00, 0x2f, 0xd0, 0x07, 0xf4, 0x00, 0x07, 0xd1,
    0x00, 0x00, 0xbf, 0x10, 0x00, 0xbf, 0x50, 0x07,
    0xf4, 0x00, 0x08, 0xf1, 0x00, 0x00, 0xbf, 0x10,
    0x06, 0xfc, 0x00, 0x07, 0xf4, 0x00, 0x0a, 0xf0,
    0x00, 0x00, 0xbf, 0x10, 0x5f, 0xf2, 0x00, 0x06,
    0xfd, 0xbb, 0xbf, 0xc0, 0x05, 0xaa, 0xef, 0x02,
    0xff, 0x50, 0x00, 0x01, 0xcf, 0xff, 0xfe, 0x30,
    0x03, 0xff, 0xd6, 0x00, 0x55, 0x00, 0x00, 0x00,
    0x00, 0x00, 0x00, 0x00,

    /* U+62AC "抬" */
    0x00, 0x00, 0xea, 0x00, 0x00, 0x00, 0x01, 0xd8,
    0x00, 0x00, 0x00, 0x00, 0x00, 0x00, 0xfb, 0x00,
    0x00, 0x00, 0x08, 0xf7, 0x00, 0x00, 0x00, 0x00,
    0x00, 0x00, 0xfb, 0x00, 0x00, 0x00, 0x1f, 0xe0,
    0x00, 0x00, 0x00, 0x00, 0x00, 0x00, 0xfb, 0x00,
    0x00, 0x00, 0x9f, 0x60, 0x00, 0x50, 0x00, 0x00,
    0x01, 0x12, 0xfb, 0x11, 0x00, 0x02, 0xfd, 0x00,
    0x08, 0xf7, 0x00, 0x00, 0x0f, 0xff, 0xff, 0xff,
    0x70, 0x0b, 0xf4, 0x00, 0x00, 0xbf, 0x40, 0x00,
    0x09, 0x99, 0xfe, 0x99, 0x40, 0x5f, 0xa0, 0x00,
    0x00, 0x1e, 0xe1, 0x00, 0x00, 0x00, 0xfb, 0x00,
    0x02, 0xfe, 0x33, 0x45, 0x67, 0x8c, 0xfb, 0x00,
    0x00, 0x00, 0xfb, 0x00, 0x1d, 0xff, 0xff, 0xff,
    0xff, 0xff, 0xff, 0x50, 0x00, 0x00, 0xfb, 0x00,
    0x1f, 0xdb, 0xa8, 0x75, 0x43, 0x10, 0x1f, 0xd0,
    0x00, 0x00, 0xfb, 0x38, 0x41, 0x00, 0x00, 0x00,
    0x00, 0x00, 0x06, 0x40, 0x00, 0x04, 0xff, 0xff,
    0x80, 0x00, 0x00, 0x00, 0x00, 0x00, 0x00, 0x00,
    0x1a, 0xff, 0xff, 0x83, 0x00, 0xbf, 0xff, 0xff,
    0xff, 0xff, 0xf1, 0x00, 0x0f, 0xd9, 0xfb, 0x00,
    0x00, 0xcf, 0xaa, 0xaa, 0xaa, 0xae, 0xf1, 0x00,
    0x02, 0x00, 0xfb, 0x00, 0x00, 0xcf, 0x00, 0x00,
    0x00, 0x0b, 0xf1, 0x00, 0x00, 0x00, 0xfb, 0x00,
    0x00, 0xcf, 0x00, 0x00, 0x00, 0x0b, 0xf1, 0x00,
    0x00, 0x00, 0xfb, 0x00, 0x00, 0xcf, 0x00, 0x00,
    0x00, 0x0b, 0xf1, 0x00, 0x00, 0x00, 0xfb, 0x00,
    0x00, 0xcf, 0x00, 0x00, 0x00, 0x0b, 0xf1, 0x00,
    0x00, 0x00, 0xfb, 0x00, 0x00, 0xcf, 0x00, 0x00,
    0x00, 0x0b, 0xf1, 0x00, 0x00, 0x00, 0xfb, 0x00,
    0x00, 0xcf, 0xaa, 0xaa, 0xaa, 0xae, 0xf1, 0x00,
    0x06, 0xbc, 0xfa, 0x00, 0x00, 0xcf, 0xff, 0xff,
    0xff, 0xff, 0xf1, 0x00, 0x04, 0xff, 0xc2, 0x00,
    0x00, 0xcf, 0x00, 0x00, 0x00, 0x0b, 0xf1, 0x00,

    /* U+62E9 "择" */
    0x00, 0x00, 0x45, 0x00, 0x00, 0x00, 0x00, 0x00,
    0x00, 0x00, 0x00, 0x00, 0x00, 0x00, 0xcf, 0x00,
    0x00, 0x00, 0x00, 0x00, 0x00, 0x00, 0x00, 0x00,
    0x00, 0x00, 0xcf, 0x00, 0x07, 0xff, 0xff, 0xff,
    0xff, 0xff, 0xf8, 0x00, 0x00, 0x00, 0xcf, 0x00,
    0x05, 0xbf, 0xfb, 0xbb, 0xbb, 0xbf, 0xf5, 0x00,
    0x00, 0x00, 0xcf, 0x00, 0x00, 0x06, 0xf6, 0x00,
    0x00, 0x5f, 0xb0, 0x00, 0x08, 0x99, 0xef, 0x99,
    0x70, 0x00, 0xbf, 0x40, 0x04, 0xfe, 0x10, 0x00,
    0x0e, 0xff, 0xff, 0xff, 0xd0, 0x00, 0x1d, 0xf5,
    0x6f, 0xe2, 0x00, 0x00, 0x01, 0x22, 0xcf, 0x22,
    0x10, 0x00, 0x01, 0xdf, 0xfd, 0x10, 0x00, 0x00,
    0x00, 0x00, 0xcf, 0x00, 0x00, 0x00, 0x07, 0xff,
    0xfe, 0x50, 0x00, 0x00, 0x00, 0x00, 0xcf, 0x00,
    0x00, 0x28, 0xef, 0xd4, 0x6f, 0xfd, 0x71, 0x00,
    0x00, 0x00, 0xcf, 0x00, 0x2d, 0xff, 0xd5, 0x00,
    0x01, 0x9f, 0xff, 0xd2, 0x00, 0x00, 0xcf, 0x27,
    0x7b, 0x93, 0x00, 0x1c, 0x90, 0x01, 0x6c, 0x90,
    0x00, 0x03, 0xdf, 0xff, 0xb0, 0x00, 0x00, 0x1f,
    0xb0, 0x00, 0x00, 0x00, 0x0a, 0xef, 0xff, 0xa4,
    0x00, 0xab, 0xbb, 0xbf, 0xeb, 0xbb, 0xb3, 0x00,
    0x0e, 0xe9, 0xdf, 0x00, 0x00, 0xef, 0xff, 0xff,
    0xff, 0xff, 0xf4, 0x00, 0x02, 0x00, 0xcf, 0x00,
    0x00, 0x00, 0x00, 0x1f, 0xb0, 0x00, 0x00, 0x00,
    0x00, 0x00, 0xcf, 0x00, 0x00, 0x00, 0x00, 0x1f,
    0xb0, 0x00, 0x00, 0x00, 0x00, 0x00, 0xcf, 0x00,
    0x1a, 0xaa, 0xaa, 0xbf, 0xea, 0xaa, 0xaa, 0xa0,
    0x00, 0x00, 0xcf, 0x00, 0x2f, 0xff, 0xff, 0xff,
    0xff, 0xff, 0xff, 0xf0, 0x00, 0x00, 0xcf, 0x00,
    0x00, 0x00, 0x00, 0x1f, 0xb0, 0x00, 0x00, 0x00,
    0x00, 0x00, 0xcf, 0x00, 0x00, 0x00, 0x00, 0x1f,
    0xb0, 0x00, 0x00, 0x00, 0x02, 0xbb, 0xff, 0x00,
    0x00, 0x00, 0x00, 0x1f, 0xb0, 0x00, 0x00, 0x00,
    0x00, 0xff, 0xd6, 0x00, 0x00, 0x00, 0x00, 0x1f,
    0xb0, 0x00, 0x00, 0x00,

    /* U+6301 "持" */
    0x00, 0x00, 0x00, 0x00, 0x00, 0x00, 0x00, 0x00,
    0x00, 0x00, 0x00, 0x00, 0x00, 0x00, 0xdb, 0x00,
    0x00, 0x00, 0x00, 0x0f, 0xb0, 0x00, 0x00, 0x00,
    0x00, 0x00, 0xec, 0x00, 0x00, 0x00, 0x00, 0x0f,
    0xb0, 0x00, 0x00, 0x00, 0x00, 0x00, 0xec, 0x00,
    0x00, 0x00, 0x00, 0x0f, 0xb0, 0x00, 0x00, 0x00,
    0x00, 0x00, 0xec, 0x00, 0x01, 0xee, 0xee, 0xef,
    0xfe, 0xee, 0xec, 0x00, 0x01, 0x11, 0xfc, 0x11,
    0x01, 0xdd, 0xdd, 0xdf, 0xfd, 0xdd, 0xdb, 0x00,
    0x0f, 0xff, 0xff, 0xff, 0x40, 0x00, 0x00, 0x0f,
    0xb0, 0x00, 0x00, 0x00, 0x09, 0x99, 0xfe, 0x99,
    0x20, 0x00, 0x00, 0x0f, 0xb0, 0x00, 0x00, 0x00,
    0x00, 0x00, 0xec, 0x00, 0x13, 0x33, 0x33, 0x3f,
    0xc3, 0x33, 0x33, 0x30, 0x00, 0x00, 0xec, 0x00,
    0x5f, 0xff, 0xff, 0xff, 0xff, 0xff, 0xff, 0xf0,
    0x00, 0x00, 0xec, 0x00, 0x25, 0x55, 0x55, 0x55,
    0x55, 0xef, 0x55, 0x50, 0x00, 0x00, 0xec, 0x27,
    0x10, 0x00, 0x00, 0x00, 0x00, 0xde, 0x00, 0x00,
    0x00, 0x03, 0xff, 0xff, 0x40, 0x00, 0x00, 0x00,
    0x00, 0xde, 0x00, 0x00, 0x2a, 0xef, 0xff, 0x94,
    0x1f, 0xff, 0xff, 0xff, 0xff, 0xff, 0xff, 0xe0,
    0x1f, 0xe9, 0xfc, 0x00, 0x0a, 0xaa, 0xaa, 0xaa,
    0xaa, 0xff, 0xaa, 0x90, 0x03, 0x00, 0xec, 0x00,
    0x00, 0x05, 0x40, 0x00, 0x00, 0xde, 0x00, 0x00,
    0x00, 0x00, 0xec, 0x00, 0x00, 0x1e, 0xe1, 0x00,
    0x00, 0xde, 0x00, 0x00, 0x00, 0x00, 0xec, 0x00,
    0x00, 0x04, 0xfb, 0x00, 0x00, 0xde, 0x00, 0x00,
    0x00, 0x00, 0xec, 0x00, 0x00, 0x00, 0xaf, 0x50,
    0x00, 0xde, 0x00, 0x00, 0x00, 0x00, 0xec, 0x00,
    0x00, 0x00, 0x2f, 0xa0, 0x00, 0xde, 0x00, 0x00,
    0x00, 0x00, 0xec, 0x00, 0x00, 0x00, 0x03, 0x00,
    0x00, 0xde, 0x00, 0x00, 0x04, 0xbb, 0xfb, 0x00,
    0x00, 0x00, 0x00, 0x1b, 0xbb, 0xfd, 0x00, 0x00,
    0x02, 0xff, 0xc3, 0x00, 0x00, 0x00, 0x00, 0x0d,
    0xff, 0xd5, 0x00, 0x00, 0x00, 0x00, 0x00, 0x00,
    0x00, 0x00, 0x00, 0x00, 0x00, 0x00, 0x00, 0x00,

    /* U+6307 "指" */
    0x00, 0x00, 0x00, 0x00, 0x00, 0x00, 0x00, 0x00,
    0x00, 0x00, 0x00, 0x00, 0x00, 0x0a, 0xf1, 0x00,
    0x0b, 0xf1, 0x00, 0x00, 0x00, 0x00, 0x00, 0x00,
    0x00, 0xaf, 0x10, 0x00, 0xbf, 0x10, 0x00, 0x00,
    0x06, 0x20, 0x00, 0x00, 0x0a, 0xf1, 0x00, 0x0b,
    0xf1, 0x00, 0x26, 0xbf, 0xfe, 0x10, 0x00, 0x00,
    0xaf, 0x10, 0x00, 0xbf, 0x7a, 0xef, 0xff, 0xb6,
    0x10, 0x00, 0x11, 0x1b, 0xf2, 0x11, 0x0b, 0xff,
    0xeb, 0x73, 0x00, 0x00, 0x00, 0x0f, 0xff, 0xff,
    0xff, 0xf0, 0xbf, 0x30, 0x00, 0x00, 0x00, 0x0b,
    0x70, 0x99, 0x9e, 0xfa, 0x99, 0x0b, 0xf1, 0x00,
    0x00, 0x00, 0x00, 0xfc, 0x00, 0x00, 0xaf, 0x10,
    0x00, 0xaf, 0x50, 0x00, 0x00, 0x00, 0x5f, 0x90,
    0x00, 0x0a, 0xf1, 0x00, 0x06, 0xff, 0xff, 0xff,
    0xff, 0xff, 0xf3, 0x00, 0x00, 0xaf, 0x10, 0x00,
    0x04, 0x89, 0x99, 0x99, 0x99, 0x83, 0x00, 0x00,
    0x0a, 0xf1, 0x38, 0x00, 0x00, 0x00, 0x00, 0x00,
    0x00, 0x00, 0x00, 0x01, 0xcf, 0xff, 0xf2, 0x69,
    0x99, 0x99, 0x99, 0x99, 0x97, 0x01, 0x8c, 0xff,
    0xfc, 0x72, 0x0b, 0xff, 0xff, 0xff, 0xff, 0xff,
    0xc0, 0x1f, 0xfb, 0xdf, 0x10, 0x00, 0xbf, 0x00,
    0x00, 0x00, 0x00, 0xfc, 0x00, 0x40, 0x0a, 0xf1,
    0x00, 0x0b, 0xf0, 0x00, 0x00, 0x00, 0x0f, 0xc0,
    0x00, 0x00, 0xaf, 0x10, 0x00, 0xbf, 0x88, 0x88,
    0x88, 0x88, 0xfc, 0x00, 0x00, 0x0a, 0xf1, 0x00,
    0x0b, 0xff, 0xff, 0xff, 0xff, 0xff, 0xc0, 0x00,
    0x00, 0xaf, 0x10, 0x00, 0xbf, 0x00, 0x00, 0x00,
    0x00, 0xfc, 0x00, 0x00, 0x0a, 0xf1, 0x00, 0x0b,
    0xf0, 0x00, 0x00, 0x00, 0x0f, 0xc0, 0x00, 0x00,
    0xaf, 0x10, 0x00, 0xbf, 0x88, 0x88, 0x88, 0x88,
    0xfc, 0x00, 0x4a, 0xae, 0xf0, 0x00, 0x0b, 0xff,
    0xff, 0xff, 0xff, 0xff, 0xc0, 0x01, 0xff, 0xe7,
    0x00, 0x00, 0xbf, 0x00, 0x00, 0x00, 0x00, 0xfc,
    0x00, 0x00, 0x00, 0x00, 0x00, 0x00, 0x00, 0x00,
    0x00, 0x00, 0x00, 0x00,

    /* U+6309 "按" */
    0x00, 0x00, 0x00, 0x00, 0x00, 0x00, 0x00, 0x00,
    0x00, 0x00, 0x00, 0x00, 0x00, 0x00, 0xbe, 0x00,
    0x00, 0x00, 0x00, 0x8f, 0x30, 0x00, 0x00, 0x00,
    0x00, 0x00, 0xcf, 0x00, 0x00, 0x00, 0x00, 0x5f,
    0x90, 0x00, 0x00, 0x00, 0x00, 0x00, 0xcf, 0x00,
    0x00, 0x00, 0x00, 0x1f, 0xe0, 0x00, 0x00, 0x00,
    0x00, 0x00, 0xcf, 0x00, 0x0b, 0xee, 0xee, 0xef,
    0xfe, 0xee, 0xee, 0x90, 0x02, 0x22, 0xcf, 0x22,
    0x1d, 0xfb, 0xbb, 0xbb, 0xbb, 0xbb, 0xbf, 0xa0,
    0x0f, 0xff, 0xff, 0xff, 0x9d, 0xe0, 0x00, 0x31,
    0x00, 0x00, 0x0f, 0xa0, 0x09, 0x99, 0xef, 0x99,
    0x5d, 0xe0, 0x02, 0xfb, 0x00, 0x00, 0x0f, 0xa0,
    0x00, 0x00, 0xcf, 0x00, 0x07, 0x80, 0x08, 0xf6,
    0x00, 0x00, 0x09, 0x60, 0x00, 0x00, 0xcf, 0x00,
    0x00, 0x00, 0x0e, 0xf1, 0x00, 0x00, 0x00, 0x00,
    0x00, 0x00, 0xcf, 0x00, 0x5b, 0xbb, 0xcf, 0xfb,
    0xbb, 0xbb, 0xbb, 0xb0, 0x00, 0x00, 0xcf, 0x00,
    0x7e, 0xee, 0xff, 0xee, 0xee, 0xff, 0xfe, 0xe0,
    0x00, 0x00, 0xcf, 0x5a, 0xc0, 0x02, 0xfc, 0x00,
    0x00, 0xaf, 0x50, 0x00, 0x00, 0x26, 0xef, 0xff,
    0xc0, 0x0a, 0xf5, 0x00, 0x00, 0xdf, 0x10, 0x00,
    0x2d, 0xff, 0xff, 0x61, 0x00, 0x2f, 0xd0, 0x00,
    0x03, 0xfc, 0x00, 0x00, 0x0f, 0xb6, 0xcf, 0x00,
    0x00, 0xbf, 0xb0, 0x00, 0x09, 0xf6, 0x00, 0x00,
    0x00, 0x00, 0xcf, 0x00, 0x00, 0x5c, 0xfe, 0x70,
    0x3f, 0xe0, 0x00, 0x00, 0x00, 0x00, 0xcf, 0x00,
    0x00, 0x00, 0x5d, 0xfe, 0xdf, 0x40, 0x00, 0x00,
    0x00, 0x00, 0xcf, 0x00, 0x00, 0x00, 0x00, 0x8f,
    0xfe, 0x30, 0x00, 0x00, 0x00, 0x00, 0xcf, 0x00,
    0x00, 0x00, 0x05, 0xef, 0xdf, 0xf9, 0x10, 0x00,
    0x00, 0x00, 0xcf, 0x00, 0x00, 0x16, 0xdf, 0xf6,
    0x03, 0xdf, 0xe5, 0x00, 0x04, 0x9a, 0xfe, 0x00,
    0x2c, 0xff, 0xf9, 0x10, 0x00, 0x08, 0xff, 0x80,
    0x02, 0xff, 0xd6, 0x00, 0x0c, 0xb6, 0x10, 0x00,
    0x00, 0x00, 0x3d, 0x20, 0x00, 0x00, 0x00, 0x00,
    0x00, 0x00, 0x00, 0x00, 0x00, 0x00, 0x00, 0x00,

    /* U+632F "振" */
    0x00, 0x00, 0x22, 0x00, 0x00, 0x00, 0x00, 0x00,
    0x00, 0x00, 0x00, 0x00, 0x00, 0x00, 0xfd, 0x00,
    0x00, 0x00, 0x00, 0x00, 0x00, 0x00, 0x00, 0x00,
    0x00, 0x00, 0xfd, 0x00, 0x04, 0xff, 0xff, 0xff,
    0xff, 0xff, 0xff, 0x60, 0x00, 0x00, 0xfd, 0x00,
    0x04, 0xfd, 0xaa, 0xaa, 0xaa, 0xaa, 0xaa, 0x40,
    0x00, 0x00, 0xfd, 0x00, 0x04, 0xf7, 0x00, 0x00,
    0x00, 0x00, 0x00, 0x00, 0x03, 0x55, 0xfe, 0x55,
    0x14, 0xf7, 0x00, 0x00, 0x00, 0x00, 0x00, 0x00,
    0x0b, 0xff, 0xff, 0xff, 0x34, 0xf7, 0x3f, 0xff,
    0xff, 0xff, 0xfe, 0x00, 0x04, 0x66, 0xfe, 0x66,
    0x14, 0xf7, 0x19, 0x99, 0x99, 0x99, 0x98, 0x00,
    0x00, 0x00, 0xfd, 0x00, 0x04, 0xf7, 0x00, 0x00,
    0x00, 0x00, 0x00, 0x00, 0x00, 0x00, 0xfd, 0x00,
    0x04, 0xf7, 0x00, 0x00, 0x00, 0x00, 0x00, 0x00,
    0x00, 0x00, 0xfd, 0x00, 0x04, 0xff, 0xee, 0xee,
    0xee, 0xee, 0xee, 0xb0, 0x00, 0x00, 0xfd, 0x03,
    0x24, 0xfd, 0xae, 0xfa, 0xcf, 0xaa, 0xaa, 0x70,
    0x00, 0x01, 0xff, 0xef, 0x64, 0xf7, 0x0b, 0xf0,
    0x3f, 0x20, 0x02, 0x00, 0x08, 0xcf, 0xff, 0xc7,
    0x24, 0xf6, 0x0b, 0xf0, 0x0f, 0x60, 0x6f, 0x50,
    0x0e, 0xfb, 0xfd, 0x00, 0x05, 0xf5, 0x0b, 0xf0,
    0x0b, 0xb7, 0xfb, 0x00, 0x03, 0x10, 0xfd, 0x00,
    0x06, 0xf4, 0x0b, 0xf0, 0x06, 0xff, 0x90, 0x00,
    0x00, 0x00, 0xfd, 0x00, 0x08, 0xf2, 0x0b, 0xf0,
    0x01, 0xfa, 0x00, 0x00, 0x00, 0x00, 0xfd, 0x00,
    0x0b, 0xf0, 0x0b, 0xf0, 0x00, 0xaf, 0x10, 0x00,
    0x00, 0x00, 0xfd, 0x00, 0x0e, 0xe0, 0x0b, 0xf0,
    0x00, 0x2f, 0x90, 0x00, 0x00, 0x00, 0xfd, 0x00,
    0x2f, 0xa0, 0x0b, 0xf0, 0x39, 0x39, 0xf6, 0x00,
    0x00, 0x00, 0xfd, 0x00, 0x7f, 0x60, 0x0c, 0xfc,
    0xff, 0x40, 0xdf, 0x60, 0x00, 0xaa, 0xfc, 0x00,
    0xdf, 0x10, 0x4f, 0xfe, 0x71, 0x00, 0x2e, 0xc0,
    0x00, 0xcf, 0xd4, 0x00, 0x9a, 0x00, 0x1d, 0x60,
    0x00, 0x00, 0x01, 0x10, 0x00, 0x00, 0x00, 0x00,
    0x00, 0x00, 0x00, 0x00, 0x00, 0x00, 0x00, 0x00,

    /* U+6362 "换" */
    0x00, 0x00, 0x21, 0x00, 0x00, 0x00, 0x01, 0x00,
    0x00, 0x00, 0x00, 0x00, 0x00, 0x01, 0xfb, 0x00,
    0x00, 0x00, 0x3f, 0xb0, 0x00, 0x00, 0x00, 0x00,
    0x00, 0x01, 0xfb, 0x00, 0x00, 0x00, 0xcf, 0x40,
    0x00, 0x10, 0x00, 0x00, 0x00, 0x01, 0xfb, 0x00,
    0x00, 0x05, 0xff, 0xff, 0xff, 0xfd, 0x20, 0x00,
    0x00, 0x01, 0xfb, 0x00, 0x00, 0x1e, 0xf7, 0x77,
    0x7a, 0xfd, 0x00, 0x00, 0x03, 0x45, 0xfc, 0x44,
    0x00, 0xcf, 0x50, 0x00, 0x0c, 0xf3, 0x00, 0x00,
    0x0d, 0xff, 0xff, 0xff, 0x0c, 0xf9, 0x00, 0x00,
    0x8f, 0x70, 0x00, 0x00, 0x05, 0x67, 0xfd, 0x66,
    0x6f, 0xff, 0xff, 0xff, 0xff, 0xff, 0xf1, 0x00,
    0x00, 0x01, 0xfb, 0x00, 0x06, 0xfc, 0x66, 0x8f,
    0xc6, 0x6e, 0xf1, 0x00, 0x00, 0x01, 0xfb, 0x00,
    0x01, 0xfa, 0x00, 0x2f, 0xa0, 0x0c, 0xf1, 0x00,
    0x00, 0x01, 0xfb, 0x00, 0x01, 0xfa, 0x00, 0x2f,
    0xa0, 0x0c, 0xf1, 0x00, 0x00, 0x01, 0xfb, 0x05,
    0x11, 0xfa, 0x00, 0x2f, 0xa0, 0x0c, 0xf1, 0x00,
    0x00, 0x02, 0xff, 0xff, 0x51, 0xfa, 0x00, 0x3f,
    0x90, 0x0c, 0xf1, 0x00, 0x09, 0xdf, 0xff, 0xb6,
    0x11, 0xfa, 0x00, 0x5f, 0x70, 0x0c, 0xf1, 0x00,
    0x0e, 0xfb, 0xfb, 0x00, 0xcf, 0xff, 0xff, 0xff,
    0xff, 0xff, 0xff, 0xb0, 0x02, 0x01, 0xfb, 0x00,
    0x8a, 0xaa, 0xaa, 0xff, 0xea, 0xaa, 0xaa, 0x80,
    0x00, 0x01, 0xfb, 0x00, 0x00, 0x00, 0x07, 0xfe,
    0xf2, 0x00, 0x00, 0x00, 0x00, 0x01, 0xfb, 0x00,
    0x00, 0x00, 0x2f, 0xe2, 0xfd, 0x00, 0x00, 0x00,
    0x00, 0x01, 0xfb, 0x00, 0x00, 0x02, 0xef, 0x30,
    0x6f, 0xb0, 0x00, 0x00, 0x00, 0x01, 0xfb, 0x00,
    0x00, 0x4e, 0xf5, 0x00, 0x09, 0xfb, 0x10, 0x00,
    0x00, 0x01, 0xfb, 0x00, 0x19, 0xfe, 0x40, 0x00,
    0x00, 0x9f, 0xe4, 0x00, 0x03, 0xcc, 0xfa, 0x09,
    0xff, 0xb1, 0x00, 0x00, 0x00, 0x07, 0xff, 0xc0,
    0x00, 0xff, 0xc2, 0x09, 0xc4, 0x00, 0x00, 0x00,
    0x00, 0x00, 0x2b, 0x60, 0x00, 0x00, 0x00, 0x00,
    0x00, 0x00, 0x00, 0x00, 0x00, 0x00, 0x00, 0x00,

    /* U+636E "据" */
    0x00, 0x00, 0x21, 0x00, 0x00, 0x00, 0x00, 0x00,
    0x00, 0x00, 0x00, 0x00, 0x00, 0x0f, 0xb0, 0x00,
    0x01, 0x00, 0x00, 0x00, 0x00, 0x00, 0x00, 0x00,
    0x00, 0xfb, 0x00, 0x0a, 0xff, 0xff, 0xff, 0xff,
    0xff, 0xff, 0x10, 0x00, 0x0f, 0xb0, 0x00, 0xaf,
    0x98, 0x88, 0x88, 0x88, 0x8d, 0xf1, 0x00, 0x00,
    0xfb, 0x00, 0x0a, 0xf1, 0x00, 0x00, 0x00, 0x00,
    0xaf, 0x10, 0x33, 0x3f, 0xc3, 0x31, 0xaf, 0x10,
    0x00, 0x00, 0x00, 0x0a, 0xf1, 0x0f, 0xff, 0xff,
    0xff, 0x6a, 0xf7, 0x66, 0x66, 0x66, 0x66, 0xcf,
    0x10, 0x77, 0x7f, 0xd7, 0x72, 0xaf, 0xff, 0xff,
    0xff, 0xff, 0xff, 0xf1, 0x00, 0x00, 0xfb, 0x00,
    0x0a, 0xf4, 0x33, 0x34, 0xfb, 0x33, 0x33, 0x00,
    0x00, 0x0f, 0xb0, 0x00, 0xaf, 0x10, 0x00, 0x1f,
    0xa0, 0x00, 0x00, 0x00, 0x00, 0xfb, 0x00, 0x0a,
    0xf1, 0x00, 0x02, 0xfa, 0x00, 0x00, 0x00, 0x00,
    0x0f, 0xb0, 0x41, 0xbf, 0xff, 0xff, 0xff, 0xff,
    0xff, 0xff, 0x00, 0x01, 0xfe, 0xff, 0x5b, 0xf8,
    0x88, 0x88, 0xfd, 0x88, 0x88, 0x81, 0x8c, 0xff,
    0xfb, 0x61, 0xde, 0x00, 0x00, 0x1f, 0xa0, 0x00,
    0x00, 0x1f, 0xfa, 0xfb, 0x00, 0x0e, 0xd0, 0x00,
    0x01, 0xfa, 0x00, 0x00, 0x00, 0x30, 0x0f, 0xb0,
    0x00, 0xfb, 0x6b, 0xbb, 0xbf, 0xeb, 0xbb, 0xb2,
    0x00, 0x00, 0xfb, 0x00, 0x3f, 0x89, 0xfd, 0xdd,
    0xdd, 0xdd, 0xef, 0x30, 0x00, 0x0f, 0xb0, 0x07,
    0xf5, 0x9f, 0x00, 0x00, 0x00, 0x07, 0xf3, 0x00,
    0x00, 0xfb, 0x00, 0xbf, 0x29, 0xf0, 0x00, 0x00,
    0x00, 0x7f, 0x30, 0x00, 0x0f, 0xb0, 0x1f, 0xd0,
    0x9f, 0x00, 0x00, 0x00, 0x07, 0xf3, 0x00, 0x00,
    0xfb, 0x07, 0xf8, 0x09, 0xf7, 0x77, 0x77, 0x77,
    0xbf, 0x30, 0x5b, 0xcf, 0x90, 0xef, 0x10, 0x9f,
    0xff, 0xff, 0xff, 0xff, 0xf3, 0x03, 0xee, 0xb2,
    0x06, 0x80, 0x09, 0xf0, 0x00, 0x00, 0x00, 0x7f,
    0x30,

    /* U+63A5 "接" */
    0x00, 0x01, 0xe8, 0x00, 0x00, 0x00, 0x01, 0x96,
    0x00, 0x00, 0x00, 0x00, 0x00, 0x01, 0xf9, 0x00,
    0x00, 0x00, 0x00, 0xcf, 0x20, 0x00, 0x00, 0x00,
    0x00, 0x01, 0xf9, 0x00, 0x05, 0x66, 0x66, 0xaf,
    0xb6, 0x66, 0x66, 0x10, 0x00, 0x01, 0xf9, 0x00,
    0x0c, 0xff, 0xff, 0xff, 0xff, 0xff, 0xff, 0x40,
    0x01, 0x12, 0xfa, 0x11, 0x01, 0x26, 0x72, 0x22,
    0x22, 0x76, 0x22, 0x00, 0x0f, 0xff, 0xff, 0xff,
    0x00, 0x0a, 0xf2, 0x00, 0x01, 0xfd, 0x00, 0x00,
    0x08, 0x9a, 0xfd, 0x99, 0x00, 0x01, 0xeb, 0x00,
    0x09, 0xf3, 0x00, 0x00, 0x00, 0x01, 0xf9, 0x00,
    0x00, 0x00, 0x79, 0x00, 0x4f, 0x90, 0x00, 0x00,
    0x00, 0x01, 0xf9, 0x00, 0x9f, 0xff, 0xff, 0xff,
    0xff, 0xff, 0xff, 0xe0, 0x00, 0x01, 0xf9, 0x00,
    0x58, 0x88, 0x89, 0xc9, 0x88, 0x88, 0x88, 0x70,
    0x00, 0x01, 0xf9, 0x35, 0x00, 0x00, 0x08, 0xf4,
    0x00, 0x00, 0x00, 0x00, 0x00, 0x05, 0xff, 0xfe,
    0x00, 0x00, 0x1f, 0xc0, 0x00, 0x00, 0x00, 0x00,
    0x1b, 0xff, 0xfe, 0x82, 0xef, 0xff, 0xff, 0xff,
    0xff, 0xff, 0xff, 0xf2, 0x0f, 0xd8, 0xf9, 0x00,
    0x99, 0x9b, 0xfd, 0x99, 0x99, 0xef, 0xa9, 0x91,
    0x01, 0x01, 0xf9, 0x00, 0x00, 0x0c, 0xf1, 0x00,
    0x00, 0xee, 0x00, 0x00, 0x00, 0x01, 0xf9, 0x00,
    0x00, 0x7f, 0x70, 0x00, 0x06, 0xf8, 0x00, 0x00,
    0x00, 0x01, 0xf9, 0x00, 0x02, 0xff, 0xe9, 0x30,
    0x1e, 0xf1, 0x00, 0x00, 0x00, 0x01, 0xf9, 0x00,
    0x00, 0x05, 0xbf, 0xfd, 0xdf, 0x50, 0x00, 0x00,
    0x00, 0x01, 0xf9, 0x00, 0x00, 0x00, 0x02, 0xdf,
    0xff, 0x81, 0x00, 0x00, 0x00, 0x01, 0xf9, 0x00,
    0x00, 0x03, 0x8e, 0xfd, 0x8d, 0xff, 0x80, 0x00,
    0x04, 0xbb, 0xf8, 0x00, 0xac, 0xff, 0xfc, 0x60,
    0x00, 0x6e, 0xfe, 0x20, 0x02, 0xff, 0xb2, 0x00,
    0xad, 0x96, 0x10, 0x00, 0x00, 0x00, 0x8c, 0x00,
    0x00, 0x00, 0x00, 0x00, 0x00, 0x00, 0x00, 0x00,
    0x00, 0x00, 0x00, 0x00,

    /* U+63A7 "控" */
    0x00, 0x00, 0x53, 0x00, 0x00, 0x00, 0x00, 0x03,
    0x00, 0x00, 0x00, 0x00, 0x00, 0x01, 0xf9, 0x00,
    0x00, 0x00, 0x00, 0x7f, 0x60, 0x00, 0x00, 0x00,
    0x00, 0x01, 0xf9, 0x00, 0x00, 0x00, 0x00, 0x1f,
    0xd0, 0x00, 0x00, 0x00, 0x00, 0x01, 0xf9, 0x00,
    0x06, 0x66, 0x66, 0x6d, 0xf8, 0x66, 0x66, 0x60,
    0x00, 0x01, 0xf9, 0x00, 0x1f, 0xff, 0xff, 0xff,
    0xff, 0xff, 0xff, 0xe0, 0x0a, 0xab, 0xfe, 0xaa,
    0x2f, 0xa2, 0x22, 0x22, 0x22, 0x22, 0x2d, 0xe0,
    0x0f, 0xff, 0xff, 0xff, 0x3f, 0x80, 0x02, 0x10,
    0x01, 0x10, 0x0c, 0xe0, 0x00, 0x01, 0xfa, 0x00,
    0x1f, 0x80, 0x1e, 0xe0, 0x0d, 0xd1, 0x08, 0xa0,
    0x00, 0x01, 0xf9, 0x00, 0x00, 0x01, 0xdf, 0x40,
    0x04, 0xfd, 0x10, 0x00, 0x00, 0x01, 0xf9, 0x00,
    0x00, 0x1d, 0xf7, 0x00, 0x00, 0x4f, 0xe1, 0x00,
    0x00, 0x01, 0xf9, 0x00, 0x03, 0xef, 0x70, 0x00,
    0x00, 0x05, 0xfd, 0x10, 0x00, 0x01, 0xf9, 0x02,
    0x0a, 0xf7, 0x00, 0x00, 0x00, 0x00, 0x6e, 0x20,
    0x00, 0x01, 0xfd, 0xcf, 0x20, 0x40, 0x00, 0x00,
    0x00, 0x00, 0x01, 0x00, 0x02, 0x7d, 0xff, 0xe9,
    0x10, 0xdf, 0xff, 0xff, 0xff, 0xff, 0xf9, 0x00,
    0x2f, 0xff, 0xfb, 0x00, 0x00, 0x9a, 0xaa, 0xbf,
    0xea, 0xaa, 0xa6, 0x00, 0x0a, 0x51, 0xf9, 0x00,
    0x00, 0x00, 0x00, 0x1f, 0xb0, 0x00, 0x00, 0x00,
    0x00, 0x01, 0xf9, 0x00, 0x00, 0x00, 0x00, 0x1f,
    0xb0, 0x00, 0x00, 0x00, 0x00, 0x01, 0xf9, 0x00,
    0x00, 0x00, 0x00, 0x1f, 0xb0, 0x00, 0x00, 0x00,
    0x00, 0x01, 0xf9, 0x00, 0x00, 0x00, 0x00, 0x1f,
    0xb0, 0x00, 0x00, 0x00, 0x00, 0x01, 0xf9, 0x00,
    0x00, 0x00, 0x00, 0x1f, 0xb0, 0x00, 0x00, 0x00,
    0x00, 0x01, 0xf9, 0x00, 0x9b, 0xbb, 0xbb, 0xbf,
    0xeb, 0xbb, 0xbb, 0xb3, 0x06, 0xab, 0xf8, 0x00,
    0xdf, 0xff, 0xff, 0xff, 0xff, 0xff, 0xff, 0xf5,
    0x05, 0xfe, 0xb2, 0x00, 0x00, 0x00, 0x00, 0x00,
    0x00, 0x00, 0x00, 0x00,

    /* U+63A8 "推" */
    0x00, 0x00, 0x54, 0x00, 0x00, 0x00, 0x20, 0x00,
    0x00, 0x00, 0x00, 0x00, 0x00, 0x0f, 0xd0, 0x00,
    0x00, 0x3f, 0x80, 0x5f, 0x50, 0x00, 0x00, 0x00,
    0x00, 0xfd, 0x00, 0x00, 0x08, 0xf4, 0x01, 0xfd,
    0x00, 0x00, 0x00, 0x00, 0x0f, 0xd0, 0x00, 0x00,
    0xee, 0x00, 0x08, 0xf5, 0x00, 0x00, 0x00, 0x00,
    0xfd, 0x00, 0x00, 0x5f, 0x81, 0x11, 0x3e, 0x61,
    0x11, 0x00, 0x99, 0x9f, 0xe9, 0x94, 0x0d, 0xff,
    0xff, 0xff, 0xff, 0xff, 0xf6, 0x0f, 0xff, 0xff,
    0xff, 0x85, 0xff, 0x99, 0x99, 0xfe, 0x99, 0x99,
    0x30, 0x11, 0x1f, 0xd1, 0x11, 0xef, 0xf1, 0x00,
    0x0e, 0xc0, 0x00, 0x00, 0x00, 0x00, 0xfd, 0x00,
    0x9f, 0xff, 0x10, 0x00, 0xec, 0x00, 0x00, 0x00,
    0x00, 0x0f, 0xd0, 0x5f, 0xdb, 0xf2, 0x00, 0x0e,
    0xc0, 0x00, 0x00, 0x00, 0x00, 0xfd, 0x0a, 0xf3,
    0xaf, 0xff, 0xff, 0xff, 0xff, 0xff, 0x00, 0x00,
    0x0f, 0xd1, 0x67, 0x0a, 0xf9, 0x99, 0x9f, 0xe9,
    0x99, 0x90, 0x00, 0x01, 0xff, 0xff, 0x70, 0xaf,
    0x10, 0x00, 0xec, 0x00, 0x00, 0x00, 0x7c, 0xff,
    0xfc, 0x71, 0x0a, 0xf1, 0x00, 0x0e, 0xc0, 0x00,
    0x00, 0x0f, 0xfd, 0xfd, 0x00, 0x00, 0xaf, 0x21,
    0x11, 0xfc, 0x11, 0x11, 0x00, 0x62, 0x0f, 0xd0,
    0x00, 0x0a, 0xff, 0xff, 0xff, 0xff, 0xff, 0xf0,
    0x00, 0x00, 0xfd, 0x00, 0x00, 0xaf, 0x98, 0x88,
    0xfe, 0x88, 0x88, 0x00, 0x00, 0x0f, 0xd0, 0x00,
    0x0a, 0xf1, 0x00, 0x0e, 0xc0, 0x00, 0x00, 0x00,
    0x00, 0xfd, 0x00, 0x00, 0xaf, 0x10, 0x00, 0xec,
    0x00, 0x00, 0x00, 0x00, 0x0f, 0xd0, 0x00, 0x0a,
    0xf4, 0x33, 0x3f, 0xd3, 0x33, 0x32, 0x00, 0x00,
    0xfd, 0x00, 0x00, 0xaf, 0xff, 0xff, 0xff, 0xff,
    0xff, 0xd0, 0x5b, 0xbf, 0xb0, 0x00, 0x0a, 0xf8,
    0x77, 0x77, 0x77, 0x77, 0x76, 0x03, 0xff, 0xc3,
    0x00, 0x00, 0xaf, 0x10, 0x00, 0x00, 0x00, 0x00,
    0x00, 0x00, 0x00, 0x00, 0x00, 0x00, 0x00, 0x00,
    0x00, 0x00, 0x00, 0x00,

    /* U+63D0 "提" */
    0x00, 0x00, 0x21, 0x00, 0x00, 0x00, 0x00, 0x00,
    0x00, 0x00, 0x00, 0x00, 0x00, 0x01, 0xf9, 0x00,
    0x00, 0x66, 0x66, 0x66, 0x66, 0x66, 0x60, 0x00,
    0x00, 0x01, 0xf9, 0x00, 0x01, 0xff, 0xff, 0xff,
    0xff, 0xff, 0xf1, 0x00, 0x00, 0x01, 0xf9, 0x00,
    0x01, 0xf9, 0x00, 0x00, 0x00, 0x0a, 0xf1, 0x00,
    0x00, 0x01, 0xf9, 0x00, 0x01, 0xfa, 0x11, 0x11,
    0x11, 0x1b, 0xf1, 0x00, 0x05, 0x55, 0xfb, 0x55,
    0x11, 0xff, 0xff, 0xff, 0xff, 0xff, 0xf1, 0x00,
    0x0f, 0xff, 0xff, 0xff, 0x41, 0xfa, 0x33, 0x33,
    0x33, 0x3b, 0xf1, 0x00, 0x05, 0x56, 0xfc, 0x55,
    0x11, 0xf9, 0x00, 0x00, 0x00, 0x0a, 0xf1, 0x00,
    0x00, 0x01, 0xf9, 0x00, 0x01, 0xff, 0xff, 0xff,
    0xff, 0xff, 0xf1, 0x00, 0x00, 0x01, 0xf9, 0x00,
    0x00, 0x77, 0x77, 0x77, 0x77, 0x77, 0x70, 0x00,
    0x00, 0x01, 0xf9, 0x00, 0x00, 0x00, 0x00, 0x00,
    0x00, 0x00, 0x00, 0x00, 0x00, 0x01, 0xf9, 0x16,
    0x1c, 0xcc, 0xcc, 0xcc, 0xcc, 0xcc, 0xcc, 0x80,
    0x00, 0x03, 0xff, 0xff, 0x4c, 0xcc, 0xcc, 0xdf,
    0xec, 0xcc, 0xcc, 0x90, 0x19, 0xef, 0xff, 0x94,
    0x00, 0x00, 0x00, 0x3f, 0x80, 0x00, 0x00, 0x00,
    0x1f, 0xea, 0xf9, 0x00, 0x00, 0xbf, 0x00, 0x3f,
    0x80, 0x00, 0x00, 0x00, 0x03, 0x01, 0xf9, 0x00,
    0x00, 0xdd, 0x00, 0x3f, 0xb7, 0x77, 0x74, 0x00,
    0x00, 0x01, 0xf9, 0x00, 0x01, 0xfb, 0x00, 0x3f,
    0xff, 0xff, 0xf9, 0x00, 0x00, 0x01, 0xf9, 0x00,
    0x05, 0xfe, 0x00, 0x3f, 0x80, 0x00, 0x00, 0x00,
    0x00, 0x01, 0xf9, 0x00, 0x0b, 0xff, 0x60, 0x3f,
    0x80, 0x00, 0x00, 0x00, 0x00, 0x01, 0xf9, 0x00,
    0x2f, 0xa8, 0xf3, 0x3f, 0x80, 0x00, 0x00, 0x00,
    0x00, 0x01, 0xf9, 0x00, 0xcf, 0x20, 0xdf, 0x9f,
    0x80, 0x00, 0x00, 0x00, 0x06, 0xab, 0xf8, 0x09,
    0xf7, 0x00, 0x1c, 0xff, 0xea, 0x99, 0x99, 0x93,
    0x05, 0xfe, 0xb2, 0x1b, 0xa0, 0x00, 0x00, 0x5a,
    0xdf, 0xff, 0xff, 0xf1, 0x00, 0x00, 0x00, 0x00,
    0x00, 0x00, 0x00, 0x00, 0x00, 0x00, 0x00, 0x00,

    /* U+64CD "操" */
    0x00, 0x02, 0x10, 0x00, 0x00, 0x00, 0x00, 0x00,
    0x00, 0x00, 0x00, 0x00, 0x01, 0xfa, 0x00, 0x00,
    0x02, 0x22, 0x22, 0x22, 0x22, 0x00, 0x00, 0x00,
    0x1f, 0xa0, 0x00, 0x00, 0xcf, 0xff, 0xff, 0xff,
    0xf0, 0x00, 0x00, 0x01, 0xfa, 0x00, 0x00, 0x0c,
    0xd3, 0x33, 0x33, 0xdf, 0x00, 0x00, 0x00, 0x1f,
    0xa0, 0x00, 0x00, 0xcd, 0x00, 0x00, 0x0d, 0xf0,
    0x00, 0x04, 0x66, 0xfc, 0x65, 0x00, 0x0c, 0xe5,
    0x55, 0x55, 0xef, 0x00, 0x00, 0xcf, 0xff, 0xff,
    0xd0, 0x00, 0xcf, 0xff, 0xff, 0xff, 0xe0, 0x00,
    0x03, 0x45, 0xfb, 0x43, 0x00, 0x00, 0x00, 0x00,
    0x00, 0x00, 0x00, 0x00, 0x00, 0x1f, 0xa0, 0x03,
    0xff, 0xff, 0xfe, 0x0e, 0xff, 0xff, 0xf6, 0x00,
    0x01, 0xfa, 0x00, 0x3f, 0x76, 0x6b, 0xe0, 0xeb,
    0x66, 0x6f, 0x70, 0x00, 0x1f, 0xa0, 0x03, 0xf3,
    0x00, 0x8e, 0x0e, 0x80, 0x01, 0xf7, 0x00, 0x01,
    0xfa, 0x58, 0x3f, 0x30, 0x08, 0xe0, 0xe8, 0x00,
    0x1f, 0x70, 0x00, 0x4f, 0xff, 0xe3, 0xfd, 0xcc,
    0xee, 0x0e, 0xec, 0xcc, 0xf7, 0x08, 0xef, 0xfe,
    0x61, 0x29, 0x99, 0x99, 0xa7, 0xa9, 0x99, 0x99,
    0x30, 0xcf, 0xaf, 0xa0, 0x00, 0x00, 0x00, 0x04,
    0xf4, 0x00, 0x00, 0x00, 0x03, 0x01, 0xfa, 0x00,
    0x78, 0x88, 0x88, 0xaf, 0xa8, 0x88, 0x88, 0x70,
    0x00, 0x1f, 0xa0, 0x0c, 0xff, 0xff, 0xff, 0xff,
    0xff, 0xff, 0xfc, 0x00, 0x01, 0xfa, 0x00, 0x00,
    0x00, 0x2e, 0xff, 0xfd, 0x10, 0x00, 0x00, 0x00,
    0x1f, 0xa0, 0x00, 0x00, 0x4e, 0xf7, 0xf6, 0xed,
    0x20, 0x00, 0x00, 0x01, 0xfa, 0x00, 0x00, 0x9f,
    0xe3, 0x4f, 0x42, 0xef, 0x60, 0x00, 0x00, 0x1f,
    0xa0, 0x17, 0xef, 0xb1, 0x04, 0xf4, 0x01, 0xcf,
    0xc4, 0x00, 0x9a, 0xf9, 0x0d, 0xfd, 0x50, 0x00,
    0x4f, 0x40, 0x00, 0x7f, 0xc0, 0x0c, 0xfc, 0x20,
    0x35, 0x00, 0x00, 0x04, 0xf4, 0x00, 0x00, 0x11,
    0x00,

    /* U+652F "支" */
    0x00, 0x00, 0x00, 0x00, 0x00, 0x05, 0x50, 0x00,
    0x00, 0x00, 0x00, 0x00, 0x00, 0x00, 0x00, 0x00,
    0x00, 0x0f, 0xe0, 0x00, 0x00, 0x00, 0x00, 0x00,
    0x00, 0x00, 0x00, 0x00, 0x00, 0x0f, 0xe0, 0x00,
    0x00, 0x00, 0x00, 0x00, 0x00, 0x00, 0x00, 0x00,
    0x00, 0x0f, 0xe0, 0x00, 0x00, 0x00, 0x00, 0x00,
    0x01, 0xbb, 0xbb, 0xbb, 0xbb, 0xbf, 0xfb, 0xbb,
    0xbb, 0xbb, 0xbb, 0x10, 0x02, 0xff, 0xff, 0xff,
    0xff, 0xff, 0xff, 0xff, 0xff, 0xff, 0xff, 0x10,
    0x00, 0x11, 0x11, 0x11, 0x11, 0x1f, 0xe1, 0x11,
    0x11, 0x11, 0x11, 0x00, 0x00, 0x00, 0x00, 0x00,
    0x00, 0x0f, 0xe0, 0x00, 0x00, 0x00, 0x00, 0x00,
    0x00, 0x00, 0x00, 0x00, 0x00, 0x0f, 0xe0, 0x00,
    0x00, 0x00, 0x00, 0x00, 0x00, 0x00, 0x00, 0x00,
    0x00, 0x0f, 0xe0, 0x00, 0x00, 0x00, 0x00, 0x00,
    0x00, 0x0f, 0xff, 0xff, 0xff, 0xff, 0xff, 0xff,
    0xff, 0xfb, 0x00, 0x00, 0x00, 0x0c, 0xcf, 0xfc,
    0xcc, 0xcc, 0xcc, 0xcc, 0xce, 0xfc, 0x00, 0x00,
    0x00, 0x00, 0x0b, 0xf4, 0x00, 0x00, 0x00, 0x00,
    0x0e, 0xf3, 0x00, 0x00, 0x00, 0x00, 0x02, 0xfe,
    0x10, 0x00, 0x00, 0x00, 0x9f, 0xa0, 0x00, 0x00,
    0x00, 0x00, 0x00, 0x7f, 0xb0, 0x00, 0x00, 0x06,
    0xfd, 0x10, 0x00, 0x00, 0x00, 0x00, 0x00, 0x0a,
    0xfb, 0x00, 0x00, 0x6f, 0xe2, 0x00, 0x00, 0x00,
    0x00, 0x00, 0x00, 0x00, 0xbf, 0xc1, 0x09, 0xfe,
    0x30, 0x00, 0x00, 0x00, 0x00, 0x00, 0x00, 0x00,
    0x0a, 0xfe, 0xdf, 0xd2, 0x00, 0x00, 0x00, 0x00,
    0x00, 0x00, 0x00, 0x00, 0x03, 0xef, 0xff, 0x50,
    0x00, 0x00, 0x00, 0x00, 0x00, 0x00, 0x00, 0x17,
    0xdf, 0xfb, 0xbf, 0xfd, 0x72, 0x00, 0x00, 0x00,
    0x00, 0x15, 0x9d, 0xff, 0xfb, 0x30, 0x04, 0xbf,
    0xff, 0xd9, 0x52, 0x00, 0x0c, 0xff, 0xff, 0xc7,
    0x10, 0x00, 0x00, 0x02, 0x7c, 0xff, 0xff, 0xc0,
    0x05, 0xc9, 0x51, 0x00, 0x00, 0x00, 0x00, 0x00,
    0x00, 0x14, 0x8b, 0x30,

    /* U+6536 "收" */
    0x00, 0x00, 0x00, 0x00, 0x00, 0x00, 0x00, 0x00,
    0x00, 0x00, 0x00, 0x00, 0x00, 0x00, 0x00, 0xb8,
    0x00, 0x03, 0xf8, 0x00, 0x00, 0x00, 0x00, 0x00,
    0x00, 0x00, 0x1f, 0xb0, 0x00, 0x6f, 0x60, 0x00,
    0x00, 0x00, 0x00, 0x69, 0x00, 0x01, 0xfb, 0x00,
    0x0a, 0xf3, 0x00, 0x00, 0x00, 0x00, 0x0b, 0xf1,
    0x00, 0x1f, 0xb0, 0x00, 0xee, 0x00, 0x00, 0x00,
    0x00, 0x00, 0xbf, 0x10, 0x01, 0xfb, 0x00, 0x2f,
    0xea, 0xaa, 0xaa, 0xaa, 0x90, 0x0b, 0xf1, 0x00,
    0x1f, 0xb0, 0x08, 0xff, 0xff, 0xff, 0xff, 0xff,
    0x00, 0xbf, 0x10, 0x01, 0xfb, 0x00, 0xef, 0x20,
    0x00, 0x0c, 0xf1, 0x00, 0x0b, 0xf1, 0x00, 0x1f,
    0xb0, 0x5f, 0xf4, 0x00, 0x00, 0xed, 0x00, 0x00,
    0xbf, 0x10, 0x01, 0xfb, 0x0d, 0xff, 0x90, 0x00,
    0x2f, 0xa0, 0x00, 0x0b, 0xf1, 0x00, 0x1f, 0xb7,
    0xfa, 0xbe, 0x00, 0x06, 0xf6, 0x00, 0x00, 0xbf,
    0x10, 0x01, 0xfb, 0xcf, 0x25, 0xf4, 0x00, 0xbf,
    0x10, 0x00, 0x0b, 0xf1, 0x00, 0x1f, 0xb1, 0x50,
    0x0f, 0xb0, 0x0f, 0xc0, 0x00, 0x00, 0xbf, 0x10,
    0x01, 0xfb, 0x00, 0x00, 0x9f, 0x26, 0xf7, 0x00,
    0x00, 0x0b, 0xf1, 0x01, 0x7f, 0xb0, 0x00, 0x02,
    0xfa, 0xdf, 0x10, 0x00, 0x00, 0xbf, 0x7c, 0xff,
    0xfb, 0x00, 0x00, 0x0b, 0xff, 0x90, 0x00, 0x00,
    0x2f, 0xff, 0xfb, 0x6f, 0xb0, 0x00, 0x00, 0x3f,
    0xf1, 0x00, 0x00, 0x03, 0xfe, 0x81, 0x01, 0xfb,
    0x00, 0x00, 0x0a, 0xff, 0x80, 0x00, 0x00, 0x05,
    0x00, 0x00, 0x1f, 0xb0, 0x00, 0x09, 0xfb, 0xdf,
    0x60, 0x00, 0x00, 0x00, 0x00, 0x01, 0xfb, 0x00,
    0x0a, 0xfd, 0x12, 0xff, 0x60, 0x00, 0x00, 0x00,
    0x00, 0x1f, 0xb0, 0x3d, 0xfd, 0x10, 0x04, 0xff,
    0x90, 0x00, 0x00, 0x00, 0x01, 0xfb, 0x6f, 0xfa,
    0x00, 0x00, 0x03, 0xef, 0xc0, 0x00, 0x00, 0x00,
    0x1f, 0xb0, 0xc5, 0x00, 0x00, 0x00, 0x01, 0x92,
    0x00,

    /* U+653E "放" */
    0x00, 0x00, 0x00, 0x10, 0x00, 0x00, 0x00, 0x00,
    0x00, 0x00, 0x00, 0x00, 0x00, 0x00, 0x0b, 0xe0,
    0x00, 0x00, 0x00, 0x6f, 0x60, 0x00, 0x00, 0x00,
    0x00, 0x00, 0x07, 0xf6, 0x00, 0x00, 0x00, 0x9f,
    0x30, 0x00, 0x00, 0x00, 0x00, 0x00, 0x01, 0xfc,
    0x00, 0x00, 0x00, 0xdf, 0x00, 0x00, 0x00, 0x00,
    0x03, 0x44, 0x44, 0x96, 0x44, 0x43, 0x01, 0xfb,
    0x00, 0x00, 0x00, 0x00, 0x0e, 0xff, 0xff, 0xff,
    0xff, 0xfc, 0x05, 0xfd, 0xaa, 0xaa, 0xaa, 0xa0,
    0x05, 0x67, 0xfd, 0x66, 0x66, 0x65, 0x0b, 0xff,
    0xff, 0xff, 0xff, 0xf1, 0x00, 0x00, 0xfa, 0x00,
    0x00, 0x00, 0x1f, 0xf0, 0x00, 0x09, 0xf3, 0x00,
    0x00, 0x00, 0xfa, 0x00, 0x00, 0x00, 0x8f, 0xf3,
    0x00, 0x0b, 0xf0, 0x00, 0x00, 0x00, 0xfe, 0xaa,
    0xab, 0x81, 0xff, 0xf6, 0x00, 0x0f, 0xd0, 0x00,
    0x00, 0x00, 0xff, 0xff, 0xff, 0xc9, 0xf8, 0xfa,
    0x00, 0x2f, 0x90, 0x00, 0x00, 0x00, 0xfb, 0x11,
    0x1f, 0xcd, 0xe0, 0xbf, 0x00, 0x7f, 0x50, 0x00,
    0x00, 0x01, 0xfa, 0x00, 0x0f, 0xb2, 0x40, 0x7f,
    0x40, 0xcf, 0x10, 0x00, 0x00, 0x01, 0xf9, 0x00,
    0x0f, 0xb0, 0x00, 0x2f, 0xa2, 0xfb, 0x00, 0x00,
    0x00, 0x03, 0xf8, 0x00, 0x0f, 0xb0, 0x00, 0x0d,
    0xf9, 0xf5, 0x00, 0x00, 0x00, 0x05, 0xf6, 0x00,
    0x0f, 0xa0, 0x00, 0x06, 0xff, 0xe0, 0x00, 0x00,
    0x00, 0x07, 0xf4, 0x00, 0x1f, 0xa0, 0x00, 0x00,
    0xff, 0x60, 0x00, 0x00, 0x00, 0x0c, 0xf1, 0x00,
    0x2f, 0x90, 0x00, 0x05, 0xff, 0xa0, 0x00, 0x00,
    0x00, 0x1f, 0xc0, 0x00, 0x3f, 0x80, 0x00, 0x3f,
    0xfd, 0xf6, 0x00, 0x00, 0x00, 0x8f, 0x60, 0x00,
    0x5f, 0x70, 0x04, 0xef, 0x53, 0xff, 0x50, 0x00,
    0x02, 0xfe, 0x00, 0x00, 0x7f, 0x50, 0x8f, 0xf6,
    0x00, 0x6f, 0xf7, 0x00, 0x0d, 0xf5, 0x06, 0xa9,
    0xef, 0x5d, 0xff, 0x40, 0x00, 0x06, 0xff, 0xc0,
    0x0b, 0x90, 0x05, 0xff, 0xe7, 0x1e, 0xb1, 0x00,
    0x00, 0x00, 0x3d, 0x80, 0x00, 0x00, 0x00, 0x00,
    0x00, 0x01, 0x00, 0x00, 0x00, 0x00, 0x00, 0x00,

    /* U+6548 "效" */
    0x00, 0x00, 0x00, 0x00, 0x00, 0x00, 0x00, 0x00,
    0x00, 0x00, 0x00, 0x00, 0x00, 0x00, 0x2d, 0x90,
    0x00, 0x00, 0x00, 0x0b, 0xf1, 0x00, 0x00, 0x00,
    0x00, 0x00, 0x0a, 0xf4, 0x00, 0x00, 0x00, 0x0e,
    0xe0, 0x00, 0x00, 0x00, 0x00, 0x00, 0x01, 0xfc,
    0x00, 0x00, 0x00, 0x2f, 0xa0, 0x00, 0x00, 0x00,
    0x07, 0x99, 0x99, 0xea, 0x99, 0x99, 0x00, 0x6f,
    0x60, 0x00, 0x00, 0x00, 0x0d, 0xff, 0xff, 0xff,
    0xff, 0xff, 0x10, 0xaf, 0xcb, 0xbb, 0xbb, 0xa0,
    0x00, 0x01, 0x20, 0x00, 0x22, 0x00, 0x00, 0xef,
    0xff, 0xff, 0xff, 0xd0, 0x00, 0x08, 0xf3, 0x00,
    0xed, 0x00, 0x04, 0xf8, 0x00, 0x05, 0xf6, 0x00,
    0x00, 0x1f, 0xc0, 0x00, 0x4f, 0x90, 0x0a, 0xf4,
    0x00, 0x08, 0xf4, 0x00, 0x00, 0xaf, 0x30, 0x00,
    0x0a, 0xf4, 0x2f, 0xf5, 0x00, 0x0b, 0xf0, 0x00,
    0x04, 0xfa, 0x00, 0x00, 0x53, 0xfb, 0xaf, 0xf9,
    0x00, 0x0f, 0xd0, 0x00, 0x1e, 0xe1, 0x40, 0x04,
    0xf8, 0x45, 0xfc, 0xce, 0x00, 0x3f, 0x80, 0x00,
    0x08, 0x49, 0xf7, 0x09, 0xf3, 0x01, 0xd3, 0x7f,
    0x30, 0x9f, 0x40, 0x00, 0x00, 0x00, 0xcf, 0x7f,
    0xd0, 0x00, 0x00, 0x2f, 0xa0, 0xee, 0x00, 0x00,
    0x00, 0x00, 0x1d, 0xff, 0x60, 0x00, 0x00, 0x0b,
    0xf7, 0xf8, 0x00, 0x00, 0x00, 0x00, 0x03, 0xff,
    0x30, 0x00, 0x00, 0x04, 0xff, 0xf1, 0x00, 0x00,
    0x00, 0x00, 0x09, 0xff, 0xe1, 0x00, 0x00, 0x00,
    0xdf, 0x90, 0x00, 0x00, 0x00, 0x00, 0x5f, 0xb6,
    0xfb, 0x00, 0x00, 0x03, 0xff, 0xc0, 0x00, 0x00,
    0x00, 0x03, 0xfe, 0x10, 0xbf, 0x70, 0x00, 0x2e,
    0xfc, 0xf8, 0x00, 0x00, 0x00, 0x3e, 0xf3, 0x00,
    0x1e, 0xb0, 0x03, 0xef, 0x61, 0xef, 0x70, 0x00,
    0x07, 0xff, 0x40, 0x00, 0x03, 0x00, 0x7f, 0xf6,
    0x00, 0x2e, 0xf9, 0x00, 0x0c, 0xe3, 0x00, 0x00,
    0x00, 0x4d, 0xfe, 0x30, 0x00, 0x03, 0xef, 0xd0,
    0x01, 0x10, 0x00, 0x00, 0x00, 0x0c, 0x80, 0x00,
    0x00, 0x00, 0x1a, 0x40, 0x00, 0x00, 0x00, 0x00,
    0x00, 0x00, 0x00, 0x00, 0x00, 0x00, 0x00, 0x00,

    /* U+6563 "散" */
    0x00, 0x00, 0x00, 0x00, 0x00, 0x00, 0x00, 0x01,
    0x00, 0x00, 0x00, 0x00, 0x00, 0x07, 0xf3, 0x00,
    0xaf, 0x00, 0x00, 0x2f, 0x90, 0x00, 0x00, 0x00,
    0x00, 0x07, 0xf3, 0x00, 0xbf, 0x00, 0x00, 0x4f,
    0x70, 0x00, 0x00, 0x00, 0x02, 0x49, 0xf6, 0x44,
    0xcf, 0x44, 0x10, 0x7f, 0x40, 0x00, 0x00, 0x00,
    0x0a, 0xff, 0xff, 0xff, 0xff, 0xff, 0x60, 0xbf,
    0x00, 0x00, 0x00, 0x00, 0x02, 0x49, 0xf6, 0x44,
    0xcf, 0x44, 0x10, 0xff, 0xbb, 0xbb, 0xbb, 0xa0,
    0x00, 0x07, 0xf3, 0x00, 0xbf, 0x00, 0x03, 0xff,
    0xff, 0xff, 0xff, 0xe0, 0x00, 0x07, 0xf3, 0x00,
    0xbf, 0x00, 0x09, 0xf7, 0x00, 0x09, 0xf3, 0x00,
    0x0e, 0xef, 0xff, 0xee, 0xff, 0xee, 0x7e, 0xf9,
    0x00, 0x0b, 0xf1, 0x00, 0x0a, 0xaa, 0xaa, 0xaa,
    0xaa, 0xaa, 0xbf, 0xfd, 0x00, 0x0e, 0xd0, 0x00,
    0x00, 0x00, 0x00, 0x00, 0x00, 0x00, 0xdf, 0x9f,
    0x10, 0x2f, 0xa0, 0x00, 0x00, 0x8f, 0xff, 0xff,
    0xff, 0xf6, 0xf8, 0x3f, 0x50, 0x6f, 0x60, 0x00,
    0x00, 0x9f, 0x87, 0x77, 0x7c, 0xf4, 0x50, 0x0f,
    0xa0, 0xaf, 0x20, 0x00, 0x00, 0x9f, 0x20, 0x00,
    0x0a, 0xf4, 0x00, 0x0a, 0xf1, 0xfd, 0x00, 0x00,
    0x00, 0x9f, 0x87, 0x77, 0x7c, 0xf4, 0x00, 0x05,
    0xfb, 0xf7, 0x00, 0x00, 0x00, 0x9f, 0xff, 0xff,
    0xff, 0xf4, 0x00, 0x00, 0xef, 0xf1, 0x00, 0x00,
    0x00, 0x9f, 0x20, 0x00, 0x0a, 0xf4, 0x00, 0x00,
    0x9f, 0xa0, 0x00, 0x00, 0x00, 0x9f, 0x87, 0x77,
    0x7c, 0xf4, 0x00, 0x02, 0xff, 0xe0, 0x00, 0x00,
    0x00, 0x9f, 0xff, 0xff, 0xff, 0xf4, 0x00, 0x1d,
    0xfc, 0xfa, 0x00, 0x00, 0x00, 0x9f, 0x20, 0x00,
    0x0a, 0xf4, 0x01, 0xcf, 0x90, 0xdf, 0x80, 0x00,
    0x00, 0x9f, 0x20, 0x00, 0x0a, 0xf4, 0x4e, 0xfa,
    0x00, 0x2e, 0xf9, 0x00, 0x00, 0x9f, 0x20, 0x18,
    0x8d, 0xfb, 0xff, 0x80, 0x00, 0x03, 0xef, 0xc0,
    0x00, 0x9f, 0x20, 0x0c, 0xfe, 0xa2, 0xc4, 0x00,
    0x00, 0x00, 0x2c, 0x30, 0x00, 0x00, 0x00, 0x00,
    0x00, 0x00, 0x00, 0x00, 0x00, 0x00, 0x00, 0x00,

    /* U+6570 "数" */
    0x00, 0x00, 0x02, 0x20, 0x00, 0x00, 0x00, 0x00,
    0x00, 0x00, 0x00, 0x00, 0x25, 0x00, 0xce, 0x00,
    0x56, 0x00, 0x0c, 0xa0, 0x00, 0x00, 0x00, 0x07,
    0xf3, 0x0c, 0xe0, 0x0e, 0xd0, 0x00, 0xfb, 0x00,
    0x00, 0x00, 0x00, 0x0e, 0xb0, 0xce, 0x08, 0xf3,
    0x00, 0x3f, 0x80, 0x00, 0x00, 0x00, 0x00, 0x7a,
    0x0c, 0xe0, 0xa7, 0x00, 0x06, 0xf4, 0x00, 0x00,
    0x00, 0x09, 0xdd, 0xdd, 0xff, 0xdd, 0xdd, 0xa0,
    0xaf, 0xba, 0xaa, 0xaa, 0x90, 0x7a, 0xaa, 0xcf,
    0xfd, 0xaa, 0xa8, 0x0e, 0xff, 0xff, 0xff, 0xfe,
    0x00, 0x00, 0x1e, 0xff, 0xf9, 0x00, 0x03, 0xfc,
    0x00, 0x08, 0xf3, 0x00, 0x00, 0x2d, 0xed, 0xe6,
    0xfe, 0x40, 0x9f, 0xf0, 0x00, 0xaf, 0x00, 0x00,
    0x5e, 0xf3, 0xce, 0x02, 0xdd, 0x1f, 0xff, 0x30,
    0x0d, 0xd0, 0x00, 0x9f, 0xe2, 0x0c, 0xe0, 0x01,
    0x28, 0xf8, 0xf7, 0x01, 0xfa, 0x00, 0x04, 0xa1,
    0x01, 0x44, 0x00, 0x02, 0xfe, 0x0d, 0xb0, 0x4f,
    0x60, 0x00, 0x00, 0x00, 0xaf, 0x10, 0x00, 0x09,
    0x50, 0x9f, 0x19, 0xf2, 0x00, 0x02, 0x99, 0x9f,
    0xe9, 0x99, 0x96, 0x00, 0x04, 0xf7, 0xed, 0x00,
    0x00, 0x3f, 0xff, 0xff, 0xff, 0xff, 0xb0, 0x00,
    0x0e, 0xff, 0x70, 0x00, 0x00, 0x01, 0xfb, 0x00,
    0x05, 0xf5, 0x00, 0x00, 0x8f, 0xf1, 0x00, 0x00,
    0x00, 0xaf, 0x30, 0x00, 0xed, 0x00, 0x00, 0x06,
    0xfd, 0x00, 0x00, 0x00, 0x1d, 0xfd, 0x60, 0xbf,
    0x30, 0x00, 0x01, 0xef, 0xf6, 0x00, 0x00, 0x00,
    0x04, 0xbf, 0xff, 0x70, 0x00, 0x00, 0xcf, 0x6e,
    0xf2, 0x00, 0x00, 0x00, 0x03, 0xef, 0xfd, 0x40,
    0x01, 0xcf, 0x80, 0x5f, 0xd1, 0x00, 0x00, 0x4b,
    0xfe, 0x45, 0xeb, 0x03, 0xdf, 0x90, 0x00, 0x8f,
    0xe3, 0x07, 0xef, 0xf8, 0x00, 0x01, 0x0a, 0xff,
    0x70, 0x00, 0x00, 0x8f, 0xf3, 0x4b, 0x60, 0x00,
    0x00, 0x00, 0x7d, 0x30, 0x00, 0x00, 0x00, 0x58,
    0x00, 0x00, 0x00, 0x00, 0x00, 0x00, 0x00, 0x00,
    0x00, 0x00, 0x00, 0x00,

    /* U+65B0 "新" */
    0x00, 0x00, 0x00, 0x00, 0x00, 0x00, 0x00, 0x00,
    0x00, 0x00, 0x00, 0x00, 0x00, 0x00, 0x8e, 0x20,
    0x00, 0x00, 0x00, 0x00, 0x00, 0x15, 0x00, 0x00,
    0x00, 0x03, 0xf9, 0x00, 0x00, 0x00, 0x01, 0x48,
    0xcf, 0xf9, 0x00, 0x49, 0x99, 0x9f, 0xf9, 0x99,
    0x90, 0x8d, 0xff, 0xfc, 0x84, 0x00, 0x08, 0xff,
    0xff, 0xff, 0xff, 0xff, 0x1b, 0xf5, 0x20, 0x00,
    0x00, 0x00, 0x00, 0x99, 0x00, 0x01, 0xd6, 0x00,
    0xbf, 0x00, 0x00, 0x00, 0x00, 0x00, 0x09, 0xf0,
    0x00, 0x5f, 0x50, 0x0b, 0xf0, 0x00, 0x00, 0x00,
    0x00, 0x00, 0x4f, 0x50, 0x0a, 0xf0, 0x00, 0xbf,
    0x00, 0x00, 0x00, 0x00, 0x00, 0x01, 0xe5, 0x01,
    0xf9, 0x00, 0x0b, 0xf0, 0x00, 0x00, 0x00, 0x00,
    0xdf, 0xff, 0xff, 0xff, 0xff, 0xf6, 0xbf, 0xdd,
    0xdd, 0xdd, 0xda, 0x08, 0x99, 0x99, 0xfe, 0x99,
    0x99, 0x4b, 0xfd, 0xdd, 0xff, 0xed, 0xa0, 0x00,
    0x00, 0x0f, 0xb0, 0x00, 0x00, 0xbf, 0x00, 0x0a,
    0xf2, 0x00, 0x00, 0x00, 0x00, 0xfb, 0x00, 0x00,
    0x0c, 0xf0, 0x00, 0xaf, 0x20, 0x00, 0xcf, 0xff,
    0xff, 0xff, 0xff, 0xf2, 0xce, 0x00, 0x0a, 0xf2,
    0x00, 0x07, 0x88, 0x88, 0xfd, 0x88, 0x88, 0x1d,
    0xd0, 0x00, 0xaf, 0x20, 0x00, 0x00, 0x83, 0x0f,
    0xb1, 0x81, 0x00, 0xfc, 0x00, 0x0a, 0xf2, 0x00,
    0x00, 0x4f, 0x60, 0xfb, 0x0e, 0xb0, 0x1f, 0xa0,
    0x00, 0xaf, 0x20, 0x00, 0x0c, 0xd0, 0x0f, 0xb0,
    0x5f, 0x45, 0xf7, 0x00, 0x0a, 0xf2, 0x00, 0x08,
    0xf5, 0x00, 0xfb, 0x00, 0xdb, 0x9f, 0x30, 0x00,
    0xaf, 0x20, 0x00, 0x68, 0x00, 0x0f, 0xb0, 0x02,
    0x1e, 0xf0, 0x00, 0x0a, 0xf2, 0x00, 0x00, 0x00,
    0x88, 0xfa, 0x00, 0x08, 0xfa, 0x00, 0x00, 0xaf,
    0x20, 0x00, 0x00, 0x0b, 0xfd, 0x40, 0x00, 0x9f,
    0x30, 0x00, 0x0a, 0xf2, 0x00, 0x00, 0x00, 0x00,
    0x00, 0x00, 0x00, 0x50, 0x00, 0x00, 0xaf, 0x20,
    0x00,

    /* U+65E0 "无" */
    0x01, 0xaa, 0xaa, 0xaa, 0xaa, 0xaa, 0xaa, 0xaa,
    0xaa, 0xaa, 0x60, 0x00, 0x1f, 0xff, 0xff, 0xff,
    0xff, 0xff, 0xff, 0xff, 0xff, 0xf9, 0x00, 0x00,
    0x22, 0x22, 0x22, 0x24, 0xfb, 0x22, 0x22, 0x22,
    0x22, 0x10, 0x00, 0x00, 0x00, 0x00, 0x00, 0x3f,
    0x90, 0x00, 0x00, 0x00, 0x00, 0x00, 0x00, 0x00,
    0x00, 0x00, 0x04, 0xf8, 0x00, 0x00, 0x00, 0x00,
    0x00, 0x00, 0x00, 0x00, 0x00, 0x00, 0x5f, 0x70,
    0x00, 0x00, 0x00, 0x00, 0x00, 0x00, 0x00, 0x00,
    0x00, 0x07, 0xf5, 0x00, 0x00, 0x00, 0x00, 0x00,
    0x04, 0x66, 0x66, 0x66, 0x66, 0xcf, 0x86, 0x66,
    0x66, 0x66, 0x66, 0x50, 0xcf, 0xff, 0xff, 0xff,
    0xff, 0xff, 0xff, 0xff, 0xff, 0xff, 0xfd, 0x04,
    0x55, 0x55, 0x55, 0x56, 0xfe, 0xbf, 0x85, 0x55,
    0x55, 0x55, 0x40, 0x00, 0x00, 0x00, 0x00, 0x4f,
    0x99, 0xf4, 0x00, 0x00, 0x00, 0x00, 0x00, 0x00,
    0x00, 0x00, 0x0a, 0xf3, 0x9f, 0x40, 0x00, 0x00,
    0x00, 0x00, 0x00, 0x00, 0x00, 0x02, 0xfd, 0x09,
    0xf4, 0x00, 0x00, 0x00, 0x00, 0x00, 0x00, 0x00,
    0x00, 0xbf, 0x60, 0x9f, 0x40, 0x00, 0x00, 0x00,
    0x00, 0x00, 0x00, 0x00, 0x6f, 0xd0, 0x09, 0xf4,
    0x00, 0x00, 0x00, 0x20, 0x00, 0x00, 0x00, 0x4f,
    0xf3, 0x00, 0x9f, 0x40, 0x00, 0x00, 0x09, 0xe2,
    0x00, 0x00, 0x5f, 0xf5, 0x00, 0x09, 0xf4, 0x00,
    0x00, 0x00, 0xaf, 0x10, 0x01, 0x9f, 0xf5, 0x00,
    0x00, 0x9f, 0x50, 0x00, 0x00, 0x0e, 0xe0, 0x18,
    0xff, 0xd3, 0x00, 0x00, 0x07, 0xff, 0xcc, 0xcc,
    0xce, 0xfa, 0x08, 0xff, 0x80, 0x00, 0x00, 0x00,
    0x0a, 0xef, 0xff, 0xff, 0xfc, 0x10, 0x06, 0x10,
    0x00, 0x00, 0x00, 0x00, 0x00, 0x00, 0x00, 0x00,
    0x00, 0x00,

    /* U+65E5 "日" */
    0xac, 0xcc, 0xcc, 0xcc, 0xcc, 0xcc, 0xcc, 0xcb,
    0xdf, 0xff, 0xff, 0xff, 0xff, 0xff, 0xff, 0xfe,
    0xdf, 0x00, 0x00, 0x00, 0x00, 0x00, 0x00, 0xfe,
    0xdf, 0x00, 0x00, 0x00, 0x00, 0x00, 0x00, 0xfe,
    0xdf, 0x00, 0x00, 0x00, 0x00, 0x00, 0x00, 0xfe,
    0xdf, 0x00, 0x00, 0x00, 0x00, 0x00, 0x00, 0xfe,
    0xdf, 0x00, 0x00, 0x00, 0x00, 0x00, 0x00, 0xfe,
    0xdf, 0x00, 0x00, 0x00, 0x00, 0x00, 0x00, 0xfe,
    0xdf, 0x00, 0x00, 0x00, 0x00, 0x00, 0x00, 0xfe,
    0xdf, 0xff, 0xff, 0xff, 0xff, 0xff, 0xff, 0xfe,
    0xdf, 0xbb, 0xbb, 0xbb, 0xbb, 0xbb, 0xbb, 0xfe,
    0xdf, 0x00, 0x00, 0x00, 0x00, 0x00, 0x00, 0xfe,
    0xdf, 0x00, 0x00, 0x00, 0x00, 0x00, 0x00, 0xfe,
    0xdf, 0x00, 0x00, 0x00, 0x00, 0x00, 0x00, 0xfe,
    0xdf, 0x00, 0x00, 0x00, 0x00, 0x00, 0x00, 0xfe,
    0xdf, 0x00, 0x00, 0x00, 0x00, 0x00, 0x00, 0xfe,
    0xdf, 0x00, 0x00, 0x00, 0x00, 0x00, 0x00, 0xfe,
    0xdf, 0xcc, 0xcc, 0xcc, 0xcc, 0xcc, 0xcc, 0xfe,
    0xdf, 0xff, 0xff, 0xff, 0xff, 0xff, 0xff, 0xfe,
    0xdf, 0x00, 0x00, 0x00, 0x00, 0x00, 0x00, 0xfe,
    0xdf, 0x00, 0x00, 0x00, 0x00, 0x00, 0x00, 0xfe,

    /* U+65F6 "时" */
    0x00, 0x00, 0x00, 0x00, 0x00, 0x00, 0x00, 0x00,
    0x9d, 0x10, 0x00, 0x01, 0x00, 0x00, 0x00, 0x00,
    0x00, 0x00, 0x00, 0xbf, 0x10, 0x00, 0xef, 0xff,
    0xff, 0xfa, 0x00, 0x00, 0x00, 0x00, 0xbf, 0x10,
    0x00, 0xef, 0x99, 0x99, 0xfa, 0x00, 0x00, 0x00,
    0x00, 0xbf, 0x10, 0x00, 0xed, 0x00, 0x00, 0xfa,
    0x12, 0x22, 0x22, 0x22, 0xcf, 0x42, 0x20, 0xed,
    0x00, 0x00, 0xfa, 0x7f, 0xff, 0xff, 0xff, 0xff,
    0xff, 0xf0, 0xed, 0x00, 0x00, 0xfa, 0x5a, 0xaa,
    0xaa, 0xaa, 0xef, 0xba, 0xa0, 0xed, 0x00, 0x00,
    0xfa, 0x00, 0x00, 0x00, 0x00, 0xbf, 0x10, 0x00,
    0xed, 0x00, 0x00, 0xfa, 0x00, 0x30, 0x00, 0x00,
    0xbf, 0x10, 0x00, 0xef, 0xff, 0xff, 0xfa, 0x06,
    0xf7, 0x00, 0x00, 0xbf, 0x10, 0x00, 0xef, 0x99,
    0x99, 0xfa, 0x00, 0xdf, 0x30, 0x00, 0xbf, 0x10,
    0x00, 0xed, 0x00, 0x00, 0xfa, 0x00, 0x3f, 0xd0,
    0x00, 0xbf, 0x10, 0x00, 0xed, 0x00, 0x00, 0xfa,
    0x00, 0x08, 0xf8, 0x00, 0xbf, 0x10, 0x00, 0xed,
    0x00, 0x00, 0xfa, 0x00, 0x00, 0xef, 0x20, 0xbf,
    0x10, 0x00, 0xed, 0x00, 0x00, 0xfa, 0x00, 0x00,
    0x5d, 0x30, 0xbf, 0x10, 0x00, 0xed, 0x00, 0x00,
    0xfa, 0x00, 0x00, 0x00, 0x00, 0xbf, 0x10, 0x00,
    0xef, 0xff, 0xff, 0xfa, 0x00, 0x00, 0x00, 0x00,
    0xbf, 0x10, 0x00, 0xef, 0x99, 0x99, 0x96, 0x00,
    0x00, 0x00, 0x00, 0xbf, 0x10, 0x00, 0xed, 0x00,
    0x00, 0x00, 0x00, 0x00, 0x00, 0x00, 0xbf, 0x10,
    0x00, 0x77, 0x00, 0x00, 0x00, 0x00, 0x00, 0x00,
    0x00, 0xbf, 0x10, 0x00, 0x00, 0x00, 0x00, 0x00,
    0x00, 0x04, 0xcb, 0xbc, 0xff, 0x00, 0x00, 0x00,
    0x00, 0x00, 0x00, 0x00, 0x00, 0xff, 0xff, 0xd5,
    0x00, 0x00, 0x00, 0x00, 0x00, 0x00, 0x00, 0x00,
    0x00, 0x00, 0x00, 0x00, 0x00,

    /* U+662F "是" */
    0x00, 0x00, 0x22, 0x22, 0x22, 0x22, 0x22, 0x22,
    0x22, 0x22, 0x00, 0x00, 0x00, 0x01, 0xff, 0xff,
    0xff, 0xff, 0xff, 0xff, 0xff, 0xff, 0x00, 0x00,
    0x00, 0x01, 0xfb, 0x33, 0x33, 0x33, 0x33, 0x33,
    0x33, 0xdf, 0x00, 0x00, 0x00, 0x01, 0xfa, 0x00,
    0x00, 0x00, 0x00, 0x00, 0x00, 0xdf, 0x00, 0x00,
    0x00, 0x01, 0xff, 0xff, 0xff, 0xff, 0xff, 0xff,
    0xff, 0xff, 0x00, 0x00, 0x00, 0x01, 0xfc, 0x55,
    0x55, 0x55, 0x55, 0x55, 0x55, 0xef, 0x00, 0x00,
    0x00, 0x01, 0xfa, 0x00, 0x00, 0x00, 0x00, 0x00,
    0x00, 0xdf, 0x00, 0x00, 0x00, 0x01, 0xfc, 0x66,
    0x66, 0x66, 0x66, 0x66, 0x66, 0xef, 0x00, 0x00,
    0x00, 0x00, 0xff, 0xff, 0xff, 0xff, 0xff, 0xff,
    0xff, 0xff, 0x00, 0x00, 0x00, 0x00, 0x00, 0x00,
    0x00, 0x00, 0x00, 0x00, 0x00, 0x00, 0x00, 0x00,
    0x05, 0x99, 0x99, 0x99, 0x99, 0x99, 0x99, 0x99,
    0x99, 0x99, 0x99, 0x60, 0x09, 0xff, 0xff, 0xff,
    0xff, 0xff, 0xff, 0xff, 0xff, 0xff, 0xff, 0xa0,
    0x00, 0x00, 0x00, 0x00, 0x00, 0x0b, 0xf1, 0x00,
    0x00, 0x00, 0x00, 0x00, 0x00, 0x00, 0x09, 0xf3,
    0x00, 0x0b, 0xf1, 0x00, 0x00, 0x00, 0x00, 0x00,
    0x00, 0x00, 0x0d, 0xf0, 0x00, 0x0b, 0xf2, 0x11,
    0x11, 0x11, 0x10, 0x00, 0x00, 0x00, 0x2f, 0xc0,
    0x00, 0x0b, 0xff, 0xff, 0xff, 0xff, 0xf1, 0x00,
    0x00, 0x00, 0x9f, 0xf4, 0x00, 0x0b, 0xf9, 0x88,
    0x88, 0x88, 0x80, 0x00, 0x00, 0x02, 0xfd, 0xee,
    0x40, 0x0b, 0xf1, 0x00, 0x00, 0x00, 0x00, 0x00,
    0x00, 0x0c, 0xf3, 0x3f, 0xfa, 0x4b, 0xf1, 0x00,
    0x00, 0x00, 0x00, 0x00, 0x00, 0xbf, 0x70, 0x02,
    0xbf, 0xff, 0xfd, 0xbb, 0xbb, 0xbb, 0xbb, 0xa0,
    0x0b, 0xf7, 0x00, 0x00, 0x02, 0x7b, 0xde, 0xff,
    0xff, 0xff, 0xff, 0x90, 0x01, 0x40, 0x00, 0x00,
    0x00, 0x00, 0x00, 0x00, 0x00, 0x00, 0x00, 0x00,

    /* U+663E "显" */
    0x00, 0x00, 0xef, 0xff, 0xff, 0xff, 0xff, 0xff,
    0xff, 0xff, 0x00, 0x00, 0x00, 0x00, 0xee, 0x77,
    0x77, 0x77, 0x77, 0x77, 0x77, 0xef, 0x00, 0x00,
    0x00, 0x00, 0xed, 0x00, 0x00, 0x00, 0x00, 0x00,
    0x00, 0xdf, 0x00, 0x00, 0x00, 0x00, 0xed, 0x11,
    0x11, 0x11, 0x11, 0x11, 0x11, 0xdf, 0x00, 0x00,
    0x00, 0x00, 0xef, 0xff, 0xff, 0xff, 0xff, 0xff,
    0xff, 0xff, 0x00, 0x00, 0x00, 0x00, 0xee, 0x55,
    0x55, 0x55, 0x55, 0x55, 0x55, 0xef, 0x00, 0x00,
    0x00, 0x00, 0xed, 0x00, 0x00, 0x00, 0x00, 0x00,
    0x00, 0xdf, 0x00, 0x00, 0x00, 0x00, 0xed, 0x33,
    0x33, 0x33, 0x33, 0x33, 0x33, 0xef, 0x00, 0x00,
    0x00, 0x00, 0xef, 0xff, 0xff, 0xff, 0xff, 0xff,
    0xff, 0xff, 0x00, 0x00, 0x00, 0x00, 0x44, 0x44,
    0x44, 0x44, 0x44, 0x44, 0x44, 0x44, 0x00, 0x00,
    0x00, 0x00, 0x00, 0x00, 0x7c, 0x00, 0x01, 0xc7,
    0x00, 0x00, 0x00, 0x00, 0x00, 0x06, 0x60, 0x00,
    0xaf, 0x10, 0x01, 0xfa, 0x00, 0x06, 0x91, 0x00,
    0x00, 0x0a, 0xf2, 0x00, 0xaf, 0x10, 0x01, 0xfa,
    0x00, 0x1f, 0xd0, 0x00, 0x00, 0x01, 0xfb, 0x00,
    0xaf, 0x10, 0x01, 0xfa, 0x00, 0xbf, 0x30, 0x00,
    0x00, 0x00, 0x8f, 0x50, 0xaf, 0x10, 0x01, 0xfa,
    0x06, 0xf7, 0x00, 0x00, 0x00, 0x00, 0x0e, 0xd0,
    0xaf, 0x10, 0x01, 0xfa, 0x2f, 0xb0, 0x00, 0x00,
    0x00, 0x00, 0x06, 0x50, 0xaf, 0x10, 0x01, 0xfa,
    0x07, 0x10, 0x00, 0x00, 0x00, 0x00, 0x00, 0x00,
    0xaf, 0x10, 0x01, 0xfa, 0x00, 0x00, 0x00, 0x00,
    0x1f, 0xff, 0xff, 0xff, 0xff, 0xff, 0xff, 0xff,
    0xff, 0xff, 0xff, 0xf3, 0x1c, 0xcc, 0xcc, 0xcc,
    0xcc, 0xcc, 0xcc, 0xcc, 0xcc, 0xcc, 0xcc, 0xc3,

    /* U+6682 "暂" */
    0x00, 0x00, 0x00, 0x00, 0x00, 0x00, 0x00, 0x00,
    0x00, 0x00, 0x00, 0x00, 0x00, 0xae, 0x20, 0x00,
    0x00, 0x00, 0x00, 0x01, 0x48, 0x40, 0x67, 0x78,
    0xff, 0x77, 0x77, 0x71, 0x59, 0xac, 0xff, 0xff,
    0xb0, 0xef, 0xff, 0xff, 0xff, 0xff, 0xf3, 0xaf,
    0xb9, 0x85, 0x30, 0x00, 0x00, 0x6f, 0x70, 0x10,
    0x00, 0x00, 0xaf, 0x00, 0x00, 0x00, 0x00, 0x02,
    0xfb, 0x00, 0xfa, 0x00, 0x00, 0xaf, 0x00, 0x00,
    0x00, 0x00, 0x2e, 0xf9, 0x88, 0xfd, 0x88, 0x82,
    0xaf, 0xbb, 0xbb, 0xbb, 0xb9, 0x2f, 0xff, 0xff,
    0xff, 0xff, 0xf4, 0xaf, 0xcc, 0xcf, 0xfc, 0xca,
    0x02, 0x00, 0x00, 0xfa, 0x00, 0x00, 0xcd, 0x00,
    0x0c, 0xe0, 0x00, 0x00, 0x00, 0x01, 0xfc, 0x57,
    0x83, 0xeb, 0x00, 0x0c, 0xe0, 0x00, 0x7b, 0xcd,
    0xff, 0xff, 0xff, 0xd7, 0xf7, 0x00, 0x0c, 0xe0,
    0x00, 0xbd, 0xba, 0x86, 0xfb, 0x10, 0x08, 0xf2,
    0x00, 0x0c, 0xe0, 0x00, 0x00, 0x00, 0x00, 0xfa,
    0x00, 0x0e, 0xb0, 0x00, 0x0c, 0xe0, 0x00, 0x00,
    0x00, 0x11, 0x96, 0x11, 0x13, 0x21, 0x11, 0x17,
    0x70, 0x00, 0x00, 0x0c, 0xff, 0xff, 0xff, 0xff,
    0xff, 0xff, 0xff, 0xc0, 0x00, 0x00, 0x0c, 0xf5,
    0x55, 0x55, 0x55, 0x55, 0x55, 0x5f, 0xc0, 0x00,
    0x00, 0x0c, 0xe0, 0x00, 0x00, 0x00, 0x00, 0x00,
    0x0f, 0xc0, 0x00, 0x00, 0x0c, 0xfe, 0xee, 0xee,
    0xee, 0xee, 0xee, 0xef, 0xc0, 0x00, 0x00, 0x0c,
    0xf6, 0x66, 0x66, 0x66, 0x66, 0x66, 0x6f, 0xc0,
    0x00, 0x00, 0x0c, 0xe0, 0x00, 0x00, 0x00, 0x00,
    0x00, 0x0f, 0xc0, 0x00, 0x00, 0x0c, 0xf7, 0x77,
    0x77, 0x77, 0x77, 0x77, 0x7f, 0xc0, 0x00, 0x00,
    0x0c, 0xff, 0xff, 0xff, 0xff, 0xff, 0xff, 0xff,
    0xc0, 0x00, 0x00, 0x0c, 0xe0, 0x00, 0x00, 0x00,
    0x00, 0x00, 0x0f, 0xc0, 0x00, 0x00, 0x00, 0x00,
    0x00, 0x00, 0x00, 0x00, 0x00, 0x00, 0x00, 0x00,

    /* U+6697 "暗" */
    0x00, 0x00, 0x00, 0x00, 0x00, 0x00, 0x03, 0x10,
    0x00, 0x00, 0x00, 0x00, 0x00, 0x00, 0x00, 0x00,
    0x00, 0x4f, 0x90, 0x00, 0x00, 0x00, 0x9a, 0x99,
    0x99, 0x50, 0x00, 0x00, 0x0e, 0xf0, 0x00, 0x00,
    0x00, 0xff, 0xff, 0xff, 0x91, 0x88, 0x88, 0x8d,
    0xfa, 0x88, 0x88, 0x20, 0xfb, 0x11, 0x1f, 0x93,
    0xff, 0xff, 0xff, 0xff, 0xff, 0xff, 0x50, 0xfa,
    0x00, 0x0f, 0x90, 0x04, 0xb3, 0x00, 0x00, 0x2b,
    0x60, 0x00, 0xfa, 0x00, 0x0f, 0x90, 0x02, 0xf8,
    0x00, 0x00, 0x6f, 0x60, 0x00, 0xfa, 0x00, 0x0f,
    0x90, 0x00, 0xde, 0x00, 0x00, 0xcf, 0x00, 0x00,
    0xfa, 0x00, 0x0f, 0x91, 0x11, 0x9e, 0x31, 0x14,
    0xf9, 0x11, 0x10, 0xfe, 0x99, 0x9f, 0x9d, 0xff,
    0xff, 0xff, 0xff, 0xff, 0xff, 0xf1, 0xff, 0xff,
    0xff, 0x96, 0x88, 0x88, 0x88, 0x88, 0x88, 0x88,
    0x80, 0xfb, 0x00, 0x0f, 0x90, 0x00, 0x00, 0x00,
    0x00, 0x00, 0x00, 0x00, 0xfa, 0x00, 0x0f, 0x90,
    0x27, 0x77, 0x77, 0x77, 0x77, 0x74, 0x00, 0xfa,
    0x00, 0x0f, 0x90, 0x4f, 0xff, 0xff, 0xff, 0xff,
    0xf8, 0x00, 0xfa, 0x00, 0x0f, 0x90, 0x4f, 0x60,
    0x00, 0x00, 0x03, 0xf8, 0x00, 0xfa, 0x00, 0x0f,
    0x90, 0x4f, 0x50, 0x00, 0x00, 0x03, 0xf8, 0x00,
    0xfb, 0x00, 0x0f, 0x90, 0x4f, 0xa6, 0x66, 0x66,
    0x68, 0xf8, 0x00, 0xff, 0xff, 0xff, 0x90, 0x4f,
    0xff, 0xff, 0xff, 0xff, 0xf8, 0x00, 0xfe, 0x99,
    0x99, 0x50, 0x4f, 0x60, 0x00, 0x00, 0x03, 0xf8,
    0x00, 0xfa, 0x00, 0x00, 0x00, 0x4f, 0x50, 0x00,
    0x00, 0x03, 0xf8, 0x00, 0x75, 0x00, 0x00, 0x00,
    0x4f, 0xb9, 0x99, 0x99, 0x9a, 0xf8, 0x00, 0x00,
    0x00, 0x00, 0x00, 0x4f, 0xff, 0xff, 0xff, 0xff,
    0xf8, 0x00, 0x00, 0x00, 0x00, 0x00, 0x4f, 0x50,
    0x00, 0x00, 0x03, 0xf8, 0x00, 0x00, 0x00, 0x00,
    0x00, 0x00, 0x00, 0x00, 0x00, 0x00, 0x00, 0x00,

    /* U+66F4 "更" */
    0x4b, 0xbb, 0xbb, 0xbb, 0xbb, 0xbb, 0xbb, 0xbb,
    0xbb, 0xbb, 0xb4, 0x06, 0xff, 0xff, 0xff, 0xff,
    0xff, 0xff, 0xff, 0xff, 0xff, 0xff, 0x60, 0x00,
    0x00, 0x00, 0x00, 0x00, 0xcf, 0x10, 0x00, 0x00,
    0x00, 0x00, 0x00, 0x00, 0x00, 0x00, 0x00, 0x0c,
    0xf2, 0x00, 0x00, 0x00, 0x00, 0x00, 0x00, 0x1f,
    0xff, 0xff, 0xff, 0xff, 0xff, 0xff, 0xff, 0xff,
    0x10, 0x00, 0x01, 0xfc, 0x77, 0x77, 0x7e, 0xf8,
    0x77, 0x77, 0x7d, 0xf1, 0x00, 0x00, 0x1f, 0xa0,
    0x00, 0x00, 0xcf, 0x10, 0x00, 0x00, 0xbf, 0x10,
    0x00, 0x01, 0xfb, 0x44, 0x44, 0x4d, 0xf5, 0x44,
    0x44, 0x4c, 0xf1, 0x00, 0x00, 0x1f, 0xff, 0xff,
    0xff, 0xff, 0xff, 0xff, 0xff, 0xff, 0x10, 0x00,
    0x01, 0xfb, 0x22, 0x22, 0x2d, 0xf3, 0x22, 0x22,
    0x2c, 0xf1, 0x00, 0x00, 0x1f, 0xa0, 0x00, 0x00,
    0xcf, 0x10, 0x00, 0x00, 0xbf, 0x10, 0x00, 0x01,
    0xfc, 0x77, 0x77, 0x7e, 0xf7, 0x77, 0x77, 0x7d,
    0xf1, 0x00, 0x00, 0x1f, 0xff, 0xff, 0xff, 0xff,
    0xff, 0xff, 0xff, 0xff, 0x10, 0x00, 0x00, 0x17,
    0x50, 0x00, 0x3f, 0xc0, 0x00, 0x00, 0x00, 0x00,
    0x00, 0x00, 0x00, 0xee, 0x20, 0x08, 0xf7, 0x00,
    0x00, 0x00, 0x00, 0x00, 0x00, 0x00, 0x04, 0xfe,
    0x22, 0xff, 0x10, 0x00, 0x00, 0x00, 0x00, 0x00,
    0x00, 0x00, 0x06, 0xff, 0xef, 0x60, 0x00, 0x00,
    0x00, 0x00, 0x00, 0x00, 0x00, 0x00, 0x0b, 0xff,
    0xf5, 0x00, 0x00, 0x00, 0x00, 0x00, 0x00, 0x00,
    0x03, 0x9e, 0xfe, 0xaf, 0xff, 0xb8, 0x52, 0x10,
    0x00, 0x00, 0x05, 0xbf, 0xff, 0xe8, 0x10, 0x17,
    0xcf, 0xff, 0xff, 0xfe, 0xdc, 0xb0, 0x2f, 0xd9,
    0x40, 0x00, 0x00, 0x00, 0x04, 0x69, 0xbc, 0xef,
    0xfa, 0x00, 0x00, 0x00, 0x00, 0x00, 0x00, 0x00,
    0x00, 0x00, 0x00, 0x00, 0x00,

    /* U+6700 "最" */
    0x00, 0x03, 0x55, 0x55, 0x55, 0x55, 0x55, 0x55,
    0x55, 0x40, 0x00, 0x00, 0x0c, 0xff, 0xff, 0xff,
    0xff, 0xff, 0xff, 0xff, 0xe0, 0x00, 0x00, 0x0c,
    0xf0, 0x00, 0x00, 0x00, 0x00, 0x00, 0x0e, 0xe0,
    0x00, 0x00, 0x0c, 0xf4, 0x44, 0x44, 0x44, 0x44,
    0x44, 0x4f, 0xe0, 0x00, 0x00, 0x0c, 0xff, 0xff,
    0xff, 0xff, 0xff, 0xff, 0xff, 0xe0, 0x00, 0x00,
    0x0c, 0xf0, 0x00, 0x00, 0x00, 0x00, 0x00, 0x0e,
    0xe0, 0x00, 0x00, 0x0c, 0xf5, 0x55, 0x55, 0x55,
    0x55, 0x55, 0x5f, 0xe0, 0x00, 0x00, 0x0b, 0xff,
    0xff, 0xff, 0xff, 0xff, 0xff, 0xff, 0xd0, 0x00,
    0x00, 0x00, 0x00, 0x00, 0x00, 0x00, 0x00, 0x00,
    0x00, 0x00, 0x00, 0x9b, 0xbb, 0xbb, 0xbb, 0xbb,
    0xbb, 0xbb, 0xbb, 0xbb, 0xbb, 0xb6, 0xad, 0xef,
    0xdd, 0xdd, 0xff, 0xdd, 0xdd, 0xdd, 0xdd, 0xdd,
    0xd7, 0x00, 0x8f, 0x20, 0x00, 0xbf, 0x00, 0x00,
    0x00, 0x00, 0x00, 0x00, 0x00, 0x8f, 0xdd, 0xdd,
    0xff, 0x0c, 0xff, 0xff, 0xff, 0xff, 0xa0, 0x00,
    0x8f, 0x98, 0x88, 0xdf, 0x07, 0xfd, 0x88, 0x88,
    0x9f, 0x80, 0x00, 0x8f, 0x20, 0x00, 0xbf, 0x00,
    0xbf, 0x10, 0x00, 0x8f, 0x10, 0x00, 0x8f, 0xff,
    0xff, 0xff, 0x00, 0x3f, 0xa0, 0x03, 0xf8, 0x00,
    0x00, 0x8f, 0x76, 0x66, 0xdf, 0x00, 0x08, 0xf7,
    0x2e, 0xd0, 0x00, 0x00, 0x8f, 0x20, 0x00, 0xcf,
    0x52, 0x00, 0xcf, 0xee, 0x20, 0x00, 0x35, 0xbf,
    0xbc, 0xef, 0xff, 0xf5, 0x00, 0x7f, 0xfc, 0x10,
    0x00, 0xcf, 0xff, 0xfd, 0xa8, 0xdf, 0x20, 0x4c,
    0xfc, 0xbf, 0xf8, 0x10, 0x55, 0x31, 0x00, 0x00,
    0xbf, 0x1d, 0xff, 0x70, 0x06, 0xef, 0xf8, 0x00,
    0x00, 0x00, 0x00, 0xbf, 0x09, 0x81, 0x00, 0x00,
    0x06, 0xc2,

    /* U+6708 "月" */
    0x00, 0x00, 0x0f, 0xff, 0xff, 0xff, 0xff, 0xff,
    0xff, 0xfd, 0x00, 0x00, 0x0f, 0xfc, 0xcc, 0xcc,
    0xcc, 0xcc, 0xcc, 0xfe, 0x00, 0x00, 0x0f, 0xc0,
    0x00, 0x00, 0x00, 0x00, 0x00, 0xfe, 0x00, 0x00,
    0x0f, 0xc0, 0x00, 0x00, 0x00, 0x00, 0x00, 0xfe,
    0x00, 0x00, 0x0f, 0xc0, 0x00, 0x00, 0x00, 0x00,
    0x00, 0xfe, 0x00, 0x00, 0x0f, 0xc0, 0x00, 0x00,
    0x00, 0x00, 0x00, 0xfe, 0x00, 0x00, 0x0f, 0xff,
    0xff, 0xff, 0xff, 0xff, 0xff, 0xfe, 0x00, 0x00,
    0x0f, 0xea, 0xaa, 0xaa, 0xaa, 0xaa, 0xaa, 0xfe,
    0x00, 0x00, 0x0f, 0xc0, 0x00, 0x00, 0x00, 0x00,
    0x00, 0xfe, 0x00, 0x00, 0x1f, 0xb0, 0x00, 0x00,
    0x00, 0x00, 0x00, 0xfe, 0x00, 0x00, 0x2f, 0xa0,
    0x00, 0x00, 0x00, 0x00, 0x00, 0xfe, 0x00, 0x00,
    0x4f, 0xa1, 0x11, 0x11, 0x11, 0x11, 0x11, 0xfe,
    0x00, 0x00, 0x6f, 0xff, 0xff, 0xff, 0xff, 0xff,
    0xff, 0xfe, 0x00, 0x00, 0xaf, 0xba, 0xaa, 0xaa,
    0xaa, 0xaa, 0xaa, 0xfe, 0x00, 0x00, 0xef, 0x00,
    0x00, 0x00, 0x00, 0x00, 0x00, 0xfe, 0x00, 0x04,
    0xfb, 0x00, 0x00, 0x00, 0x00, 0x00, 0x00, 0xfe,
    0x00, 0x0b, 0xf5, 0x00, 0x00, 0x00, 0x00, 0x00,
    0x00, 0xfe, 0x00, 0x4f, 0xd0, 0x00, 0x00, 0x00,
    0x00, 0x00, 0x00, 0xfe, 0x01, 0xef, 0x50, 0x00,
    0x00, 0x00, 0x00, 0x00, 0x00, 0xfe, 0x1d, 0xf9,
    0x00, 0x00, 0x00, 0x00, 0x1d, 0xdd, 0xde, 0xfc,
    0x08, 0xb0, 0x00, 0x00, 0x00, 0x00, 0x0b, 0xff,
    0xfe, 0xb2, 0x00, 0x00, 0x00, 0x00, 0x00, 0x00,
    0x00, 0x00, 0x00, 0x00,

    /* U+672A "未" */
    0x00, 0x00, 0x00, 0x00, 0x00, 0x0f, 0xe0, 0x00,
    0x00, 0x00, 0x00, 0x00, 0x00, 0x00, 0x00, 0x00,
    0x00, 0x0f, 0xe0, 0x00, 0x00, 0x00, 0x00, 0x00,
    0x00, 0x00, 0x00, 0x00, 0x00, 0x0f, 0xe0, 0x00,
    0x00, 0x00, 0x00, 0x00, 0x00, 0x00, 0x00, 0x00,
    0x00, 0x0f, 0xe0, 0x00, 0x00, 0x00, 0x00, 0x00,
    0x00, 0x0d, 0xff, 0xff, 0xff, 0xff, 0xff, 0xff,
    0xff, 0xff, 0xf0, 0x00, 0x00, 0x09, 0xbb, 0xbb,
    0xbb, 0xbf, 0xfb, 0xbb, 0xbb, 0xbb, 0xb0, 0x00,
    0x00, 0x00, 0x00, 0x00, 0x00, 0x0f, 0xe0, 0x00,
    0x00, 0x00, 0x00, 0x00, 0x00, 0x00, 0x00, 0x00,
    0x00, 0x0f, 0xe0, 0x00, 0x00, 0x00, 0x00, 0x00,
    0x00, 0x00, 0x00, 0x00, 0x00, 0x0f, 0xe0, 0x00,
    0x00, 0x00, 0x00, 0x00, 0x00, 0x11, 0x11, 0x11,
    0x11, 0x1f, 0xe1, 0x11, 0x11, 0x11, 0x11, 0x00,
    0x08, 0xff, 0xff, 0xff, 0xff, 0xff, 0xff, 0xff,
    0xff, 0xff, 0xff, 0x90, 0x05, 0xbb, 0xbb, 0xbb,
    0xbb, 0xff, 0xff, 0xbb, 0xbb, 0xbb, 0xbb, 0x60,
    0x00, 0x00, 0x00, 0x00, 0x0a, 0xff, 0xff, 0x90,
    0x00, 0x00, 0x00, 0x00, 0x00, 0x00, 0x00, 0x00,
    0x7f, 0xbf, 0xeb, 0xf7, 0x00, 0x00, 0x00, 0x00,
    0x00, 0x00, 0x00, 0x07, 0xfd, 0x0f, 0xe0, 0xdf,
    0x70, 0x00, 0x00, 0x00, 0x00, 0x00, 0x00, 0x8f,
    0xd1, 0x0f, 0xe0, 0x1d, 0xf8, 0x00, 0x00, 0x00,
    0x00, 0x00, 0x1b, 0xfd, 0x10, 0x0f, 0xe0, 0x01,
    0xdf, 0xa0, 0x00, 0x00, 0x00, 0x04, 0xef, 0xb1,
    0x00, 0x0f, 0xe0, 0x00, 0x1c, 0xfe, 0x40, 0x00,
    0x02, 0xaf, 0xf8, 0x00, 0x00, 0x0f, 0xe0, 0x00,
    0x00, 0x9f, 0xfa, 0x20, 0x0c, 0xfd, 0x40, 0x00,
    0x00, 0x0f, 0xe0, 0x00, 0x00, 0x04, 0xef, 0xc0,
    0x01, 0x70, 0x00, 0x00, 0x00, 0x0f, 0xe0, 0x00,
    0x00, 0x00, 0x07, 0x10, 0x00, 0x00, 0x00, 0x00,
    0x00, 0x0f, 0xe0, 0x00, 0x00, 0x00, 0x00, 0x00,

    /* U+672C "本" */
    0x00, 0x00, 0x00, 0x00, 0x00, 0x01, 0x10, 0x00,
    0x00, 0x00, 0x00, 0x00, 0x00, 0x00, 0x00, 0x00,
    0x00, 0x0f, 0xf0, 0x00, 0x00, 0x00, 0x00, 0x00,
    0x00, 0x00, 0x00, 0x00, 0x00, 0x0f, 0xf0, 0x00,
    0x00, 0x00, 0x00, 0x00, 0x00, 0x00, 0x00, 0x00,
    0x00, 0x0f, 0xf0, 0x00, 0x00, 0x00, 0x00, 0x00,
    0x00, 0x00, 0x00, 0x00, 0x00, 0x0f, 0xf0, 0x00,
    0x00, 0x00, 0x00, 0x00, 0x00, 0x00, 0x00, 0x00,
    0x00, 0x0f, 0xf0, 0x00, 0x00, 0x00, 0x00, 0x00,
    0x07, 0xff, 0xff, 0xff, 0xff, 0xff, 0xff, 0xff,
    0xff, 0xff, 0xff, 0x70, 0x05, 0xcc, 0xcc, 0xcc,
    0xdf, 0xef, 0xff, 0xfc, 0xcc, 0xcc, 0xcc, 0x60,
    0x00, 0x00, 0x00, 0x00, 0x8f, 0x5f, 0xf7, 0xf6,
    0x00, 0x00, 0x00, 0x00, 0x00, 0x00, 0x00, 0x01,
    0xfe, 0x0f, 0xf1, 0xfd, 0x00, 0x00, 0x00, 0x00,
    0x00, 0x00, 0x00, 0x08, 0xf7, 0x0f, 0xf0, 0x8f,
    0x60, 0x00, 0x00, 0x00, 0x00, 0x00, 0x00, 0x2f,
    0xd0, 0x0f, 0xf0, 0x1e, 0xf1, 0x00, 0x00, 0x00,
    0x00, 0x00, 0x00, 0xcf, 0x50, 0x0f, 0xf0, 0x06,
    0xfb, 0x00, 0x00, 0x00, 0x00, 0x00, 0x08, 0xfa,
    0x00, 0x0f, 0xf0, 0x00, 0xcf, 0x70, 0x00, 0x00,
    0x00, 0x00, 0x5f, 0xe1, 0x00, 0x0f, 0xf0, 0x00,
    0x2f, 0xf5, 0x00, 0x00, 0x00, 0x04, 0xff, 0x30,
    0x00, 0x0f, 0xf0, 0x00, 0x04, 0xff, 0x50, 0x00,
    0x00, 0x5f, 0xf7, 0x22, 0x22, 0x2f, 0xf2, 0x22,
    0x22, 0x8f, 0xf6, 0x00, 0x08, 0xff, 0x69, 0xff,
    0xff, 0xff, 0xff, 0xff, 0xff, 0x87, 0xff, 0xb0,
    0x07, 0xf5, 0x06, 0xaa, 0xaa, 0xaf, 0xfa, 0xaa,
    0xaa, 0x50, 0x5f, 0x50, 0x00, 0x10, 0x00, 0x00,
    0x00, 0x0f, 0xf0, 0x00, 0x00, 0x00, 0x01, 0x00,
    0x00, 0x00, 0x00, 0x00, 0x00, 0x0f, 0xf0, 0x00,
    0x00, 0x00, 0x00, 0x00, 0x00, 0x00, 0x00, 0x00,
    0x00, 0x0f, 0xf0, 0x00, 0x00, 0x00, 0x00, 0x00,
    0x00, 0x00, 0x00, 0x00, 0x00, 0x0f, 0xf0, 0x00,
    0x00, 0x00, 0x00, 0x00,

    /* U+673A "机" */
    0x00, 0x00, 0x01, 0x20, 0x00, 0x00, 0x00, 0x00,
    0x00, 0x00, 0x00, 0x00, 0x00, 0x00, 0x0c, 0xf0,
    0x00, 0x00, 0x00, 0x00, 0x00, 0x00, 0x00, 0x00,
    0x00, 0x00, 0x0c, 0xf0, 0x00, 0x00, 0xcc, 0xcc,
    0xcc, 0xcb, 0x00, 0x00, 0x00, 0x00, 0x0c, 0xf0,
    0x00, 0x00, 0xff, 0xff, 0xff, 0xff, 0x00, 0x00,
    0x00, 0x00, 0x0c, 0xf0, 0x00, 0x00, 0xfb, 0x00,
    0x00, 0xcf, 0x00, 0x00, 0x00, 0x00, 0x0c, 0xf0,
    0x00, 0x00, 0xfb, 0x00, 0x00, 0xcf, 0x00, 0x00,
    0x0c, 0xff, 0xff, 0xff, 0xff, 0x80, 0xfb, 0x00,
    0x00, 0xcf, 0x00, 0x00, 0x08, 0xbb, 0xbf, 0xfb,
    0xbb, 0x60, 0xfb, 0x00, 0x00, 0xcf, 0x00, 0x00,
    0x00, 0x00, 0x3f, 0xf0, 0x00, 0x00, 0xfb, 0x00,
    0x00, 0xcf, 0x00, 0x00, 0x00, 0x00, 0x8f, 0xf0,
    0x00, 0x00, 0xfb, 0x00, 0x00, 0xcf, 0x00, 0x00,
    0x00, 0x00, 0xef, 0xf8, 0x00, 0x00, 0xfb, 0x00,
    0x00, 0xcf, 0x00, 0x00, 0x00, 0x04, 0xfe, 0xff,
    0x70, 0x01, 0xfa, 0x00, 0x00, 0xcf, 0x00, 0x00,
    0x00, 0x0b, 0xdc, 0xf9, 0xf5, 0x02, 0xf9, 0x00,
    0x00, 0xcf, 0x00, 0x00, 0x00, 0x2f, 0x6c, 0xf0,
    0xdf, 0x33, 0xf8, 0x00, 0x00, 0xcf, 0x00, 0x00,
    0x00, 0xaf, 0x0c, 0xf0, 0x2f, 0x55, 0xf6, 0x00,
    0x00, 0xcf, 0x00, 0x00, 0x04, 0xf8, 0x0c, 0xf0,
    0x03, 0x07, 0xf4, 0x00, 0x00, 0xcf, 0x00, 0x00,
    0x1e, 0xf1, 0x0c, 0xf0, 0x00, 0x0b, 0xf1, 0x00,
    0x00, 0xcf, 0x00, 0x10, 0x1f, 0x70, 0x0c, 0xf0,
    0x00, 0x0f, 0xc0, 0x00, 0x00, 0xcf, 0x00, 0xd4,
    0x04, 0x00, 0x0c, 0xf0, 0x00, 0x5f, 0x70, 0x00,
    0x00, 0xcf, 0x00, 0xe7, 0x00, 0x00, 0x0c, 0xf0,
    0x00, 0xcf, 0x10, 0x00, 0x00, 0xcf, 0x00, 0xf6,
    0x00, 0x00, 0x0c, 0xf0, 0x06, 0xf9, 0x00, 0x00,
    0x00, 0xcf, 0x00, 0xf6, 0x00, 0x00, 0x0c, 0xf0,
    0x2f, 0xe1, 0x00, 0x00, 0x00, 0xbf, 0xbc, 0xf3,
    0x00, 0x00, 0x0c, 0xf0, 0x2c, 0x30, 0x00, 0x00,
    0x00, 0x4e, 0xff, 0xa0, 0x00, 0x00, 0x00, 0x00,
    0x00, 0x00, 0x00, 0x00, 0x00, 0x00, 0x00, 0x00,

    /* U+67E5 "查" */
    0x00, 0x00, 0x00, 0x00, 0x00, 0x01, 0x10, 0x00,
    0x00, 0x00, 0x00, 0x00, 0x00, 0x00, 0x00, 0x00,
    0x00, 0x0d, 0xf0, 0x00, 0x00, 0x00, 0x00, 0x00,
    0x00, 0x00, 0x00, 0x00, 0x00, 0x0d, 0xf0, 0x00,
    0x00, 0x00, 0x00, 0x00, 0x00, 0x00, 0x00, 0x00,
    0x00, 0x0d, 0xf0, 0x00, 0x00, 0x00, 0x00, 0x00,
    0x0a, 0xff, 0xff, 0xff, 0xff, 0xff, 0xff, 0xff,
    0xff, 0xff, 0xff, 0xa0, 0x05, 0x88, 0x88, 0x88,
    0x9f, 0xff, 0xff, 0xf9, 0x88, 0x88, 0x88, 0x50,
    0x00, 0x00, 0x00, 0x01, 0xbf, 0x6d, 0xf4, 0xfc,
    0x10, 0x00, 0x00, 0x00, 0x00, 0x00, 0x00, 0x3d,
    0xf6, 0x0d, 0xf0, 0x4e, 0xe3, 0x00, 0x00, 0x00,
    0x00, 0x00, 0x08, 0xff, 0x50, 0x0d, 0xf0, 0x02,
    0xdf, 0x90, 0x00, 0x00, 0x00, 0x05, 0xdf, 0xc2,
    0x00, 0x0d, 0xf0, 0x00, 0x08, 0xfe, 0x70, 0x00,
    0x07, 0xdf, 0xe6, 0x00, 0x00, 0x07, 0x80, 0x00,
    0x00, 0x2b, 0xff, 0x90, 0x05, 0xe7, 0x08, 0xff,
    0xff, 0xff, 0xff, 0xff, 0xff, 0xc0, 0x3a, 0x50,
    0x00, 0x00, 0x08, 0xf7, 0x55, 0x55, 0x55, 0x55,
    0x6f, 0xd0, 0x00, 0x00, 0x00, 0x00, 0x08, 0xf3,
    0x00, 0x00, 0x00, 0x00, 0x1f, 0xd0, 0x00, 0x00,
    0x00, 0x00, 0x08, 0xf7, 0x44, 0x44, 0x44, 0x44,
    0x5f, 0xd0, 0x00, 0x00, 0x00, 0x00, 0x08, 0xff,
    0xff, 0xff, 0xff, 0xff, 0xff, 0xd0, 0x00, 0x00,
    0x00, 0x00, 0x08, 0xf3, 0x00, 0x00, 0x00, 0x00,
    0x1f, 0xd0, 0x00, 0x00, 0x00, 0x00, 0x08, 0xf6,
    0x33, 0x33, 0x33, 0x33, 0x4f, 0xd0, 0x00, 0x00,
    0x00, 0x00, 0x08, 0xff, 0xff, 0xff, 0xff, 0xff,
    0xff, 0xd0, 0x00, 0x00, 0x00, 0x00, 0x00, 0x11,
    0x11, 0x11, 0x11, 0x11, 0x11, 0x10, 0x00, 0x00,
    0x00, 0xaa, 0xaa, 0xaa, 0xaa, 0xaa, 0xaa, 0xaa,
    0xaa, 0xaa, 0xaa, 0x40, 0x01, 0xff, 0xff, 0xff,
    0xff, 0xff, 0xff, 0xff, 0xff, 0xff, 0xff, 0x70,

    /* U+6807 "标" */
    0x00, 0x00, 0x02, 0x10, 0x00, 0x00, 0x00, 0x00,
    0x00, 0x00, 0x00, 0x00, 0x00, 0x01, 0xfb, 0x00,
    0x00, 0x00, 0x00, 0x00, 0x00, 0x00, 0x00, 0x00,
    0x00, 0x1f, 0xb0, 0x00, 0x01, 0x22, 0x22, 0x22,
    0x22, 0x21, 0x00, 0x00, 0x01, 0xfb, 0x00, 0x00,
    0xef, 0xff, 0xff, 0xff, 0xff, 0x80, 0x00, 0x00,
    0x1f, 0xb0, 0x00, 0x08, 0x99, 0x99, 0x99, 0x99,
    0x95, 0x00, 0x00, 0x02, 0xfb, 0x00, 0x00, 0x00,
    0x00, 0x00, 0x00, 0x00, 0x00, 0x0c, 0xff, 0xff,
    0xff, 0xfe, 0x00, 0x00, 0x00, 0x00, 0x00, 0x00,
    0x00, 0x7a, 0xad, 0xfe, 0xaa, 0x90, 0x00, 0x00,
    0x00, 0x00, 0x00, 0x00, 0x00, 0x00, 0xbf, 0xe1,
    0x00, 0x9b, 0xbb, 0xbb, 0xbb, 0xbb, 0xbb, 0xa0,
    0x00, 0x1f, 0xff, 0xc0, 0x0e, 0xff, 0xff, 0xff,
    0xff, 0xff, 0xff, 0x00, 0x06, 0xff, 0xdf, 0x90,
    0x00, 0x00, 0x0d, 0xf0, 0x00, 0x00, 0x00, 0x00,
    0xdc, 0xfb, 0x7f, 0x50, 0x00, 0x00, 0xdf, 0x00,
    0x00, 0x00, 0x00, 0x4f, 0x6f, 0xb0, 0xdc, 0x00,
    0x00, 0x0d, 0xf0, 0x01, 0x00, 0x00, 0x0c, 0xe1,
    0xfb, 0x03, 0x20, 0x7f, 0x30, 0xdf, 0x03, 0xf8,
    0x00, 0x05, 0xf8, 0x1f, 0xb0, 0x00, 0x0b, 0xf0,
    0x0d, 0xf0, 0x0d, 0xe0, 0x01, 0xef, 0x11, 0xfb,
    0x00, 0x01, 0xfa, 0x00, 0xdf, 0x00, 0x7f, 0x60,
    0x0e, 0x70, 0x1f, 0xb0, 0x00, 0x6f, 0x40, 0x0d,
    0xf0, 0x01, 0xfc, 0x00, 0x30, 0x01, 0xfb, 0x00,
    0x0d, 0xd0, 0x00, 0xdf, 0x00, 0x0b, 0xf2, 0x00,
    0x00, 0x1f, 0xb0, 0x05, 0xf7, 0x00, 0x0d, 0xf0,
    0x00, 0x6f, 0x80, 0x00, 0x01, 0xfb, 0x00, 0xee,
    0x00, 0x00, 0xdf, 0x00, 0x02, 0xfc, 0x00, 0x00,
    0x1f, 0xb0, 0x04, 0x50, 0x00, 0x0d, 0xf0, 0x00,
    0x0a, 0x50, 0x00, 0x01, 0xfb, 0x00, 0x00, 0x0a,
    0xcc, 0xfe, 0x00, 0x00, 0x00, 0x00, 0x00, 0x1f,
    0xb0, 0x00, 0x00, 0x8f, 0xfd, 0x50, 0x00, 0x00,
    0x00, 0x00, 0x00, 0x00, 0x00, 0x00, 0x00, 0x00,
    0x00, 0x00, 0x00, 0x00,

    /* U+6821 "校" */
    0x00, 0x00, 0x12, 0x00, 0x00, 0x00, 0x00, 0x10,
    0x00, 0x00, 0x00, 0x00, 0x00, 0x09, 0xf1, 0x00,
    0x00, 0x00, 0x5f, 0x70, 0x00, 0x00, 0x00, 0x00,
    0x00, 0x9f, 0x10, 0x00, 0x00, 0x00, 0xcf, 0x30,
    0x00, 0x00, 0x00, 0x00, 0x09, 0xf1, 0x00, 0x00,
    0x00, 0x03, 0xfa, 0x00, 0x00, 0x00, 0x00, 0x00,
    0x9f, 0x10, 0x08, 0x99, 0x99, 0x9d, 0x99, 0x99,
    0x99, 0x30, 0x00, 0x09, 0xf2, 0x00, 0xdf, 0xff,
    0xff, 0xff, 0xff, 0xff, 0xf5, 0x0b, 0xff, 0xff,
    0xff, 0xc1, 0x11, 0x31, 0x11, 0x12, 0x31, 0x11,
    0x00, 0x7a, 0xaf, 0xfa, 0xa8, 0x00, 0x0e, 0xb0,
    0x00, 0xde, 0x20, 0x00, 0x00, 0x01, 0xff, 0x20,
    0x00, 0x09, 0xf5, 0x00, 0x04, 0xfd, 0x10, 0x00,
    0x00, 0x5f, 0xfa, 0x00, 0x04, 0xfa, 0x00, 0x00,
    0x05, 0xfc, 0x00, 0x00, 0x0a, 0xff, 0xf4, 0x03,
    0xfd, 0x00, 0x00, 0x00, 0x08, 0xf9, 0x00, 0x00,
    0xee, 0xfb, 0xd2, 0xee, 0xbc, 0x00, 0x00, 0x5e,
    0x5c, 0xf2, 0x00, 0x5f, 0xaf, 0x4f, 0x68, 0x28,
    0xf3, 0x00, 0x0a, 0xf3, 0x24, 0x00, 0x0b, 0xb9,
    0xf1, 0xab, 0x00, 0x1f, 0xb0, 0x01, 0xfd, 0x00,
    0x00, 0x02, 0xf6, 0x9f, 0x13, 0x10, 0x00, 0x9f,
    0x40, 0x9f, 0x60, 0x00, 0x00, 0xaf, 0x09, 0xf1,
    0x00, 0x00, 0x01, 0xfe, 0x4f, 0xd0, 0x00, 0x00,
    0x3f, 0x90, 0x9f, 0x10, 0x00, 0x00, 0x06, 0xff,
    0xf4, 0x00, 0x00, 0x01, 0xe1, 0x09, 0xf1, 0x00,
    0x00, 0x00, 0x0e, 0xfd, 0x00, 0x00, 0x00, 0x02,
    0x00, 0x9f, 0x10, 0x00, 0x00, 0x0b, 0xff, 0xfb,
    0x00, 0x00, 0x00, 0x00, 0x09, 0xf1, 0x00, 0x00,
    0x2c, 0xfb, 0x1c, 0xfd, 0x40, 0x00, 0x00, 0x00,
    0x9f, 0x10, 0x00, 0x7f, 0xf9, 0x00, 0x0a, 0xff,
    0xb3, 0x00, 0x00, 0x09, 0xf1, 0x05, 0xef, 0xe5,
    0x00, 0x00, 0x05, 0xef, 0xf6, 0x00, 0x00, 0x9f,
    0x10, 0x1d, 0x80, 0x00, 0x00, 0x00, 0x00, 0x7a,
    0x00, 0x00, 0x00, 0x00, 0x00, 0x00, 0x00, 0x00,
    0x00, 0x00, 0x00, 0x00,

    /* U+6838 "核" */
    0x00, 0x00, 0x24, 0x00, 0x00, 0x00, 0x00, 0x01,
    0x20, 0x00, 0x00, 0x00, 0x00, 0x00, 0x9f, 0x20,
    0x00, 0x00, 0x00, 0x1f, 0xc0, 0x00, 0x00, 0x00,
    0x00, 0x00, 0x9f, 0x20, 0x00, 0x00, 0x00, 0x0b,
    0xf4, 0x00, 0x00, 0x00, 0x00, 0x00, 0x9f, 0x20,
    0x00, 0x00, 0x00, 0x05, 0xfa, 0x00, 0x00, 0x00,
    0x00, 0x00, 0x9f, 0x20, 0x05, 0xee, 0xee, 0xee,
    0xff, 0xee, 0xee, 0xc0, 0x08, 0xaa, 0xef, 0xba,
    0x84, 0xaa, 0xaa, 0xff, 0xba, 0xaa, 0xaa, 0x90,
    0x0d, 0xff, 0xff, 0xff, 0xd0, 0x00, 0x04, 0xfa,
    0x00, 0x00, 0x00, 0x00, 0x00, 0x00, 0xdf, 0x20,
    0x00, 0x00, 0x0d, 0xe1, 0x00, 0x11, 0x00, 0x00,
    0x00, 0x01, 0xff, 0x80, 0x00, 0x00, 0x8f, 0x60,
    0x00, 0xaf, 0x40, 0x00, 0x00, 0x05, 0xff, 0xf3,
    0x00, 0x04, 0xfb, 0x00, 0x06, 0xfb, 0x00, 0x00,
    0x00, 0x0a, 0xff, 0xcd, 0x00, 0xaf, 0xff, 0xff,
    0xff, 0xe1, 0x00, 0x00, 0x00, 0x1f, 0xef, 0x4f,
    0x70, 0xbe, 0xca, 0x9a, 0xff, 0x40, 0x00, 0x00,
    0x00, 0x7f, 0xaf, 0x2a, 0xb0, 0x00, 0x00, 0x2e,
    0xf5, 0x00, 0xba, 0x20, 0x00, 0xda, 0x9f, 0x22,
    0x10, 0x00, 0x04, 0xff, 0x60, 0x06, 0xfd, 0x00,
    0x05, 0xf4, 0x9f, 0x20, 0x00, 0x00, 0x9f, 0xf4,
    0x00, 0x2f, 0xf3, 0x00, 0x0e, 0xd0, 0x9f, 0x20,
    0x00, 0x6e, 0xfc, 0x20, 0x01, 0xef, 0x60, 0x00,
    0x3f, 0x60, 0x9f, 0x20, 0x03, 0xff, 0x70, 0x00,
    0x2e, 0xf8, 0x00, 0x00, 0x08, 0x00, 0x9f, 0x20,
    0x00, 0x41, 0x00, 0x04, 0xef, 0xd0, 0x00, 0x00,
    0x00, 0x00, 0x9f, 0x20, 0x00, 0x00, 0x00, 0x8f,
    0xfc, 0xfc, 0x10, 0x00, 0x00, 0x00, 0x9f, 0x20,
    0x00, 0x00, 0x5e, 0xfe, 0x30, 0x9f, 0xd2, 0x00,
    0x00, 0x00, 0x9f, 0x20, 0x00, 0x6d, 0xff, 0x90,
    0x00, 0x08, 0xfe, 0x20, 0x00, 0x00, 0x9f, 0x20,
    0x7e, 0xff, 0xb2, 0x00, 0x00, 0x00, 0x7f, 0xd0,
    0x00, 0x00, 0x9f, 0x20, 0x2e, 0x92, 0x00, 0x00,
    0x00, 0x00, 0x07, 0x20, 0x00, 0x00, 0x00, 0x00,
    0x00, 0x00, 0x00, 0x00, 0x00, 0x00, 0x00, 0x00,

    /* U+6A21 "模" */
    0x00, 0x00, 0x00, 0x00, 0x00, 0x00, 0x00, 0x00,
    0x00, 0x00, 0x00, 0x00, 0x00, 0x00, 0xce, 0x00,
    0x00, 0x00, 0xdd, 0x00, 0x07, 0xf4, 0x00, 0x00,
    0x00, 0x00, 0xce, 0x00, 0x00, 0x00, 0xdd, 0x00,
    0x08, 0xf4, 0x00, 0x00, 0x00, 0x00, 0xce, 0x00,
    0x5f, 0xff, 0xff, 0xff, 0xff, 0xff, 0xff, 0x90,
    0x00, 0x00, 0xce, 0x00, 0x28, 0x88, 0xee, 0x88,
    0x8b, 0xfa, 0x88, 0x40, 0x05, 0x66, 0xef, 0x66,
    0x20, 0x00, 0xdd, 0x00, 0x07, 0xf4, 0x00, 0x00,
    0x0c, 0xff, 0xff, 0xff, 0x62, 0x66, 0xaa, 0x66,
    0x68, 0xa7, 0x62, 0x00, 0x02, 0x22, 0xff, 0x22,
    0x15, 0xff, 0xff, 0xff, 0xff, 0xff, 0xf6, 0x00,
    0x00, 0x01, 0xff, 0x30, 0x05, 0xf5, 0x00, 0x00,
    0x00, 0x06, 0xf6, 0x00, 0x00, 0x05, 0xff, 0xd0,
    0x05, 0xf8, 0x55, 0x55, 0x55, 0x59, 0xf6, 0x00,
    0x00, 0x0a, 0xff, 0xf7, 0x05, 0xff, 0xff, 0xff,
    0xff, 0xff, 0xf6, 0x00, 0x00, 0x0f, 0xfe, 0x9f,
    0x15, 0xf5, 0x00, 0x00, 0x00, 0x06, 0xf6, 0x00,
    0x00, 0x5f, 0xde, 0x2f, 0x95, 0xf8, 0x55, 0x55,
    0x55, 0x59, 0xf6, 0x00, 0x00, 0xcb, 0xce, 0x09,
    0x25, 0xff, 0xff, 0xff, 0xff, 0xff, 0xf6, 0x00,
    0x03, 0xf6, 0xce, 0x00, 0x00, 0x00, 0x00, 0x9f,
    0x30, 0x00, 0x00, 0x00, 0x0c, 0xf0, 0xce, 0x00,
    0x00, 0x00, 0x00, 0xbf, 0x00, 0x00, 0x00, 0x00,
    0x1f, 0x80, 0xce, 0x00, 0xef, 0xff, 0xff, 0xff,
    0xff, 0xff, 0xff, 0x80, 0x07, 0x10, 0xce, 0x00,
    0x89, 0x99, 0x9c, 0xff, 0xfb, 0x99, 0x99, 0x50,
    0x00, 0x00, 0xce, 0x00, 0x00, 0x00, 0x1e, 0xf3,
    0xfc, 0x00, 0x00, 0x00, 0x00, 0x00, 0xce, 0x00,
    0x00, 0x01, 0xcf, 0x80, 0x6f, 0xc1, 0x00, 0x00,
    0x00, 0x00, 0xce, 0x00, 0x00, 0x7e, 0xfa, 0x00,
    0x08, 0xfe, 0x60, 0x00, 0x00, 0x00, 0xce, 0x03,
    0xbf, 0xfe, 0x60, 0x00, 0x00, 0x5e, 0xff, 0x90,
    0x00, 0x00, 0xce, 0x00, 0xcb, 0x60, 0x00, 0x00,
    0x00, 0x01, 0x7d, 0x50, 0x00, 0x00, 0x00, 0x00,
    0x00, 0x00, 0x00, 0x00, 0x00, 0x00, 0x00, 0x00,

    /* U+6B21 "次" */
    0x00, 0x00, 0x00, 0x00, 0x00, 0x00, 0x00, 0x00,
    0x00, 0x00, 0x00, 0x00, 0x00, 0x00, 0x00, 0x00,
    0x2f, 0xb0, 0x00, 0x00, 0x00, 0x00, 0x00, 0x03,
    0x00, 0x00, 0x00, 0x05, 0xf9, 0x00, 0x00, 0x00,
    0x00, 0x00, 0x03, 0xfe, 0x50, 0x00, 0x00, 0xaf,
    0x50, 0x00, 0x00, 0x00, 0x00, 0x00, 0x06, 0xff,
    0xa1, 0x00, 0x0e, 0xf1, 0x00, 0x00, 0x00, 0x01,
    0x00, 0x00, 0x02, 0xcf, 0xe1, 0x04, 0xff, 0xff,
    0xff, 0xff, 0xff, 0xfe, 0x30, 0x00, 0x00, 0x9a,
    0x00, 0xaf, 0xcb, 0xbb, 0xbb, 0xbb, 0xbf, 0xf2,
    0x00, 0x00, 0x00, 0x00, 0x1f, 0xf0, 0x00, 0x11,
    0x00, 0x01, 0xfd, 0x00, 0x00, 0x00, 0x00, 0x08,
    0xf9, 0x00, 0x3f, 0xb0, 0x00, 0x6f, 0x70, 0x00,
    0x00, 0x00, 0x01, 0xff, 0x20, 0x03, 0xfa, 0x00,
    0x0c, 0xf1, 0x00, 0x00, 0x00, 0x00, 0xaf, 0x90,
    0x00, 0x4f, 0xa0, 0x03, 0xfa, 0x00, 0x00, 0x00,
    0x00, 0x01, 0x91, 0x00, 0x05, 0xfc, 0x00, 0x4e,
    0x30, 0x00, 0x00, 0x00, 0x3b, 0x00, 0x00, 0x00,
    0x7f, 0xf0, 0x00, 0x00, 0x00, 0x00, 0x00, 0x0d,
    0xf4, 0x00, 0x00, 0x0b, 0xff, 0x40, 0x00, 0x00,
    0x00, 0x00, 0x07, 0xfa, 0x00, 0x00, 0x00, 0xff,
    0xfa, 0x00, 0x00, 0x00, 0x00, 0x02, 0xff, 0x10,
    0x00, 0x00, 0x7f, 0xaa, 0xf2, 0x00, 0x00, 0x00,
    0x00, 0xdf, 0x60, 0x00, 0x00, 0x1e, 0xf3, 0x4f,
    0xa0, 0x00, 0x00, 0x00, 0x8f, 0xc0, 0x00, 0x00,
    0x0b, 0xfa, 0x00, 0xcf, 0x40, 0x00, 0x00, 0x4f,
    0xf2, 0x00, 0x00, 0x09, 0xfe, 0x10, 0x02, 0xfe,
    0x20, 0x00, 0x08, 0xf7, 0x00, 0x00, 0x0a, 0xff,
    0x30, 0x00, 0x06, 0xfe, 0x30, 0x00, 0x04, 0x00,
    0x00, 0x3d, 0xfe, 0x30, 0x00, 0x00, 0x08, 0xff,
    0x81, 0x00, 0x00, 0x00, 0xaf, 0xfb, 0x10, 0x00,
    0x00, 0x00, 0x06, 0xff, 0xc0, 0x00, 0x00, 0x03,
    0xd5, 0x00, 0x00, 0x00, 0x00, 0x00, 0x01, 0x92,
    0x00, 0x00, 0x00, 0x00, 0x00, 0x00, 0x00, 0x00,
    0x00, 0x00, 0x00, 0x00,

    /* U+6B65 "步" */
    0x00, 0x00, 0x00, 0x00, 0x00, 0x23, 0x00, 0x00,
    0x00, 0x00, 0x00, 0x00, 0x00, 0x00, 0x00, 0x00,
    0xaf, 0x30, 0x00, 0x00, 0x00, 0x00, 0x00, 0x00,
    0x43, 0x00, 0x00, 0xaf, 0x30, 0x00, 0x00, 0x00,
    0x00, 0x00, 0x00, 0xfd, 0x00, 0x00, 0xaf, 0xba,
    0xaa, 0xaa, 0xa3, 0x00, 0x00, 0x00, 0xfd, 0x00,
    0x00, 0xaf, 0xff, 0xff, 0xff, 0xf4, 0x00, 0x00,
    0x00, 0xfd, 0x00, 0x00, 0xaf, 0x40, 0x00, 0x00,
    0x00, 0x00, 0x00, 0x00, 0xfd, 0x00, 0x00, 0xaf,
    0x30, 0x00, 0x00, 0x00, 0x00, 0x00, 0x00, 0xfd,
    0x00, 0x00, 0xaf, 0x30, 0x00, 0x00, 0x00, 0x00,
    0x7d, 0xdd, 0xff, 0xdd, 0xdd, 0xff, 0xed, 0xdd,
    0xdd, 0xdd, 0xd6, 0x8e, 0xee, 0xee, 0xee, 0xee,
    0xff, 0xee, 0xee, 0xee, 0xee, 0xe6, 0x00, 0x00,
    0x00, 0x00, 0x00, 0xdf, 0x10, 0x00, 0x00, 0x00,
    0x00, 0x00, 0x00, 0x06, 0xe5, 0x00, 0xdf, 0x10,
    0x00, 0x04, 0x91, 0x00, 0x00, 0x00, 0x2f, 0xf1,
    0x00, 0xdf, 0x10, 0x00, 0x0d, 0xf5, 0x00, 0x00,
    0x01, 0xdf, 0x50, 0x00, 0xdf, 0x10, 0x00, 0x9f,
    0xb0, 0x00, 0x00, 0x1d, 0xf8, 0x00, 0x00, 0xdf,
    0x10, 0x06, 0xfe, 0x10, 0x00, 0x03, 0xef, 0x90,
    0x00, 0x00, 0xdf, 0x10, 0x6f, 0xf3, 0x00, 0x00,
    0x06, 0xf9, 0x00, 0x00, 0x00, 0xdf, 0x19, 0xff,
    0x40, 0x00, 0x00, 0x00, 0x30, 0x00, 0x00, 0x00,
    0x6c, 0xef, 0xe3, 0x00, 0x00, 0x00, 0x00, 0x00,
    0x00, 0x00, 0x04, 0xcf, 0xfa, 0x10, 0x00, 0x00,
    0x00, 0x00, 0x00, 0x00, 0x38, 0xef, 0xfc, 0x40,
    0x00, 0x00, 0x00, 0x00, 0x01, 0x47, 0xbf, 0xff,
    0xfa, 0x40, 0x00, 0x00, 0x00, 0x00, 0x00, 0x7f,
    0xff, 0xfe, 0xa6, 0x10, 0x00, 0x00, 0x00, 0x00,
    0x00, 0x00, 0x0b, 0x96, 0x20, 0x00, 0x00, 0x00,
    0x00, 0x00, 0x00, 0x00, 0x00,

    /* U+6C14 "气" */
    0x00, 0x00, 0x00, 0x20, 0x00, 0x00, 0x00, 0x00,
    0x00, 0x00, 0x00, 0x00, 0x00, 0x00, 0x01, 0xfc,
    0x00, 0x00, 0x00, 0x00, 0x00, 0x00, 0x00, 0x00,
    0x00, 0x00, 0x07, 0xf7, 0x00, 0x00, 0x00, 0x00,
    0x00, 0x00, 0x00, 0x00, 0x00, 0x00, 0x0e, 0xf9,
    0x88, 0x88, 0x88, 0x88, 0x88, 0x88, 0x88, 0x20,
    0x00, 0x00, 0x6f, 0xff, 0xff, 0xff, 0xff, 0xff,
    0xff, 0xff, 0xff, 0x40, 0x00, 0x00, 0xef, 0x20,
    0x00, 0x00, 0x00, 0x00, 0x00, 0x00, 0x00, 0x00,
    0x00, 0x09, 0xf8, 0x00, 0x00, 0x00, 0x00, 0x00,
    0x00, 0x00, 0x00, 0x00, 0x00, 0x4f, 0xe0, 0xef,
    0xff, 0xff, 0xff, 0xff, 0xff, 0xff, 0x70, 0x00,
    0x02, 0xef, 0x40, 0x67, 0x77, 0x77, 0x77, 0x77,
    0x77, 0x77, 0x30, 0x00, 0x1d, 0xf8, 0x00, 0x00,
    0x00, 0x00, 0x00, 0x00, 0x00, 0x00, 0x00, 0x00,
    0x05, 0x93, 0xaa, 0xaa, 0xaa, 0xaa, 0xaa, 0xaa,
    0xaa, 0x50, 0x00, 0x00, 0x00, 0x05, 0xff, 0xff,
    0xff, 0xff, 0xff, 0xff, 0xff, 0x80, 0x00, 0x00,
    0x00, 0x00, 0x00, 0x00, 0x00, 0x00, 0x00, 0x00,
    0x3f, 0x90, 0x00, 0x00, 0x00, 0x00, 0x00, 0x00,
    0x00, 0x00, 0x00, 0x00, 0x2f, 0xa0, 0x00, 0x00,
    0x00, 0x00, 0x00, 0x00, 0x00, 0x00, 0x00, 0x00,
    0x1f, 0xc0, 0x00, 0x00, 0x00, 0x00, 0x00, 0x00,
    0x00, 0x00, 0x00, 0x00, 0x0f, 0xd0, 0x00, 0x00,
    0x00, 0x00, 0x00, 0x00, 0x00, 0x00, 0x00, 0x00,
    0x0e, 0xf0, 0x00, 0x00, 0x00, 0x00, 0x00, 0x00,
    0x00, 0x00, 0x00, 0x00, 0x0b, 0xf2, 0x00, 0x00,
    0x00, 0x00, 0x00, 0x00, 0x00, 0x00, 0x00, 0x00,
    0x08, 0xf5, 0x02, 0x60, 0x00, 0x00, 0x00, 0x00,
    0x00, 0x00, 0x00, 0x00, 0x04, 0xfa, 0x03, 0xf1,
    0x00, 0x00, 0x00, 0x00, 0x00, 0x00, 0x00, 0x00,
    0x00, 0xef, 0x25, 0xf0, 0x00, 0x00, 0x00, 0x00,
    0x00, 0x00, 0x00, 0x00, 0x00, 0x6f, 0xfe, 0xc0,
    0x00, 0x00, 0x00, 0x00, 0x00, 0x00, 0x00, 0x00,
    0x00, 0x07, 0xee, 0x40,

    /* U+6C27 "氧" */
    0x00, 0x00, 0x00, 0x00, 0x00, 0x00, 0x00, 0x00,
    0x00, 0x00, 0x00, 0x00, 0x00, 0x00, 0x02, 0xf9,
    0x00, 0x00, 0x00, 0x00, 0x00, 0x00, 0x00, 0x00,
    0x00, 0x00, 0x0b, 0xf6, 0x11, 0x11, 0x11, 0x11,
    0x11, 0x11, 0x11, 0x00, 0x00, 0x00, 0x5f, 0xff,
    0xff, 0xff, 0xff, 0xff, 0xff, 0xff, 0xff, 0x90,
    0x00, 0x02, 0xff, 0x65, 0x55, 0x55, 0x55, 0x55,
    0x55, 0x55, 0x55, 0x30, 0x00, 0x1d, 0xf6, 0x34,
    0x44, 0x44, 0x44, 0x44, 0x44, 0x44, 0x20, 0x00,
    0x01, 0xcf, 0x90, 0xbf, 0xff, 0xff, 0xff, 0xff,
    0xff, 0xff, 0x80, 0x00, 0x1d, 0xfb, 0x00, 0x01,
    0x11, 0x11, 0x11, 0x11, 0x11, 0x11, 0x00, 0x00,
    0x08, 0xa3, 0x77, 0x77, 0x77, 0x77, 0x77, 0x77,
    0x77, 0x70, 0x00, 0x00, 0x00, 0x05, 0xff, 0xff,
    0xff, 0xff, 0xff, 0xff, 0xff, 0xf1, 0x00, 0x00,
    0x00, 0x00, 0x09, 0xb0, 0x00, 0x01, 0xd8, 0x00,
    0x0b, 0xf1, 0x00, 0x00, 0x00, 0x00, 0x06, 0xf5,
    0x00, 0x09, 0xf4, 0x00, 0x0b, 0xf1, 0x00, 0x00,
    0x00, 0x46, 0x67, 0xfb, 0x66, 0x7f, 0xd6, 0x66,
    0x0b, 0xf1, 0x00, 0x00, 0x00, 0x9e, 0xee, 0xee,
    0xff, 0xfe, 0xee, 0xee, 0x0a, 0xf2, 0x00, 0x00,
    0x00, 0x00, 0x00, 0x00, 0x8f, 0x30, 0x00, 0x00,
    0x09, 0xf2, 0x00, 0x00, 0x00, 0x05, 0x66, 0x66,
    0xbf, 0x86, 0x66, 0x62, 0x09, 0xf3, 0x00, 0x00,
    0x00, 0x0c, 0xee, 0xee, 0xff, 0xfe, 0xee, 0xe6,
    0x07, 0xf4, 0x00, 0x00, 0x00, 0x00, 0x00, 0x00,
    0x8f, 0x30, 0x00, 0x00, 0x06, 0xf6, 0x00, 0x00,
    0x03, 0x77, 0x77, 0x77, 0xbf, 0x97, 0x77, 0x77,
    0x43, 0xf8, 0x00, 0xb1, 0x07, 0xff, 0xff, 0xff,
    0xff, 0xff, 0xff, 0xff, 0xa0, 0xfc, 0x00, 0xf4,
    0x00, 0x00, 0x00, 0x00, 0x8f, 0x30, 0x00, 0x00,
    0x00, 0xbf, 0x33, 0xf2, 0x00, 0x00, 0x00, 0x00,
    0x8f, 0x30, 0x00, 0x00, 0x00, 0x4f, 0xfe, 0xf0,
    0x00, 0x00, 0x00, 0x00, 0x8f, 0x30, 0x00, 0x00,
    0x00, 0x06, 0xef, 0x70,

    /* U+6C60 "池" */
    0x00, 0x00, 0x00, 0x00, 0x00, 0x00, 0x00, 0x00,
    0x00, 0x00, 0x00, 0x00, 0x03, 0xa2, 0x00, 0x00,
    0x00, 0x00, 0x0a, 0xf2, 0x00, 0x00, 0x00, 0x00,
    0x9f, 0xfa, 0x10, 0x00, 0x00, 0x00, 0xaf, 0x20,
    0x00, 0x00, 0x00, 0x00, 0x3c, 0xff, 0x30, 0x8c,
    0x00, 0x0a, 0xf2, 0x00, 0x00, 0x00, 0x00, 0x00,
    0x06, 0xd0, 0x0b, 0xf1, 0x00, 0xaf, 0x20, 0x00,
    0x00, 0x00, 0x00, 0x00, 0x00, 0x00, 0xbf, 0x10,
    0x0a, 0xf2, 0x00, 0x4c, 0x80, 0x00, 0x00, 0x00,
    0x00, 0x0b, 0xf1, 0x00, 0xaf, 0x47, 0xdf, 0xfd,
    0x00, 0x10, 0x00, 0x00, 0x00, 0xbf, 0x10, 0x0b,
    0xff, 0xff, 0x9f, 0xd0, 0x0c, 0xe6, 0x00, 0x00,
    0x0b, 0xf3, 0x8e, 0xff, 0xc5, 0x00, 0xed, 0x00,
    0x7e, 0xfd, 0x40, 0x00, 0xcf, 0xff, 0xee, 0xf2,
    0x00, 0x0e, 0xc0, 0x00, 0x09, 0xfc, 0x29, 0xff,
    0xfb, 0x50, 0xaf, 0x20, 0x00, 0xfc, 0x00, 0x00,
    0x03, 0x24, 0xfd, 0xef, 0x10, 0x0a, 0xf2, 0x00,
    0x0f, 0xc0, 0x00, 0x00, 0x00, 0x04, 0x0b, 0xf1,
    0x00, 0xaf, 0x20, 0x00, 0xfb, 0x00, 0x00, 0x00,
    0x00, 0x00, 0xbf, 0x10, 0x0a, 0xf2, 0x00, 0x0f,
    0xb0, 0x00, 0x00, 0x07, 0xc1, 0x0b, 0xf1, 0x00,
    0xaf, 0x20, 0x03, 0xf9, 0x00, 0x00, 0x00, 0xee,
    0x00, 0xbf, 0x10, 0x0a, 0xf2, 0xcf, 0xff, 0x50,
    0x00, 0x00, 0x7f, 0x80, 0x0b, 0xf1, 0x00, 0xaf,
    0x26, 0xb9, 0x50, 0x00, 0x00, 0x1e, 0xf1, 0x00,
    0xbf, 0x10, 0x06, 0xa1, 0x00, 0x00, 0x20, 0x00,
    0x08, 0xf8, 0x00, 0x0b, 0xf1, 0x00, 0x00, 0x00,
    0x00, 0x0d, 0xb0, 0x02, 0xfe, 0x00, 0x00, 0xbf,
    0x10, 0x00, 0x00, 0x00, 0x00, 0xfc, 0x00, 0xbf,
    0x70, 0x00, 0x0a, 0xf3, 0x00, 0x00, 0x00, 0x00,
    0x3f, 0x90, 0x3f, 0xe0, 0x00, 0x00, 0x6f, 0xea,
    0xaa, 0xaa, 0xaa, 0xae, 0xf4, 0x00, 0x75, 0x00,
    0x00, 0x00, 0x9e, 0xff, 0xff, 0xff, 0xff, 0xe7,
    0x00,

    /* U+6D01 "洁" */
    0x00, 0x00, 0x00, 0x00, 0x00, 0x00, 0x03, 0x20,
    0x00, 0x00, 0x00, 0x03, 0x80, 0x00, 0x00, 0x00,
    0x00, 0x0f, 0xe0, 0x00, 0x00, 0x00, 0x0a, 0xfd,
    0x30, 0x00, 0x00, 0x00, 0x0f, 0xe0, 0x00, 0x00,
    0x00, 0x00, 0x6f, 0xf5, 0x00, 0x00, 0x00, 0x0f,
    0xe0, 0x00, 0x00, 0x00, 0x00, 0x03, 0xed, 0x4a,
    0xaa, 0xaa, 0xaf, 0xfa, 0xaa, 0xaa, 0xa6, 0x00,
    0x00, 0x31, 0x6f, 0xff, 0xff, 0xff, 0xff, 0xff,
    0xff, 0xfa, 0x00, 0x00, 0x00, 0x00, 0x00, 0x00,
    0x0f, 0xe0, 0x00, 0x00, 0x00, 0x00, 0x00, 0x00,
    0x00, 0x00, 0x00, 0x0f, 0xe0, 0x00, 0x00, 0x00,
    0x8e, 0x60, 0x00, 0x00, 0x00, 0x00, 0x0f, 0xe0,
    0x00, 0x00, 0x00, 0x5e, 0xfc, 0x20, 0x01, 0x22,
    0x22, 0x2f, 0xe2, 0x22, 0x22, 0x10, 0x00, 0x9f,
    0xf1, 0x0b, 0xff, 0xff, 0xff, 0xff, 0xff, 0xff,
    0xb0, 0x00, 0x05, 0x80, 0x06, 0x99, 0x99, 0x99,
    0x99, 0x99, 0x99, 0x60, 0x00, 0x00, 0x00, 0x00,
    0x00, 0x00, 0x00, 0x00, 0x00, 0x00, 0x00, 0x00,
    0x00, 0x00, 0x00, 0x00, 0x00, 0x00, 0x00, 0x00,
    0x00, 0x00, 0x00, 0x00, 0x67, 0x00, 0xef, 0xff,
    0xff, 0xff, 0xff, 0xff, 0x00, 0x00, 0x00, 0xee,
    0x00, 0xef, 0x99, 0x99, 0x99, 0x99, 0xff, 0x00,
    0x00, 0x07, 0xf7, 0x00, 0xee, 0x00, 0x00, 0x00,
    0x00, 0xdf, 0x00, 0x00, 0x0e, 0xe0, 0x00, 0xee,
    0x00, 0x00, 0x00, 0x00, 0xdf, 0x00, 0x00, 0x8f,
    0x70, 0x00, 0xee, 0x00, 0x00, 0x00, 0x00, 0xdf,
    0x00, 0x02, 0xfe, 0x00, 0x00, 0xee, 0x00, 0x00,
    0x00, 0x00, 0xdf, 0x00, 0x0b, 0xf6, 0x00, 0x00,
    0xef, 0xbb, 0xbb, 0xbb, 0xbb, 0xff, 0x00, 0x2f,
    0xd0, 0x00, 0x00, 0xef, 0xff, 0xff, 0xff, 0xff,
    0xff, 0x00, 0x04, 0x40, 0x00, 0x00, 0xee, 0x00,
    0x00, 0x00, 0x00, 0xdf, 0x00,

    /* U+6D3B "活" */
    0x00, 0x48, 0x10, 0x00, 0x00, 0x00, 0x00, 0x00,
    0x03, 0x7b, 0xb0, 0x00, 0x0b, 0xfe, 0x70, 0x00,
    0x01, 0x35, 0x7a, 0xdf, 0xff, 0xfc, 0x40, 0x00,
    0x05, 0xef, 0xd3, 0x2f, 0xff, 0xff, 0xff, 0xb7,
    0x40, 0x00, 0x00, 0x00, 0x00, 0x9d, 0x00, 0x98,
    0x64, 0x2a, 0xf1, 0x00, 0x00, 0x00, 0x00, 0x00,
    0x00, 0x00, 0x00, 0x00, 0x00, 0xaf, 0x10, 0x00,
    0x00, 0x00, 0x00, 0x00, 0x00, 0x00, 0x00, 0x00,
    0x0a, 0xf1, 0x00, 0x00, 0x00, 0x00, 0x00, 0x00,
    0x00, 0x00, 0x00, 0x00, 0xaf, 0x20, 0x00, 0x00,
    0x00, 0xcd, 0x50, 0x00, 0x8f, 0xff, 0xff, 0xff,
    0xff, 0xff, 0xff, 0xfb, 0x08, 0xff, 0xc3, 0x05,
    0xaa, 0xaa, 0xaa, 0xef, 0xba, 0xaa, 0xaa, 0x70,
    0x02, 0xbf, 0xf0, 0x00, 0x00, 0x00, 0x0a, 0xf1,
    0x00, 0x00, 0x00, 0x00, 0x00, 0x55, 0x00, 0x00,
    0x00, 0x00, 0xaf, 0x10, 0x00, 0x00, 0x00, 0x00,
    0x00, 0x00, 0x00, 0x00, 0x00, 0x0a, 0xf1, 0x00,
    0x00, 0x00, 0x00, 0x00, 0x00, 0x00, 0x02, 0x33,
    0x33, 0xbf, 0x43, 0x33, 0x30, 0x00, 0x00, 0x00,
    0x69, 0x00, 0xbf, 0xff, 0xff, 0xff, 0xff, 0xff,
    0x10, 0x00, 0x00, 0x0e, 0xf1, 0x0b, 0xf7, 0x77,
    0x77, 0x77, 0x7d, 0xf1, 0x00, 0x00, 0x08, 0xf7,
    0x00, 0xbf, 0x00, 0x00, 0x00, 0x00, 0xaf, 0x10,
    0x00, 0x01, 0xfe, 0x00, 0x0b, 0xf0, 0x00, 0x00,
    0x00, 0x0a, 0xf1, 0x00, 0x00, 0xaf, 0x60, 0x00,
    0xbf, 0x00, 0x00, 0x00, 0x00, 0xaf, 0x10, 0x00,
    0x4f, 0xd0, 0x00, 0x0b, 0xf0, 0x00, 0x00, 0x00,
    0x0a, 0xf1, 0x00, 0x0e, 0xf4, 0x00, 0x00, 0xbf,
    0xaa, 0xaa, 0xaa, 0xaa, 0xef, 0x10, 0x07, 0xfa,
    0x00, 0x00, 0x0b, 0xff, 0xff, 0xff, 0xff, 0xff,
    0xf1, 0x00, 0x08, 0x10, 0x00, 0x00, 0xbf, 0x00,
    0x00, 0x00, 0x00, 0xaf, 0x10,

    /* U+6D3E "派" */
    0x00, 0x00, 0x00, 0x00, 0x00, 0x00, 0x00, 0x00,
    0x00, 0x00, 0x00, 0x00, 0x1a, 0x30, 0x00, 0x00,
    0x00, 0x00, 0x00, 0x03, 0x7c, 0xe3, 0x00, 0x05,
    0xff, 0xa1, 0x00, 0x00, 0x13, 0x69, 0xcf, 0xff,
    0xfc, 0x60, 0x00, 0x02, 0xbf, 0xe3, 0x0c, 0xef,
    0xff, 0xfe, 0xb8, 0x41, 0x00, 0x00, 0x00, 0x00,
    0x6d, 0x00, 0xfe, 0x86, 0x41, 0x00, 0x00, 0x00,
    0x00, 0x00, 0x00, 0x00, 0x00, 0x0f, 0xa0, 0x00,
    0x00, 0x00, 0x16, 0x40, 0x00, 0x00, 0x00, 0x00,
    0x00, 0xfa, 0x00, 0x00, 0x47, 0xbf, 0xff, 0x30,
    0x00, 0x20, 0x00, 0x00, 0x0f, 0xa0, 0x0e, 0xff,
    0xff, 0xb7, 0x20, 0x00, 0x8f, 0xa1, 0x00, 0x00,
    0xfa, 0x00, 0xfc, 0x5b, 0xe0, 0x00, 0x00, 0x03,
    0xbf, 0xf7, 0x00, 0x0f, 0xa0, 0x0f, 0x90, 0x7f,
    0x10, 0x00, 0x00, 0x00, 0x4e, 0xc0, 0x00, 0xfa,
    0x00, 0xf9, 0x04, 0xf4, 0x00, 0x32, 0x00, 0x00,
    0x12, 0x00, 0x0f, 0x90, 0x0f, 0x90, 0x1f, 0x70,
    0x3f, 0xd0, 0x00, 0x00, 0x00, 0x01, 0xf9, 0x00,
    0xf9, 0x00, 0xeb, 0x4f, 0xe3, 0x00, 0x00, 0x02,
    0x00, 0x2f, 0x70, 0x0f, 0x90, 0x0a, 0xff, 0xc1,
    0x00, 0x00, 0x00, 0xd7, 0x04, 0xf6, 0x00, 0xf9,
    0x00, 0x6f, 0xa0, 0x00, 0x00, 0x00, 0x4f, 0x70,
    0x6f, 0x30, 0x0f, 0x90, 0x02, 0xfa, 0x00, 0x00,
    0x00, 0x0c, 0xf1, 0x09, 0xf1, 0x00, 0xf9, 0x00,
    0x0c, 0xf1, 0x00, 0x00, 0x04, 0xf9, 0x00, 0xde,
    0x00, 0x0f, 0x90, 0x00, 0x6f, 0x80, 0x00, 0x00,
    0xcf, 0x10, 0x1f, 0xa0, 0x00, 0xf9, 0x00, 0x32,
    0xef, 0x20, 0x00, 0x5f, 0x90, 0x07, 0xf5, 0x00,
    0x0f, 0xa6, 0xdf, 0x76, 0xfd, 0x00, 0x0d, 0xf2,
    0x00, 0xde, 0x00, 0x03, 0xff, 0xfd, 0x60, 0x0b,
    0xfc, 0x11, 0xd9, 0x00, 0x6f, 0x80, 0x00, 0xaf,
    0xc4, 0x00, 0x00, 0x1d, 0xe1, 0x01, 0x10, 0x04,
    0xc0, 0x00, 0x02, 0x40, 0x00, 0x00, 0x00, 0x13,
    0x00, 0x00, 0x00, 0x00, 0x00, 0x00, 0x00, 0x00,
    0x00, 0x00, 0x00, 0x00,

    /* U+6D4B "测" */
    0x00, 0x4a, 0x10, 0x00, 0x00, 0x00, 0x00, 0x00,
    0x00, 0x00, 0x2d, 0x40, 0x0a, 0xff, 0x70, 0x6c,
    0xcc, 0xcc, 0xcc, 0x60, 0x00, 0x02, 0xf5, 0x00,
    0x05, 0xef, 0xa8, 0xfa, 0xaa, 0xaa, 0xf8, 0x07,
    0xf0, 0x2f, 0x50, 0x00, 0x01, 0xb4, 0x8e, 0x00,
    0x00, 0x0e, 0x80, 0x7f, 0x02, 0xf5, 0x00, 0x00,
    0x00, 0x08, 0xe0, 0x3a, 0x10, 0xe8, 0x07, 0xf0,
    0x2f, 0x50, 0x00, 0x00, 0x00, 0x8e, 0x04, 0xf1,
    0x0e, 0x80, 0x7f, 0x02, 0xf5, 0x01, 0x20, 0x00,
    0x08, 0xe0, 0x4f, 0x10, 0xe8, 0x07, 0xf0, 0x2f,
    0x50, 0xcf, 0x91, 0x00, 0x8e, 0x04, 0xf1, 0x0e,
    0x80, 0x7f, 0x02, 0xf5, 0x03, 0xcf, 0xe5, 0x08,
    0xe0, 0x4f, 0x10, 0xe8, 0x07, 0xf0, 0x2f, 0x50,
    0x00, 0x6f, 0x80, 0x8e, 0x04, 0xf1, 0x0e, 0x80,
    0x7f, 0x02, 0xf5, 0x00, 0x00, 0x20, 0x08, 0xe0,
    0x4f, 0x10, 0xe8, 0x07, 0xf0, 0x2f, 0x50, 0x00,
    0x00, 0x00, 0x8e, 0x04, 0xf1, 0x0e, 0x80, 0x7f,
    0x02, 0xf5, 0x00, 0x00, 0x00, 0x08, 0xe0, 0x4f,
    0x10, 0xe8, 0x07, 0xf0, 0x2f, 0x50, 0x00, 0x07,
    0x70, 0x8e, 0x04, 0xf1, 0x0e, 0x80, 0x7f, 0x02,
    0xf5, 0x00, 0x00, 0xee, 0x08, 0xe0, 0x5f, 0x00,
    0xe8, 0x07, 0xf0, 0x2f, 0x50, 0x00, 0x4f, 0x80,
    0x8e, 0x07, 0xe0, 0x0e, 0x80, 0x7f, 0x02, 0xf5,
    0x00, 0x0a, 0xf3, 0x02, 0x40, 0xbb, 0x00, 0x32,
    0x02, 0x50, 0x2f, 0x50, 0x01, 0xfc, 0x00, 0x00,
    0x2f, 0x7a, 0x30, 0x00, 0x00, 0x02, 0xf5, 0x00,
    0x8f, 0x60, 0x00, 0x0c, 0xe0, 0xbe, 0x20, 0x00,
    0x00, 0x2f, 0x50, 0x0e, 0xf0, 0x00, 0x0a, 0xf4,
    0x00, 0xcd, 0x10, 0x00, 0x02, 0xf5, 0x06, 0xf9,
    0x00, 0x3d, 0xf5, 0x00, 0x01, 0xeb, 0x02, 0x88,
    0xaf, 0x40, 0x06, 0x20, 0x04, 0xc3, 0x00, 0x00,
    0x05, 0x80, 0x0f, 0xfe, 0xa0, 0x00, 0x00, 0x00,
    0x00, 0x00, 0x00, 0x00, 0x00, 0x00, 0x00, 0x00,
    0x00,

    /* U+6D88 "消" */
    0x00, 0x27, 0x00, 0x00, 0x00, 0x00, 0x00, 0xbf,
    0x10, 0x00, 0x01, 0x00, 0x0a, 0xfe, 0x50, 0x04,
    0xe6, 0x00, 0x0b, 0xf1, 0x00, 0x08, 0xf6, 0x00,
    0x06, 0xff, 0x90, 0x0e, 0xf1, 0x00, 0xbf, 0x10,
    0x01, 0xff, 0x10, 0x00, 0x02, 0xce, 0x10, 0x5f,
    0x90, 0x0b, 0xf1, 0x00, 0xaf, 0x80, 0x00, 0x00,
    0x00, 0x20, 0x00, 0xcf, 0x10, 0xbf, 0x10, 0x4f,
    0xd0, 0x00, 0x00, 0x00, 0x00, 0x00, 0x05, 0xb1,
    0x0b, 0xf1, 0x05, 0xc4, 0x00, 0x00, 0x10, 0x00,
    0x00, 0x01, 0x11, 0x11, 0xcf, 0x21, 0x11, 0x21,
    0x00, 0xbf, 0x70, 0x00, 0x00, 0xef, 0xff, 0xff,
    0xff, 0xff, 0xff, 0xb0, 0x03, 0xcf, 0xd3, 0x00,
    0x0e, 0xf9, 0x99, 0x99, 0x99, 0x9a, 0xfb, 0x00,
    0x00, 0x6f, 0xf0, 0x00, 0xee, 0x00, 0x00, 0x00,
    0x00, 0x0f, 0xb0, 0x00, 0x00, 0x24, 0x00, 0x0e,
    0xe0, 0x00, 0x00, 0x00, 0x01, 0xfb, 0x00, 0x00,
    0x00, 0x00, 0x00, 0xef, 0xff, 0xff, 0xff, 0xff,
    0xff, 0xb0, 0x00, 0x00, 0x01, 0x00, 0x0e, 0xf8,
    0x88, 0x88, 0x88, 0x88, 0xfb, 0x00, 0x00, 0x00,
    0x9a, 0x00, 0xee, 0x00, 0x00, 0x00, 0x00, 0x0f,
    0xb0, 0x00, 0x00, 0x1f, 0xc0, 0x0e, 0xe0, 0x00,
    0x00, 0x00, 0x00, 0xfb, 0x00, 0x00, 0x08, 0xf5,
    0x00, 0xef, 0xff, 0xff, 0xff, 0xff, 0xff, 0xb0,
    0x00, 0x01, 0xfd, 0x00, 0x0e, 0xf9, 0x99, 0x99,
    0x99, 0x99, 0xfb, 0x00, 0x00, 0x9f, 0x60, 0x00,
    0xee, 0x00, 0x00, 0x00, 0x00, 0x0f, 0xb0, 0x00,
    0x1f, 0xe0, 0x00, 0x0e, 0xe0, 0x00, 0x00, 0x00,
    0x00, 0xfb, 0x00, 0x0a, 0xf7, 0x00, 0x00, 0xee,
    0x00, 0x00, 0x00, 0x00, 0x0f, 0xb0, 0x02, 0xfe,
    0x00, 0x00, 0x0e, 0xe0, 0x00, 0x00, 0x8a, 0xab,
    0xfa, 0x00, 0x05, 0x60, 0x00, 0x00, 0xee, 0x00,
    0x00, 0x08, 0xff, 0xfc, 0x20, 0x00, 0x00, 0x00,
    0x00, 0x00, 0x00, 0x00, 0x00, 0x00, 0x00, 0x00,
    0x00,

    /* U+6E05 "清" */
    0x00, 0x00, 0x00, 0x00, 0x00, 0x00, 0x00, 0x21,
    0x00, 0x00, 0x00, 0x00, 0x02, 0x81, 0x00, 0x00,
    0x00, 0x00, 0x1f, 0xb0, 0x00, 0x00, 0x00, 0x00,
    0x9f, 0xf6, 0x01, 0x44, 0x44, 0x45, 0xfc, 0x44,
    0x44, 0x44, 0x00, 0x00, 0x5e, 0xfa, 0x3f, 0xff,
    0xff, 0xff, 0xff, 0xff, 0xff, 0xf0, 0x00, 0x00,
    0x1b, 0x60, 0x11, 0x11, 0x13, 0xfb, 0x11, 0x11,
    0x11, 0x00, 0x00, 0x00, 0x00, 0x03, 0x55, 0x55,
    0x6f, 0xd5, 0x55, 0x55, 0x20, 0x00, 0x00, 0x00,
    0x00, 0x9f, 0xff, 0xff, 0xff, 0xff, 0xff, 0xf6,
    0x00, 0x12, 0x00, 0x00, 0x00, 0x00, 0x00, 0x1f,
    0xb0, 0x00, 0x00, 0x00, 0x0b, 0xf9, 0x10, 0x07,
    0x77, 0x77, 0x77, 0xfd, 0x77, 0x77, 0x77, 0x60,
    0x3d, 0xfe, 0x51, 0xff, 0xff, 0xff, 0xff, 0xff,
    0xff, 0xff, 0xfe, 0x00, 0x08, 0xfc, 0x00, 0x00,
    0x00, 0x00, 0x00, 0x00, 0x00, 0x00, 0x00, 0x00,
    0x04, 0x20, 0x01, 0x77, 0x77, 0x77, 0x77, 0x77,
    0x75, 0x00, 0x00, 0x00, 0x00, 0x00, 0x3f, 0xff,
    0xff, 0xff, 0xff, 0xff, 0xd0, 0x00, 0x00, 0x00,
    0x00, 0x03, 0xf7, 0x00, 0x00, 0x00, 0x00, 0xdd,
    0x00, 0x00, 0x00, 0x0d, 0x70, 0x3f, 0xa6, 0x66,
    0x66, 0x66, 0x6e, 0xd0, 0x00, 0x00, 0x04, 0xfa,
    0x03, 0xff, 0xff, 0xff, 0xff, 0xff, 0xfd, 0x00,
    0x00, 0x00, 0xbf, 0x30, 0x3f, 0x70, 0x00, 0x00,
    0x00, 0x0d, 0xd0, 0x00, 0x00, 0x2f, 0xc0, 0x03,
    0xf9, 0x33, 0x33, 0x33, 0x33, 0xed, 0x00, 0x00,
    0x0a, 0xf5, 0x00, 0x3f, 0xff, 0xff, 0xff, 0xff,
    0xff, 0xd0, 0x00, 0x02, 0xfe, 0x00, 0x03, 0xf8,
    0x22, 0x22, 0x22, 0x22, 0xed, 0x00, 0x00, 0xaf,
    0x70, 0x00, 0x3f, 0x70, 0x00, 0x00, 0x00, 0x0d,
    0xd0, 0x00, 0x1f, 0xe0, 0x00, 0x03, 0xf7, 0x00,
    0x00, 0x07, 0x88, 0xfd, 0x00, 0x00, 0x36, 0x00,
    0x00, 0x3f, 0x70, 0x00, 0x00, 0x9f, 0xfe, 0x50,
    0x00, 0x00, 0x00, 0x00, 0x00, 0x00, 0x00, 0x00,
    0x00, 0x00, 0x00, 0x00,

    /* U+7184 "熄" */
    0x00, 0x00, 0x00, 0x00, 0x00, 0x00, 0x00, 0x04,
    0x20, 0x00, 0x00, 0x00, 0x00, 0x00, 0x1f, 0x80,
    0x00, 0x00, 0x00, 0x3f, 0xb0, 0x00, 0x00, 0x00,
    0x00, 0x00, 0x1f, 0x90, 0x00, 0x00, 0x00, 0x6f,
    0x60, 0x00, 0x00, 0x00, 0x00, 0x00, 0x1f, 0x90,
    0x00, 0x1f, 0xff, 0xff, 0xff, 0xff, 0xf5, 0x00,
    0x00, 0x00, 0x1f, 0x90, 0x00, 0x1f, 0xb5, 0x55,
    0x55, 0x59, 0xf5, 0x00, 0x00, 0x42, 0x1f, 0x90,
    0x9d, 0x1f, 0x90, 0x00, 0x00, 0x06, 0xf5, 0x00,
    0x00, 0xc8, 0x1f, 0x90, 0xdb, 0x1f, 0xff, 0xff,
    0xff, 0xff, 0xf5, 0x00, 0x00, 0xe7, 0x1f, 0x92,
    0xf5, 0x1f, 0xb5, 0x55, 0x55, 0x59, 0xf5, 0x00,
    0x00, 0xf5, 0x1f, 0x98, 0xe0, 0x1f, 0x90, 0x00,
    0x00, 0x06, 0xf5, 0x00, 0x03, 0xf2, 0x1f, 0x9d,
    0x80, 0x1f, 0xb5, 0x55, 0x55, 0x59, 0xf5, 0x00,
    0x08, 0xe0, 0x1f, 0x98, 0x20, 0x1f, 0xff, 0xff,
    0xff, 0xff, 0xf5, 0x00, 0x0d, 0x80, 0x2f, 0x80,
    0x00, 0x1f, 0x90, 0x00, 0x00, 0x06, 0xf5, 0x00,
    0x00, 0x00, 0x3f, 0x70, 0x00, 0x1f, 0xb6, 0x66,
    0x66, 0x69, 0xf5, 0x00, 0x00, 0x00, 0x5f, 0x60,
    0x00, 0x1f, 0xff, 0xff, 0xff, 0xff, 0xf5, 0x00,
    0x00, 0x00, 0x7f, 0x60, 0x00, 0x00, 0x00, 0xa4,
    0x00, 0x00, 0x00, 0x00, 0x00, 0x00, 0xaf, 0xf3,
    0x00, 0x00, 0x01, 0xcf, 0x60, 0x00, 0x00, 0x00,
    0x00, 0x00, 0xee, 0xde, 0x20, 0x00, 0x85, 0x0a,
    0xf7, 0x00, 0x50, 0x00, 0x00, 0x03, 0xf9, 0x2f,
    0xe6, 0xf1, 0xfa, 0x00, 0x9a, 0x05, 0xf6, 0x00,
    0x00, 0x0a, 0xf3, 0x05, 0x88, 0xf0, 0xfa, 0x00,
    0x00, 0x00, 0xbe, 0x10, 0x00, 0x3f, 0xc0, 0x00,
    0x0c, 0xb0, 0xfa, 0x00, 0x00, 0x4a, 0x4f, 0x80,
    0x00, 0xdf, 0x30, 0x00, 0x2f, 0x70, 0xfa, 0x00,
    0x00, 0x6f, 0x1b, 0xf0, 0x0b, 0xf9, 0x00, 0x00,
    0x7f, 0x10, 0xee, 0x88, 0x88, 0xde, 0x05, 0xe2,
    0x08, 0xb0, 0x00, 0x00, 0x01, 0x00, 0x7e, 0xff,
    0xff, 0xf6, 0x00, 0x00, 0x00, 0x00, 0x00, 0x00,
    0x00, 0x00, 0x00, 0x00, 0x00, 0x00, 0x00, 0x00,

    /* U+7248 "版" */
    0x00, 0x00, 0x00, 0x13, 0x00, 0x00, 0x00, 0x00,
    0x00, 0x00, 0x00, 0x00, 0x06, 0xa0, 0x09, 0xf1,
    0x00, 0x00, 0x00, 0x01, 0x35, 0x8b, 0xb0, 0x00,
    0x9f, 0x10, 0x9f, 0x10, 0x05, 0xab, 0xdf, 0xff,
    0xff, 0xfd, 0x30, 0x09, 0xf1, 0x09, 0xf1, 0x00,
    0xaf, 0xec, 0xb9, 0x75, 0x20, 0x00, 0x00, 0x9f,
    0x10, 0x9f, 0x10, 0x0a, 0xf1, 0x00, 0x00, 0x00,
    0x00, 0x00, 0x09, 0xf1, 0x09, 0xf1, 0x00, 0xaf,
    0x10, 0x00, 0x00, 0x00, 0x00, 0x00, 0x9f, 0x10,
    0x9f, 0x10, 0x0a, 0xf1, 0x00, 0x00, 0x00, 0x00,
    0x00, 0x09, 0xf7, 0x6c, 0xf7, 0x61, 0xaf, 0x20,
    0x00, 0x00, 0x01, 0x00, 0x00, 0x9f, 0xff, 0xff,
    0xff, 0x3a, 0xff, 0xff, 0xff, 0xff, 0xff, 0x20,
    0x09, 0xf2, 0x11, 0x11, 0x10, 0xaf, 0xcf, 0xa9,
    0x99, 0x9e, 0xf0, 0x00, 0x9f, 0x10, 0x00, 0x00,
    0x0a, 0xf4, 0xf4, 0x00, 0x00, 0xec, 0x00, 0x09,
    0xf0, 0x00, 0x00, 0x00, 0xaf, 0x1f, 0x80, 0x00,
    0x2f, 0x90, 0x00, 0x9f, 0x99, 0x99, 0x60, 0x0a,
    0xf1, 0xad, 0x00, 0x07, 0xf4, 0x00, 0x0a, 0xff,
    0xff, 0xfb, 0x00, 0xbf, 0x05, 0xf3, 0x00, 0xdf,
    0x00, 0x00, 0xbf, 0x00, 0x0e, 0xb0, 0x0b, 0xf0,
    0x0f, 0x90, 0x4f, 0x90, 0x00, 0x0c, 0xe0, 0x00,
    0xeb, 0x00, 0xde, 0x00, 0xaf, 0x1c, 0xf3, 0x00,
    0x00, 0xdc, 0x00, 0x0e, 0xb0, 0x0f, 0xc0, 0x03,
    0xfd, 0xfb, 0x00, 0x00, 0x0f, 0xa0, 0x00, 0xeb,
    0x02, 0xfa, 0x00, 0x0a, 0xff, 0x20, 0x00, 0x03,
    0xf8, 0x00, 0x0e, 0xb0, 0x5f, 0x70, 0x00, 0xcf,
    0xe1, 0x00, 0x00, 0x7f, 0x40, 0x00, 0xeb, 0x0a,
    0xf3, 0x00, 0xbf, 0xdf, 0xd1, 0x00, 0x0c, 0xf0,
    0x00, 0x0e, 0xb0, 0xfe, 0x02, 0xdf, 0xb0, 0x8f,
    0xd3, 0x02, 0xfa, 0x00, 0x00, 0xeb, 0x7f, 0x87,
    0xff, 0x90, 0x00, 0x8f, 0xf8, 0x0a, 0x30, 0x00,
    0x0e, 0xb4, 0xd1, 0x3d, 0x40, 0x00, 0x00, 0x5d,
    0x20, 0x00, 0x00, 0x00, 0x00, 0x00, 0x00, 0x00,
    0x00, 0x00, 0x00, 0x00,

    /* U+7259 "牙" */
    0x01, 0xcc, 0xcc, 0xcc, 0xcc, 0xcc, 0xcc, 0xcc,
    0xcc, 0xcc, 0x40, 0x01, 0xff, 0xff, 0xff, 0xff,
    0xff, 0xff, 0xff, 0xff, 0xff, 0x50, 0x00, 0x00,
    0x00, 0x00, 0x00, 0x00, 0x00, 0xcf, 0x10, 0x00,
    0x00, 0x00, 0x00, 0xfa, 0x00, 0x00, 0x00, 0x00,
    0xcf, 0x10, 0x00, 0x00, 0x00, 0x04, 0xf9, 0x00,
    0x00, 0x00, 0x00, 0xcf, 0x10, 0x00, 0x00, 0x00,
    0x08, 0xf4, 0x00, 0x00, 0x00, 0x00, 0xcf, 0x10,
    0x00, 0x00, 0x00, 0x0c, 0xf0, 0x00, 0x00, 0x00,
    0x00, 0xcf, 0x10, 0x00, 0x00, 0x00, 0x1f, 0xc0,
    0x00, 0x00, 0x00, 0x00, 0xcf, 0x10, 0x00, 0x00,
    0x00, 0x5f, 0xeb, 0xbb, 0xbb, 0xbb, 0xbb, 0xef,
    0xbb, 0xbb, 0xb5, 0x00, 0xaf, 0xff, 0xff, 0xff,
    0xff, 0xff, 0xff, 0xff, 0xff, 0xf8, 0x00, 0x01,
    0x00, 0x00, 0x00, 0x05, 0xfe, 0xdf, 0x20, 0x00,
    0x00, 0x00, 0x00, 0x00, 0x00, 0x00, 0x4f, 0xf3,
    0xcf, 0x10, 0x00, 0x00, 0x00, 0x00, 0x00, 0x00,
    0x06, 0xff, 0x30, 0xcf, 0x10, 0x00, 0x00, 0x00,
    0x00, 0x00, 0x00, 0x9f, 0xe2, 0x00, 0xcf, 0x10,
    0x00, 0x00, 0x00, 0x00, 0x00, 0x3d, 0xfc, 0x10,
    0x00, 0xcf, 0x10, 0x00, 0x00, 0x00, 0x00, 0x19,
    0xff, 0x90, 0x00, 0x00, 0xcf, 0x10, 0x00, 0x00,
    0x00, 0x07, 0xef, 0xe4, 0x00, 0x00, 0x00, 0xcf,
    0x10, 0x00, 0x00, 0x18, 0xef, 0xf9, 0x10, 0x00,
    0x00, 0x00, 0xcf, 0x10, 0x00, 0x00, 0x9f, 0xfa,
    0x20, 0x00, 0x00, 0x00, 0x00, 0xcf, 0x10, 0x00,
    0x00, 0x08, 0x20, 0x00, 0x00, 0x00, 0x8c, 0xcc,
    0xff, 0x00, 0x00, 0x00, 0x00, 0x00, 0x00, 0x00,
    0x00, 0x4f, 0xfe, 0xc5, 0x00, 0x00, 0x00,

    /* U+72B6 "状" */
    0x00, 0x00, 0x00, 0x10, 0x00, 0x00, 0x00, 0x00,
    0x00, 0x00, 0x00, 0x00, 0x00, 0x00, 0x01, 0xfb,
    0x00, 0x00, 0x00, 0xde, 0x00, 0x00, 0x00, 0x00,
    0x00, 0x00, 0x01, 0xfb, 0x00, 0x00, 0x00, 0xde,
    0x00, 0xdc, 0x00, 0x00, 0x00, 0x00, 0x01, 0xfb,
    0x00, 0x00, 0x00, 0xde, 0x00, 0x7f, 0x80, 0x00,
    0x04, 0xb1, 0x01, 0xfb, 0x00, 0x00, 0x00, 0xde,
    0x00, 0x0b, 0xf4, 0x00, 0x05, 0xfb, 0x01, 0xfb,
    0x00, 0x00, 0x00, 0xde, 0x00, 0x01, 0xfe, 0x00,
    0x00, 0x9f, 0x71, 0xfb, 0x00, 0x00, 0x00, 0xde,
    0x00, 0x00, 0x63, 0x00, 0x00, 0x0d, 0xf4, 0xfb,
    0x00, 0x00, 0x00, 0xee, 0x00, 0x00, 0x00, 0x00,
    0x00, 0x04, 0xf7, 0xfb, 0x7f, 0xff, 0xff, 0xff,
    0xff, 0xff, 0xff, 0xd0, 0x00, 0x00, 0x21, 0xfb,
    0x5b, 0xbb, 0xbb, 0xff, 0xcb, 0xbb, 0xbb, 0x90,
    0x00, 0x00, 0x01, 0xfb, 0x00, 0x00, 0x01, 0xff,
    0x60, 0x00, 0x00, 0x00, 0x00, 0x00, 0x01, 0xfb,
    0x00, 0x00, 0x03, 0xff, 0xa0, 0x00, 0x00, 0x00,
    0x00, 0x00, 0x0b, 0xfb, 0x00, 0x00, 0x06, 0xff,
    0xe0, 0x00, 0x00, 0x00, 0x00, 0x01, 0xcf, 0xfb,
    0x00, 0x00, 0x0a, 0xf9, 0xf4, 0x00, 0x00, 0x00,
    0x00, 0x1d, 0xf9, 0xfb, 0x00, 0x00, 0x0f, 0xe1,
    0xfa, 0x00, 0x00, 0x00, 0x03, 0xef, 0x71, 0xfb,
    0x00, 0x00, 0x5f, 0x90, 0xaf, 0x20, 0x00, 0x00,
    0x1f, 0xf6, 0x01, 0xfb, 0x00, 0x00, 0xcf, 0x30,
    0x4f, 0xa0, 0x00, 0x00, 0x07, 0x50, 0x01, 0xfb,
    0x00, 0x05, 0xfc, 0x00, 0x0c, 0xf4, 0x00, 0x00,
    0x00, 0x00, 0x01, 0xfb, 0x00, 0x1e, 0xf3, 0x00,
    0x03, 0xfe, 0x10, 0x00, 0x00, 0x00, 0x01, 0xfb,
    0x00, 0xbf, 0x90, 0x00, 0x00, 0x8f, 0xc0, 0x00,
    0x00, 0x00, 0x01, 0xfb, 0x0a, 0xfc, 0x00, 0x00,
    0x00, 0x0c, 0xfc, 0x10, 0x00, 0x00, 0x01, 0xfb,
    0xbf, 0xd1, 0x00, 0x00, 0x00, 0x01, 0xcf, 0xe1,
    0x00, 0x00, 0x01, 0xfb, 0x5c, 0x10, 0x00, 0x00,
    0x00, 0x00, 0x09, 0x60,

    /* U+7387 "率" */
    0x00, 0x00, 0x00, 0x00, 0x00, 0x12, 0x00, 0x00,
    0x00, 0x00, 0x00, 0x00, 0x00, 0x00, 0x00, 0x01,
    0xfe, 0x10, 0x00, 0x00, 0x00, 0x00, 0x00, 0x00,
    0x00, 0x00, 0x00, 0x8f, 0x90, 0x00, 0x00, 0x00,
    0x00, 0x1f, 0xff, 0xff, 0xff, 0xff, 0xff, 0xff,
    0xff, 0xff, 0xff, 0xfc, 0x0a, 0xaa, 0xaa, 0xaa,
    0xac, 0xfd, 0xaa, 0xaa, 0xaa, 0xaa, 0xa8, 0x00,
    0x20, 0x00, 0x00, 0x0d, 0xe1, 0x01, 0x40, 0x00,
    0x02, 0x00, 0x06, 0xfa, 0x10, 0x00, 0x9f, 0x40,
    0x0c, 0xf3, 0x00, 0xbf, 0x40, 0x00, 0x8f, 0xe3,
    0x08, 0xfb, 0x67, 0xbf, 0x60, 0x0b, 0xf9, 0x00,
    0x00, 0x04, 0xfe, 0x0e, 0xff, 0xff, 0xf7, 0x00,
    0xdf, 0x70, 0x00, 0x00, 0x00, 0x31, 0x04, 0x42,
    0x9f, 0x80, 0x00, 0x43, 0x00, 0x00, 0x00, 0x00,
    0x05, 0x60, 0x09, 0xf7, 0x3f, 0x50, 0x74, 0x00,
    0x00, 0x00, 0x06, 0xdf, 0xa0, 0xaf, 0x60, 0x0c,
    0xf5, 0xdf, 0xa1, 0x00, 0x18, 0xef, 0xb3, 0x4d,
    0xff, 0xef, 0xff, 0xfd, 0x08, 0xff, 0x50, 0x1e,
    0xc4, 0x00, 0x5e, 0xca, 0x87, 0x54, 0x6f, 0x50,
    0x3d, 0xf3, 0x01, 0x00, 0x00, 0x00, 0x00, 0xbe,
    0x20, 0x03, 0x00, 0x01, 0x40, 0x00, 0x00, 0x00,
    0x00, 0x00, 0xcf, 0x20, 0x00, 0x00, 0x00, 0x00,
    0xbf, 0xff, 0xff, 0xff, 0xff, 0xff, 0xff, 0xff,
    0xff, 0xff, 0xfc, 0x9b, 0xbb, 0xbb, 0xbb, 0xbb,
    0xef, 0xcb, 0xbb, 0xbb, 0xbb, 0xb9, 0x00, 0x00,
    0x00, 0x00, 0x00, 0xcf, 0x20, 0x00, 0x00, 0x00,
    0x00, 0x00, 0x00, 0x00, 0x00, 0x00, 0xcf, 0x20,
    0x00, 0x00, 0x00, 0x00, 0x00, 0x00, 0x00, 0x00,
    0x00, 0xcf, 0x20, 0x00, 0x00, 0x00, 0x00, 0x00,
    0x00, 0x00, 0x00, 0x00, 0xcf, 0x20, 0x00, 0x00,
    0x00, 0x00, 0x00, 0x00, 0x00, 0x00, 0x00, 0xcf,
    0x20, 0x00, 0x00, 0x00, 0x00,

    /* U+7406 "理" */
    0x00, 0x00, 0x00, 0x00, 0x00, 0x11, 0x11, 0x11,
    0x11, 0x11, 0x11, 0x00, 0x08, 0xaa, 0xaa, 0xaa,
    0x51, 0xff, 0xff, 0xff, 0xff, 0xff, 0xff, 0x10,
    0x0e, 0xff, 0xff, 0xff, 0x91, 0xfc, 0x77, 0x7f,
    0xd7, 0x77, 0xdf, 0x10, 0x01, 0x11, 0xfd, 0x11,
    0x01, 0xf9, 0x00, 0x0e, 0xa0, 0x00, 0xaf, 0x10,
    0x00, 0x00, 0xed, 0x00, 0x01, 0xf9, 0x00, 0x0e,
    0xa0, 0x00, 0xaf, 0x10, 0x00, 0x00, 0xed, 0x00,
    0x01, 0xfc, 0x66, 0x6f, 0xc6, 0x66, 0xcf, 0x10,
    0x00, 0x00, 0xed, 0x00, 0x01, 0xff, 0xff, 0xff,
    0xff, 0xff, 0xff, 0x10, 0x00, 0x00, 0xed, 0x00,
    0x01, 0xf9, 0x00, 0x0e, 0xa0, 0x00, 0xbf, 0x10,
    0x06, 0xaa, 0xff, 0xaa, 0x21, 0xf9, 0x00, 0x0e,
    0xa0, 0x00, 0xaf, 0x10, 0x0a, 0xff, 0xff, 0xff,
    0x31, 0xf9, 0x00, 0x0e, 0xa0, 0x00, 0xaf, 0x10,
    0x00, 0x00, 0xed, 0x00, 0x01, 0xff, 0xff, 0xff,
    0xff, 0xff, 0xff, 0x10, 0x00, 0x00, 0xed, 0x00,
    0x00, 0x99, 0x99, 0xaf, 0xe9, 0x99, 0x99, 0x00,
    0x00, 0x00, 0xed, 0x00, 0x00, 0x00, 0x00, 0x0f,
    0xc0, 0x00, 0x00, 0x00, 0x00, 0x00, 0xed, 0x00,
    0x00, 0x00, 0x00, 0x0f, 0xc0, 0x00, 0x00, 0x00,
    0x00, 0x00, 0xed, 0x00, 0x04, 0x99, 0x99, 0x9f,
    0xe9, 0x99, 0x99, 0x30, 0x00, 0x00, 0xed, 0x4a,
    0x78, 0xff, 0xff, 0xff, 0xff, 0xff, 0xff, 0x60,
    0x00, 0x15, 0xff, 0xff, 0xa0, 0x00, 0x00, 0x1f,
    0xc0, 0x00, 0x00, 0x00, 0x0c, 0xff, 0xfd, 0x83,
    0x00, 0x00, 0x00, 0x0f, 0xc0, 0x00, 0x00, 0x00,
    0x0e, 0xd7, 0x20, 0x00, 0x00, 0x00, 0x00, 0x0f,
    0xc0, 0x00, 0x00, 0x00, 0x01, 0x00, 0x00, 0x04,
    0xcc, 0xcc, 0xcc, 0xcf, 0xfc, 0xcc, 0xcc, 0xc2,
    0x00, 0x00, 0x00, 0x06, 0xff, 0xff, 0xff, 0xff,
    0xff, 0xff, 0xff, 0xf3,

    /* U+751F "生" */
    0x00, 0x00, 0x00, 0x00, 0x00, 0x55, 0x00, 0x00,
    0x00, 0x00, 0x00, 0x00, 0x00, 0x6c, 0x40, 0x00,
    0xef, 0x00, 0x00, 0x00, 0x00, 0x00, 0x00, 0x00,
    0xbf, 0x30, 0x00, 0xef, 0x00, 0x00, 0x00, 0x00,
    0x00, 0x00, 0x01, 0xfe, 0x00, 0x00, 0xef, 0x00,
    0x00, 0x00, 0x00, 0x00, 0x00, 0x07, 0xf8, 0x00,
    0x00, 0xef, 0x00, 0x00, 0x00, 0x00, 0x00, 0x00,
    0x0e, 0xfc, 0xbb, 0xbb, 0xff, 0xbb, 0xbb, 0xbb,
    0xbb, 0x70, 0x00, 0x6f, 0xff, 0xff, 0xff, 0xff,
    0xff, 0xff, 0xff, 0xff, 0xa0, 0x00, 0xef, 0x30,
    0x00, 0x00, 0xef, 0x00, 0x00, 0x00, 0x00, 0x00,
    0x09, 0xfa, 0x00, 0x00, 0x00, 0xef, 0x00, 0x00,
    0x00, 0x00, 0x00, 0x5f, 0xe1, 0x00, 0x00, 0x00,
    0xef, 0x00, 0x00, 0x00, 0x00, 0x00, 0x1a, 0x40,
    0x00, 0x00, 0x00, 0xef, 0x00, 0x00, 0x00, 0x00,
    0x00, 0x00, 0x00, 0x00, 0x00, 0x00, 0xef, 0x00,
    0x00, 0x00, 0x00, 0x00, 0x00, 0x0a, 0xaa, 0xaa,
    0xaa, 0xff, 0xaa, 0xaa, 0xaa, 0xa8, 0x00, 0x00,
    0x0f, 0xff, 0xff, 0xff, 0xff, 0xff, 0xff, 0xff,
    0xfc, 0x00, 0x00, 0x01, 0x11, 0x11, 0x11, 0xef,
    0x11, 0x11, 0x11, 0x10, 0x00, 0x00, 0x00, 0x00,
    0x00, 0x00, 0xef, 0x00, 0x00, 0x00, 0x00, 0x00,
    0x00, 0x00, 0x00, 0x00, 0x00, 0xef, 0x00, 0x00,
    0x00, 0x00, 0x00, 0x00, 0x00, 0x00, 0x00, 0x00,
    0xef, 0x00, 0x00, 0x00, 0x00, 0x00, 0x00, 0x00,
    0x00, 0x00, 0x00, 0xef, 0x00, 0x00, 0x00, 0x00,
    0x00, 0x00, 0x00, 0x00, 0x00, 0x00, 0xef, 0x00,
    0x00, 0x00, 0x00, 0x00, 0x8d, 0xdd, 0xdd, 0xdd,
    0xdd, 0xff, 0xdd, 0xdd, 0xdd, 0xdd, 0xda, 0xbf,
    0xff, 0xff, 0xff, 0xff, 0xff, 0xff, 0xff, 0xff,
    0xff, 0xfc,

    /* U+7528 "用" */
    0x00, 0x01, 0x9a, 0x99, 0x99, 0x99, 0x99, 0x99,
    0x99, 0x99, 0xa7, 0x00, 0x01, 0xff, 0xff, 0xff,
    0xff, 0xff, 0xff, 0xff, 0xff, 0xfb, 0x00, 0x01,
    0xfb, 0x22, 0x22, 0x2c, 0xf3, 0x22, 0x22, 0x22,
    0xfb, 0x00, 0x01, 0xfa, 0x00, 0x00, 0x0c, 0xf1,
    0x00, 0x00, 0x00, 0xfb, 0x00, 0x01, 0xfa, 0x00,
    0x00, 0x0c, 0xf1, 0x00, 0x00, 0x00, 0xfb, 0x00,
    0x01, 0xfa, 0x00, 0x00, 0x0c, 0xf1, 0x00, 0x00,
    0x00, 0xfb, 0x00, 0x01, 0xff, 0xff, 0xff, 0xff,
    0xff, 0xff, 0xff, 0xff, 0xfb, 0x00, 0x01, 0xfe,
    0xcc, 0xcc, 0xcf, 0xfc, 0xcc, 0xcc, 0xcc, 0xfb,
    0x00, 0x01, 0xfa, 0x00, 0x00, 0x0c, 0xf1, 0x00,
    0x00, 0x00, 0xfb, 0x00, 0x01, 0xfa, 0x00, 0x00,
    0x0c, 0xf1, 0x00, 0x00, 0x00, 0xfb, 0x00, 0x02,
    0xfa, 0x00, 0x00, 0x0c, 0xf1, 0x00, 0x00, 0x00,
    0xfb, 0x00, 0x02, 0xf9, 0x00, 0x00, 0x0c, 0xf2,
    0x00, 0x00, 0x01, 0xfb, 0x00, 0x03, 0xff, 0xff,
    0xff, 0xff, 0xff, 0xff, 0xff, 0xff, 0xfb, 0x00,
    0x05, 0xfc, 0xaa, 0xaa, 0xae, 0xfb, 0xaa, 0xaa,
    0xaa, 0xfb, 0x00, 0x08, 0xf4, 0x00, 0x00, 0x0c,
    0xf1, 0x00, 0x00, 0x00, 0xfb, 0x00, 0x0b, 0xf1,
    0x00, 0x00, 0x0c, 0xf1, 0x00, 0x00, 0x00, 0xfb,
    0x00, 0x0f, 0xd0, 0x00, 0x00, 0x0c, 0xf1, 0x00,
    0x00, 0x00, 0xfb, 0x00, 0x6f, 0x80, 0x00, 0x00,
    0x0c, 0xf1, 0x00, 0x00, 0x00, 0xfb, 0x00, 0xdf,
    0x20, 0x00, 0x00, 0x0c, 0xf1, 0x00, 0x00, 0x00,
    0xfb, 0x08, 0xfa, 0x00, 0x00, 0x00, 0x0c, 0xf1,
    0x06, 0xaa, 0xac, 0xfa, 0x07, 0xe1, 0x00, 0x00,
    0x00, 0x0b, 0xf1, 0x03, 0xff, 0xff, 0xb2, 0x00,
    0x10, 0x00, 0x00, 0x00, 0x00, 0x00, 0x00, 0x00,
    0x00, 0x00,

    /* U+7535 "电" */
    0x00, 0x00, 0x00, 0x00, 0x22, 0x00, 0x00, 0x00,
    0x00, 0x00, 0x00, 0x00, 0x00, 0x00, 0x1f, 0xd0,
    0x00, 0x00, 0x00, 0x00, 0x00, 0x00, 0x00, 0x00,
    0x01, 0xfd, 0x00, 0x00, 0x00, 0x00, 0x00, 0x00,
    0x00, 0x00, 0x00, 0x1f, 0xd0, 0x00, 0x00, 0x00,
    0x00, 0x00, 0xbc, 0xbb, 0xbb, 0xbc, 0xff, 0xbb,
    0xbb, 0xbb, 0xb9, 0x00, 0x0f, 0xff, 0xff, 0xff,
    0xff, 0xff, 0xff, 0xff, 0xff, 0xc0, 0x00, 0xfe,
    0x00, 0x00, 0x02, 0xfd, 0x00, 0x00, 0x01, 0xfc,
    0x00, 0x0f, 0xe0, 0x00, 0x00, 0x1f, 0xd0, 0x00,
    0x00, 0x1f, 0xc0, 0x00, 0xfe, 0x00, 0x00, 0x01,
    0xfd, 0x00, 0x00, 0x01, 0xfc, 0x00, 0x0f, 0xfa,
    0xaa, 0xaa, 0xaf, 0xfa, 0xaa, 0xaa, 0xaf, 0xc0,
    0x00, 0xff, 0xff, 0xff, 0xff, 0xff, 0xff, 0xff,
    0xff, 0xfc, 0x00, 0x0f, 0xe0, 0x00, 0x00, 0x2f,
    0xd0, 0x00, 0x00, 0x2f, 0xc0, 0x00, 0xfe, 0x00,
    0x00, 0x01, 0xfd, 0x00, 0x00, 0x01, 0xfc, 0x00,
    0x0f, 0xe0, 0x00, 0x00, 0x1f, 0xd0, 0x00, 0x00,
    0x1f, 0xc0, 0x00, 0xfe, 0x22, 0x22, 0x23, 0xfd,
    0x22, 0x22, 0x23, 0xfc, 0x00, 0x0f, 0xff, 0xff,
    0xff, 0xff, 0xff, 0xff, 0xff, 0xff, 0xc0, 0x00,
    0xff, 0xaa, 0xaa, 0xaa, 0xff, 0xaa, 0xaa, 0xaa,
    0xa8, 0x00, 0x0f, 0xe0, 0x00, 0x00, 0x1f, 0xd0,
    0x00, 0x00, 0x00, 0x09, 0x60, 0x11, 0x00, 0x00,
    0x01, 0xfd, 0x00, 0x00, 0x00, 0x00, 0xdf, 0x00,
    0x00, 0x00, 0x00, 0x0f, 0xf0, 0x00, 0x00, 0x00,
    0x2f, 0xd0, 0x00, 0x00, 0x00, 0x00, 0xcf, 0xfd,
    0xdd, 0xdd, 0xdf, 0xf8, 0x00, 0x00, 0x00, 0x00,
    0x03, 0xcf, 0xff, 0xff, 0xff, 0xea, 0x00,

    /* U+76D8 "盘" */
    0x00, 0x00, 0x00, 0x00, 0x00, 0x33, 0x00, 0x00,
    0x00, 0x00, 0x00, 0x00, 0x00, 0x00, 0x00, 0x00,
    0xef, 0x20, 0x00, 0x00, 0x00, 0x00, 0x00, 0x00,
    0x57, 0x55, 0x58, 0xfd, 0x55, 0x55, 0x57, 0x40,
    0x00, 0x00, 0x00, 0xef, 0xff, 0xff, 0xff, 0xff,
    0xff, 0xff, 0xc0, 0x00, 0x00, 0x00, 0xef, 0x32,
    0x26, 0x42, 0x22, 0x22, 0x2f, 0xc0, 0x00, 0x00,
    0x00, 0xef, 0x10, 0x0d, 0xf9, 0x00, 0x00, 0x0f,
    0xc0, 0x00, 0x00, 0x00, 0xef, 0x10, 0x00, 0x8f,
    0xd2, 0x00, 0x0f, 0xc0, 0x00, 0x00, 0x00, 0xff,
    0x10, 0x00, 0x04, 0xc1, 0x00, 0x0f, 0xc0, 0x00,
    0xcf, 0xff, 0xff, 0xff, 0xff, 0xff, 0xff, 0xff,
    0xff, 0xff, 0xff, 0x68, 0x8a, 0xfe, 0x88, 0x89,
    0x88, 0x88, 0x88, 0x8f, 0xe8, 0x88, 0x00, 0x08,
    0xf8, 0x00, 0x1e, 0x91, 0x00, 0x00, 0x0f, 0xc0,
    0x00, 0x00, 0x2f, 0xf2, 0x00, 0x05, 0xef, 0x70,
    0x00, 0x0f, 0xc0, 0x00, 0x01, 0xdf, 0x90, 0x00,
    0x00, 0x09, 0xf3, 0x45, 0x6f, 0xc0, 0x00, 0x0d,
    0xfb, 0x00, 0x00, 0x00, 0x00, 0x20, 0x7f, 0xff,
    0x60, 0x00, 0x02, 0x84, 0x44, 0x44, 0x44, 0x44,
    0x44, 0x45, 0x54, 0x41, 0x00, 0x00, 0x1f, 0xff,
    0xff, 0xff, 0xff, 0xff, 0xff, 0xff, 0xf6, 0x00,
    0x00, 0x1f, 0xa3, 0x34, 0xfa, 0x33, 0x4f, 0xa3,
    0x37, 0xf6, 0x00, 0x00, 0x1f, 0x90, 0x01, 0xf9,
    0x00, 0x1f, 0x90, 0x04, 0xf6, 0x00, 0x00, 0x1f,
    0x90, 0x01, 0xf9, 0x00, 0x1f, 0x90, 0x04, 0xf6,
    0x00, 0x00, 0x1f, 0x90, 0x01, 0xf9, 0x00, 0x1f,
    0x90, 0x04, 0xf6, 0x00, 0x22, 0x3f, 0xa2, 0x23,
    0xfa, 0x22, 0x4f, 0xa2, 0x26, 0xf8, 0x22, 0xcf,
    0xff, 0xff, 0xff, 0xff, 0xff, 0xff, 0xff, 0xff,
    0xff, 0xfe,

    /* U+76EE "目" */
    0x2b, 0xbb, 0xbb, 0xbb, 0xbb, 0xbb, 0xbb, 0xbb,
    0xb1, 0x3f, 0xff, 0xff, 0xff, 0xff, 0xff, 0xff,
    0xff, 0xf1, 0x3f, 0x90, 0x00, 0x00, 0x00, 0x00,
    0x00, 0x0c, 0xf1, 0x3f, 0x90, 0x00, 0x00, 0x00,
    0x00, 0x00, 0x0c, 0xf1, 0x3f, 0x90, 0x00, 0x00,
    0x00, 0x00, 0x00, 0x0c, 0xf1, 0x3f, 0x90, 0x00,
    0x00, 0x00, 0x00, 0x00, 0x0c, 0xf1, 0x3f, 0xff,
    0xff, 0xff, 0xff, 0xff, 0xff, 0xff, 0xf1, 0x3f,
    0xeb, 0xbb, 0xbb, 0xbb, 0xbb, 0xbb, 0xbf, 0xf1,
    0x3f, 0x90, 0x00, 0x00, 0x00, 0x00, 0x00, 0x0c,
    0xf1, 0x3f, 0x90, 0x00, 0x00, 0x00, 0x00, 0x00,
    0x0c, 0xf1, 0x3f, 0x90, 0x00, 0x00, 0x00, 0x00,
    0x00, 0x0c, 0xf1, 0x3f, 0xa1, 0x11, 0x11, 0x11,
    0x11, 0x11, 0x1c, 0xf1, 0x3f, 0xff, 0xff, 0xff,
    0xff, 0xff, 0xff, 0xff, 0xf1, 0x3f, 0xda, 0xaa,
    0xaa, 0xaa, 0xaa, 0xaa, 0xae, 0xf1, 0x3f, 0x90,
    0x00, 0x00, 0x00, 0x00, 0x00, 0x0c, 0xf1, 0x3f,
    0x90, 0x00, 0x00, 0x00, 0x00, 0x00, 0x0c, 0xf1,
    0x3f, 0x90, 0x00, 0x00, 0x00, 0x00, 0x00, 0x0c,
    0xf1, 0x3f, 0xeb, 0xbb, 0xbb, 0xbb, 0xbb, 0xbb,
    0xbf, 0xf1, 0x3f, 0xff, 0xff, 0xff, 0xff, 0xff,
    0xff, 0xff, 0xf1, 0x3f, 0x90, 0x00, 0x00, 0x00,
    0x00, 0x00, 0x0c, 0xf1, 0x3f, 0x90, 0x00, 0x00,
    0x00, 0x00, 0x00, 0x0c, 0xf1,

    /* U+770B "看" */
    0x00, 0x00, 0x00, 0x00, 0x00, 0x01, 0x23, 0x46,
    0x79, 0xce, 0x30, 0x00, 0x02, 0xcd, 0xdd, 0xee,
    0xff, 0xff, 0xff, 0xff, 0xdb, 0x95, 0x00, 0x00,
    0x09, 0x99, 0x88, 0x7a, 0xfc, 0x43, 0x20, 0x00,
    0x00, 0x00, 0x00, 0x00, 0x00, 0x00, 0x00, 0x9f,
    0x60, 0x00, 0x00, 0x00, 0x00, 0x00, 0x00, 0x0e,
    0xff, 0xff, 0xff, 0xff, 0xff, 0xff, 0xff, 0xff,
    0xf1, 0x00, 0x00, 0x77, 0x77, 0x7a, 0xfc, 0x77,
    0x77, 0x77, 0x77, 0x77, 0x00, 0x00, 0x00, 0x00,
    0x00, 0xbf, 0x40, 0x00, 0x00, 0x00, 0x00, 0x00,
    0x00, 0x68, 0x88, 0x88, 0x9f, 0xf8, 0x88, 0x88,
    0x88, 0x88, 0x88, 0x83, 0x0c, 0xff, 0xff, 0xff,
    0xff, 0xff, 0xff, 0xff, 0xff, 0xff, 0xff, 0x50,
    0x00, 0x00, 0x05, 0xfc, 0x00, 0x00, 0x00, 0x00,
    0x00, 0x00, 0x00, 0x00, 0x00, 0x01, 0xef, 0xa7,
    0x77, 0x77, 0x77, 0x77, 0x77, 0x10, 0x00, 0x00,
    0x00, 0xcf, 0xff, 0xff, 0xff, 0xff, 0xff, 0xff,
    0xf3, 0x00, 0x00, 0x00, 0xbf, 0xff, 0x00, 0x00,
    0x00, 0x00, 0x00, 0x9f, 0x30, 0x00, 0x01, 0xbf,
    0xcc, 0xf5, 0x55, 0x55, 0x55, 0x55, 0x5b, 0xf3,
    0x00, 0x04, 0xef, 0xb0, 0xcf, 0xff, 0xff, 0xff,
    0xff, 0xff, 0xff, 0x30, 0x02, 0xff, 0x80, 0x0c,
    0xf0, 0x00, 0x00, 0x00, 0x00, 0x09, 0xf3, 0x00,
    0x05, 0x40, 0x00, 0xcf, 0x44, 0x44, 0x44, 0x44,
    0x44, 0xbf, 0x30, 0x00, 0x00, 0x00, 0x0c, 0xff,
    0xff, 0xff, 0xff, 0xff, 0xff, 0xf3, 0x00, 0x00,
    0x00, 0x00, 0xcf, 0x00, 0x00, 0x00, 0x00, 0x00,
    0x9f, 0x30, 0x00, 0x00, 0x00, 0x0c, 0xf7, 0x77,
    0x77, 0x77, 0x77, 0x7c, 0xf3, 0x00, 0x00, 0x00,
    0x00, 0xcf, 0xff, 0xff, 0xff, 0xff, 0xff, 0xff,
    0x30, 0x00, 0x00, 0x00, 0x0c, 0xf0, 0x00, 0x00,
    0x00, 0x00, 0x09, 0xf3, 0x00,

    /* U+7720 "眠" */
    0x00, 0x00, 0x00, 0x00, 0x01, 0x31, 0x11, 0x11,
    0x11, 0x11, 0x10, 0x00, 0xbb, 0xbb, 0xbb, 0x60,
    0xaf, 0xff, 0xff, 0xff, 0xff, 0xff, 0x10, 0x0f,
    0xff, 0xff, 0xf9, 0x0a, 0xf9, 0x88, 0x88, 0x88,
    0x8d, 0xf1, 0x00, 0xfa, 0x00, 0x1f, 0x90, 0xaf,
    0x10, 0x00, 0x00, 0x00, 0xbf, 0x10, 0x0f, 0xa0,
    0x01, 0xf9, 0x0a, 0xf1, 0x00, 0x00, 0x00, 0x0b,
    0xf1, 0x00, 0xfa, 0x00, 0x1f, 0x90, 0xaf, 0x10,
    0x00, 0x00, 0x00, 0xbf, 0x10, 0x0f, 0xe9, 0x9a,
    0xf9, 0x0a, 0xff, 0xff, 0xff, 0xff, 0xff, 0xf1,
    0x00, 0xff, 0xff, 0xff, 0x90, 0xaf, 0xcb, 0xbc,
    0xfe, 0xbb, 0xbb, 0x00, 0x0f, 0xa0, 0x01, 0xf9,
    0x0a, 0xf1, 0x00, 0x1f, 0xa0, 0x00, 0x00, 0x00,
    0xfa, 0x00, 0x1f, 0x90, 0xaf, 0x10, 0x00, 0xfb,
    0x00, 0x00, 0x00, 0x0f, 0xa0, 0x01, 0xf9, 0x0a,
    0xf1, 0x00, 0x0f, 0xc0, 0x00, 0x00, 0x00, 0xfe,
    0x99, 0xaf, 0x90, 0xaf, 0xba, 0xaa, 0xff, 0xaa,
    0xaa, 0xa1, 0x0f, 0xff, 0xff, 0xf9, 0x0a, 0xff,
    0xff, 0xff, 0xff, 0xff, 0xff, 0x20, 0xfa, 0x00,
    0x1f, 0x90, 0xaf, 0x10, 0x00, 0xaf, 0x20, 0x00,
    0x00, 0x0f, 0xa0, 0x01, 0xf9, 0x0a, 0xf1, 0x00,
    0x07, 0xf4, 0x00, 0x00, 0x00, 0xfa, 0x00, 0x1f,
    0x90, 0xaf, 0x10, 0x00, 0x4f, 0x70, 0x00, 0x00,
    0x0f, 0xea, 0xab, 0xf9, 0x0a, 0xf1, 0x00, 0x01,
    0xfb, 0x00, 0x01, 0x00, 0xff, 0xff, 0xff, 0x90,
    0xaf, 0x10, 0x00, 0x0c, 0xf0, 0x00, 0xe4, 0x0f,
    0xa0, 0x00, 0x00, 0x0a, 0xf1, 0x00, 0x43, 0x7f,
    0x60, 0x1f, 0x50, 0xfa, 0x00, 0x00, 0x00, 0xcf,
    0x9c, 0xff, 0x81, 0xfe, 0x13, 0xf3, 0x00, 0x00,
    0x00, 0x00, 0x7f, 0xff, 0xfc, 0x72, 0x07, 0xff,
    0xee, 0x00, 0x00, 0x00, 0x00, 0x05, 0xfa, 0x51,
    0x00, 0x00, 0x07, 0xef, 0x50, 0x00, 0x00, 0x00,
    0x00, 0x01, 0x00, 0x00, 0x00, 0x00, 0x00, 0x00,
    0x00,

    /* U+7761 "睡" */
    0x00, 0x00, 0x00, 0x00, 0x00, 0x00, 0x00, 0x24,
    0x79, 0xa0, 0x00, 0xbb, 0xbb, 0xb8, 0x01, 0xab,
    0xcd, 0xff, 0xff, 0xff, 0xd3, 0x00, 0xff, 0xff,
    0xfc, 0x00, 0xcc, 0xca, 0x9f, 0xe4, 0x20, 0x00,
    0x00, 0xf8, 0x00, 0xbc, 0x00, 0x00, 0x00, 0x0e,
    0xc0, 0x00, 0x00, 0x00, 0xf8, 0x00, 0xbc, 0x00,
    0x00, 0x00, 0x0e, 0xc0, 0x00, 0x00, 0x00, 0xf8,
    0x00, 0xbc, 0x08, 0x99, 0x99, 0x9f, 0xe9, 0x99,
    0x99, 0x40, 0xfd, 0x99, 0xec, 0x0e, 0xff, 0xff,
    0xff, 0xff, 0xff, 0xff, 0x80, 0xff, 0xff, 0xfc,
    0x03, 0x4f, 0xa4, 0x4f, 0xd4, 0x4f, 0xb4, 0x20,
    0xf8, 0x00, 0xbc, 0x00, 0x0f, 0x90, 0x0e, 0xc0,
    0x0e, 0xa0, 0x00, 0xf8, 0x00, 0xbc, 0x00, 0x0f,
    0x90, 0x0e, 0xc0, 0x0e, 0xa0, 0x00, 0xf8, 0x00,
    0xbc, 0x3c, 0xcf, 0xec, 0xcf, 0xfc, 0xcf, 0xec,
    0xc0, 0xfd, 0x99, 0xec, 0x4f, 0xff, 0xff, 0xff,
    0xff, 0xff, 0xff, 0xf0, 0xff, 0xff, 0xfc, 0x00,
    0x0f, 0x90, 0x0e, 0xc0, 0x0e, 0xa0, 0x00, 0xf8,
    0x00, 0xbc, 0x00, 0x0f, 0x90, 0x0e, 0xc0, 0x0e,
    0xa0, 0x00, 0xf8, 0x00, 0xbc, 0x02, 0x2f, 0xa2,
    0x2f, 0xd2, 0x2f, 0xb2, 0x10, 0xf8, 0x00, 0xbc,
    0x0f, 0xff, 0xff, 0xff, 0xff, 0xff, 0xff, 0x80,
    0xfd, 0xaa, 0xec, 0x07, 0x77, 0x77, 0x7f, 0xe7,
    0x77, 0x77, 0x30, 0xff, 0xff, 0xfb, 0x00, 0x00,
    0x00, 0x0e, 0xc0, 0x00, 0x00, 0x00, 0xf8, 0x00,
    0x00, 0x00, 0x00, 0x00, 0x0e, 0xc0, 0x00, 0x00,
    0x00, 0xf8, 0x00, 0x00, 0x00, 0x22, 0x22, 0x2f,
    0xd2, 0x22, 0x21, 0x00, 0x00, 0x00, 0x00, 0x02,
    0xff, 0xff, 0xff, 0xff, 0xff, 0xfc, 0x00,

    /* U+77E5 "知" */
    0x00, 0x00, 0x00, 0x00, 0x00, 0x00, 0x00, 0x00,
    0x00, 0x00, 0x00, 0x00, 0x05, 0xe5, 0x00, 0x00,
    0x00, 0x00, 0x00, 0x00, 0x00, 0x00, 0x00, 0x09,
    0xf3, 0x00, 0x00, 0x00, 0x00, 0x00, 0x00, 0x00,
    0x00, 0x00, 0x0d, 0xe0, 0x00, 0x00, 0x00, 0x0d,
    0xff, 0xff, 0xff, 0xfc, 0x00, 0x3f, 0xfd, 0xdd,
    0xdd, 0xd8, 0x0d, 0xfb, 0xbb, 0xbb, 0xfc, 0x00,
    0x9f, 0xdd, 0xff, 0xdd, 0xd8, 0x0d, 0xe0, 0x00,
    0x00, 0xfc, 0x01, 0xfd, 0x00, 0xfd, 0x00, 0x00,
    0x0d, 0xe0, 0x00, 0x00, 0xfc, 0x09, 0xf6, 0x00,
    0xfd, 0x00, 0x00, 0x0d, 0xe0, 0x00, 0x00, 0xfc,
    0x0c, 0xc0, 0x00, 0xfd, 0x00, 0x00, 0x0d, 0xe0,
    0x00, 0x00, 0xfc, 0x00, 0x10, 0x00, 0xfd, 0x00,
    0x00, 0x0d, 0xe0, 0x00, 0x00, 0xfc, 0x0a, 0xbb,
    0xbb, 0xff, 0xbb, 0xbb, 0x3d, 0xe0, 0x00, 0x00,
    0xfc, 0x0e, 0xff, 0xff, 0xff, 0xff, 0xff, 0x5d,
    0xe0, 0x00, 0x00, 0xfc, 0x00, 0x00, 0x02, 0xfb,
    0x00, 0x00, 0x0d, 0xe0, 0x00, 0x00, 0xfc, 0x00,
    0x00, 0x04, 0xf9, 0x00, 0x00, 0x0d, 0xe0, 0x00,
    0x00, 0xfc, 0x00, 0x00, 0x07, 0xff, 0x40, 0x00,
    0x0d, 0xe0, 0x00, 0x00, 0xfc, 0x00, 0x00, 0x0b,
    0xfe, 0xf4, 0x00, 0x0d, 0xe0, 0x00, 0x00, 0xfc,
    0x00, 0x00, 0x2f, 0xc2, 0xff, 0x30, 0x0d, 0xe0,
    0x00, 0x00, 0xfc, 0x00, 0x00, 0x9f, 0x50, 0x4f,
    0xe2, 0x0d, 0xe0, 0x00, 0x00, 0xfc, 0x00, 0x03,
    0xfd, 0x00, 0x07, 0xfd, 0x1d, 0xf9, 0x99, 0x99,
    0xfc, 0x00, 0x1e, 0xf3, 0x00, 0x00, 0xac, 0x0d,
    0xff, 0xff, 0xff, 0xfc, 0x02, 0xdf, 0x70, 0x00,
    0x00, 0x01, 0x0d, 0xe1, 0x11, 0x12, 0xfc, 0x0d,
    0xf7, 0x00, 0x00, 0x00, 0x00, 0x0d, 0xe0, 0x00,
    0x00, 0xfc, 0x02, 0x40, 0x00, 0x00, 0x00, 0x00,
    0x00, 0x00, 0x00, 0x00, 0x00,

    /* U+77ED "短" */
    0x00, 0x00, 0x00, 0x00, 0x00, 0x00, 0x00, 0x00,
    0x00, 0x00, 0x00, 0x00, 0x00, 0x0d, 0xb0, 0x00,
    0x00, 0x00, 0x00, 0x00, 0x00, 0x00, 0x00, 0x00,
    0x00, 0x0f, 0xa0, 0x00, 0x00, 0x4f, 0xff, 0xff,
    0xff, 0xff, 0xff, 0xd0, 0x00, 0x3f, 0x70, 0x00,
    0x00, 0x29, 0x99, 0x99, 0x99, 0x99, 0x99, 0x80,
    0x00, 0x7f, 0xfe, 0xee, 0xed, 0x00, 0x00, 0x00,
    0x00, 0x00, 0x00, 0x00, 0x00, 0xbf, 0xae, 0xfa,
    0xa9, 0x00, 0x00, 0x00, 0x00, 0x00, 0x00, 0x00,
    0x01, 0xfa, 0x0c, 0xe0, 0x00, 0x07, 0xff, 0xff,
    0xff, 0xff, 0xfd, 0x00, 0x08, 0xf4, 0x0c, 0xe0,
    0x00, 0x07, 0xfb, 0xaa, 0xaa, 0xaa, 0xfe, 0x00,
    0x0a, 0xd0, 0x0c, 0xe0, 0x00, 0x07, 0xf3, 0x00,
    0x00, 0x00, 0xde, 0x00, 0x00, 0x20, 0x0c, 0xe0,
    0x00, 0x07, 0xf3, 0x00, 0x00, 0x00, 0xde, 0x00,
    0x09, 0xaa, 0xae, 0xfa, 0xaa, 0x27, 0xf3, 0x00,
    0x00, 0x00, 0xde, 0x00, 0x0e, 0xff, 0xff, 0xff,
    0xff, 0x37, 0xf3, 0x00, 0x00, 0x00, 0xde, 0x00,
    0x00, 0x00, 0x0f, 0xb0, 0x00, 0x07, 0xff, 0xff,
    0xff, 0xff, 0xfe, 0x00, 0x00, 0x00, 0x1f, 0xa0,
    0x00, 0x05, 0xbb, 0xbb, 0xbb, 0xbb, 0xba, 0x00,
    0x00, 0x00, 0x4f, 0xf2, 0x00, 0x00, 0x13, 0x00,
    0x00, 0x05, 0x50, 0x00, 0x00, 0x00, 0x8f, 0xfd,
    0x00, 0x00, 0x9f, 0x10, 0x00, 0x0d, 0xf0, 0x00,
    0x00, 0x00, 0xee, 0x5f, 0xa0, 0x00, 0x3f, 0x80,
    0x00, 0x3f, 0xa0, 0x00, 0x00, 0x05, 0xf8, 0x0a,
    0xf6, 0x00, 0x0d, 0xd0, 0x00, 0x9f, 0x30, 0x00,
    0x00, 0x0d, 0xf1, 0x01, 0xee, 0x00, 0x08, 0xf2,
    0x00, 0xed, 0x00, 0x00, 0x00, 0x8f, 0x80, 0x00,
    0x53, 0x00, 0x04, 0xb3, 0x05, 0xf6, 0x00, 0x00,
    0x06, 0xfd, 0x00, 0x00, 0x02, 0xaa, 0xaa, 0xaa,
    0xae, 0xfb, 0xaa, 0xa0, 0x09, 0xe2, 0x00, 0x00,
    0x04, 0xff, 0xff, 0xff, 0xff, 0xff, 0xff, 0xf1,
    0x00, 0x10, 0x00, 0x00, 0x00, 0x00, 0x00, 0x00,
    0x00, 0x00, 0x00, 0x00,

    /* U+786C "硬" */
    0x00, 0x00, 0x00, 0x00, 0x00, 0x22, 0x22, 0x22,
    0x22, 0x22, 0x22, 0x10, 0x0e, 0xff, 0xff, 0xff,
    0xf7, 0xff, 0xff, 0xff, 0xff, 0xff, 0xff, 0xb0,
    0x0a, 0xbb, 0xff, 0xbb, 0xb4, 0x77, 0x77, 0x7e,
    0xf7, 0x77, 0x77, 0x50, 0x00, 0x00, 0xfb, 0x00,
    0x00, 0x00, 0x00, 0x0c, 0xe0, 0x00, 0x00, 0x00,
    0x00, 0x03, 0xf7, 0x00, 0x00, 0x23, 0x33, 0x3d,
    0xf3, 0x33, 0x33, 0x00, 0x00, 0x07, 0xf3, 0x00,
    0x00, 0xef, 0xff, 0xff, 0xff, 0xff, 0xff, 0x10,
    0x00, 0x0c, 0xf0, 0x00, 0x00, 0xec, 0x44, 0x4d,
    0xf4, 0x44, 0xaf, 0x10, 0x00, 0x1f, 0xb0, 0x00,
    0x00, 0xeb, 0x00, 0x0c, 0xe0, 0x00, 0x9f, 0x10,
    0x00, 0x6f, 0xc9, 0x99, 0x90, 0xed, 0x77, 0x7e,
    0xf7, 0x77, 0xcf, 0x10, 0x00, 0xcf, 0xff, 0xff,
    0xf0, 0xef, 0xee, 0xef, 0xfe, 0xee, 0xff, 0x10,
    0x04, 0xff, 0x60, 0x08, 0xf0, 0xeb, 0x00, 0x0c,
    0xe0, 0x00, 0x9f, 0x10, 0x0d, 0xff, 0x60, 0x07,
    0xf0, 0xeb, 0x00, 0x0c, 0xe0, 0x00, 0x9f, 0x10,
    0x2f, 0xbf, 0x60, 0x07, 0xf0, 0xed, 0x77, 0x7e,
    0xf7, 0x77, 0xcf, 0x10, 0x0a, 0x3f, 0x60, 0x07,
    0xf0, 0xef, 0xff, 0xff, 0xff, 0xff, 0xff, 0x10,
    0x00, 0x2f, 0x60, 0x07, 0xf0, 0x13, 0x00, 0x0f,
    0xa0, 0x00, 0x00, 0x00, 0x00, 0x2f, 0x60, 0x07,
    0xf0, 0xaf, 0x20, 0x4f, 0x70, 0x00, 0x00, 0x00,
    0x00, 0x2f, 0x60, 0x07, 0xf0, 0x1f, 0xd1, 0xbf,
    0x10, 0x00, 0x00, 0x00, 0x00, 0x2f, 0xca, 0xad,
    0xf0, 0x04, 0xfe, 0xf9, 0x00, 0x00, 0x00, 0x00,
    0x00, 0x2f, 0xff, 0xff, 0xf0, 0x00, 0x9f, 0xf9,
    0x10, 0x00, 0x00, 0x00, 0x00, 0x2f, 0x60, 0x00,
    0x00, 0x19, 0xfe, 0xcf, 0xfa, 0x51, 0x00, 0x00,
    0x00, 0x2e, 0x50, 0x00, 0x2b, 0xff, 0xb1, 0x04,
    0xbf, 0xff, 0xeb, 0x80, 0x00, 0x00, 0x00, 0x00,
    0x0b, 0xa3, 0x00, 0x00, 0x01, 0x59, 0xcf, 0x40,
    0x00, 0x00, 0x00, 0x00, 0x00, 0x00, 0x00, 0x00,
    0x00, 0x00, 0x00, 0x00,

    /* U+786E "确" */
    0x00, 0x00, 0x00, 0x00, 0x00, 0x00, 0x00, 0x00,
    0x00, 0x00, 0x00, 0x00, 0x00, 0x00, 0x00, 0x00,
    0x00, 0x2f, 0x60, 0x00, 0x00, 0x00, 0x0a, 0xcc,
    0xcc, 0xcc, 0xc2, 0x00, 0x9f, 0x30, 0x00, 0x10,
    0x00, 0x0c, 0xee, 0xff, 0xee, 0xe3, 0x01, 0xff,
    0xff, 0xff, 0xf8, 0x00, 0x00, 0x00, 0xfb, 0x00,
    0x00, 0x0a, 0xf8, 0x77, 0x7c, 0xf6, 0x00, 0x00,
    0x04, 0xf7, 0x00, 0x00, 0x4f, 0x90, 0x00, 0x1f,
    0xc0, 0x00, 0x00, 0x08, 0xf3, 0x00, 0x01, 0xee,
    0x10, 0x00, 0xbf, 0x20, 0x00, 0x00, 0x0c, 0xf0,
    0x00, 0x0c, 0xff, 0xdd, 0xde, 0xff, 0xdd, 0xec,
    0x00, 0x1f, 0xa0, 0x00, 0x9f, 0xff, 0xbb, 0xbe,
    0xfb, 0xbb, 0xfe, 0x00, 0x6f, 0xa6, 0x66, 0x46,
    0xbf, 0x00, 0x0a, 0xe0, 0x00, 0xde, 0x00, 0xdf,
    0xff, 0xff, 0x70, 0xbf, 0x00, 0x0a, 0xe0, 0x00,
    0xde, 0x05, 0xff, 0x60, 0x0f, 0x70, 0xbf, 0xff,
    0xff, 0xff, 0xff, 0xfe, 0x0d, 0xff, 0x60, 0x0f,
    0x70, 0xbf, 0x77, 0x7d, 0xf7, 0x77, 0xee, 0x2f,
    0xaf, 0x60, 0x0f, 0x70, 0xbf, 0x00, 0x0a, 0xe0,
    0x00, 0xde, 0x08, 0x2f, 0x60, 0x0f, 0x70, 0xbf,
    0x00, 0x0a, 0xe0, 0x00, 0xde, 0x00, 0x1f, 0x60,
    0x0f, 0x70, 0xcf, 0x88, 0x8d, 0xf8, 0x88, 0xee,
    0x00, 0x1f, 0x60, 0x0f, 0x70, 0xdf, 0xff, 0xff,
    0xff, 0xff, 0xfe, 0x00, 0x1f, 0x60, 0x0f, 0x70,
    0xfb, 0x00, 0x0a, 0xe0, 0x00, 0xde, 0x00, 0x1f,
    0xca, 0xaf, 0x74, 0xf8, 0x00, 0x0a, 0xe0, 0x00,
    0xde, 0x00, 0x1f, 0xff, 0xff, 0x79, 0xf4, 0x00,
    0x0a, 0xe0, 0x00, 0xde, 0x00, 0x1f, 0x60, 0x00,
    0x1f, 0xe0, 0x00, 0x0a, 0xe0, 0x00, 0xde, 0x00,
    0x1e, 0x50, 0x00, 0xcf, 0x70, 0x00, 0x0a, 0xe1,
    0x88, 0xfd, 0x00, 0x00, 0x00, 0x00, 0x8c, 0x00,
    0x00, 0x00, 0x00, 0xff, 0xe6, 0x00, 0x00, 0x00,
    0x00, 0x00, 0x00, 0x00, 0x00, 0x00, 0x00, 0x00,

    /* U+793A "示" */
    0x00, 0x02, 0x99, 0x99, 0x99, 0x99, 0x99, 0x99,
    0x99, 0x99, 0x60, 0x00, 0x00, 0x3f, 0xff, 0xff,
    0xff, 0xff, 0xff, 0xff, 0xff, 0xfb, 0x00, 0x00,
    0x00, 0x22, 0x22, 0x22, 0x22, 0x22, 0x22, 0x22,
    0x22, 0x10, 0x00, 0x00, 0x00, 0x00, 0x00, 0x00,
    0x00, 0x00, 0x00, 0x00, 0x00, 0x00, 0x00, 0x00,
    0x00, 0x00, 0x00, 0x00, 0x00, 0x00, 0x00, 0x00,
    0x00, 0x00, 0x00, 0x00, 0x00, 0x00, 0x00, 0x00,
    0x00, 0x00, 0x00, 0x00, 0x00, 0x06, 0xcc, 0xcc,
    0xcc, 0xcc, 0xcc, 0xcc, 0xcc, 0xcc, 0xcc, 0xcc,
    0x70, 0x9f, 0xff, 0xff, 0xff, 0xff, 0xff, 0xff,
    0xff, 0xff, 0xff, 0xf9, 0x00, 0x00, 0x00, 0x00,
    0x00, 0x0b, 0xf3, 0x00, 0x00, 0x00, 0x00, 0x00,
    0x00, 0x00, 0x00, 0x00, 0x00, 0xbf, 0x30, 0x00,
    0x00, 0x00, 0x00, 0x00, 0x00, 0x02, 0x51, 0x00,
    0x0b, 0xf3, 0x00, 0x02, 0x30, 0x00, 0x00, 0x00,
    0x00, 0xbf, 0x70, 0x00, 0xbf, 0x30, 0x02, 0xfe,
    0x10, 0x00, 0x00, 0x00, 0x2f, 0xf1, 0x00, 0x0b,
    0xf3, 0x00, 0x07, 0xf9, 0x00, 0x00, 0x00, 0x0b,
    0xf8, 0x00, 0x00, 0xbf, 0x30, 0x00, 0x0d, 0xf3,
    0x00, 0x00, 0x05, 0xfe, 0x00, 0x00, 0x0b, 0xf3,
    0x00, 0x00, 0x4f, 0xc0, 0x00, 0x02, 0xff, 0x50,
    0x00, 0x00, 0xbf, 0x30, 0x00, 0x00, 0xbf, 0x40,
    0x01, 0xdf, 0x90, 0x00, 0x00, 0x0b, 0xf3, 0x00,
    0x00, 0x03, 0xfc, 0x00, 0xcf, 0xc0, 0x00, 0x00,
    0x00, 0xbf, 0x30, 0x00, 0x00, 0x0b, 0xf3, 0x02,
    0xa1, 0x00, 0x00, 0x00, 0x0b, 0xf3, 0x00, 0x00,
    0x00, 0x48, 0x10, 0x00, 0x00, 0x00, 0xac, 0xcc,
    0xff, 0x10, 0x00, 0x00, 0x00, 0x00, 0x00, 0x00,
    0x00, 0x07, 0xff, 0xfd, 0x70, 0x00, 0x00, 0x00,
    0x00, 0x00, 0x00, 0x00, 0x00, 0x00, 0x00, 0x00,
    0x00, 0x00, 0x00, 0x00, 0x00,

    /* U+79BB "离" */
    0x00, 0x00, 0x00, 0x00, 0x00, 0x20, 0x00, 0x00,
    0x00, 0x00, 0x00, 0x00, 0x00, 0x00, 0x00, 0x05,
    0xf7, 0x00, 0x00, 0x00, 0x00, 0x00, 0x00, 0x00,
    0x00, 0x00, 0x00, 0xee, 0x00, 0x00, 0x00, 0x00,
    0x00, 0x3f, 0xff, 0xff, 0xff, 0xff, 0xff, 0xff,
    0xff, 0xff, 0xff, 0xfb, 0x2a, 0xaa, 0xaa, 0xaa,
    0xaa, 0xaa, 0xaa, 0xaa, 0xaa, 0xaa, 0xa7, 0x00,
    0x06, 0x80, 0x0a, 0x70, 0x00, 0x06, 0xd1, 0x07,
    0x80, 0x00, 0x00, 0x0b, 0xf0, 0x05, 0xde, 0x73,
    0xbe, 0x40, 0x0c, 0xf0, 0x00, 0x00, 0x0b, 0xf0,
    0x00, 0x06, 0xff, 0xe2, 0x00, 0x0c, 0xf0, 0x00,
    0x00, 0x0b, 0xf0, 0x02, 0x9f, 0xc6, 0xde, 0x70,
    0x0c, 0xf0, 0x00, 0x00, 0x0b, 0xf0, 0x7f, 0xc4,
    0x00, 0x07, 0xe9, 0x0c, 0xf0, 0x00, 0x00, 0x0b,
    0xf4, 0x58, 0x44, 0x44, 0x44, 0x55, 0x4d, 0xf0,
    0x00, 0x00, 0x0b, 0xff, 0xff, 0xff, 0xff, 0xff,
    0xff, 0xff, 0xf0, 0x00, 0x00, 0x02, 0x33, 0x33,
    0x33, 0xff, 0x43, 0x33, 0x33, 0x20, 0x00, 0x00,
    0x00, 0x00, 0x00, 0x07, 0xf9, 0x00, 0x00, 0x00,
    0x01, 0x00, 0x03, 0xff, 0xff, 0xff, 0xff, 0xff,
    0xff, 0xff, 0xff, 0xff, 0x70, 0x03, 0xfc, 0x88,
    0x88, 0xef, 0x98, 0x88, 0x88, 0x88, 0xaf, 0x70,
    0x03, 0xf8, 0x00, 0x04, 0xfa, 0x00, 0x0d, 0x90,
    0x00, 0x4f, 0x70, 0x03, 0xf8, 0x00, 0x1e, 0xd1,
    0x00, 0x07, 0xf5, 0x00, 0x4f, 0x70, 0x03, 0xf8,
    0x02, 0xdf, 0x87, 0x8a, 0xcd, 0xfe, 0x10, 0x4f,
    0x70, 0x03, 0xf8, 0x01, 0xff, 0xff, 0xec, 0xb9,
    0x7f, 0xa0, 0x4f, 0x70, 0x03, 0xf8, 0x00, 0x64,
    0x20, 0x00, 0x00, 0x05, 0x20, 0x4f, 0x70, 0x03,
    0xf8, 0x00, 0x00, 0x00, 0x00, 0x00, 0x04, 0x66,
    0x9f, 0x70, 0x03, 0xf8, 0x00, 0x00, 0x00, 0x00,
    0x00, 0x05, 0xff, 0xfc, 0x10, 0x00, 0x10, 0x00,
    0x00, 0x00, 0x00, 0x00, 0x00, 0x00, 0x00, 0x00,

    /* U+79D2 "秒" */
    0x00, 0x00, 0x00, 0x00, 0x00, 0x00, 0x00, 0x00,
    0x00, 0x00, 0x00, 0x00, 0x00, 0x00, 0x00, 0x4a,
    0x30, 0x00, 0x00, 0xde, 0x00, 0x00, 0x00, 0x00,
    0x14, 0x8b, 0xff, 0xfb, 0x00, 0x00, 0x0d, 0xe0,
    0x00, 0x00, 0x00, 0x8f, 0xff, 0xfe, 0x62, 0x00,
    0x00, 0x00, 0xde, 0x00, 0x00, 0x00, 0x02, 0x64,
    0x1f, 0xd0, 0x00, 0x00, 0x00, 0x0d, 0xe0, 0x02,
    0x10, 0x00, 0x00, 0x00, 0xfd, 0x00, 0x00, 0x4f,
    0x50, 0xde, 0x03, 0xfa, 0x00, 0x00, 0x00, 0x0f,
    0xd0, 0x00, 0x06, 0xf4, 0x0d, 0xe0, 0x0b, 0xf2,
    0x00, 0x55, 0x55, 0xfe, 0x55, 0x51, 0x9f, 0x10,
    0xde, 0x00, 0x3f, 0x90, 0x0f, 0xff, 0xff, 0xff,
    0xff, 0x3c, 0xe0, 0x0d, 0xe0, 0x00, 0xdf, 0x00,
    0x55, 0x58, 0xfe, 0x55, 0x52, 0xfa, 0x00, 0xde,
    0x00, 0x07, 0xf6, 0x00, 0x00, 0x9f, 0xf6, 0x00,
    0x5f, 0x60, 0x0d, 0xe0, 0x00, 0x1f, 0xb0, 0x00,
    0x1f, 0xff, 0xf3, 0x0b, 0xf1, 0x00, 0xde, 0x00,
    0x00, 0x85, 0x00, 0x07, 0xff, 0xdc, 0xe1, 0x7a,
    0x00, 0x0d, 0xe0, 0x00, 0x30, 0x00, 0x01, 0xe8,
    0xfd, 0x2f, 0xb0, 0x00, 0x00, 0xde, 0x00, 0x3f,
    0xa0, 0x00, 0x9f, 0x2f, 0xd0, 0x88, 0x00, 0x00,
    0x0d, 0xe0, 0x0b, 0xf4, 0x00, 0x3f, 0x90, 0xfd,
    0x00, 0x00, 0x00, 0x00, 0xac, 0x05, 0xfc, 0x00,
    0x0d, 0xf1, 0x0f, 0xd0, 0x00, 0x00, 0x00, 0x00,
    0x02, 0xff, 0x20, 0x00, 0xe7, 0x00, 0xfd, 0x00,
    0x00, 0x00, 0x00, 0x02, 0xef, 0x60, 0x00, 0x04,
    0x00, 0x0f, 0xd0, 0x00, 0x00, 0x00, 0x05, 0xff,
    0x70, 0x00, 0x00, 0x00, 0x00, 0xfd, 0x00, 0x00,
    0x00, 0x3b, 0xff, 0x50, 0x00, 0x00, 0x00, 0x00,
    0x0f, 0xd0, 0x00, 0x16, 0xcf, 0xfb, 0x20, 0x00,
    0x00, 0x00, 0x00, 0x00, 0xfd, 0x01, 0xdf, 0xff,
    0xb4, 0x00, 0x00, 0x00, 0x00, 0x00, 0x00, 0x0f,
    0xd0, 0x09, 0xb7, 0x10, 0x00, 0x00, 0x00, 0x00,
    0x00,

    /* U+7A0D "稍" */
    0x00, 0x00, 0x01, 0x73, 0x00, 0x00, 0x00, 0x1f,
    0x90, 0x00, 0x10, 0x00, 0x48, 0xcf, 0xfc, 0x03,
    0xe5, 0x00, 0x1f, 0xa0, 0x00, 0xe9, 0x4f, 0xff,
    0xfc, 0x50, 0x00, 0xee, 0x00, 0x1f, 0xa0, 0x07,
    0xf5, 0x07, 0x53, 0xf9, 0x00, 0x00, 0x5f, 0x80,
    0x1f, 0xa0, 0x1e, 0xc0, 0x00, 0x01, 0xf9, 0x00,
    0x00, 0x0d, 0xf1, 0x1f, 0xa0, 0x9f, 0x30, 0x00,
    0x01, 0xf9, 0x00, 0x00, 0x05, 0xa1, 0x1f, 0xa0,
    0x98, 0x00, 0x00, 0x02, 0xf9, 0x00, 0x00, 0x11,
    0x11, 0x2f, 0xa1, 0x12, 0x10, 0xaf, 0xff, 0xff,
    0xff, 0x71, 0xff, 0xff, 0xff, 0xff, 0xff, 0xf2,
    0x6a, 0xad, 0xfd, 0xaa, 0x41, 0xfd, 0x99, 0x99,
    0x99, 0x9d, 0xf2, 0x00, 0x0c, 0xfc, 0x00, 0x01,
    0xf9, 0x00, 0x00, 0x00, 0x08, 0xf2, 0x00, 0x2f,
    0xff, 0xa0, 0x01, 0xf9, 0x00, 0x00, 0x00, 0x09,
    0xf2, 0x00, 0x9f, 0xfb, 0xf8, 0x01, 0xff, 0xff,
    0xff, 0xff, 0xff, 0xf2, 0x01, 0xf9, 0xf9, 0x6f,
    0x31, 0xfc, 0x88, 0x88, 0x88, 0x8c, 0xf2, 0x08,
    0xf3, 0xf9, 0x08, 0x01, 0xf9, 0x00, 0x00, 0x00,
    0x08, 0xf2, 0x2f, 0xb1, 0xf9, 0x00, 0x01, 0xf9,
    0x00, 0x00, 0x00, 0x08, 0xf2, 0xbf, 0x31, 0xf9,
    0x00, 0x01, 0xff, 0xff, 0xff, 0xff, 0xff, 0xf2,
    0x5a, 0x01, 0xf9, 0x00, 0x01, 0xfd, 0x99, 0x99,
    0x99, 0x9d, 0xf2, 0x01, 0x01, 0xf9, 0x00, 0x01,
    0xf9, 0x00, 0x00, 0x00, 0x08, 0xf2, 0x00, 0x01,
    0xf9, 0x00, 0x01, 0xf9, 0x00, 0x00, 0x00, 0x08,
    0xf2, 0x00, 0x01, 0xf9, 0x00, 0x01, 0xf9, 0x00,
    0x00, 0x00, 0x08, 0xf2, 0x00, 0x01, 0xf9, 0x00,
    0x01, 0xf9, 0x00, 0x00, 0x59, 0x9d, 0xf1, 0x00,
    0x01, 0xf9, 0x00, 0x01, 0xf9, 0x00, 0x00, 0x3f,
    0xfe, 0x80, 0x00, 0x00, 0x00, 0x00, 0x00, 0x00,
    0x00, 0x00, 0x00, 0x00, 0x00,

    /* U+7A7A "空" */
    0x00, 0x00, 0x00, 0x00, 0x00, 0x00, 0x00, 0x00,
    0x00, 0x00, 0x00, 0x00, 0x00, 0x00, 0x00, 0x06,
    0xe7, 0x00, 0x00, 0x00, 0x00, 0x00, 0x00, 0x00,
    0x00, 0x00, 0x03, 0xfe, 0x00, 0x00, 0x00, 0x00,
    0x00, 0x00, 0x00, 0x00, 0x00, 0x00, 0xcf, 0x70,
    0x00, 0x00, 0x00, 0x00, 0x1f, 0xff, 0xff, 0xff,
    0xff, 0xff, 0xff, 0xff, 0xff, 0xff, 0xf1, 0x1f,
    0xe9, 0x99, 0x99, 0x99, 0x99, 0x99, 0x99, 0x99,
    0x9e, 0xf1, 0x1f, 0xb0, 0x00, 0x00, 0x00, 0x00,
    0x00, 0x00, 0x00, 0x0c, 0xf1, 0x1f, 0xb0, 0x00,
    0x05, 0xb1, 0x00, 0x09, 0x80, 0x00, 0x0c, 0xf1,
    0x1f, 0xb0, 0x00, 0x9f, 0xe3, 0x00, 0x1c, 0xfe,
    0x60, 0x09, 0xc1, 0x06, 0x40, 0x4d, 0xfc, 0x10,
    0x00, 0x00, 0x5e, 0xfd, 0x40, 0x00, 0x00, 0x4b,
    0xff, 0x70, 0x00, 0x00, 0x00, 0x00, 0x8f, 0xfa,
    0x10, 0x09, 0xff, 0xb2, 0x00, 0x00, 0x00, 0x00,
    0x00, 0x02, 0xcf, 0xa0, 0x01, 0xa4, 0x00, 0x00,
    0x00, 0x00, 0x00, 0x00, 0x00, 0x06, 0x00, 0x00,
    0x08, 0xff, 0xff, 0xff, 0xff, 0xff, 0xff, 0xff,
    0xe0, 0x00, 0x00, 0x05, 0x99, 0x99, 0x99, 0xff,
    0x99, 0x99, 0x99, 0x80, 0x00, 0x00, 0x00, 0x00,
    0x00, 0x00, 0xef, 0x00, 0x00, 0x00, 0x00, 0x00,
    0x00, 0x00, 0x00, 0x00, 0x00, 0xef, 0x00, 0x00,
    0x00, 0x00, 0x00, 0x00, 0x00, 0x00, 0x00, 0x00,
    0xef, 0x00, 0x00, 0x00, 0x00, 0x00, 0x00, 0x00,
    0x00, 0x00, 0x00, 0xef, 0x00, 0x00, 0x00, 0x00,
    0x00, 0x00, 0x00, 0x00, 0x00, 0x00, 0xef, 0x00,
    0x00, 0x00, 0x00, 0x00, 0x0c, 0xcc, 0xcc, 0xcc,
    0xcc, 0xff, 0xcc, 0xcc, 0xcc, 0xcc, 0xc1, 0x1f,
    0xff, 0xff, 0xff, 0xff, 0xff, 0xff, 0xff, 0xff,
    0xff, 0xf2,

    /* U+7ACB "立" */
    0x00, 0x00, 0x00, 0x00, 0x00, 0x31, 0x00, 0x00,
    0x00, 0x00, 0x00, 0x00, 0x00, 0x00, 0x00, 0x06,
    0xf9, 0x00, 0x00, 0x00, 0x00, 0x00, 0x00, 0x00,
    0x00, 0x00, 0x01, 0xfe, 0x00, 0x00, 0x00, 0x00,
    0x00, 0x00, 0x00, 0x00, 0x00, 0x00, 0xbf, 0x30,
    0x00, 0x00, 0x00, 0x00, 0x00, 0x00, 0x00, 0x00,
    0x00, 0x7b, 0x30, 0x00, 0x00, 0x00, 0x00, 0x05,
    0xcc, 0xcc, 0xcc, 0xcc, 0xcc, 0xcc, 0xcc, 0xcc,
    0xcc, 0xb0, 0x07, 0xff, 0xff, 0xff, 0xff, 0xff,
    0xff, 0xff, 0xff, 0xff, 0xf0, 0x00, 0x00, 0x00,
    0x00, 0x00, 0x00, 0x00, 0x00, 0x00, 0x00, 0x00,
    0x00, 0x00, 0x05, 0x60, 0x00, 0x00, 0x00, 0x03,
    0x74, 0x00, 0x00, 0x00, 0x00, 0x0f, 0xe0, 0x00,
    0x00, 0x00, 0x08, 0xf9, 0x00, 0x00, 0x00, 0x00,
    0x0b, 0xf3, 0x00, 0x00, 0x00, 0x0c, 0xf5, 0x00,
    0x00, 0x00, 0x00, 0x07, 0xf7, 0x00, 0x00, 0x00,
    0x0f, 0xf0, 0x00, 0x00, 0x00, 0x00, 0x03, 0xfb,
    0x00, 0x00, 0x00, 0x4f, 0xb0, 0x00, 0x00, 0x00,
    0x00, 0x00, 0xff, 0x00, 0x00, 0x00, 0x8f, 0x60,
    0x00, 0x00, 0x00, 0x00, 0x00, 0xbf, 0x30, 0x00,
    0x00, 0xdf, 0x10, 0x00, 0x00, 0x00, 0x00, 0x00,
    0x8f, 0x70, 0x00, 0x02, 0xfc, 0x00, 0x00, 0x00,
    0x00, 0x00, 0x00, 0x4f, 0xa0, 0x00, 0x07, 0xf7,
    0x00, 0x00, 0x00, 0x00, 0x00, 0x00, 0x1f, 0xd0,
    0x00, 0x0c, 0xf2, 0x00, 0x00, 0x00, 0x00, 0x00,
    0x00, 0x0f, 0xc0, 0x00, 0x2f, 0xc0, 0x00, 0x00,
    0x00, 0x00, 0x00, 0x00, 0x00, 0x00, 0x00, 0x8f,
    0x60, 0x00, 0x00, 0x00, 0x6c, 0xcc, 0xcc, 0xcc,
    0xcc, 0xcc, 0xff, 0xdc, 0xcc, 0xcc, 0xcb, 0x8f,
    0xff, 0xff, 0xff, 0xff, 0xff, 0xff, 0xff, 0xff,
    0xff, 0xfe,

    /* U+7AD9 "站" */
    0x00, 0x00, 0x00, 0x00, 0x00, 0x00, 0x00, 0x00,
    0x00, 0x00, 0x00, 0x00, 0x00, 0x4c, 0x30, 0x00,
    0x00, 0x00, 0x0d, 0xf0, 0x00, 0x00, 0x00, 0x00,
    0x02, 0xfb, 0x00, 0x00, 0x00, 0x00, 0xdf, 0x00,
    0x00, 0x00, 0x00, 0x00, 0x0a, 0xf3, 0x00, 0x00,
    0x00, 0x0d, 0xf0, 0x00, 0x00, 0x00, 0x00, 0x00,
    0x4f, 0x70, 0x00, 0x00, 0x00, 0xdf, 0x00, 0x00,
    0x00, 0x03, 0x88, 0x88, 0x98, 0x88, 0x70, 0x00,
    0x0d, 0xf0, 0x00, 0x00, 0x00, 0x6f, 0xff, 0xff,
    0xff, 0xfe, 0x00, 0x00, 0xdf, 0xff, 0xff, 0xff,
    0x11, 0x22, 0x22, 0x22, 0x22, 0x20, 0x00, 0x0d,
    0xfa, 0xaa, 0xaa, 0xa1, 0x03, 0xa0, 0x00, 0x0e,
    0x90, 0x00, 0x00, 0xdf, 0x00, 0x00, 0x00, 0x00,
    0x4f, 0x30, 0x01, 0xf9, 0x00, 0x00, 0x0d, 0xf0,
    0x00, 0x00, 0x00, 0x01, 0xf6, 0x00, 0x3f, 0x60,
    0x00, 0x00, 0xdf, 0x00, 0x00, 0x00, 0x00, 0x0e,
    0x90, 0x05, 0xf3, 0x00, 0x00, 0x0d, 0xf0, 0x00,
    0x00, 0x00, 0x00, 0xcb, 0x00, 0x8f, 0x00, 0x9c,
    0xcc, 0xff, 0xcc, 0xcc, 0xc0, 0x00, 0x0a, 0xd0,
    0x0a, 0xd0, 0x0c, 0xff, 0xff, 0xff, 0xff, 0xff,
    0x00, 0x00, 0x8f, 0x00, 0xda, 0x00, 0xcf, 0x00,
    0x00, 0x00, 0x0d, 0xf0, 0x00, 0x06, 0xf1, 0x0f,
    0x60, 0x0c, 0xf0, 0x00, 0x00, 0x00, 0xdf, 0x00,
    0x00, 0x5c, 0x13, 0xf3, 0x34, 0xcf, 0x00, 0x00,
    0x00, 0x0d, 0xf0, 0x00, 0x00, 0x03, 0xaf, 0xff,
    0xcc, 0xf0, 0x00, 0x00, 0x00, 0xdf, 0x00, 0x49,
    0xcf, 0xff, 0xfc, 0x83, 0xcf, 0x00, 0x00, 0x00,
    0x0d, 0xf0, 0x07, 0xff, 0xd9, 0x40, 0x00, 0x0c,
    0xf0, 0x00, 0x00, 0x00, 0xdf, 0x00, 0x25, 0x10,
    0x00, 0x00, 0x00, 0xcf, 0xff, 0xff, 0xff, 0xff,
    0xf0, 0x00, 0x00, 0x00, 0x00, 0x00, 0x0c, 0xfb,
    0xbb, 0xbb, 0xbb, 0xff, 0x00, 0x00, 0x00, 0x00,
    0x00, 0x00, 0xcf, 0x00, 0x00, 0x00, 0x0d, 0xf0,
    0x00,

    /* U+7B49 "等" */
    0x00, 0x00, 0x10, 0x00, 0x00, 0x00, 0x00, 0x00,
    0x00, 0x00, 0x00, 0x00, 0x00, 0x0c, 0xe0, 0x00,
    0x00, 0x00, 0x6f, 0x50, 0x00, 0x00, 0x00, 0x00,
    0x04, 0xfa, 0x00, 0x00, 0x00, 0x0d, 0xf1, 0x00,
    0x00, 0x00, 0x00, 0x00, 0xdf, 0xff, 0xff, 0xff,
    0xb7, 0xff, 0xff, 0xff, 0xff, 0xf9, 0x00, 0x9f,
    0xaa, 0xfb, 0x77, 0x79, 0xfe, 0x79, 0xfd, 0x77,
    0x77, 0x40, 0x5f, 0xd0, 0x0e, 0xd0, 0x03, 0xef,
    0x30, 0x0b, 0xf4, 0x00, 0x00, 0x0c, 0xf2, 0x00,
    0x9c, 0x10, 0x1f, 0xc0, 0x00, 0x1f, 0x90, 0x00,
    0x00, 0x02, 0x00, 0x00, 0x00, 0x00, 0xfd, 0x00,
    0x00, 0x10, 0x00, 0x00, 0x00, 0x07, 0xff, 0xff,
    0xff, 0xff, 0xff, 0xff, 0xff, 0xff, 0xa0, 0x00,
    0x00, 0x38, 0x88, 0x88, 0x88, 0xfe, 0x88, 0x88,
    0x88, 0x85, 0x00, 0x00, 0x00, 0x00, 0x00, 0x00,
    0x0f, 0xd0, 0x00, 0x00, 0x00, 0x00, 0x00, 0x44,
    0x44, 0x44, 0x44, 0x44, 0xfd, 0x44, 0x44, 0x44,
    0x44, 0x44, 0x0d, 0xff, 0xff, 0xff, 0xff, 0xff,
    0xff, 0xff, 0xff, 0xff, 0xff, 0xf0, 0x45, 0x55,
    0x55, 0x55, 0x55, 0x55, 0x55, 0x6f, 0xd5, 0x55,
    0x54, 0x00, 0x00, 0x00, 0x00, 0x00, 0x00, 0x00,
    0x01, 0xfb, 0x00, 0x00, 0x00, 0x0a, 0xaa, 0xaa,
    0xaa, 0xaa, 0xaa, 0xaa, 0xaf, 0xea, 0xaa, 0xa3,
    0x01, 0xff, 0xff, 0xff, 0xff, 0xff, 0xff, 0xff,
    0xff, 0xff, 0xff, 0x40, 0x00, 0x00, 0x2d, 0x70,
    0x00, 0x00, 0x00, 0x1f, 0xb0, 0x00, 0x00, 0x00,
    0x00, 0x02, 0xdf, 0xb0, 0x00, 0x00, 0x01, 0xfb,
    0x00, 0x00, 0x00, 0x00, 0x00, 0x00, 0xaf, 0xc0,
    0x00, 0x00, 0x1f, 0xb0, 0x00, 0x00, 0x00, 0x00,
    0x00, 0x00, 0xaf, 0x90, 0x00, 0x01, 0xfb, 0x00,
    0x00, 0x00, 0x00, 0x00, 0x00, 0x00, 0x81, 0x09,
    0xaa, 0xbf, 0xa0, 0x00, 0x00, 0x00, 0x00, 0x00,
    0x00, 0x00, 0x00, 0x9f, 0xff, 0xc3, 0x00, 0x00,
    0x00, 0x00, 0x00, 0x00, 0x00, 0x00, 0x00, 0x00,
    0x00, 0x00, 0x00, 0x00,

    /* U+7B52 "筒" */
    0x00, 0x00, 0x10, 0x00, 0x00, 0x00, 0x00, 0x20,
    0x00, 0x00, 0x00, 0x00, 0x00, 0x0b, 0xf2, 0x00,
    0x00, 0x00, 0x4f, 0x90, 0x00, 0x00, 0x00, 0x00,
    0x02, 0xfd, 0x00, 0x00, 0x00, 0x0b, 0xf5, 0x00,
    0x00, 0x00, 0x00, 0x00, 0x9f, 0xff, 0xff, 0xff,
    0xf3, 0xff, 0xff, 0xff, 0xff, 0xf5, 0x00, 0x3f,
    0xd9, 0xfd, 0x88, 0x88, 0xdf, 0x98, 0xff, 0x88,
    0x88, 0x20, 0x0c, 0xf4, 0x0a, 0xf1, 0x00, 0x9f,
    0xa0, 0x06, 0xf6, 0x00, 0x00, 0x0a, 0xfa, 0x00,
    0x2f, 0x60, 0x4f, 0xd1, 0x00, 0x0b, 0xc0, 0x00,
    0x00, 0x6c, 0x99, 0x99, 0xc9, 0x99, 0xdb, 0x99,
    0x99, 0xba, 0xb9, 0x00, 0x00, 0x0e, 0xff, 0xff,
    0xff, 0xff, 0xff, 0xff, 0xff, 0xff, 0xf0, 0x00,
    0x00, 0xed, 0x00, 0x00, 0x00, 0x00, 0x00, 0x00,
    0x00, 0xcf, 0x00, 0x00, 0x0e, 0xd0, 0x06, 0x66,
    0x66, 0x66, 0x66, 0x65, 0x0c, 0xf0, 0x00, 0x00,
    0xed, 0x02, 0xff, 0xff, 0xff, 0xff, 0xff, 0xd0,
    0xcf, 0x00, 0x00, 0x0e, 0xd0, 0x00, 0x00, 0x00,
    0x00, 0x00, 0x00, 0x0c, 0xf0, 0x00, 0x00, 0xed,
    0x00, 0x02, 0x21, 0x11, 0x11, 0x11, 0x00, 0xcf,
    0x00, 0x00, 0x0e, 0xd0, 0x06, 0xff, 0xff, 0xff,
    0xff, 0xc0, 0x0c, 0xf0, 0x00, 0x00, 0xed, 0x00,
    0x6f, 0x74, 0x44, 0x44, 0xec, 0x00, 0xcf, 0x00,
    0x00, 0x0e, 0xd0, 0x06, 0xf4, 0x00, 0x00, 0x0e,
    0xc0, 0x0c, 0xf0, 0x00, 0x00, 0xed, 0x00, 0x6f,
    0x40, 0x00, 0x00, 0xec, 0x00, 0xcf, 0x00, 0x00,
    0x0e, 0xd0, 0x06, 0xf9, 0x77, 0x77, 0x7f, 0xc0,
    0x0c, 0xf0, 0x00, 0x00, 0xed, 0x00, 0x6f, 0xff,
    0xff, 0xff, 0xfb, 0x00, 0xcf, 0x00, 0x00, 0x0e,
    0xd0, 0x06, 0xf4, 0x00, 0x00, 0x00, 0x00, 0x0c,
    0xf0, 0x00, 0x00, 0xed, 0x00, 0x26, 0x10, 0x00,
    0x00, 0x09, 0x99, 0xff, 0x00, 0x00, 0x0e, 0xd0,
    0x00, 0x00, 0x00, 0x00, 0x00, 0x9f, 0xfe, 0x60,
    0x00, 0x00, 0x00, 0x00, 0x00, 0x00, 0x00, 0x00,
    0x00, 0x00, 0x00, 0x00,

    /* U+7B80 "简" */
    0x00, 0x00, 0x10, 0x00, 0x00, 0x00, 0x00, 0x10,
    0x00, 0x00, 0x00, 0x00, 0x00, 0x08, 0xf4, 0x00,
    0x00, 0x00, 0x1f, 0xc0, 0x00, 0x00, 0x00, 0x00,
    0x00, 0xee, 0x10, 0x00, 0x00, 0x07, 0xf8, 0x00,
    0x00, 0x00, 0x00, 0x00, 0x8f, 0xff, 0xff, 0xff,
    0x90, 0xef, 0xff, 0xff, 0xff, 0xf1, 0x00, 0x3f,
    0xd7, 0xbf, 0xa7, 0x74, 0x9f, 0xa7, 0xaf, 0xc7,
    0x77, 0x00, 0x1d, 0xf3, 0x02, 0xfb, 0x00, 0x5f,
    0xd0, 0x00, 0xdf, 0x10, 0x00, 0x0b, 0xf7, 0x00,
    0x0a, 0xf1, 0x06, 0xe2, 0x00, 0x04, 0xf8, 0x00,
    0x00, 0x16, 0x1a, 0x30, 0x21, 0x00, 0x00, 0x00,
    0x00, 0x05, 0x00, 0x00, 0x00, 0x03, 0xef, 0x30,
    0xcf, 0xff, 0xff, 0xff, 0xff, 0xff, 0xf6, 0x00,
    0x00, 0x03, 0xfe, 0x18, 0xaa, 0xaa, 0xaa, 0xaa,
    0xaa, 0xcf, 0x70, 0x00, 0x8c, 0x15, 0xd2, 0x00,
    0x00, 0x00, 0x00, 0x00, 0x05, 0xf7, 0x00, 0x0a,
    0xf1, 0x00, 0x24, 0x44, 0x44, 0x44, 0x42, 0x00,
    0x5f, 0x70, 0x00, 0xaf, 0x10, 0x08, 0xff, 0xff,
    0xff, 0xff, 0x80, 0x05, 0xf7, 0x00, 0x0a, 0xf1,
    0x00, 0x8f, 0x11, 0x11, 0x15, 0xf8, 0x00, 0x5f,
    0x70, 0x00, 0xaf, 0x10, 0x08, 0xf0, 0x00, 0x00,
    0x4f, 0x80, 0x05, 0xf7, 0x00, 0x0a, 0xf1, 0x00,
    0x8f, 0xff, 0xff, 0xff, 0xf8, 0x00, 0x5f, 0x70,
    0x00, 0xaf, 0x10, 0x08, 0xf6, 0x66, 0x66, 0x8f,
    0x80, 0x05, 0xf7, 0x00, 0x0a, 0xf1, 0x00, 0x8f,
    0x00, 0x00, 0x04, 0xf8, 0x00, 0x5f, 0x70, 0x00,
    0xaf, 0x10, 0x08, 0xf6, 0x66, 0x66, 0x8f, 0x80,
    0x05, 0xf7, 0x00, 0x0a, 0xf1, 0x00, 0x8f, 0xff,
    0xff, 0xff, 0xf8, 0x00, 0x5f, 0x70, 0x00, 0xaf,
    0x10, 0x00, 0x00, 0x00, 0x00, 0x00, 0x00, 0x05,
    0xf7, 0x00, 0x0a, 0xf1, 0x00, 0x00, 0x00, 0x00,
    0x00, 0x05, 0x88, 0xbf, 0x60, 0x00, 0xaf, 0x10,
    0x00, 0x00, 0x00, 0x00, 0x00, 0x5f, 0xff, 0xb1,
    0x00, 0x00, 0x00, 0x00, 0x00, 0x00, 0x00, 0x00,
    0x00, 0x00, 0x00, 0x00,

    /* U+7BA1 "管" */
    0x00, 0x00, 0x20, 0x00, 0x00, 0x00, 0x00, 0x10,
    0x00, 0x00, 0x00, 0x00, 0x00, 0x5f, 0x70, 0x00,
    0x00, 0x00, 0x1f, 0xb0, 0x00, 0x00, 0x00, 0x00,
    0x0b, 0xf5, 0x33, 0x33, 0x32, 0x07, 0xf8, 0x33,
    0x33, 0x33, 0x10, 0x03, 0xff, 0xff, 0xff, 0xff,
    0x90, 0xef, 0xff, 0xff, 0xff, 0xf8, 0x00, 0xbf,
    0x42, 0xbf, 0x32, 0x21, 0x8f, 0x82, 0x6f, 0xa2,
    0x22, 0x10, 0x7f, 0xa0, 0x02, 0xf9, 0x00, 0x3d,
    0xc0, 0x00, 0xaf, 0x30, 0x00, 0x07, 0xd1, 0x00,
    0x08, 0x60, 0x4f, 0x90, 0x00, 0x01, 0xa3, 0x00,
    0x00, 0x04, 0x66, 0x66, 0x66, 0x66, 0xef, 0x76,
    0x66, 0x66, 0x66, 0x60, 0x00, 0xaf, 0xff, 0xff,
    0xff, 0xff, 0xff, 0xff, 0xff, 0xff, 0xfe, 0x00,
    0x0a, 0xf1, 0x00, 0x00, 0x00, 0x00, 0x00, 0x00,
    0x00, 0x0d, 0xe0, 0x00, 0xaf, 0x17, 0x77, 0x77,
    0x77, 0x77, 0x77, 0x77, 0x70, 0xde, 0x00, 0x05,
    0x81, 0xff, 0xff, 0xff, 0xff, 0xff, 0xff, 0xff,
    0x07, 0x80, 0x00, 0x00, 0x0f, 0xc0, 0x00, 0x00,
    0x00, 0x00, 0x0c, 0xf0, 0x00, 0x00, 0x00, 0x00,
    0xfd, 0x11, 0x11, 0x11, 0x11, 0x11, 0xcf, 0x00,
    0x00, 0x00, 0x00, 0x0f, 0xff, 0xff, 0xff, 0xff,
    0xff, 0xff, 0xf0, 0x00, 0x00, 0x00, 0x00, 0xfd,
    0x55, 0x55, 0x55, 0x55, 0x55, 0x55, 0x00, 0x00,
    0x00, 0x00, 0x0f, 0xc0, 0x00, 0x00, 0x00, 0x00,
    0x00, 0x00, 0x00, 0x00, 0x00, 0x00, 0xff, 0xff,
    0xff, 0xff, 0xff, 0xff, 0xff, 0xf4, 0x00, 0x00,
    0x00, 0x0f, 0xe6, 0x66, 0x66, 0x66, 0x66, 0x66,
    0xbf, 0x40, 0x00, 0x00, 0x00, 0xfc, 0x00, 0x00,
    0x00, 0x00, 0x00, 0x08, 0xf4, 0x00, 0x00, 0x00,
    0x0f, 0xe6, 0x66, 0x66, 0x66, 0x66, 0x66, 0xbf,
    0x40, 0x00, 0x00, 0x00, 0xff, 0xff, 0xff, 0xff,
    0xff, 0xff, 0xff, 0xf4, 0x00, 0x00, 0x00, 0x0f,
    0xc0, 0x00, 0x00, 0x00, 0x00, 0x00, 0x8f, 0x40,
    0x00, 0x00, 0x00, 0x00, 0x00, 0x00, 0x00, 0x00,
    0x00, 0x00, 0x00, 0x00,

    /* U+7C73 "米" */
    0x00, 0x00, 0x00, 0x00, 0x00, 0x02, 0x20, 0x00,
    0x00, 0x00, 0x00, 0x00, 0x00, 0x00, 0x00, 0x00,
    0x00, 0x0f, 0xe0, 0x00, 0x00, 0x00, 0x00, 0x00,
    0x00, 0x06, 0x80, 0x00, 0x00, 0x0f, 0xe0, 0x00,
    0x00, 0x0b, 0xa2, 0x00, 0x00, 0x0c, 0xf6, 0x00,
    0x00, 0x0f, 0xe0, 0x00, 0x00, 0x3f, 0xf1, 0x00,
    0x00, 0x02, 0xff, 0x20, 0x00, 0x0f, 0xe0, 0x00,
    0x00, 0xcf, 0x60, 0x00, 0x00, 0x00, 0x7f, 0xb0,
    0x00, 0x0f, 0xe0, 0x00, 0x05, 0xfc, 0x00, 0x00,
    0x00, 0x00, 0x0d, 0xf4, 0x00, 0x0f, 0xe0, 0x00,
    0x1e, 0xf3, 0x00, 0x00, 0x00, 0x00, 0x05, 0xfa,
    0x00, 0x0f, 0xe0, 0x00, 0xaf, 0x70, 0x00, 0x00,
    0x00, 0x00, 0x00, 0x60, 0x00, 0x0f, 0xe0, 0x00,
    0x48, 0x00, 0x00, 0x00, 0x00, 0x00, 0x00, 0x00,
    0x00, 0x0f, 0xe0, 0x00, 0x00, 0x00, 0x00, 0x00,
    0x09, 0xff, 0xff, 0xff, 0xff, 0xff, 0xff, 0xff,
    0xff, 0xff, 0xff, 0x80, 0x08, 0xdd, 0xdd, 0xdd,
    0xde, 0xff, 0xff, 0xed, 0xdd, 0xdd, 0xdd, 0x70,
    0x00, 0x00, 0x00, 0x00, 0x0c, 0xff, 0xff, 0xc0,
    0x00, 0x00, 0x00, 0x00, 0x00, 0x00, 0x00, 0x00,
    0x8f, 0x8f, 0xe8, 0xf8, 0x00, 0x00, 0x00, 0x00,
    0x00, 0x00, 0x00, 0x05, 0xfd, 0x0f, 0xe0, 0xcf,
    0x60, 0x00, 0x00, 0x00, 0x00, 0x00, 0x00, 0x3f,
    0xf2, 0x0f, 0xe0, 0x1e, 0xf5, 0x00, 0x00, 0x00,
    0x00, 0x00, 0x03, 0xff, 0x40, 0x0f, 0xe0, 0x03,
    0xff, 0x50, 0x00, 0x00, 0x00, 0x00, 0x4f, 0xf6,
    0x00, 0x0f, 0xe0, 0x00, 0x4f, 0xf7, 0x00, 0x00,
    0x00, 0x06, 0xff, 0x60, 0x00, 0x0f, 0xe0, 0x00,
    0x04, 0xff, 0xa0, 0x00, 0x01, 0xaf, 0xf5, 0x00,
    0x00, 0x0f, 0xe0, 0x00, 0x00, 0x3e, 0xfe, 0x40,
    0x0d, 0xfe, 0x30, 0x00, 0x00, 0x0f, 0xe0, 0x00,
    0x00, 0x01, 0xcf, 0xc0, 0x02, 0xa1, 0x00, 0x00,
    0x00, 0x0f, 0xe0, 0x00, 0x00, 0x00, 0x06, 0x10,
    0x00, 0x00, 0x00, 0x00, 0x00, 0x0f, 0xe0, 0x00,
    0x00, 0x00, 0x00, 0x00,

    /* U+7CFB "系" */
    0x00, 0x00, 0x00, 0x00, 0x00, 0x00, 0x02, 0x46,
    0x9d, 0x90, 0x00, 0x00, 0x23, 0x45, 0x67, 0x9a,
    0xce, 0xff, 0xff, 0xfe, 0xb2, 0x00, 0x04, 0xff,
    0xff, 0xff, 0xff, 0xfc, 0xa8, 0x64, 0x10, 0x00,
    0x00, 0x00, 0x76, 0x54, 0x33, 0xdf, 0x60, 0x00,
    0x00, 0x00, 0x00, 0x00, 0x00, 0x00, 0x00, 0x1d,
    0xf5, 0x00, 0x00, 0x1a, 0x30, 0x00, 0x00, 0x00,
    0x00, 0x03, 0xee, 0x30, 0x00, 0x03, 0xdf, 0xb0,
    0x00, 0x00, 0x00, 0x00, 0x7f, 0xc2, 0x00, 0x01,
    0x7f, 0xf8, 0x00, 0x00, 0x00, 0x00, 0x0d, 0xff,
    0xee, 0xff, 0xff, 0xfe, 0x40, 0x00, 0x00, 0x00,
    0x00, 0x0c, 0xdb, 0xa9, 0x7c, 0xff, 0xa1, 0x01,
    0x30, 0x00, 0x00, 0x00, 0x00, 0x00, 0x01, 0xbf,
    0xe5, 0x00, 0x0c, 0xf4, 0x00, 0x00, 0x00, 0x00,
    0x00, 0x7f, 0xf8, 0x00, 0x00, 0x01, 0xdf, 0x30,
    0x00, 0x00, 0x00, 0x6d, 0xfa, 0x20, 0x00, 0x02,
    0x34, 0x7f, 0xe2, 0x00, 0x01, 0x7d, 0xff, 0xdb,
    0xcd, 0xef, 0xff, 0xff, 0xff, 0xfd, 0x00, 0x04,
    0xff, 0xff, 0xed, 0xba, 0xef, 0x76, 0x43, 0x21,
    0x7f, 0x90, 0x00, 0x63, 0x10, 0x00, 0x00, 0xcf,
    0x10, 0x00, 0x00, 0x0b, 0xb0, 0x00, 0x00, 0x08,
    0xb3, 0x00, 0xcf, 0x10, 0x5e, 0x70, 0x00, 0x00,
    0x00, 0x00, 0x7f, 0xd1, 0x00, 0xcf, 0x10, 0x2d,
    0xfa, 0x00, 0x00, 0x00, 0x07, 0xfe, 0x20, 0x00,
    0xcf, 0x10, 0x00, 0xbf, 0xc1, 0x00, 0x00, 0xaf,
    0xe2, 0x00, 0x00, 0xcf, 0x10, 0x00, 0x09, 0xfe,
    0x20, 0x1d, 0xfd, 0x20, 0x00, 0x00, 0xcf, 0x10,
    0x00, 0x00, 0x8f, 0xe2, 0x04, 0x90, 0x00, 0x2b,
    0xbb, 0xff, 0x00, 0x00, 0x00, 0x07, 0x70, 0x00,
    0x00, 0x00, 0x0d, 0xff, 0xe7, 0x00, 0x00, 0x00,
    0x00, 0x00, 0x00, 0x00, 0x00, 0x00, 0x00, 0x00,
    0x00, 0x00, 0x00, 0x00, 0x00,

    /* U+7EC4 "组" */
    0x00, 0x00, 0x00, 0x00, 0x00, 0x00, 0x00, 0x00,
    0x00, 0x00, 0x00, 0x00, 0x00, 0x00, 0x7d, 0x20,
    0x00, 0x00, 0x00, 0x00, 0x00, 0x00, 0x00, 0x00,
    0x00, 0x0e, 0xf0, 0x00, 0x0a, 0xff, 0xff, 0xff,
    0xff, 0xa0, 0x00, 0x00, 0x06, 0xf7, 0x00, 0x00,
    0xaf, 0xbb, 0xbb, 0xbb, 0xfb, 0x00, 0x00, 0x00,
    0xde, 0x00, 0x00, 0x0a, 0xf0, 0x00, 0x00, 0x1f,
    0xb0, 0x00, 0x00, 0x6f, 0x60, 0x00, 0x00, 0xaf,
    0x00, 0x00, 0x01, 0xfb, 0x00, 0x00, 0x1e, 0xc0,
    0x01, 0xe5, 0x0a, 0xf0, 0x00, 0x00, 0x1f, 0xb0,
    0x00, 0x0a, 0xf3, 0x00, 0xaf, 0x40, 0xaf, 0x00,
    0x00, 0x01, 0xfb, 0x00, 0x06, 0xfb, 0x57, 0x9f,
    0x90, 0x0a, 0xff, 0xff, 0xff, 0xff, 0xb0, 0x01,
    0xff, 0xff, 0xff, 0xd0, 0x00, 0xaf, 0xbb, 0xbb,
    0xbb, 0xfb, 0x00, 0x08, 0x75, 0x2c, 0xf3, 0x00,
    0x0a, 0xf0, 0x00, 0x00, 0x1f, 0xb0, 0x00, 0x00,
    0x08, 0xf7, 0x00, 0x00, 0xaf, 0x00, 0x00, 0x01,
    0xfb, 0x00, 0x00, 0x05, 0xfa, 0x00, 0x00, 0x0a,
    0xf0, 0x00, 0x00, 0x1f, 0xb0, 0x00, 0x03, 0xfc,
    0x03, 0x68, 0x40, 0xaf, 0x00, 0x00, 0x01, 0xfb,
    0x00, 0x05, 0xff, 0xef, 0xff, 0xf5, 0x0a, 0xf9,
    0x99, 0x99, 0x9f, 0xb0, 0x00, 0xcf, 0xfd, 0x96,
    0x20, 0x00, 0xaf, 0xff, 0xff, 0xff, 0xfb, 0x00,
    0x04, 0x50, 0x00, 0x00, 0x00, 0x0a, 0xf1, 0x00,
    0x00, 0x1f, 0xb0, 0x00, 0x00, 0x00, 0x00, 0x00,
    0x00, 0xaf, 0x00, 0x00, 0x01, 0xfb, 0x00, 0x00,
    0x00, 0x15, 0x8c, 0xf5, 0x0a, 0xf0, 0x00, 0x00,
    0x1f, 0xb0, 0x00, 0x69, 0xdf, 0xff, 0xea, 0x20,
    0xaf, 0x00, 0x00, 0x01, 0xfb, 0x00, 0x0e, 0xfe,
    0xa6, 0x20, 0x01, 0x1b, 0xf1, 0x11, 0x11, 0x2f,
    0xb1, 0x00, 0x53, 0x00, 0x00, 0x01, 0xff, 0xff,
    0xff, 0xff, 0xff, 0xff, 0xfc,

    /* U+7EDF "统" */
    0x00, 0x00, 0x00, 0x00, 0x00, 0x00, 0x00, 0x10,
    0x00, 0x00, 0x00, 0x00, 0x00, 0x07, 0xe5, 0x00,
    0x00, 0x00, 0x6f, 0x70, 0x00, 0x00, 0x00, 0x00,
    0x00, 0xdf, 0x30, 0x00, 0x00, 0x01, 0xfe, 0x00,
    0x00, 0x00, 0x00, 0x00, 0x5f, 0xc0, 0x00, 0x00,
    0x00, 0x09, 0xf5, 0x00, 0x00, 0x00, 0x00, 0x0d,
    0xf3, 0x00, 0x0b, 0xbb, 0xbb, 0xcd, 0xbb, 0xbb,
    0xba, 0x00, 0x05, 0xfb, 0x00, 0x00, 0xff, 0xff,
    0xff, 0xff, 0xff, 0xff, 0xe0, 0x00, 0xdf, 0x20,
    0x5e, 0x40, 0x00, 0x3f, 0xe1, 0x00, 0x00, 0x00,
    0x00, 0x8f, 0x70, 0x0d, 0xf3, 0x00, 0x1e, 0xf3,
    0x00, 0x9c, 0x00, 0x00, 0x5f, 0xf8, 0x9c, 0xf9,
    0x00, 0x0b, 0xf7, 0x00, 0x05, 0xfa, 0x00, 0x0c,
    0xff, 0xff, 0xfe, 0x00, 0x08, 0xfb, 0x00, 0x01,
    0x3c, 0xf6, 0x00, 0x44, 0x20, 0xdf, 0x40, 0x29,
    0xff, 0xde, 0xff, 0xff, 0xff, 0xf2, 0x00, 0x00,
    0x8f, 0x80, 0x05, 0xfe, 0xdb, 0x98, 0x65, 0x32,
    0x4f, 0xc0, 0x00, 0x5f, 0xc0, 0x02, 0x13, 0x09,
    0xd1, 0x01, 0xea, 0x00, 0x72, 0x00, 0x3f, 0xfa,
    0xcf, 0xf0, 0x00, 0xcf, 0x00, 0x1f, 0xb0, 0x00,
    0x00, 0x4f, 0xff, 0xfe, 0xa7, 0x00, 0x0d, 0xf0,
    0x01, 0xfb, 0x00, 0x00, 0x08, 0xe9, 0x51, 0x00,
    0x00, 0x00, 0xfd, 0x00, 0x1f, 0xb0, 0x00, 0x00,
    0x10, 0x00, 0x00, 0x00, 0x00, 0x2f, 0xa0, 0x01,
    0xfb, 0x00, 0x00, 0x00, 0x00, 0x00, 0x38, 0xd1,
    0x07, 0xf7, 0x00, 0x1f, 0xb0, 0x04, 0x70, 0x01,
    0x5a, 0xef, 0xfd, 0x21, 0xef, 0x10, 0x01, 0xfb,
    0x00, 0x5f, 0x29, 0xff, 0xfd, 0x72, 0x01, 0xcf,
    0x90, 0x00, 0x1f, 0xb0, 0x07, 0xf1, 0x7c, 0x72,
    0x00, 0x05, 0xef, 0xc0, 0x00, 0x00, 0xfe, 0x99,
    0xde, 0x00, 0x00, 0x00, 0x00, 0xaf, 0x90, 0x00,
    0x00, 0x09, 0xff, 0xff, 0x60, 0x00, 0x00, 0x00,
    0x01, 0x20, 0x00, 0x00, 0x00, 0x00, 0x00, 0x00,
    0x00,

    /* U+7EE7 "继" */
    0x00, 0x00, 0x00, 0x00, 0x00, 0x00, 0x00, 0x00,
    0x00, 0x00, 0x00, 0x00, 0x00, 0x03, 0xe6, 0x00,
    0x03, 0x10, 0x00, 0x08, 0xf0, 0x00, 0x00, 0x00,
    0x00, 0x8f, 0x50, 0x01, 0xf9, 0x14, 0x00, 0x9f,
    0x00, 0x33, 0x00, 0x00, 0x0e, 0xe0, 0x00, 0x1f,
    0x94, 0xf1, 0x09, 0xf0, 0x0b, 0xd0, 0x00, 0x05,
    0xf7, 0x00, 0x01, 0xf9, 0x0e, 0x70, 0x9f, 0x01,
    0xf6, 0x00, 0x00, 0xde, 0x00, 0x00, 0x1f, 0x90,
    0x9d, 0x09, 0xf0, 0x7e, 0x00, 0x00, 0x5f, 0x70,
    0x0b, 0x91, 0xf9, 0x04, 0xf1, 0x9f, 0x0e, 0x70,
    0x00, 0x0e, 0xd0, 0x04, 0xfb, 0x1f, 0x90, 0x05,
    0x09, 0xf0, 0x50, 0x00, 0x09, 0xf7, 0x46, 0xdf,
    0x11, 0xf9, 0x78, 0x88, 0xcf, 0x88, 0x88, 0x32,
    0xff, 0xff, 0xff, 0x60, 0x1f, 0x9f, 0xff, 0xff,
    0xff, 0xff, 0xf7, 0x0a, 0x85, 0x6f, 0xc0, 0x01,
    0xf9, 0x00, 0x05, 0xff, 0x80, 0x00, 0x00, 0x00,
    0x0d, 0xf2, 0x00, 0x1f, 0x90, 0x00, 0xcf, 0xff,
    0x40, 0x00, 0x00, 0x09, 0xf5, 0x00, 0x01, 0xf9,
    0x00, 0x5f, 0xbf, 0x8f, 0x20, 0x00, 0x06, 0xf9,
    0x03, 0x66, 0x1f, 0x90, 0x1e, 0x99, 0xf0, 0xce,
    0x10, 0x05, 0xff, 0xdf, 0xff, 0xb1, 0xf9, 0x0b,
    0xe1, 0x9f, 0x02, 0xfb, 0x00, 0xef, 0xfc, 0x95,
    0x20, 0x1f, 0x99, 0xf6, 0x09, 0xf0, 0x06, 0xf2,
    0x05, 0x40, 0x00, 0x00, 0x01, 0xf9, 0x89, 0x00,
    0x9f, 0x00, 0x03, 0x00, 0x00, 0x00, 0x00, 0x00,
    0x1f, 0x90, 0x00, 0x09, 0xf0, 0x00, 0x00, 0x00,
    0x00, 0x26, 0x9d, 0xf1, 0xf9, 0x00, 0x00, 0x9f,
    0x00, 0x00, 0x01, 0x8c, 0xff, 0xff, 0xc8, 0x1f,
    0x90, 0x00, 0x01, 0x10, 0x00, 0x00, 0x0f, 0xfb,
    0x73, 0x00, 0x01, 0xff, 0xff, 0xff, 0xff, 0xff,
    0xff, 0xc0, 0x30, 0x00, 0x00, 0x00, 0x0a, 0xaa,
    0xaa, 0xaa, 0xaa, 0xaa, 0xa8,

    /* U+7EED "续" */
    0x00, 0x00, 0x00, 0x00, 0x00, 0x00, 0x00, 0x03,
    0x10, 0x00, 0x00, 0x00, 0x00, 0x00, 0xd8, 0x00,
    0x00, 0x00, 0x03, 0xf8, 0x00, 0x00, 0x00, 0x00,
    0x00, 0x4f, 0x70, 0x00, 0x00, 0x00, 0x3f, 0x80,
    0x00, 0x00, 0x00, 0x00, 0x0b, 0xf1, 0x00, 0x07,
    0xff, 0xff, 0xff, 0xff, 0xff, 0x00, 0x00, 0x03,
    0xf9, 0x00, 0x00, 0x49, 0x99, 0xaf, 0xc9, 0x99,
    0x90, 0x00, 0x00, 0xbf, 0x10, 0x00, 0x00, 0x00,
    0x03, 0xf8, 0x00, 0x00, 0x00, 0x00, 0x3f, 0x80,
    0x0b, 0x30, 0x00, 0x00, 0x3f, 0x80, 0x00, 0x00,
    0x00, 0x0c, 0xd0, 0x06, 0xf6, 0x6f, 0xff, 0xff,
    0xff, 0xff, 0xff, 0xf1, 0x07, 0xf4, 0x13, 0xed,
    0x03, 0x88, 0x88, 0x88, 0x88, 0x88, 0xfd, 0x02,
    0xff, 0xff, 0xff, 0x40, 0x00, 0x28, 0x00, 0x6b,
    0x10, 0x1f, 0x70, 0x0a, 0x86, 0x6f, 0xa0, 0x00,
    0x03, 0xde, 0x38, 0xf2, 0x07, 0xf1, 0x00, 0x00,
    0x0c, 0xe1, 0x00, 0x06, 0x10, 0xad, 0x8f, 0x20,
    0x35, 0x00, 0x00, 0x07, 0xf5, 0x00, 0x01, 0xde,
    0x40, 0x18, 0xf1, 0x00, 0x00, 0x00, 0x04, 0xfa,
    0x59, 0xd3, 0x00, 0x9f, 0x40, 0x9f, 0x00, 0x00,
    0x00, 0x03, 0xef, 0xff, 0xfb, 0x20, 0x00, 0x60,
    0x0c, 0xf0, 0x00, 0x00, 0x00, 0xef, 0xd8, 0x40,
    0x01, 0xff, 0xff, 0xff, 0xff, 0xff, 0xff, 0xf5,
    0x07, 0x20, 0x00, 0x00, 0x09, 0x99, 0x99, 0xcf,
    0xb9, 0x99, 0x99, 0x20, 0x00, 0x00, 0x05, 0xb4,
    0x00, 0x00, 0x0e, 0xf1, 0x40, 0x00, 0x00, 0x00,
    0x04, 0xaf, 0xfe, 0x40, 0x00, 0x0b, 0xf7, 0x4f,
    0xc2, 0x00, 0x00, 0x9e, 0xff, 0xa4, 0x00, 0x00,
    0x1b, 0xfb, 0x00, 0x4e, 0xe4, 0x00, 0x0f, 0xc6,
    0x10, 0x00, 0x00, 0x5e, 0xfb, 0x00, 0x00, 0x2d,
    0xf6, 0x00, 0x10, 0x00, 0x00, 0x02, 0xdf, 0xf7,
    0x00, 0x00, 0x00, 0x1c, 0xf6, 0x00, 0x00, 0x00,
    0x00, 0x09, 0x91, 0x00, 0x00, 0x00, 0x00, 0x0b,
    0x20,

    /* U+7F16 "编" */
    0x00, 0x00, 0x00, 0x00, 0x00, 0x00, 0x00, 0x02,
    0x00, 0x00, 0x00, 0x00, 0x00, 0x04, 0xf5, 0x00,
    0x00, 0x00, 0x07, 0xf7, 0x00, 0x00, 0x00, 0x00,
    0x00, 0x9f, 0x30, 0x00, 0x00, 0x00, 0x1f, 0xe0,
    0x00, 0x00, 0x00, 0x00, 0x0f, 0xd0, 0x00, 0x49,
    0x99, 0x99, 0xef, 0xa9, 0x99, 0x80, 0x00, 0x06,
    0xf6, 0x00, 0x07, 0xff, 0xff, 0xff, 0xff, 0xff,
    0xfe, 0x00, 0x00, 0xde, 0x00, 0x00, 0x7f, 0x20,
    0x00, 0x00, 0x00, 0x0c, 0xe0, 0x00, 0x5f, 0x60,
    0x5d, 0x27, 0xf2, 0x00, 0x00, 0x00, 0x00, 0xce,
    0x00, 0x0d, 0xd0, 0x0c, 0xe0, 0x7f, 0x97, 0x77,
    0x77, 0x77, 0x7d, 0xe0, 0x08, 0xf6, 0x48, 0xf6,
    0x07, 0xff, 0xff, 0xff, 0xff, 0xff, 0xfe, 0x02,
    0xff, 0xff, 0xfd, 0x00, 0x7f, 0x30, 0x00, 0x00,
    0x00, 0x00, 0x00, 0x0a, 0x96, 0xbf, 0x40, 0x08,
    0xf2, 0x00, 0x00, 0x00, 0x00, 0x00, 0x00, 0x00,
    0x2f, 0xa0, 0x00, 0x8f, 0xad, 0xdd, 0xdd, 0xdd,
    0xdd, 0xe2, 0x00, 0x0c, 0xe1, 0x00, 0x09, 0xfb,
    0xea, 0xbf, 0xac, 0xfa, 0xbf, 0x20, 0x08, 0xf4,
    0x25, 0x50, 0xaf, 0xac, 0x03, 0xf0, 0x4e, 0x04,
    0xf2, 0x06, 0xff, 0xef, 0xfb, 0x0c, 0xda, 0xc0,
    0x3f, 0x04, 0xe0, 0x4f, 0x20, 0xff, 0xd9, 0x52,
    0x00, 0xeb, 0xac, 0x03, 0xf0, 0x4e, 0x04, 0xf2,
    0x05, 0x20, 0x00, 0x00, 0x0f, 0x8a, 0xff, 0xff,
    0xff, 0xff, 0xff, 0x20, 0x00, 0x00, 0x28, 0xb4,
    0xf5, 0xae, 0x79, 0xf7, 0xaf, 0x79, 0xf2, 0x00,
    0x04, 0xbf, 0xfa, 0x8f, 0x1a, 0xc0, 0x3f, 0x04,
    0xe0, 0x4f, 0x20, 0x7d, 0xff, 0xa3, 0x0c, 0xd0,
    0xac, 0x03, 0xf0, 0x4e, 0x04, 0xf2, 0x1f, 0xf9,
    0x20, 0x02, 0xf8, 0x0a, 0xc0, 0x3f, 0x04, 0xe0,
    0x4f, 0x20, 0x61, 0x00, 0x00, 0x8f, 0x10, 0xac,
    0x03, 0xf0, 0x4e, 0x38, 0xf2, 0x00, 0x00, 0x00,
    0x00, 0x40, 0x0a, 0xc0, 0x00, 0x00, 0x05, 0xfc,
    0x00,

    /* U+7F6E "置" */
    0x00, 0x44, 0x44, 0x44, 0x44, 0x44, 0x44, 0x44,
    0x44, 0x44, 0x10, 0x03, 0xff, 0xff, 0xff, 0xff,
    0xff, 0xff, 0xff, 0xff, 0xff, 0x70, 0x03, 0xf8,
    0x00, 0x0a, 0xf0, 0x00, 0x1f, 0xa0, 0x00, 0x5f,
    0x70, 0x03, 0xf8, 0x00, 0x0a, 0xf0, 0x00, 0x0f,
    0xa0, 0x00, 0x5f, 0x70, 0x03, 0xfe, 0xcc, 0xce,
    0xfc, 0xcc, 0xcf, 0xec, 0xcc, 0xdf, 0x70, 0x01,
    0x88, 0x88, 0x88, 0x89, 0xfd, 0x88, 0x88, 0x88,
    0x88, 0x30, 0x01, 0x11, 0x11, 0x11, 0x14, 0xf9,
    0x11, 0x11, 0x11, 0x11, 0x10, 0x6f, 0xff, 0xff,
    0xff, 0xff, 0xff, 0xff, 0xff, 0xff, 0xff, 0xf1,
    0x25, 0x55, 0x55, 0x55, 0x5b, 0xf7, 0x55, 0x55,
    0x55, 0x55, 0x50, 0x00, 0x00, 0x00, 0x00, 0x0c,
    0xf0, 0x00, 0x00, 0x00, 0x00, 0x00, 0x00, 0x07,
    0xff, 0xff, 0xff, 0xff, 0xff, 0xff, 0xff, 0x60,
    0x00, 0x00, 0x07, 0xf6, 0x33, 0x33, 0x33, 0x33,
    0x33, 0x8f, 0x60, 0x00, 0x00, 0x07, 0xff, 0xee,
    0xee, 0xee, 0xee, 0xee, 0xff, 0x60, 0x00, 0x00,
    0x07, 0xf6, 0x33, 0x33, 0x33, 0x33, 0x33, 0x8f,
    0x60, 0x00, 0x00, 0x07, 0xf6, 0x22, 0x22, 0x22,
    0x22, 0x22, 0x7f, 0x60, 0x00, 0x00, 0x07, 0xff,
    0xff, 0xff, 0xff, 0xff, 0xff, 0xff, 0x60, 0x00,
    0x00, 0x07, 0xf4, 0x00, 0x00, 0x00, 0x00, 0x00,
    0x6f, 0x60, 0x00, 0x00, 0x07, 0xff, 0xff, 0xff,
    0xff, 0xff, 0xff, 0xff, 0x60, 0x00, 0x00, 0x07,
    0xf6, 0x22, 0x22, 0x22, 0x22, 0x22, 0x7f, 0x60,
    0x00, 0x00, 0x07, 0xf4, 0x00, 0x00, 0x00, 0x00,
    0x00, 0x6f, 0x60, 0x00, 0xaf, 0xff, 0xff, 0xff,
    0xff, 0xff, 0xff, 0xff, 0xff, 0xff, 0xfb,

    /* U+80FD "能" */
    0x00, 0x00, 0x10, 0x00, 0x00, 0x00, 0x11, 0x00,
    0x00, 0x00, 0x00, 0x00, 0x00, 0x4f, 0x90, 0x00,
    0x00, 0x0c, 0xf0, 0x00, 0x00, 0x00, 0x00, 0x00,
    0x0d, 0xf4, 0x18, 0x20, 0x00, 0xcf, 0x00, 0x00,
    0x02, 0x00, 0x00, 0x06, 0xf9, 0x02, 0xfd, 0x00,
    0x0c, 0xf0, 0x00, 0x6d, 0xf5, 0x00, 0x02, 0xfe,
    0x10, 0x07, 0xf8, 0x00, 0xcf, 0x49, 0xff, 0xe8,
    0x10, 0x01, 0xdf, 0x63, 0x45, 0x6f, 0xf2, 0x0c,
    0xff, 0xe9, 0x40, 0x00, 0x00, 0x6f, 0xff, 0xff,
    0xff, 0xff, 0xa0, 0xcf, 0x30, 0x00, 0x00, 0x00,
    0x01, 0xa8, 0x64, 0x31, 0x00, 0xdc, 0x0c, 0xf0,
    0x00, 0x00, 0x09, 0x60, 0x00, 0x00, 0x00, 0x00,
    0x01, 0x00, 0xcf, 0x00, 0x00, 0x00, 0xcd, 0x00,
    0x47, 0x77, 0x77, 0x77, 0x60, 0x0c, 0xf2, 0x00,
    0x00, 0x2f, 0xb0, 0x09, 0xff, 0xff, 0xff, 0xff,
    0x00, 0x8f, 0xff, 0xff, 0xff, 0xf5, 0x00, 0x9f,
    0x32, 0x22, 0x2d, 0xf0, 0x00, 0x58, 0x99, 0x99,
    0x95, 0x00, 0x09, 0xf1, 0x00, 0x00, 0xdf, 0x00,
    0xad, 0x00, 0x00, 0x00, 0x00, 0x00, 0x9f, 0xff,
    0xff, 0xff, 0xf0, 0x0c, 0xf0, 0x00, 0x00, 0x61,
    0x00, 0x09, 0xf7, 0x66, 0x66, 0xef, 0x00, 0xcf,
    0x00, 0x07, 0xef, 0xb0, 0x00, 0x9f, 0x10, 0x00,
    0x0d, 0xf0, 0x0c, 0xf4, 0xaf, 0xfd, 0x70, 0x00,
    0x09, 0xf7, 0x66, 0x66, 0xef, 0x00, 0xcf, 0xfe,
    0x94, 0x00, 0x00, 0x00, 0x9f, 0xff, 0xff, 0xff,
    0xf0, 0x0c, 0xf3, 0x00, 0x00, 0x00, 0x00, 0x09,
    0xf1, 0x00, 0x00, 0xdf, 0x00, 0xcf, 0x00, 0x00,
    0x00, 0x78, 0x00, 0x9f, 0x10, 0x00, 0x0d, 0xf0,
    0x0c, 0xf0, 0x00, 0x00, 0x09, 0xf0, 0x09, 0xf1,
    0x00, 0x00, 0xdf, 0x00, 0xcf, 0x00, 0x00, 0x00,
    0xce, 0x00, 0x9f, 0x10, 0x59, 0x9f, 0xe0, 0x0a,
    0xfb, 0x99, 0x99, 0xaf, 0xa0, 0x09, 0xf1, 0x03,
    0xff, 0xe7, 0x00, 0x2c, 0xff, 0xff, 0xff, 0xd2,
    0x00, 0x00, 0x00, 0x00, 0x00, 0x00, 0x00, 0x00,
    0x00, 0x00, 0x00, 0x00,

    /* U+8155 "腕" */
    0x00, 0x00, 0x00, 0x00, 0x00, 0x00, 0x00, 0x01,
    0x00, 0x00, 0x00, 0x00, 0x01, 0x32, 0x22, 0x41,
    0x00, 0x00, 0x06, 0xf5, 0x00, 0x00, 0x00, 0x00,
    0xbf, 0xff, 0xff, 0x80, 0x00, 0x00, 0x1e, 0xe0,
    0x00, 0x00, 0x00, 0x0b, 0xe7, 0x78, 0xf8, 0x7a,
    0xaa, 0xaa, 0xef, 0xca, 0xaa, 0xa5, 0x00, 0xbd,
    0x00, 0x1f, 0x8b, 0xff, 0xff, 0xff, 0xff, 0xff,
    0xff, 0x80, 0x0b, 0xd0, 0x01, 0xf8, 0xbf, 0x00,
    0x00, 0x00, 0x00, 0x03, 0xf8, 0x00, 0xbd, 0x00,
    0x1f, 0x8b, 0xf2, 0x10, 0x00, 0x00, 0x00, 0x3f,
    0x80, 0x0b, 0xe9, 0x9a, 0xf8, 0x46, 0xca, 0x00,
    0x00, 0x00, 0x01, 0x53, 0x00, 0xbf, 0xff, 0xff,
    0x80, 0x0f, 0xc8, 0x85, 0x7f, 0xee, 0xfc, 0x00,
    0x0b, 0xd0, 0x01, 0xf8, 0x04, 0xff, 0xff, 0xb8,
    0xf6, 0x6d, 0xd0, 0x00, 0xbd, 0x00, 0x1f, 0x80,
    0x9d, 0x00, 0xe9, 0x8f, 0x00, 0xad, 0x00, 0x0b,
    0xc0, 0x01, 0xf8, 0x0f, 0x70, 0x0f, 0x78, 0xf0,
    0x0a, 0xd0, 0x00, 0xbc, 0x00, 0x1f, 0x86, 0xf1,
    0x02, 0xf5, 0x8f, 0x00, 0xad, 0x00, 0x0c, 0xfe,
    0xee, 0xf9, 0xe8, 0xb9, 0x5f, 0x28, 0xf0, 0x0a,
    0xd0, 0x00, 0xdf, 0xcc, 0xcf, 0xad, 0x17, 0xff,
    0xf0, 0x8f, 0x00, 0xad, 0x00, 0x0e, 0xa0, 0x01,
    0xf8, 0x00, 0x05, 0xfb, 0x08, 0xf3, 0x5d, 0xd0,
    0x00, 0xf8, 0x00, 0x1f, 0x80, 0x00, 0x2f, 0x60,
    0x8f, 0x5f, 0xf7, 0x00, 0x1f, 0x70, 0x01, 0xf8,
    0x00, 0x08, 0xf1, 0x08, 0xf0, 0x00, 0x00, 0x03,
    0xf4, 0x00, 0x1f, 0x80, 0x01, 0xea, 0x00, 0x8f,
    0x00, 0x04, 0x10, 0x6f, 0x10, 0x01, 0xf8, 0x00,
    0x9f, 0x20, 0x08, 0xf0, 0x00, 0xac, 0x0a, 0xe0,
    0x00, 0x1f, 0x80, 0x5f, 0x80, 0x00, 0x8f, 0x00,
    0x0b, 0xb0, 0xf9, 0x07, 0x9a, 0xf7, 0x6f, 0xc0,
    0x00, 0x07, 0xf8, 0x67, 0xf9, 0x1c, 0x40, 0x7f,
    0xfb, 0x1b, 0xc1, 0x00, 0x00, 0x1b, 0xff, 0xec,
    0x20, 0x00, 0x00, 0x00, 0x00, 0x00, 0x00, 0x00,
    0x00, 0x00, 0x00, 0x00,

    /* U+81EA "自" */
    0x00, 0x00, 0x00, 0x00, 0x31, 0x00, 0x00, 0x00,
    0x00, 0x00, 0x00, 0x00, 0x04, 0xfc, 0x00, 0x00,
    0x00, 0x00, 0x00, 0x00, 0x00, 0x08, 0xf6, 0x00,
    0x00, 0x00, 0x00, 0x00, 0x00, 0x00, 0x0d, 0xf0,
    0x00, 0x00, 0x00, 0x00, 0x1f, 0xff, 0xff, 0xff,
    0xff, 0xff, 0xff, 0xff, 0xf5, 0x1f, 0xfc, 0xcc,
    0xcc, 0xcc, 0xcc, 0xcc, 0xce, 0xf6, 0x1f, 0xb0,
    0x00, 0x00, 0x00, 0x00, 0x00, 0x08, 0xf6, 0x1f,
    0xb0, 0x00, 0x00, 0x00, 0x00, 0x00, 0x08, 0xf6,
    0x1f, 0xb0, 0x00, 0x00, 0x00, 0x00, 0x00, 0x08,
    0xf6, 0x1f, 0xea, 0xaa, 0xaa, 0xaa, 0xaa, 0xaa,
    0xad, 0xf6, 0x1f, 0xff, 0xff, 0xff, 0xff, 0xff,
    0xff, 0xff, 0xf6, 0x1f, 0xc0, 0x00, 0x00, 0x00,
    0x00, 0x00, 0x08, 0xf6, 0x1f, 0xb0, 0x00, 0x00,
    0x00, 0x00, 0x00, 0x08, 0xf6, 0x1f, 0xb0, 0x00,
    0x00, 0x00, 0x00, 0x00, 0x08, 0xf6, 0x1f, 0xe9,
    0x99, 0x99, 0x99, 0x99, 0x99, 0x9c, 0xf6, 0x1f,
    0xff, 0xff, 0xff, 0xff, 0xff, 0xff, 0xff, 0xf6,
    0x1f, 0xc2, 0x22, 0x22, 0x22, 0x22, 0x22, 0x29,
    0xf6, 0x1f, 0xb0, 0x00, 0x00, 0x00, 0x00, 0x00,
    0x08, 0xf6, 0x1f, 0xb0, 0x00, 0x00, 0x00, 0x00,
    0x00, 0x08, 0xf6, 0x1f, 0xc0, 0x00, 0x00, 0x00,
    0x00, 0x00, 0x08, 0xf6, 0x1f, 0xff, 0xff, 0xff,
    0xff, 0xff, 0xff, 0xff, 0xf6, 0x1f, 0xea, 0xaa,
    0xaa, 0xaa, 0xaa, 0xaa, 0xad, 0xf6, 0x1f, 0xb0,
    0x00, 0x00, 0x00, 0x00, 0x00, 0x08, 0xf6,

    /* U+822A "航" */
    0x00, 0x00, 0x01, 0x00, 0x00, 0x00, 0x00, 0x02,
    0x00, 0x00, 0x00, 0x00, 0x00, 0x00, 0xcf, 0x00,
    0x00, 0x00, 0x07, 0xf6, 0x00, 0x00, 0x00, 0x00,
    0x00, 0x0f, 0xb0, 0x00, 0x00, 0x00, 0x1f, 0xd0,
    0x00, 0x00, 0x00, 0x01, 0x36, 0xf7, 0x23, 0x20,
    0x00, 0x00, 0x9f, 0x50, 0x00, 0x00, 0x00, 0x8f,
    0xff, 0xff, 0xfb, 0x00, 0x00, 0x04, 0xd5, 0x00,
    0x00, 0x00, 0x08, 0xf5, 0x55, 0x5e, 0xbd, 0xff,
    0xff, 0xff, 0xff, 0xff, 0xf6, 0x00, 0x8f, 0x16,
    0x00, 0xdb, 0x79, 0x99, 0x99, 0x99, 0x99, 0x99,
    0x30, 0x08, 0xf2, 0xf4, 0x0d, 0xb0, 0x00, 0x00,
    0x00, 0x00, 0x00, 0x00, 0x00, 0x8f, 0x1a, 0xb0,
    0xdb, 0x00, 0x01, 0x10, 0x00, 0x11, 0x00, 0x00,
    0x08, 0xf1, 0x3f, 0x1d, 0xb0, 0x05, 0xff, 0xff,
    0xff, 0xf2, 0x00, 0x00, 0x8f, 0x10, 0x30, 0xdb,
    0x00, 0x5f, 0xb9, 0x99, 0xcf, 0x20, 0x01, 0x8c,
    0xf9, 0x88, 0x8f, 0xb0, 0x05, 0xf5, 0x00, 0x08,
    0xf2, 0x00, 0x3f, 0xff, 0xff, 0xff, 0xfb, 0x00,
    0x5f, 0x50, 0x00, 0x8f, 0x20, 0x00, 0x08, 0xf0,
    0x00, 0x0d, 0xb0, 0x05, 0xf5, 0x00, 0x08, 0xf2,
    0x00, 0x00, 0x8f, 0x3e, 0x10, 0xdb, 0x00, 0x5f,
    0x50, 0x00, 0x8f, 0x20, 0x00, 0x09, 0xf0, 0xd9,
    0x0d, 0xb0, 0x06, 0xf4, 0x00, 0x08, 0xf2, 0x00,
    0x00, 0xae, 0x05, 0xf1, 0xdb, 0x00, 0x7f, 0x30,
    0x00, 0x8f, 0x20, 0x00, 0x0c, 0xd0, 0x0e, 0x4d,
    0xb0, 0x0a, 0xf1, 0x00, 0x08, 0xf2, 0x00, 0x00,
    0xeb, 0x00, 0x00, 0xdb, 0x00, 0xdd, 0x00, 0x00,
    0x8f, 0x23, 0x60, 0x1f, 0x80, 0x00, 0x0d, 0xb0,
    0x3f, 0x90, 0x00, 0x08, 0xf2, 0x4d, 0x06, 0xf4,
    0x00, 0x00, 0xdb, 0x0a, 0xf3, 0x00, 0x00, 0x8f,
    0x25, 0xc0, 0xcf, 0x00, 0x27, 0x7f, 0xb6, 0xfa,
    0x00, 0x00, 0x07, 0xfa, 0xca, 0x2e, 0x80, 0x01,
    0xff, 0xe5, 0xce, 0x10, 0x00, 0x00, 0x2e, 0xfe,
    0x40, 0x11, 0x00, 0x01, 0x00, 0x00, 0x10, 0x00,
    0x00, 0x00, 0x00, 0x00,

    /* U+84DD "蓝" */
    0x00, 0x00, 0x00, 0x32, 0x00, 0x00, 0x00, 0x32,
    0x00, 0x00, 0x00, 0x00, 0x00, 0x01, 0xfb, 0x00,
    0x00, 0x00, 0xed, 0x00, 0x00, 0x00, 0x58, 0x88,
    0x88, 0xfd, 0x88, 0x88, 0x88, 0xfe, 0x88, 0x88,
    0x86, 0xaf, 0xff, 0xff, 0xff, 0xff, 0xff, 0xff,
    0xff, 0xff, 0xff, 0xfb, 0x00, 0x00, 0x02, 0xfb,
    0x00, 0x00, 0x00, 0xed, 0x00, 0x00, 0x00, 0x00,
    0x00, 0x00, 0x75, 0x00, 0x00, 0x12, 0x76, 0x00,
    0x00, 0x00, 0x00, 0x00, 0x00, 0x5d, 0x40, 0x00,
    0x7f, 0x40, 0x00, 0x00, 0x00, 0x00, 0xeb, 0x00,
    0x6f, 0x50, 0x00, 0xbf, 0x21, 0x11, 0x11, 0x10,
    0x00, 0xec, 0x00, 0x6f, 0x50, 0x01, 0xff, 0xff,
    0xff, 0xff, 0xb0, 0x00, 0xec, 0x00, 0x6f, 0x50,
    0x08, 0xf8, 0x67, 0x66, 0x66, 0x40, 0x00, 0xec,
    0x00, 0x6f, 0x50, 0x1f, 0xd0, 0x4f, 0x60, 0x00,
    0x00, 0x00, 0xec, 0x00, 0x6f, 0x50, 0xaf, 0x40,
    0x0c, 0xf3, 0x00, 0x00, 0x00, 0xec, 0x00, 0x6f,
    0x51, 0xdb, 0x00, 0x02, 0xfd, 0x00, 0x00, 0x00,
    0xca, 0x00, 0x6f, 0x50, 0x01, 0x00, 0x00, 0x9f,
    0x50, 0x00, 0x00, 0x00, 0x00, 0x39, 0x20, 0x00,
    0x00, 0x00, 0x18, 0x00, 0x00, 0x00, 0x28, 0x88,
    0x88, 0x88, 0x88, 0x88, 0x88, 0x88, 0x81, 0x00,
    0x00, 0x4f, 0xff, 0xff, 0xff, 0xff, 0xff, 0xff,
    0xff, 0xf2, 0x00, 0x00, 0x4f, 0x60, 0x03, 0xf4,
    0x00, 0x7f, 0x10, 0x0a, 0xf2, 0x00, 0x00, 0x4f,
    0x60, 0x03, 0xf4, 0x00, 0x7f, 0x10, 0x0a, 0xf2,
    0x00, 0x00, 0x4f, 0x60, 0x03, 0xf4, 0x00, 0x7f,
    0x10, 0x0a, 0xf2, 0x00, 0x78, 0xaf, 0xb8, 0x89,
    0xfa, 0x88, 0xbf, 0x88, 0x8d, 0xf9, 0x85, 0xef,
    0xff, 0xff, 0xff, 0xff, 0xff, 0xff, 0xff, 0xff,
    0xff, 0xfa,

    /* U+8840 "血" */
    0x00, 0x00, 0x00, 0x00, 0x00, 0x32, 0x00, 0x00,
    0x00, 0x00, 0x00, 0x00, 0x00, 0x00, 0x00, 0x00,
    0x0b, 0xf8, 0x00, 0x00, 0x00, 0x00, 0x00, 0x00,
    0x00, 0x00, 0x00, 0x01, 0xff, 0x10, 0x00, 0x00,
    0x00, 0x00, 0x00, 0x00, 0x00, 0x00, 0x00, 0x7f,
    0x90, 0x00, 0x00, 0x00, 0x00, 0x00, 0x00, 0x00,
    0x00, 0x00, 0x0e, 0xf1, 0x00, 0x00, 0x00, 0x00,
    0x00, 0x00, 0x00, 0x7a, 0xaa, 0xac, 0xfe, 0xaa,
    0xaa, 0xaa, 0xaa, 0xa8, 0x00, 0x00, 0x0a, 0xff,
    0xff, 0xff, 0xff, 0xff, 0xff, 0xff, 0xff, 0xc0,
    0x00, 0x00, 0xaf, 0x10, 0x0a, 0xf1, 0x00, 0x1f,
    0xa0, 0x01, 0xfc, 0x00, 0x00, 0x0a, 0xf1, 0x00,
    0xaf, 0x10, 0x01, 0xf9, 0x00, 0x1f, 0xc0, 0x00,
    0x00, 0xaf, 0x10, 0x0a, 0xf1, 0x00, 0x1f, 0x90,
    0x01, 0xfc, 0x00, 0x00, 0x0a, 0xf1, 0x00, 0xaf,
    0x10, 0x01, 0xf9, 0x00, 0x1f, 0xc0, 0x00, 0x00,
    0xaf, 0x10, 0x0a, 0xf1, 0x00, 0x1f, 0x90, 0x01,
    0xfc, 0x00, 0x00, 0x0a, 0xf1, 0x00, 0xaf, 0x10,
    0x01, 0xf9, 0x00, 0x1f, 0xc0, 0x00, 0x00, 0xaf,
    0x10, 0x0a, 0xf1, 0x00, 0x1f, 0x90, 0x01, 0xfc,
    0x00, 0x00, 0x0a, 0xf1, 0x00, 0xaf, 0x10, 0x01,
    0xf9, 0x00, 0x1f, 0xc0, 0x00, 0x00, 0xaf, 0x10,
    0x0a, 0xf1, 0x00, 0x1f, 0x90, 0x01, 0xfc, 0x00,
    0x00, 0x0a, 0xf1, 0x00, 0xaf, 0x10, 0x01, 0xf9,
    0x00, 0x1f, 0xc0, 0x00, 0x00, 0xaf, 0x10, 0x0a,
    0xf1, 0x00, 0x1f, 0x90, 0x01, 0xfc, 0x00, 0x00,
    0x0a, 0xf1, 0x00, 0xaf, 0x10, 0x01, 0xf9, 0x00,
    0x1f, 0xc0, 0x00, 0x00, 0xaf, 0x10, 0x0a, 0xf1,
    0x00, 0x1f, 0x90, 0x01, 0xfc, 0x00, 0x1f, 0xff,
    0xff, 0xff, 0xff, 0xff, 0xff, 0xff, 0xff, 0xff,
    0xff, 0xf1, 0xcc, 0xcc, 0xcc, 0xcc, 0xcc, 0xcc,
    0xcc, 0xcc, 0xcc, 0xcc, 0xcc,

    /* U+884C "行" */
    0x00, 0x00, 0x00, 0x00, 0x00, 0x00, 0x00, 0x00,
    0x00, 0x00, 0x00, 0x00, 0x00, 0x00, 0x1e, 0xc0,
    0x00, 0x00, 0x00, 0x00, 0x00, 0x00, 0x00, 0x00,
    0x00, 0x0c, 0xf7, 0x00, 0x1b, 0xbb, 0xbb, 0xbb,
    0xbb, 0xbb, 0x70, 0x00, 0x0c, 0xf9, 0x00, 0x02,
    0xff, 0xff, 0xff, 0xff, 0xff, 0xfb, 0x00, 0x1c,
    0xfa, 0x00, 0x00, 0x00, 0x00, 0x00, 0x00, 0x00,
    0x00, 0x00, 0x3e, 0xfa, 0x00, 0x00, 0x00, 0x00,
    0x00, 0x00, 0x00, 0x00, 0x00, 0x0a, 0xf8, 0x00,
    0x0b, 0x70, 0x00, 0x00, 0x00, 0x00, 0x00, 0x00,
    0x00, 0x15, 0x00, 0x07, 0xf9, 0x00, 0x00, 0x00,
    0x00, 0x00, 0x00, 0x00, 0x00, 0x00, 0x03, 0xfe,
    0x10, 0x00, 0x00, 0x00, 0x00, 0x00, 0x00, 0x00,
    0x00, 0x01, 0xef, 0x40, 0x8e, 0xee, 0xee, 0xee,
    0xee, 0xee, 0xec, 0x00, 0x01, 0xdf, 0xa0, 0x08,
    0xdd, 0xdd, 0xdd, 0xdd, 0xff, 0xdd, 0xc0, 0x01,
    0xcf, 0xf9, 0x00, 0x00, 0x00, 0x00, 0x00, 0x1f,
    0xb0, 0x00, 0x02, 0xdf, 0xdf, 0x90, 0x00, 0x00,
    0x00, 0x00, 0x01, 0xfb, 0x00, 0x00, 0xef, 0xb3,
    0xf9, 0x00, 0x00, 0x00, 0x00, 0x00, 0x1f, 0xb0,
    0x00, 0x04, 0x90, 0x2f, 0x90, 0x00, 0x00, 0x00,
    0x00, 0x01, 0xfb, 0x00, 0x00, 0x00, 0x02, 0xf9,
    0x00, 0x00, 0x00, 0x00, 0x00, 0x1f, 0xb0, 0x00,
    0x00, 0x00, 0x2f, 0x90, 0x00, 0x00, 0x00, 0x00,
    0x01, 0xfb, 0x00, 0x00, 0x00, 0x02, 0xf9, 0x00,
    0x00, 0x00, 0x00, 0x00, 0x1f, 0xb0, 0x00, 0x00,
    0x00, 0x2f, 0x90, 0x00, 0x00, 0x00, 0x00, 0x01,
    0xfb, 0x00, 0x00, 0x00, 0x02, 0xf9, 0x00, 0x00,
    0x00, 0x00, 0x00, 0x1f, 0xb0, 0x00, 0x00, 0x00,
    0x2f, 0x90, 0x00, 0x00, 0x00, 0x00, 0x01, 0xfb,
    0x00, 0x00, 0x00, 0x02, 0xf9, 0x00, 0x00, 0x00,
    0x3b, 0xbb, 0xcf, 0xa0, 0x00, 0x00, 0x00, 0x2f,
    0x90, 0x00, 0x00, 0x00, 0xff, 0xff, 0xc2, 0x00,
    0x00, 0x00, 0x00, 0x00, 0x00, 0x00, 0x00, 0x00,
    0x00, 0x00, 0x00, 0x00,

    /* U+8868 "表" */
    0x00, 0x00, 0x00, 0x00, 0x00, 0x02, 0x20, 0x00,
    0x00, 0x00, 0x00, 0x00, 0x00, 0x00, 0x00, 0x00,
    0x00, 0x0f, 0xd0, 0x00, 0x00, 0x00, 0x00, 0x00,
    0x00, 0x00, 0x00, 0x00, 0x00, 0x0f, 0xd0, 0x00,
    0x00, 0x00, 0x00, 0x00, 0x00, 0x7f, 0xff, 0xff,
    0xff, 0xff, 0xff, 0xff, 0xff, 0xff, 0xfa, 0x00,
    0x00, 0x48, 0x88, 0x88, 0x88, 0x8f, 0xf8, 0x88,
    0x88, 0x88, 0x85, 0x00, 0x00, 0x00, 0x00, 0x00,
    0x00, 0x0f, 0xd0, 0x00, 0x00, 0x00, 0x00, 0x00,
    0x00, 0x01, 0x66, 0x66, 0x66, 0x6f, 0xe6, 0x66,
    0x66, 0x66, 0x40, 0x00, 0x00, 0x04, 0xff, 0xff,
    0xff, 0xff, 0xff, 0xff, 0xff, 0xff, 0x90, 0x00,
    0x00, 0x00, 0x11, 0x11, 0x11, 0x1f, 0xe1, 0x11,
    0x11, 0x11, 0x00, 0x00, 0x00, 0x00, 0x00, 0x00,
    0x00, 0x0f, 0xd0, 0x00, 0x00, 0x00, 0x00, 0x00,
    0x06, 0xff, 0xff, 0xff, 0xff, 0xff, 0xff, 0xff,
    0xff, 0xff, 0xff, 0x60, 0x04, 0x99, 0x99, 0x99,
    0x9e, 0xfe, 0xfe, 0x99, 0x99, 0x99, 0x99, 0x40,
    0x00, 0x00, 0x00, 0x00, 0x9f, 0xd1, 0xdf, 0x00,
    0x00, 0x00, 0x30, 0x00, 0x00, 0x00, 0x00, 0x3d,
    0xfb, 0x10, 0x5f, 0x80, 0x00, 0x0b, 0xf6, 0x00,
    0x00, 0x00, 0x19, 0xff, 0x70, 0x00, 0x0d, 0xf2,
    0x02, 0xdf, 0x90, 0x00, 0x00, 0x29, 0xff, 0xff,
    0x00, 0x00, 0x04, 0xfd, 0x6f, 0xf5, 0x00, 0x00,
    0x0b, 0xff, 0xd5, 0xdf, 0x00, 0x00, 0x00, 0x9f,
    0xfb, 0x20, 0x00, 0x00, 0x03, 0xb5, 0x00, 0xdf,
    0x00, 0x00, 0x00, 0x0b, 0xfb, 0x10, 0x00, 0x00,
    0x00, 0x00, 0x00, 0xdf, 0x00, 0x00, 0x37, 0x00,
    0xcf, 0xd4, 0x00, 0x00, 0x00, 0x00, 0x00, 0xdf,
    0x15, 0xae, 0xff, 0x10, 0x09, 0xff, 0xb3, 0x00,
    0x00, 0x00, 0x02, 0xff, 0xff, 0xfc, 0x72, 0x00,
    0x00, 0x4d, 0xff, 0xc0, 0x00, 0x00, 0x07, 0xff,
    0xc7, 0x20, 0x00, 0x00, 0x00, 0x00, 0x6c, 0x40,
    0x00, 0x00, 0x01, 0x81, 0x00, 0x00, 0x00, 0x00,
    0x00, 0x00, 0x00, 0x00,

    /* U+89C8 "览" */
    0x00, 0x00, 0x00, 0x00, 0x00, 0x00, 0x01, 0x00,
    0x00, 0x00, 0x00, 0x00, 0x00, 0x00, 0x0e, 0xa0,
    0x00, 0x0f, 0xc0, 0x00, 0x00, 0x00, 0x01, 0xd8,
    0x00, 0x1f, 0xb0, 0x00, 0x4f, 0x80, 0x00, 0x00,
    0x00, 0x01, 0xfa, 0x00, 0x1f, 0xb0, 0x00, 0x9f,
    0xcb, 0xbb, 0xbb, 0xb6, 0x01, 0xfa, 0x00, 0x1f,
    0xb0, 0x00, 0xff, 0xee, 0xee, 0xee, 0xe8, 0x01,
    0xfa, 0x00, 0x1f, 0xb0, 0x07, 0xf7, 0x06, 0x50,
    0x00, 0x00, 0x01, 0xfa, 0x00, 0x1f, 0xb0, 0x1e,
    0xe0, 0x1c, 0xf5, 0x00, 0x00, 0x01, 0xfa, 0x00,
    0x1f, 0xb0, 0xaf, 0x70, 0x01, 0xdf, 0x40, 0x00,
    0x01, 0xfa, 0x00, 0x1f, 0xb0, 0x4a, 0x00, 0x00,
    0x2f, 0xe1, 0x00, 0x00, 0x00, 0x00, 0x0b, 0x80,
    0x00, 0x00, 0x00, 0x06, 0x81, 0x00, 0x00, 0x01,
    0x99, 0x99, 0x99, 0x99, 0x99, 0x99, 0x99, 0x70,
    0x00, 0x00, 0x02, 0xff, 0xff, 0xff, 0xff, 0xff,
    0xff, 0xff, 0xd0, 0x00, 0x00, 0x02, 0xfa, 0x00,
    0x00, 0x00, 0x00, 0x00, 0x1f, 0xd0, 0x00, 0x00,
    0x02, 0xfa, 0x00, 0x00, 0xbd, 0x00, 0x00, 0x1f,
    0xd0, 0x00, 0x00, 0x02, 0xfa, 0x00, 0x00, 0xef,
    0x00, 0x00, 0x1f, 0xd0, 0x00, 0x00, 0x02, 0xfa,
    0x00, 0x00, 0xef, 0x00, 0x00, 0x1f, 0xd0, 0x00,
    0x00, 0x02, 0xfa, 0x00, 0x01, 0xfe, 0x64, 0x00,
    0x1f, 0xd0, 0x00, 0x00, 0x02, 0xfa, 0x00, 0x07,
    0xfb, 0xfa, 0x00, 0x0e, 0xc0, 0x00, 0x00, 0x00,
    0x10, 0x00, 0x4f, 0xf4, 0xfa, 0x00, 0x00, 0x00,
    0x20, 0x00, 0x00, 0x00, 0x08, 0xff, 0x42, 0xfa,
    0x00, 0x00, 0x00, 0xf7, 0x00, 0x00, 0x17, 0xef,
    0xd3, 0x02, 0xfa, 0x00, 0x00, 0x01, 0xf8, 0x03,
    0x7c, 0xff, 0xd6, 0x00, 0x01, 0xfe, 0x88, 0x88,
    0x8b, 0xf5, 0x0b, 0xfe, 0xa4, 0x00, 0x00, 0x00,
    0x8e, 0xff, 0xff, 0xff, 0xa0, 0x01, 0x30, 0x00,
    0x00, 0x00, 0x00, 0x00, 0x00, 0x00, 0x00, 0x00,

    /* U+8BA1 "计" */
    0x00, 0x06, 0x00, 0x00, 0x00, 0x00, 0x00, 0xee,
    0x00, 0x00, 0x00, 0x00, 0x07, 0xfb, 0x00, 0x00,
    0x00, 0x00, 0x0f, 0xe0, 0x00, 0x00, 0x00, 0x00,
    0x09, 0xfc, 0x10, 0x00, 0x00, 0x00, 0xfe, 0x00,
    0x00, 0x00, 0x00, 0x00, 0x09, 0xfd, 0x10, 0x00,
    0x00, 0x0f, 0xe0, 0x00, 0x00, 0x00, 0x00, 0x00,
    0x09, 0xc0, 0x00, 0x00, 0x00, 0xfe, 0x00, 0x00,
    0x00, 0x00, 0x00, 0x00, 0x01, 0x00, 0x00, 0x00,
    0x0f, 0xe0, 0x00, 0x00, 0x00, 0x00, 0x00, 0x00,
    0x00, 0x00, 0x00, 0x00, 0xfe, 0x00, 0x00, 0x00,
    0x06, 0x77, 0x78, 0x50, 0x00, 0x00, 0x00, 0x0f,
    0xe0, 0x00, 0x00, 0x00, 0xef, 0xff, 0xfc, 0x01,
    0xff, 0xff, 0xff, 0xff, 0xff, 0xff, 0xff, 0x04,
    0x44, 0x5f, 0xc0, 0x1c, 0xcc, 0xcc, 0xcf, 0xfc,
    0xcc, 0xcc, 0xc0, 0x00, 0x01, 0xfc, 0x00, 0x00,
    0x00, 0x00, 0xfe, 0x00, 0x00, 0x00, 0x00, 0x00,
    0x1f, 0xc0, 0x00, 0x00, 0x00, 0x0f, 0xe0, 0x00,
    0x00, 0x00, 0x00, 0x01, 0xfc, 0x00, 0x00, 0x00,
    0x00, 0xfe, 0x00, 0x00, 0x00, 0x00, 0x00, 0x1f,
    0xc0, 0x00, 0x00, 0x00, 0x0f, 0xe0, 0x00, 0x00,
    0x00, 0x00, 0x01, 0xfc, 0x00, 0x00, 0x00, 0x00,
    0xfe, 0x00, 0x00, 0x00, 0x00, 0x00, 0x1f, 0xc0,
    0x00, 0x00, 0x00, 0x0f, 0xe0, 0x00, 0x00, 0x00,
    0x00, 0x01, 0xfc, 0x07, 0xe0, 0x00, 0x00, 0xfe,
    0x00, 0x00, 0x00, 0x00, 0x00, 0x1f, 0xdc, 0xfd,
    0x10, 0x00, 0x0f, 0xe0, 0x00, 0x00, 0x00, 0x00,
    0x03, 0xff, 0xf9, 0x00, 0x00, 0x00, 0xfe, 0x00,
    0x00, 0x00, 0x00, 0x00, 0xcf, 0xe4, 0x00, 0x00,
    0x00, 0x0f, 0xe0, 0x00, 0x00, 0x00, 0x00, 0x0d,
    0xc1, 0x00, 0x00, 0x00, 0x00, 0xfe, 0x00, 0x00,
    0x00, 0x00, 0x00, 0x30, 0x00, 0x00, 0x00, 0x00,
    0x0f, 0xe0, 0x00, 0x00, 0x00,

    /* U+8BA4 "认" */
    0x00, 0x00, 0x00, 0x00, 0x00, 0x00, 0x00, 0x32,
    0x00, 0x00, 0x00, 0x00, 0x00, 0x81, 0x00, 0x00,
    0x00, 0x00, 0x2f, 0xa0, 0x00, 0x00, 0x00, 0x00,
    0x5f, 0xd2, 0x00, 0x00, 0x00, 0x02, 0xfa, 0x00,
    0x00, 0x00, 0x00, 0x00, 0x7f, 0xe2, 0x00, 0x00,
    0x00, 0x3f, 0xa0, 0x00, 0x00, 0x00, 0x00, 0x00,
    0x6f, 0xe0, 0x00, 0x00, 0x03, 0xf9, 0x00, 0x00,
    0x00, 0x00, 0x00, 0x00, 0x75, 0x00, 0x00, 0x00,
    0x3f, 0x90, 0x00, 0x00, 0x00, 0x00, 0x00, 0x00,
    0x00, 0x00, 0x00, 0x04, 0xf8, 0x00, 0x00, 0x00,
    0x00, 0x00, 0x00, 0x00, 0x00, 0x00, 0x00, 0x4f,
    0x70, 0x00, 0x00, 0x00, 0xab, 0xbb, 0xc9, 0x00,
    0x00, 0x00, 0x05, 0xf8, 0x00, 0x00, 0x00, 0x0f,
    0xff, 0xff, 0xd0, 0x00, 0x00, 0x00, 0x7f, 0xb0,
    0x00, 0x00, 0x00, 0x00, 0x00, 0xed, 0x00, 0x00,
    0x00, 0x08, 0xfe, 0x00, 0x00, 0x00, 0x00, 0x00,
    0x0e, 0xd0, 0x00, 0x00, 0x00, 0xbf, 0xf1, 0x00,
    0x00, 0x00, 0x00, 0x00, 0xed, 0x00, 0x00, 0x00,
    0x0d, 0xff, 0x50, 0x00, 0x00, 0x00, 0x00, 0x0e,
    0xd0, 0x00, 0x00, 0x01, 0xfc, 0xfa, 0x00, 0x00,
    0x00, 0x00, 0x00, 0xed, 0x00, 0x00, 0x00, 0x5f,
    0x8b, 0xf0, 0x00, 0x00, 0x00, 0x00, 0x0e, 0xd0,
    0x00, 0x00, 0x0a, 0xf3, 0x5f, 0x60, 0x00, 0x00,
    0x00, 0x00, 0xed, 0x00, 0x80, 0x01, 0xfe, 0x00,
    0xfd, 0x00, 0x00, 0x00, 0x00, 0x0e, 0xd4, 0xdf,
    0x20, 0x8f, 0x70, 0x08, 0xf6, 0x00, 0x00, 0x00,
    0x00, 0xff, 0xfe, 0x40, 0x2f, 0xe0, 0x00, 0x1f,
    0xf1, 0x00, 0x00, 0x00, 0x4f, 0xfb, 0x10, 0x0d,
    0xf6, 0x00, 0x00, 0x6f, 0xc0, 0x00, 0x00, 0x0e,
    0xf6, 0x00, 0x0c, 0xfa, 0x00, 0x00, 0x00, 0xaf,
    0xc1, 0x00, 0x00, 0x73, 0x00, 0x0c, 0xfb, 0x00,
    0x00, 0x00, 0x00, 0xbf, 0xc0, 0x00, 0x00, 0x00,
    0x00, 0x29, 0x00, 0x00, 0x00, 0x00, 0x00, 0x82,
    0x00,

    /* U+8BB8 "许" */
    0x00, 0x00, 0x00, 0x00, 0x00, 0x13, 0x00, 0x00,
    0x00, 0x00, 0x00, 0x00, 0x02, 0x40, 0x00, 0x00,
    0x05, 0xf7, 0x00, 0x00, 0x00, 0x00, 0x00, 0x00,
    0xbf, 0x60, 0x00, 0x00, 0x9f, 0x40, 0x00, 0x00,
    0x00, 0x00, 0x00, 0x01, 0xcf, 0x70, 0x00, 0x0d,
    0xf0, 0x00, 0x00, 0x00, 0x00, 0x00, 0x00, 0x01,
    0xdf, 0x70, 0x02, 0xfe, 0x66, 0x66, 0x66, 0x66,
    0x61, 0x00, 0x00, 0x01, 0xd5, 0x00, 0x7f, 0xff,
    0xff, 0xff, 0xff, 0xff, 0x40, 0x00, 0x00, 0x00,
    0x00, 0x0d, 0xf5, 0x44, 0xdf, 0x44, 0x44, 0x41,
    0x00, 0x00, 0x00, 0x00, 0x05, 0xfa, 0x00, 0x0d,
    0xf0, 0x00, 0x00, 0x00, 0x9b, 0xbb, 0xb8, 0x00,
    0xdf, 0x20, 0x00, 0xdf, 0x00, 0x00, 0x00, 0x0d,
    0xff, 0xff, 0xc0, 0x2b, 0x90, 0x00, 0x0d, 0xf0,
    0x00, 0x00, 0x00, 0x00, 0x00, 0xfc, 0x00, 0x00,
    0x00, 0x00, 0xdf, 0x00, 0x00, 0x00, 0x00, 0x00,
    0x0f, 0xc0, 0x00, 0x00, 0x00, 0x0d, 0xf0, 0x00,
    0x00, 0x00, 0x00, 0x00, 0xfc, 0x03, 0xbb, 0xbb,
    0xbb, 0xff, 0xbb, 0xbb, 0xbb, 0x10, 0x00, 0x0f,
    0xc0, 0x5f, 0xff, 0xff, 0xff, 0xff, 0xff, 0xff,
    0xf2, 0x00, 0x00, 0xfc, 0x00, 0x00, 0x00, 0x00,
    0xdf, 0x00, 0x00, 0x00, 0x00, 0x00, 0x0f, 0xc0,
    0x00, 0x00, 0x00, 0x0d, 0xf0, 0x00, 0x00, 0x00,
    0x00, 0x00, 0xfc, 0x00, 0x00, 0x00, 0x00, 0xdf,
    0x00, 0x00, 0x00, 0x00, 0x00, 0x0f, 0xc0, 0x45,
    0x00, 0x00, 0x0d, 0xf0, 0x00, 0x00, 0x00, 0x00,
    0x00, 0xfc, 0x9f, 0xb0, 0x00, 0x00, 0xdf, 0x00,
    0x00, 0x00, 0x00, 0x00, 0x1f, 0xff, 0xa0, 0x00,
    0x00, 0x0d, 0xf0, 0x00, 0x00, 0x00, 0x00, 0x0a,
    0xff, 0x50, 0x00, 0x00, 0x00, 0xdf, 0x00, 0x00,
    0x00, 0x00, 0x00, 0x5d, 0x20, 0x00, 0x00, 0x00,
    0x0d, 0xf0, 0x00, 0x00, 0x00, 0x00, 0x00, 0x10,
    0x00, 0x00, 0x00, 0x00, 0xdf, 0x00, 0x00, 0x00,
    0x00,

    /* U+8BBE "设" */
    0x00, 0x03, 0x10, 0x00, 0x00, 0x00, 0x21, 0x11,
    0x12, 0x10, 0x00, 0x00, 0x01, 0xee, 0x20, 0x00,
    0x00, 0x7f, 0xff, 0xff, 0xff, 0x00, 0x00, 0x00,
    0x04, 0xfe, 0x20, 0x00, 0x07, 0xfb, 0x99, 0x9e,
    0xf0, 0x00, 0x00, 0x00, 0x04, 0xfe, 0x20, 0x00,
    0x7f, 0x40, 0x00, 0xbf, 0x00, 0x00, 0x00, 0x00,
    0x04, 0xd1, 0x00, 0x08, 0xf3, 0x00, 0x0b, 0xf0,
    0x00, 0x00, 0x00, 0x00, 0x00, 0x00, 0x00, 0xdf,
    0x00, 0x00, 0xbf, 0x00, 0x00, 0x00, 0x00, 0x00,
    0x00, 0x00, 0x6f, 0x90, 0x00, 0x0b, 0xf0, 0x00,
    0x02, 0xbb, 0xbb, 0xa0, 0x00, 0x7f, 0xe1, 0x00,
    0x00, 0x9f, 0xee, 0xe4, 0x3f, 0xff, 0xff, 0x00,
    0xdf, 0xd2, 0x00, 0x00, 0x01, 0x9b, 0xba, 0x30,
    0x00, 0x0c, 0xf0, 0x06, 0x80, 0x00, 0x00, 0x00,
    0x00, 0x00, 0x00, 0x00, 0x00, 0xcf, 0x00, 0x2a,
    0xaa, 0xaa, 0xaa, 0xaa, 0xab, 0x80, 0x00, 0x00,
    0x0c, 0xf0, 0x03, 0xff, 0xff, 0xff, 0xff, 0xff,
    0xfe, 0x00, 0x00, 0x00, 0xcf, 0x00, 0x01, 0xfb,
    0x00, 0x00, 0x00, 0x5f, 0x80, 0x00, 0x00, 0x0c,
    0xf0, 0x00, 0x09, 0xf4, 0x00, 0x00, 0x0d, 0xf1,
    0x00, 0x00, 0x00, 0xcf, 0x00, 0x00, 0x1e, 0xe1,
    0x00, 0x09, 0xf7, 0x00, 0x00, 0x00, 0x0c, 0xf0,
    0x01, 0x00, 0x4f, 0xc0, 0x06, 0xfc, 0x00, 0x00,
    0x00, 0x00, 0xcf, 0x09, 0xb0, 0x00, 0x8f, 0xc8,
    0xfd, 0x10, 0x00, 0x00, 0x00, 0x0c, 0xfc, 0xfa,
    0x00, 0x00, 0x9f, 0xfe, 0x20, 0x00, 0x00, 0x00,
    0x00, 0xff, 0xf7, 0x00, 0x00, 0x7e, 0xff, 0xf9,
    0x10, 0x00, 0x00, 0x00, 0x9f, 0xe3, 0x00, 0x38,
    0xef, 0xe6, 0x3d, 0xff, 0xa4, 0x00, 0x00, 0x07,
    0xc1, 0x00, 0xdf, 0xfe, 0x70, 0x00, 0x06, 0xdf,
    0xff, 0x50, 0x00, 0x00, 0x00, 0x06, 0x94, 0x00,
    0x00, 0x00, 0x00, 0x49, 0xb0,

    /* U+8BC6 "识" */
    0x00, 0x64, 0x00, 0x00, 0x00, 0x00, 0x00, 0x00,
    0x00, 0x00, 0x00, 0x01, 0xef, 0x60, 0x00, 0x00,
    0xaa, 0xaa, 0xaa, 0xaa, 0xaa, 0x80, 0x00, 0x2e,
    0xf7, 0x00, 0x01, 0xff, 0xff, 0xff, 0xff, 0xff,
    0xc0, 0x00, 0x02, 0xef, 0x60, 0x01, 0xfb, 0x00,
    0x00, 0x00, 0x1f, 0xc0, 0x00, 0x00, 0x2c, 0x10,
    0x01, 0xfb, 0x00, 0x00, 0x00, 0x1f, 0xc0, 0x00,
    0x00, 0x00, 0x00, 0x01, 0xfb, 0x00, 0x00, 0x00,
    0x1f, 0xc0, 0x00, 0x00, 0x00, 0x00, 0x01, 0xfb,
    0x00, 0x00, 0x00, 0x1f, 0xc0, 0x6b, 0xbb, 0xc6,
    0x00, 0x01, 0xfb, 0x00, 0x00, 0x00, 0x1f, 0xc0,
    0x9f, 0xff, 0xf9, 0x00, 0x01, 0xfb, 0x00, 0x00,
    0x00, 0x1f, 0xc0, 0x00, 0x04, 0xf9, 0x00, 0x01,
    0xfb, 0x00, 0x00, 0x00, 0x1f, 0xc0, 0x00, 0x03,
    0xf9, 0x00, 0x01, 0xfe, 0xaa, 0xaa, 0xaa, 0xbf,
    0xc0, 0x00, 0x03, 0xf9, 0x00, 0x01, 0xff, 0xff,
    0xff, 0xff, 0xff, 0xc0, 0x00, 0x03, 0xf9, 0x00,
    0x00, 0x00, 0x00, 0x00, 0x00, 0x00, 0x00, 0x00,
    0x03, 0xf9, 0x00, 0x00, 0x00, 0x00, 0x00, 0x00,
    0x00, 0x00, 0x00, 0x03, 0xf9, 0x00, 0x00, 0x04,
    0x61, 0x00, 0x03, 0x70, 0x00, 0x00, 0x03, 0xf9,
    0x03, 0x30, 0x0c, 0xf3, 0x00, 0x0a, 0xf6, 0x00,
    0x00, 0x03, 0xf9, 0x7f, 0xb0, 0x2f, 0xd0, 0x00,
    0x01, 0xfe, 0x00, 0x00, 0x03, 0xff, 0xfd, 0x30,
    0xaf, 0x60, 0x00, 0x00, 0x8f, 0x80, 0x00, 0x07,
    0xff, 0xb1, 0x03, 0xfe, 0x00, 0x00, 0x00, 0x1f,
    0xf1, 0x00, 0x3f, 0xf7, 0x00, 0x1d, 0xf5, 0x00,
    0x00, 0x00, 0x09, 0xf7, 0x00, 0x1c, 0x40, 0x00,
    0xaf, 0xa0, 0x00, 0x00, 0x00, 0x02, 0xfd, 0x00,
    0x00, 0x00, 0x00, 0x18, 0x00, 0x00, 0x00, 0x00,
    0x00, 0x61,

    /* U+8BD5 "试" */
    0x00, 0x00, 0x00, 0x00, 0x00, 0x00, 0x00, 0x00,
    0x00, 0x00, 0x00, 0x00, 0x01, 0x70, 0x00, 0x00,
    0x00, 0x00, 0x00, 0xbf, 0x18, 0x60, 0x00, 0x00,
    0x9f, 0xa0, 0x00, 0x00, 0x00, 0x00, 0x0b, 0xf1,
    0xaf, 0x40, 0x00, 0x00, 0xaf, 0xb0, 0x00, 0x00,
    0x00, 0x00, 0xaf, 0x10, 0xcf, 0x20, 0x00, 0x00,
    0xaf, 0x80, 0x00, 0x00, 0x00, 0x0a, 0xf2, 0x02,
    0xf6, 0x00, 0x00, 0x00, 0xa1, 0x13, 0x33, 0x33,
    0x33, 0xbf, 0x53, 0x35, 0x30, 0x00, 0x00, 0x00,
    0x08, 0xff, 0xff, 0xff, 0xff, 0xff, 0xff, 0xff,
    0x20, 0x00, 0x00, 0x00, 0x48, 0x88, 0x88, 0x88,
    0xcf, 0xa8, 0x88, 0x81, 0x6b, 0xbb, 0xb5, 0x00,
    0x00, 0x00, 0x00, 0x07, 0xf4, 0x00, 0x00, 0x09,
    0xff, 0xff, 0x70, 0x00, 0x00, 0x00, 0x00, 0x6f,
    0x50, 0x00, 0x00, 0x00, 0x04, 0xf7, 0x00, 0x00,
    0x00, 0x00, 0x05, 0xf7, 0x00, 0x00, 0x00, 0x00,
    0x4f, 0x70, 0x08, 0xff, 0xff, 0xfc, 0x4f, 0x80,
    0x00, 0x00, 0x00, 0x04, 0xf7, 0x00, 0x7c, 0xcf,
    0xec, 0x92, 0xfa, 0x00, 0x00, 0x00, 0x00, 0x4f,
    0x70, 0x00, 0x01, 0xf9, 0x00, 0x1f, 0xb0, 0x00,
    0x00, 0x00, 0x04, 0xf7, 0x00, 0x00, 0x1f, 0x90,
    0x00, 0xfd, 0x00, 0x00, 0x00, 0x00, 0x4f, 0x70,
    0x00, 0x01, 0xf9, 0x00, 0x0d, 0xf0, 0x00, 0x00,
    0x00, 0x04, 0xf7, 0x00, 0x00, 0x1f, 0x90, 0x00,
    0xaf, 0x20, 0x00, 0x00, 0x00, 0x4f, 0x70, 0x53,
    0x01, 0xf9, 0x02, 0x17, 0xf5, 0x02, 0xa1, 0x00,
    0x04, 0xf8, 0xaf, 0x90, 0x1f, 0xdd, 0xf5, 0x3f,
    0x90, 0x3f, 0x40, 0x00, 0x5f, 0xff, 0xa8, 0xbf,
    0xff, 0xe9, 0x20, 0xee, 0x06, 0xf1, 0x00, 0x1d,
    0xfe, 0x40, 0xcf, 0xc8, 0x30, 0x00, 0x09, 0xfa,
    0xce, 0x00, 0x01, 0xea, 0x10, 0x03, 0x10, 0x00,
    0x00, 0x00, 0x2f, 0xff, 0x90, 0x00, 0x03, 0x00,
    0x00, 0x00, 0x00, 0x00, 0x00, 0x00, 0x4e, 0xd1,
    0x00, 0x00, 0x00, 0x00, 0x00, 0x00, 0x00, 0x00,
    0x00, 0x00, 0x00, 0x00,

    /* U+8BE6 "详" */
    0x00, 0x00, 0x00, 0x00, 0x00, 0x00, 0x00, 0x00,
    0x00, 0x00, 0x10, 0x00, 0x00, 0x51, 0x00, 0x00,
    0x00, 0xad, 0x00, 0x00, 0x00, 0x7f, 0x60, 0x00,
    0x2f, 0xe3, 0x00, 0x00, 0x07, 0xf8, 0x00, 0x00,
    0x0d, 0xf2, 0x00, 0x00, 0x5f, 0xf4, 0x00, 0x00,
    0x0e, 0xf1, 0x00, 0x05, 0xf9, 0x00, 0x00, 0x00,
    0x4f, 0xf3, 0x00, 0x00, 0x6f, 0x60, 0x00, 0xdf,
    0x10, 0x00, 0x00, 0x00, 0x5d, 0x10, 0x39, 0x9a,
    0xb9, 0x99, 0xbf, 0xd9, 0x93, 0x00, 0x00, 0x00,
    0x00, 0x06, 0xff, 0xff, 0xff, 0xff, 0xff, 0xff,
    0x50, 0x00, 0x00, 0x00, 0x00, 0x01, 0x11, 0x11,
    0xef, 0x11, 0x11, 0x10, 0x0a, 0xaa, 0xbc, 0x40,
    0x00, 0x00, 0x00, 0x0d, 0xf0, 0x00, 0x00, 0x00,
    0xff, 0xff, 0xf6, 0x00, 0x00, 0x00, 0x00, 0xdf,
    0x00, 0x00, 0x00, 0x01, 0x11, 0x6f, 0x60, 0x00,
    0x69, 0x99, 0x9f, 0xf9, 0x99, 0x95, 0x00, 0x00,
    0x04, 0xf6, 0x00, 0x0a, 0xff, 0xff, 0xff, 0xff,
    0xff, 0x90, 0x00, 0x00, 0x4f, 0x60, 0x00, 0x00,
    0x00, 0x0d, 0xf0, 0x00, 0x00, 0x00, 0x00, 0x04,
    0xf6, 0x00, 0x00, 0x00, 0x00, 0xdf, 0x00, 0x00,
    0x00, 0x00, 0x00, 0x4f, 0x60, 0x00, 0x00, 0x00,
    0x0d, 0xf0, 0x00, 0x00, 0x00, 0x00, 0x04, 0xf6,
    0x00, 0xaa, 0xaa, 0xaa, 0xff, 0xaa, 0xaa, 0xa9,
    0x00, 0x00, 0x4f, 0x60, 0x1f, 0xff, 0xff, 0xff,
    0xff, 0xff, 0xff, 0xe0, 0x00, 0x04, 0xf6, 0x4e,
    0x20, 0x00, 0x00, 0xdf, 0x00, 0x00, 0x00, 0x00,
    0x00, 0x4f, 0xcf, 0xe2, 0x00, 0x00, 0x0d, 0xf0,
    0x00, 0x00, 0x00, 0x00, 0x06, 0xff, 0xc1, 0x00,
    0x00, 0x00, 0xdf, 0x00, 0x00, 0x00, 0x00, 0x00,
    0xdf, 0xa0, 0x00, 0x00, 0x00, 0x0d, 0xf0, 0x00,
    0x00, 0x00, 0x00, 0x3f, 0x80, 0x00, 0x00, 0x00,
    0x00, 0xdf, 0x00, 0x00, 0x00, 0x00, 0x00, 0x30,
    0x00, 0x00, 0x00, 0x00, 0x0d, 0xf0, 0x00, 0x00,
    0x00,

    /* U+8D25 "败" */
    0x00, 0x00, 0x00, 0x00, 0x00, 0x00, 0x00, 0x2d,
    0x50, 0x00, 0x00, 0x00, 0x00, 0xef, 0xff, 0xff,
    0xff, 0xa0, 0x00, 0x6f, 0x50, 0x00, 0x00, 0x00,
    0x00, 0xed, 0xaa, 0xaa, 0xaf, 0xa0, 0x00, 0xaf,
    0x10, 0x00, 0x00, 0x00, 0x00, 0xe9, 0x00, 0x00,
    0x0f, 0xa0, 0x00, 0xfd, 0x00, 0x00, 0x00, 0x00,
    0x00, 0xe9, 0x04, 0x80, 0x0f, 0xa0, 0x04, 0xfe,
    0xbb, 0xbb, 0xbb, 0xa0, 0x00, 0xe9, 0x08, 0xf1,
    0x0f, 0xa0, 0x0a, 0xfe, 0xee, 0xef, 0xff, 0xd0,
    0x00, 0xe9, 0x08, 0xf1, 0x0f, 0xa0, 0x1f, 0xc0,
    0x00, 0x07, 0xf1, 0x00, 0x00, 0xe9, 0x08, 0xf1,
    0x0f, 0xa0, 0x8f, 0x60, 0x00, 0x09, 0xf0, 0x00,
    0x00, 0xe9, 0x08, 0xf1, 0x0f, 0xa1, 0xff, 0x60,
    0x00, 0x0c, 0xc0, 0x00, 0x00, 0xe9, 0x08, 0xf1,
    0x0f, 0xaa, 0xff, 0xb0, 0x00, 0x0f, 0x90, 0x00,
    0x00, 0xe9, 0x08, 0xf1, 0x0f, 0xa5, 0xc9, 0xf1,
    0x00, 0x3f, 0x60, 0x00, 0x00, 0xe9, 0x08, 0xf1,
    0x0f, 0xa0, 0x13, 0xf7, 0x00, 0x7f, 0x10, 0x00,
    0x00, 0xe9, 0x09, 0xf0, 0x0f, 0xa0, 0x00, 0xce,
    0x00, 0xcc, 0x00, 0x00, 0x00, 0xe9, 0x0a, 0xe0,
    0x0f, 0xa0, 0x00, 0x5f, 0x63, 0xf7, 0x00, 0x00,
    0x00, 0xe9, 0x0d, 0xc0, 0x0f, 0xa0, 0x00, 0x0c,
    0xeb, 0xf1, 0x00, 0x00, 0x00, 0x85, 0x1f, 0x90,
    0x08, 0x50, 0x00, 0x03, 0xff, 0x90, 0x00, 0x00,
    0x00, 0x00, 0x6f, 0x47, 0x50, 0x00, 0x00, 0x00,
    0xef, 0x60, 0x00, 0x00, 0x00, 0x00, 0xdd, 0x0c,
    0xf3, 0x00, 0x00, 0x09, 0xfe, 0xf4, 0x00, 0x00,
    0x00, 0x08, 0xf5, 0x01, 0xed, 0x00, 0x00, 0x9f,
    0xa2, 0xef, 0x40, 0x00, 0x00, 0x7f, 0xa0, 0x00,
    0x5f, 0xa0, 0x1b, 0xfb, 0x00, 0x2e, 0xf8, 0x00,
    0x0b, 0xfb, 0x00, 0x00, 0x0a, 0xd4, 0xef, 0x90,
    0x00, 0x02, 0xcf, 0xd1, 0x05, 0x80, 0x00, 0x00,
    0x01, 0x00, 0xa4, 0x00, 0x00, 0x00, 0x07, 0x60,

    /* U+8DDD "距" */
    0x00, 0x22, 0x22, 0x22, 0x22, 0x00, 0x00, 0x00,
    0x00, 0x00, 0x00, 0x00, 0x0f, 0xff, 0xff, 0xff,
    0xe0, 0xaf, 0xff, 0xff, 0xff, 0xff, 0xf7, 0x00,
    0xfc, 0x66, 0x66, 0xde, 0x0a, 0xfd, 0xdd, 0xdd,
    0xdd, 0xdd, 0x60, 0x0f, 0xa0, 0x00, 0x0b, 0xe0,
    0xaf, 0x20, 0x00, 0x00, 0x00, 0x00, 0x00, 0xfa,
    0x00, 0x00, 0xbe, 0x0a, 0xf2, 0x00, 0x00, 0x00,
    0x00, 0x00, 0x0f, 0xa0, 0x00, 0x0b, 0xe0, 0xaf,
    0x20, 0x00, 0x00, 0x00, 0x00, 0x00, 0xfd, 0x99,
    0x99, 0xde, 0x0a, 0xfb, 0xaa, 0xaa, 0xaa, 0xa0,
    0x00, 0x0f, 0xff, 0xff, 0xff, 0xe0, 0xaf, 0xff,
    0xff, 0xff, 0xff, 0x10, 0x00, 0x00, 0x09, 0xf1,
    0x00, 0x0a, 0xf3, 0x11, 0x11, 0x1a, 0xf1, 0x00,
    0x00, 0x00, 0x9f, 0x10, 0x00, 0xaf, 0x20, 0x00,
    0x00, 0x9f, 0x10, 0x00, 0x85, 0x09, 0xf1, 0x00,
    0x0a, 0xf2, 0x00, 0x00, 0x09, 0xf1, 0x00, 0x0e,
    0xa0, 0x9f, 0x98, 0x81, 0xaf, 0x20, 0x00, 0x00,
    0x9f, 0x10, 0x00, 0xea, 0x09, 0xff, 0xff, 0x3a,
    0xf2, 0x00, 0x00, 0x09, 0xf1, 0x00, 0x0e, 0xa0,
    0x9f, 0x31, 0x10, 0xaf, 0xff, 0xff, 0xff, 0xff,
    0x10, 0x00, 0xea, 0x09, 0xf1, 0x00, 0x0a, 0xfd,
    0xcc, 0xcc, 0xcc, 0xc1, 0x00, 0x0e, 0xa0, 0x9f,
    0x10, 0x00, 0xaf, 0x20, 0x00, 0x00, 0x00, 0x00,
    0x00, 0xea, 0x09, 0xf1, 0x03, 0x1a, 0xf2, 0x00,
    0x00, 0x00, 0x00, 0x00, 0x0e, 0xa0, 0x9f, 0xae,
    0xf5, 0xaf, 0x20, 0x00, 0x00, 0x00, 0x00, 0x01,
    0xee, 0xdf, 0xff, 0xc8, 0x1a, 0xf2, 0x00, 0x00,
    0x00, 0x00, 0x00, 0xff, 0xfe, 0xa5, 0x10, 0x00,
    0xaf, 0xcc, 0xcc, 0xcc, 0xcc, 0xcb, 0x09, 0x73,
    0x00, 0x00, 0x00, 0x0a, 0xff, 0xff, 0xff, 0xff,
    0xff, 0xf0,

    /* U+8F91 "辑" */
    0x00, 0x00, 0x00, 0x00, 0x00, 0x00, 0x00, 0x00,
    0x00, 0x00, 0x00, 0x00, 0x00, 0x06, 0xf5, 0x00,
    0x00, 0x36, 0x66, 0x66, 0x66, 0x66, 0x20, 0x00,
    0x00, 0x9f, 0x20, 0x00, 0x09, 0xff, 0xff, 0xff,
    0xff, 0xf5, 0x00, 0x34, 0x4d, 0xf4, 0x44, 0x30,
    0x9f, 0x10, 0x00, 0x00, 0x6f, 0x50, 0x0d, 0xff,
    0xff, 0xff, 0xfe, 0x09, 0xf1, 0x00, 0x00, 0x06,
    0xf5, 0x00, 0x89, 0xcf, 0xc9, 0x99, 0x90, 0x9f,
    0x76, 0x66, 0x66, 0xaf, 0x50, 0x00, 0x08, 0xf2,
    0x00, 0x00, 0x08, 0xff, 0xff, 0xff, 0xff, 0xf5,
    0x00, 0x00, 0xdd, 0x1a, 0x50, 0x00, 0x00, 0x00,
    0x00, 0x00, 0x00, 0x00, 0x00, 0x2f, 0x82, 0xf8,
    0x00, 0x8a, 0xaa, 0xaa, 0xaa, 0xaa, 0xaa, 0x80,
    0x07, 0xf2, 0x2f, 0x80, 0x0c, 0xef, 0xee, 0xee,
    0xee, 0xff, 0xeb, 0x00, 0xdc, 0x02, 0xf8, 0x00,
    0x03, 0xf4, 0x00, 0x00, 0x07, 0xf3, 0x00, 0x6f,
    0xfd, 0xef, 0xed, 0x90, 0x3f, 0x74, 0x44, 0x44,
    0xaf, 0x30, 0x04, 0xdb, 0xbc, 0xfd, 0xb8, 0x03,
    0xff, 0xff, 0xff, 0xff, 0xf3, 0x00, 0x00, 0x00,
    0x2f, 0x80, 0x00, 0x3f, 0x61, 0x11, 0x11, 0x8f,
    0x30, 0x00, 0x00, 0x02, 0xf8, 0x00, 0x03, 0xf4,
    0x00, 0x00, 0x07, 0xf3, 0x00, 0x00, 0x00, 0x2f,
    0xa7, 0xa2, 0x3f, 0xff, 0xff, 0xff, 0xff, 0x30,
    0x03, 0x58, 0xbe, 0xff, 0xff, 0x33, 0xf9, 0x66,
    0x66, 0x6b, 0xf3, 0x00, 0xef, 0xff, 0xef, 0xb3,
    0x00, 0x3f, 0x40, 0x00, 0x00, 0x7f, 0x30, 0x07,
    0x74, 0x12, 0xf8, 0x00, 0x03, 0xf5, 0x23, 0x45,
    0x7c, 0xfc, 0xc0, 0x00, 0x00, 0x2f, 0x80, 0x4e,
    0xff, 0xff, 0xff, 0xff, 0xff, 0xec, 0x00, 0x00,
    0x02, 0xf8, 0x02, 0xdc, 0xa9, 0x86, 0x54, 0x28,
    0xf3, 0x00, 0x00, 0x00, 0x2f, 0x80, 0x00, 0x00,
    0x00, 0x00, 0x00, 0x7f, 0x30, 0x00, 0x00, 0x02,
    0xf8, 0x00, 0x00, 0x00, 0x00, 0x00, 0x07, 0xf3,
    0x00,

    /* U+8FC7 "过" */
    0x00, 0x12, 0x00, 0x00, 0x00, 0x00, 0x00, 0x00,
    0x0e, 0xe0, 0x00, 0x00, 0x1e, 0xe2, 0x00, 0x00,
    0x00, 0x00, 0x00, 0x00, 0xee, 0x00, 0x00, 0x00,
    0x5f, 0xe2, 0x00, 0x00, 0x00, 0x00, 0x00, 0x0e,
    0xe0, 0x00, 0x00, 0x00, 0x6f, 0xd1, 0x00, 0x00,
    0x00, 0x00, 0x00, 0xee, 0x00, 0x00, 0x00, 0x00,
    0x8f, 0x82, 0xcc, 0xcc, 0xcc, 0xcc, 0xcf, 0xfc,
    0xcc, 0x20, 0x00, 0x00, 0x60, 0x3f, 0xff, 0xff,
    0xff, 0xff, 0xff, 0xff, 0xf3, 0x00, 0x00, 0x00,
    0x00, 0x00, 0x00, 0x00, 0x00, 0x0e, 0xe0, 0x00,
    0x00, 0x00, 0x00, 0x00, 0x00, 0x00, 0x00, 0x00,
    0x00, 0xee, 0x00, 0x00, 0x00, 0x00, 0x00, 0x00,
    0x0a, 0xd1, 0x00, 0x00, 0x0e, 0xe0, 0x00, 0x00,
    0xff, 0xff, 0xf1, 0x00, 0x6f, 0xb0, 0x00, 0x00,
    0xee, 0x00, 0x00, 0x0a, 0xaa, 0xef, 0x10, 0x00,
    0x9f, 0x70, 0x00, 0x0e, 0xe0, 0x00, 0x00, 0x00,
    0x0b, 0xf1, 0x00, 0x00, 0xdf, 0x30, 0x00, 0xee,
    0x00, 0x00, 0x00, 0x00, 0xbf, 0x10, 0x00, 0x04,
    0xf8, 0x00, 0x0e, 0xe0, 0x00, 0x00, 0x00, 0x0b,
    0xf1, 0x00, 0x00, 0x03, 0x00, 0x00, 0xee, 0x00,
    0x00, 0x00, 0x00, 0xbf, 0x10, 0x00, 0x00, 0x00,
    0x00, 0x0e, 0xe0, 0x00, 0x00, 0x00, 0x0b, 0xf1,
    0x00, 0x00, 0x00, 0x00, 0x01, 0xfe, 0x00, 0x00,
    0x00, 0x00, 0xbf, 0x10, 0x00, 0x00, 0x3f, 0xff,
    0xff, 0xb0, 0x00, 0x00, 0x01, 0xcf, 0xfc, 0x10,
    0x00, 0x00, 0xbc, 0xba, 0x71, 0x00, 0x00, 0x03,
    0xef, 0x97, 0xff, 0x71, 0x00, 0x00, 0x00, 0x00,
    0x00, 0x00, 0x01, 0xef, 0x70, 0x02, 0xcf, 0xfd,
    0xba, 0xaa, 0xaa, 0xbc, 0xcd, 0xfb, 0x0b, 0xa0,
    0x00, 0x00, 0x4a, 0xdf, 0xff, 0xff, 0xff, 0xff,
    0xfe, 0x60, 0x10, 0x00, 0x00, 0x00, 0x00, 0x00,
    0x11, 0x10, 0x00, 0x00, 0x00,

    /* U+8FD0 "运" */
    0x00, 0x86, 0x00, 0x00, 0x09, 0xaa, 0xaa, 0xaa,
    0xaa, 0xaa, 0xa2, 0x00, 0x01, 0xdf, 0xb1, 0x00,
    0x0e, 0xff, 0xff, 0xff, 0xff, 0xff, 0xf3, 0x00,
    0x00, 0x09, 0xfe, 0x40, 0x00, 0x00, 0x00, 0x00,
    0x00, 0x00, 0x00, 0x00, 0x00, 0x00, 0x6f, 0xc0,
    0x00, 0x00, 0x00, 0x00, 0x00, 0x00, 0x00, 0x00,
    0x00, 0x00, 0x03, 0x10, 0x00, 0x00, 0x00, 0x00,
    0x00, 0x00, 0x00, 0x00, 0x00, 0x00, 0x00, 0x01,
    0x22, 0x22, 0x22, 0x22, 0x22, 0x22, 0x22, 0x20,
    0x00, 0x00, 0x00, 0x07, 0xff, 0xff, 0xff, 0xff,
    0xff, 0xff, 0xff, 0xe0, 0x0b, 0xbb, 0xbb, 0x04,
    0x99, 0x99, 0xef, 0xc9, 0x99, 0x99, 0x99, 0x80,
    0x0f, 0xff, 0xff, 0x00, 0x00, 0x00, 0xff, 0x20,
    0x01, 0x00, 0x00, 0x00, 0x00, 0x00, 0xbf, 0x00,
    0x00, 0x07, 0xfa, 0x00, 0x3f, 0x80, 0x00, 0x00,
    0x00, 0x00, 0xbf, 0x00, 0x00, 0x0e, 0xf2, 0x00,
    0x0c, 0xf3, 0x00, 0x00, 0x00, 0x00, 0xbf, 0x00,
    0x00, 0x7f, 0x90, 0x00, 0x02, 0xfc, 0x00, 0x00,
    0x00, 0x00, 0xbf, 0x00, 0x01, 0xfe, 0x10, 0x00,
    0x00, 0x9f, 0x60, 0x00, 0x00, 0x00, 0xbf, 0x00,
    0x0b, 0xf7, 0x34, 0x56, 0x79, 0xbf, 0xf1, 0x00,
    0x00, 0x00, 0xbf, 0x00, 0x6f, 0xff, 0xff, 0xff,
    0xff, 0xfe, 0xf9, 0x00, 0x00, 0x00, 0xbf, 0x00,
    0x3e, 0xb9, 0x76, 0x43, 0x20, 0x00, 0xdf, 0x20,
    0x00, 0x01, 0xdf, 0x50, 0x00, 0x00, 0x00, 0x00,
    0x00, 0x00, 0x43, 0x00, 0x00, 0x2e, 0xff, 0xf7,
    0x00, 0x00, 0x00, 0x00, 0x00, 0x00, 0x00, 0x00,
    0x02, 0xef, 0x50, 0x8f, 0xc4, 0x00, 0x00, 0x00,
    0x00, 0x00, 0x00, 0x30, 0x0d, 0xf7, 0x00, 0x05,
    0xff, 0xfd, 0xba, 0xaa, 0xbb, 0xcd, 0xef, 0xe0,
    0x08, 0xc0, 0x00, 0x00, 0x17, 0xbe, 0xff, 0xff,
    0xff, 0xff, 0xfe, 0xa0, 0x00, 0x10, 0x00, 0x00,
    0x00, 0x00, 0x01, 0x11, 0x10, 0x00, 0x00, 0x00,

    /* U+8FD1 "近" */
    0x00, 0x00, 0x00, 0x00, 0x00, 0x00, 0x00, 0x00,
    0x00, 0x00, 0x00, 0x00, 0x03, 0x30, 0x00, 0x00,
    0x00, 0x00, 0x00, 0x13, 0x69, 0xce, 0x20, 0x00,
    0xef, 0x40, 0x00, 0x00, 0xbc, 0xce, 0xff, 0xff,
    0xfe, 0xb5, 0x00, 0x02, 0xef, 0x30, 0x00, 0x0f,
    0xfc, 0xb9, 0x86, 0x31, 0x00, 0x00, 0x00, 0x03,
    0xfe, 0x20, 0x00, 0xfc, 0x00, 0x00, 0x00, 0x00,
    0x00, 0x00, 0x00, 0x06, 0xf8, 0x00, 0x0f, 0xc0,
    0x00, 0x00, 0x00, 0x00, 0x00, 0x00, 0x00, 0x03,
    0x00, 0x00, 0xfc, 0x00, 0x00, 0x00, 0x00, 0x00,
    0x00, 0x00, 0x00, 0x00, 0x00, 0x0f, 0xd1, 0x11,
    0x11, 0x11, 0x11, 0x10, 0x00, 0x00, 0x00, 0x00,
    0x00, 0xff, 0xff, 0xff, 0xff, 0xff, 0xff, 0x80,
    0xab, 0xbb, 0xb0, 0x00, 0x1f, 0xd6, 0x66, 0x6d,
    0xf7, 0x66, 0x63, 0x0f, 0xff, 0xff, 0x10, 0x01,
    0xfb, 0x00, 0x00, 0xbf, 0x10, 0x00, 0x00, 0x11,
    0x1b, 0xf1, 0x00, 0x3f, 0x90, 0x00, 0x0b, 0xf1,
    0x00, 0x00, 0x00, 0x00, 0xaf, 0x10, 0x04, 0xf7,
    0x00, 0x00, 0xbf, 0x10, 0x00, 0x00, 0x00, 0x0a,
    0xf1, 0x00, 0x7f, 0x50, 0x00, 0x0b, 0xf1, 0x00,
    0x00, 0x00, 0x00, 0xaf, 0x10, 0x0b, 0xf2, 0x00,
    0x00, 0xbf, 0x10, 0x00, 0x00, 0x00, 0x0a, 0xf1,
    0x00, 0xfe, 0x00, 0x00, 0x0b, 0xf1, 0x00, 0x00,
    0x00, 0x00, 0xaf, 0x10, 0x6f, 0x90, 0x00, 0x00,
    0xbf, 0x10, 0x00, 0x00, 0x00, 0x0a, 0xf1, 0x1e,
    0xf2, 0x00, 0x00, 0x0b, 0xf1, 0x00, 0x00, 0x00,
    0x07, 0xff, 0x73, 0xda, 0x00, 0x00, 0x00, 0xbf,
    0x10, 0x00, 0x00, 0x1c, 0xfd, 0xcf, 0xc5, 0x10,
    0x00, 0x00, 0x03, 0x50, 0x00, 0x00, 0x1e, 0xfa,
    0x00, 0x5e, 0xff, 0xcb, 0xa9, 0x99, 0xaa, 0xbc,
    0xde, 0x90, 0xbb, 0x00, 0x00, 0x06, 0xbe, 0xff,
    0xff, 0xff, 0xff, 0xff, 0xe5, 0x01, 0x00, 0x00,
    0x00, 0x00, 0x00, 0x01, 0x11, 0x00, 0x00, 0x00,
    0x00,

    /* U+8FD4 "返" */
    0x00, 0x01, 0x00, 0x00, 0x00, 0x00, 0x00, 0x00,
    0x02, 0x57, 0xa2, 0x00, 0x00, 0xde, 0x10, 0x00,
    0x06, 0x88, 0xab, 0xde, 0xff, 0xff, 0xfc, 0x00,
    0x00, 0x6f, 0xd1, 0x00, 0x0c, 0xff, 0xff, 0xdc,
    0xa8, 0x64, 0x10, 0x00, 0x00, 0x08, 0xfc, 0x00,
    0x0c, 0xf1, 0x00, 0x00, 0x00, 0x00, 0x00, 0x00,
    0x00, 0x00, 0xbf, 0x50, 0x0c, 0xf0, 0x00, 0x00,
    0x00, 0x00, 0x00, 0x00, 0x00, 0x00, 0x13, 0x00,
    0x0c, 0xf0, 0x00, 0x00, 0x00, 0x00, 0x00, 0x00,
    0x00, 0x00, 0x00, 0x00, 0x0c, 0xff, 0xff, 0xff,
    0xff, 0xff, 0xf4, 0x00, 0x00, 0x00, 0x00, 0x00,
    0x0c, 0xfa, 0xaa, 0xaa, 0xaa, 0xae, 0xf1, 0x00,
    0x00, 0x00, 0x00, 0x00, 0x0d, 0xf0, 0x00, 0x00,
    0x00, 0x1f, 0xb0, 0x00, 0x0e, 0xff, 0xff, 0x00,
    0x0e, 0xe0, 0x94, 0x00, 0x00, 0x9f, 0x40, 0x00,
    0x09, 0xaa, 0xff, 0x00, 0x0f, 0xc2, 0xef, 0x70,
    0x03, 0xfc, 0x00, 0x00, 0x00, 0x00, 0xdf, 0x00,
    0x2f, 0xa0, 0x1c, 0xfa, 0x1d, 0xf3, 0x00, 0x00,
    0x00, 0x00, 0xdf, 0x00, 0x6f, 0x70, 0x00, 0xaf,
    0xff, 0x70, 0x00, 0x00, 0x00, 0x00, 0xdf, 0x00,
    0xaf, 0x30, 0x00, 0x1e, 0xff, 0x30, 0x00, 0x00,
    0x00, 0x00, 0xdf, 0x01, 0xfd, 0x00, 0x03, 0xdf,
    0xcf, 0xf5, 0x00, 0x00, 0x00, 0x00, 0xdf, 0x09,
    0xf7, 0x01, 0x8f, 0xf8, 0x04, 0xff, 0x70, 0x00,
    0x00, 0x00, 0xdf, 0x1f, 0xe0, 0x7f, 0xfd, 0x30,
    0x00, 0x3e, 0xf6, 0x00, 0x00, 0x05, 0xff, 0x32,
    0x40, 0x2d, 0x60, 0x00, 0x00, 0x03, 0xc1, 0x00,
    0x01, 0xbf, 0xef, 0xf9, 0x30, 0x00, 0x00, 0x00,
    0x00, 0x00, 0x00, 0x00, 0x1d, 0xfb, 0x00, 0x9f,
    0xfe, 0xca, 0xa9, 0x99, 0xaa, 0xbc, 0xde, 0xc0,
    0x0a, 0xb0, 0x00, 0x01, 0x7b, 0xef, 0xff, 0xff,
    0xff, 0xff, 0xfe, 0x70, 0x00, 0x00, 0x00, 0x00,
    0x00, 0x00, 0x01, 0x11, 0x00, 0x00, 0x00, 0x00,

    /* U+8FDB "进" */
    0x00, 0x34, 0x00, 0x00, 0x00, 0x07, 0xa0, 0x00,
    0x09, 0x90, 0x00, 0x00, 0x0e, 0xf4, 0x00, 0x00,
    0x00, 0xbf, 0x10, 0x00, 0xee, 0x00, 0x00, 0x00,
    0x2e, 0xf4, 0x00, 0x00, 0x0b, 0xf1, 0x00, 0x0e,
    0xe0, 0x00, 0x00, 0x00, 0x2f, 0xf3, 0x00, 0x00,
    0xbf, 0x10, 0x00, 0xee, 0x00, 0x00, 0x00, 0x00,
    0x4f, 0x61, 0xcc, 0xcf, 0xfd, 0xcc, 0xcf, 0xfc,
    0xcc, 0x00, 0x00, 0x00, 0x20, 0x1f, 0xff, 0xff,
    0xff, 0xff, 0xff, 0xff, 0xe0, 0x00, 0x00, 0x00,
    0x00, 0x00, 0x0b, 0xf1, 0x00, 0x0e, 0xe0, 0x00,
    0x00, 0x00, 0x00, 0x00, 0x00, 0x00, 0xbf, 0x10,
    0x00, 0xee, 0x00, 0x00, 0x07, 0x77, 0x77, 0x00,
    0x00, 0x0b, 0xf1, 0x00, 0x0e, 0xe0, 0x00, 0x00,
    0xff, 0xff, 0xf1, 0x00, 0x00, 0xbf, 0x00, 0x00,
    0xee, 0x00, 0x00, 0x03, 0x33, 0xcf, 0x12, 0xcc,
    0xcf, 0xfc, 0xcc, 0xcf, 0xfc, 0xcc, 0x50, 0x00,
    0x0b, 0xf1, 0x3f, 0xff, 0xff, 0xff, 0xff, 0xff,
    0xff, 0xf6, 0x00, 0x00, 0xbf, 0x10, 0x00, 0x0f,
    0xc0, 0x00, 0x0e, 0xe0, 0x00, 0x00, 0x00, 0x0b,
    0xf1, 0x00, 0x05, 0xf8, 0x00, 0x00, 0xee, 0x00,
    0x00, 0x00, 0x00, 0xbf, 0x10, 0x00, 0xcf, 0x30,
    0x00, 0x0e, 0xe0, 0x00, 0x00, 0x00, 0x0b, 0xf1,
    0x00, 0x6f, 0xb0, 0x00, 0x00, 0xee, 0x00, 0x00,
    0x00, 0x00, 0xbf, 0x10, 0x5f, 0xf2, 0x00, 0x00,
    0x0e, 0xe0, 0x00, 0x00, 0x00, 0x7f, 0xf7, 0x04,
    0xe4, 0x00, 0x00, 0x00, 0xee, 0x00, 0x00, 0x01,
    0xcf, 0xdb, 0xfc, 0x41, 0x00, 0x00, 0x00, 0x01,
    0x10, 0x00, 0x01, 0xdf, 0xa0, 0x04, 0xef, 0xec,
    0xa9, 0x88, 0x89, 0xaa, 0xbc, 0xda, 0x0c, 0xb0,
    0x00, 0x00, 0x6b, 0xef, 0xff, 0xff, 0xff, 0xff,
    0xfe, 0x60, 0x10, 0x00, 0x00, 0x00, 0x00, 0x01,
    0x11, 0x11, 0x00, 0x00, 0x00,

    /* U+8FDE "连" */
    0x00, 0x00, 0x00, 0x00, 0x00, 0x00, 0x00, 0x00,
    0x00, 0x00, 0x00, 0x00, 0x00, 0x49, 0x00, 0x00,
    0x00, 0x00, 0x9e, 0x30, 0x00, 0x00, 0x00, 0x00,
    0x00, 0x9f, 0x90, 0x00, 0x00, 0x00, 0xef, 0x10,
    0x00, 0x00, 0x00, 0x00, 0x00, 0x0c, 0xf6, 0x02,
    0xaa, 0xab, 0xfe, 0xaa, 0xaa, 0xaa, 0xaa, 0x10,
    0x00, 0x01, 0xef, 0x33, 0xff, 0xff, 0xff, 0xff,
    0xff, 0xff, 0xff, 0x20, 0x00, 0x00, 0x4f, 0x80,
    0x00, 0x1f, 0xd0, 0x00, 0x00, 0x00, 0x00, 0x00,
    0x00, 0x00, 0x03, 0x00, 0x00, 0x8f, 0x50, 0x0a,
    0x80, 0x00, 0x00, 0x00, 0x00, 0x00, 0x00, 0x00,
    0x01, 0xfd, 0x00, 0x1f, 0xc0, 0x00, 0x00, 0x00,
    0x00, 0x00, 0x00, 0x00, 0x09, 0xf5, 0x00, 0x1f,
    0xc0, 0x00, 0x00, 0x00, 0x0d, 0xee, 0xee, 0x00,
    0x5f, 0xfb, 0xbb, 0xbf, 0xfb, 0xbb, 0xb5, 0x00,
    0x0b, 0xcc, 0xff, 0x00, 0x3f, 0xff, 0xff, 0xff,
    0xff, 0xff, 0xf6, 0x00, 0x00, 0x00, 0xcf, 0x00,
    0x02, 0x00, 0x00, 0x1f, 0xc0, 0x00, 0x00, 0x00,
    0x00, 0x00, 0xcf, 0x00, 0x00, 0x00, 0x00, 0x1f,
    0xc0, 0x00, 0x00, 0x00, 0x00, 0x00, 0xcf, 0x00,
    0x00, 0x00, 0x00, 0x1f, 0xc0, 0x00, 0x00, 0x00,
    0x00, 0x00, 0xcf, 0x06, 0xff, 0xff, 0xff, 0xff,
    0xff, 0xff, 0xff, 0x80, 0x00, 0x00, 0xcf, 0x04,
    0xbb, 0xbb, 0xbb, 0xbf, 0xfb, 0xbb, 0xbb, 0x60,
    0x00, 0x00, 0xcf, 0x00, 0x00, 0x00, 0x00, 0x1f,
    0xc0, 0x00, 0x00, 0x00, 0x00, 0x00, 0xcf, 0x00,
    0x00, 0x00, 0x00, 0x1f, 0xc0, 0x00, 0x00, 0x00,
    0x00, 0x05, 0xff, 0x30, 0x00, 0x00, 0x00, 0x1f,
    0xc0, 0x00, 0x00, 0x00, 0x00, 0x7f, 0xee, 0xf5,
    0x00, 0x00, 0x00, 0x1f, 0xc0, 0x00, 0x00, 0x00,
    0x05, 0xfe, 0x11, 0xcf, 0xa3, 0x00, 0x00, 0x02,
    0x10, 0x00, 0x02, 0x52, 0x1f, 0xf3, 0x00, 0x09,
    0xff, 0xfd, 0xcb, 0xbb, 0xbc, 0xde, 0xff, 0xf0,
    0x0a, 0x90, 0x00, 0x00, 0x39, 0xdf, 0xff, 0xff,
    0xff, 0xff, 0xfe, 0xb0, 0x00, 0x10, 0x00, 0x00,
    0x00, 0x00, 0x01, 0x11, 0x10, 0x00, 0x00, 0x00,

    /* U+9000 "退" */
    0x00, 0x00, 0x00, 0x00, 0x01, 0x21, 0x11, 0x11,
    0x11, 0x11, 0x00, 0x00, 0x0b, 0xd1, 0x00, 0x00,
    0xdf, 0xff, 0xff, 0xff, 0xff, 0xf1, 0x00, 0x00,
    0x6f, 0xd1, 0x00, 0x0d, 0xf6, 0x66, 0x66, 0x66,
    0xcf, 0x10, 0x00, 0x00, 0x7f, 0xd0, 0x00, 0xdf,
    0x00, 0x00, 0x00, 0x0a, 0xf1, 0x00, 0x00, 0x00,
    0x9f, 0x80, 0x0d, 0xf5, 0x55, 0x55, 0x55, 0xcf,
    0x10, 0x00, 0x00, 0x00, 0x70, 0x00, 0xdf, 0xff,
    0xff, 0xff, 0xff, 0xf1, 0x00, 0x00, 0x00, 0x00,
    0x00, 0x0d, 0xf1, 0x11, 0x11, 0x11, 0xaf, 0x10,
    0x00, 0x00, 0x00, 0x00, 0x00, 0xdf, 0x00, 0x00,
    0x00, 0x0a, 0xf1, 0x00, 0x08, 0xaa, 0xaa, 0x00,
    0x0d, 0xf9, 0x99, 0x99, 0x99, 0xdf, 0x10, 0x00,
    0xef, 0xff, 0xf1, 0x00, 0xdf, 0xee, 0xee, 0xee,
    0xee, 0xe2, 0x00, 0x00, 0x00, 0xaf, 0x10, 0x0d,
    0xf0, 0x00, 0x20, 0x00, 0x03, 0xe7, 0x00, 0x00,
    0x0a, 0xf1, 0x00, 0xdf, 0x00, 0x8f, 0x70, 0x07,
    0xfe, 0x40, 0x00, 0x00, 0xaf, 0x10, 0x0d, 0xf0,
    0x00, 0x9f, 0xbb, 0xfb, 0x10, 0x00, 0x00, 0x0a,
    0xf1, 0x00, 0xdf, 0x00, 0x00, 0x6f, 0xf7, 0x00,
    0x00, 0x00, 0x00, 0xaf, 0x10, 0x0d, 0xf0, 0x01,
    0x50, 0x4f, 0xe3, 0x00, 0x00, 0x00, 0x0a, 0xf1,
    0x00, 0xef, 0x9d, 0xff, 0x10, 0x3e, 0xf4, 0x00,
    0x00, 0x00, 0xaf, 0x10, 0x8f, 0xff, 0xc7, 0x30,
    0x00, 0x2e, 0xf3, 0x00, 0x00, 0x2d, 0xf6, 0x03,
    0xc6, 0x10, 0x00, 0x00, 0x00, 0x3a, 0x00, 0x00,
    0x7f, 0xfd, 0xfb, 0x30, 0x00, 0x00, 0x00, 0x00,
    0x00, 0x00, 0x00, 0xbf, 0xc1, 0x05, 0xef, 0xeb,
    0x98, 0x88, 0x88, 0x99, 0xab, 0xc8, 0x0b, 0xc0,
    0x00, 0x00, 0x5a, 0xef, 0xff, 0xff, 0xff, 0xff,
    0xfe, 0x50, 0x10, 0x00, 0x00, 0x00, 0x00, 0x01,
    0x11, 0x11, 0x00, 0x00, 0x00,

    /* U+9009 "选" */
    0x00, 0x00, 0x00, 0x00, 0x00, 0x00, 0x02, 0x30,
    0x00, 0x00, 0x00, 0x00, 0x31, 0x00, 0x00, 0x00,
    0x45, 0x00, 0xbf, 0x10, 0x00, 0x00, 0x00, 0x3f,
    0xd1, 0x00, 0x00, 0x0c, 0xf0, 0x0b, 0xf1, 0x00,
    0x00, 0x00, 0x00, 0x7f, 0xe1, 0x00, 0x02, 0xfa,
    0x00, 0xbf, 0x10, 0x00, 0x00, 0x00, 0x00, 0x7f,
    0xd0, 0x00, 0x9f, 0xff, 0xff, 0xff, 0xff, 0xff,
    0x90, 0x00, 0x00, 0x9f, 0x50, 0x2f, 0xd9, 0x99,
    0xef, 0xa9, 0x99, 0x96, 0x00, 0x00, 0x00, 0x40,
    0x0c, 0xf3, 0x00, 0x0b, 0xf1, 0x00, 0x00, 0x00,
    0x00, 0x00, 0x00, 0x01, 0xa9, 0x00, 0x00, 0xbf,
    0x10, 0x00, 0x00, 0x00, 0x00, 0x00, 0x00, 0x00,
    0x00, 0x00, 0x0b, 0xf1, 0x00, 0x00, 0x00, 0x00,
    0x00, 0x00, 0x06, 0xcc, 0xcc, 0xcc, 0xff, 0xdc,
    0xcc, 0xcc, 0xa0, 0xaf, 0xff, 0xf0, 0x6d, 0xdd,
    0xdf, 0xfd, 0xdf, 0xfd, 0xdd, 0xdb, 0x07, 0xbb,
    0xef, 0x00, 0x00, 0x04, 0xf8, 0x00, 0xef, 0x00,
    0x00, 0x00, 0x00, 0x0b, 0xf0, 0x00, 0x00, 0x7f,
    0x50, 0x0e, 0xf0, 0x00, 0x00, 0x00, 0x00, 0xbf,
    0x00, 0x00, 0x0c, 0xf1, 0x00, 0xef, 0x00, 0x00,
    0x00, 0x00, 0x0b, 0xf0, 0x00, 0x04, 0xfb, 0x00,
    0x0e, 0xf0, 0x00, 0x65, 0x00, 0x00, 0xbf, 0x00,
    0x02, 0xef, 0x30, 0x00, 0xef, 0x00, 0x0a, 0xf0,
    0x00, 0x0b, 0xf0, 0x05, 0xef, 0x70, 0x00, 0x0e,
    0xf1, 0x11, 0xcd, 0x00, 0x00, 0xbf, 0x0b, 0xff,
    0x60, 0x00, 0x00, 0xbf, 0xff, 0xff, 0x90, 0x00,
    0x0c, 0xf8, 0x48, 0x10, 0x00, 0x00, 0x01, 0x78,
    0x88, 0x70, 0x00, 0x3d, 0xff, 0xfe, 0x71, 0x00,
    0x00, 0x00, 0x00, 0x00, 0x00, 0x00, 0x7f, 0xf8,
    0x03, 0xcf, 0xfd, 0xba, 0x99, 0x9a, 0xab, 0xbc,
    0xdd, 0x06, 0xf4, 0x00, 0x00, 0x4a, 0xdf, 0xff,
    0xff, 0xff, 0xff, 0xff, 0xa0, 0x02, 0x00, 0x00,
    0x00, 0x00, 0x00, 0x11, 0x11, 0x00, 0x00, 0x00,
    0x00,

    /* U+901A "通" */
    0x00, 0x00, 0x00, 0x00, 0x24, 0x44, 0x44, 0x44,
    0x44, 0x44, 0x40, 0x00, 0x02, 0xe9, 0x00, 0x00,
    0x8f, 0xff, 0xff, 0xff, 0xff, 0xff, 0xfb, 0x00,
    0x00, 0xaf, 0xb0, 0x00, 0x12, 0x23, 0x22, 0x22,
    0x23, 0xdf, 0xb1, 0x00, 0x00, 0x09, 0xfb, 0x00,
    0x00, 0x1d, 0xfa, 0x40, 0x7f, 0xe5, 0x00, 0x00,
    0x00, 0x00, 0x8f, 0x90, 0x00, 0x01, 0x7d, 0xff,
    0xf9, 0x00, 0x00, 0x00, 0x00, 0x00, 0x07, 0x10,
    0x35, 0x55, 0x55, 0xaf, 0xff, 0x85, 0x76, 0x00,
    0x00, 0x00, 0x00, 0x00, 0x9f, 0xff, 0xff, 0xff,
    0xff, 0xff, 0xff, 0x00, 0x00, 0x00, 0x00, 0x00,
    0x9f, 0x20, 0x00, 0x9f, 0x10, 0x00, 0xcf, 0x00,
    0x00, 0x00, 0x00, 0x00, 0x9f, 0x20, 0x00, 0x9f,
    0x00, 0x00, 0xcf, 0x00, 0x0f, 0xff, 0xff, 0x10,
    0x9f, 0x86, 0x66, 0xcf, 0x76, 0x66, 0xef, 0x00,
    0x0c, 0xcc, 0xef, 0x10, 0x9f, 0xff, 0xff, 0xff,
    0xff, 0xff, 0xff, 0x00, 0x00, 0x00, 0xaf, 0x10,
    0x9f, 0x20, 0x00, 0x9f, 0x00, 0x00, 0xcf, 0x00,
    0x00, 0x00, 0xaf, 0x10, 0x9f, 0x41, 0x11, 0xaf,
    0x21, 0x11, 0xcf, 0x00, 0x00, 0x00, 0xaf, 0x10,
    0x9f, 0xff, 0xff, 0xff, 0xff, 0xff, 0xff, 0x00,
    0x00, 0x00, 0xaf, 0x10, 0x9f, 0x65, 0x55, 0xbf,
    0x55, 0x55, 0xdf, 0x00, 0x00, 0x00, 0xaf, 0x10,
    0x9f, 0x20, 0x00, 0x9f, 0x00, 0x00, 0xcf, 0x00,
    0x00, 0x00, 0xaf, 0x10, 0x9f, 0x20, 0x00, 0x9f,
    0x01, 0x11, 0xdf, 0x00, 0x00, 0x03, 0xdf, 0x60,
    0x9f, 0x20, 0x00, 0x9f, 0x05, 0xff, 0xfc, 0x00,
    0x00, 0x8f, 0xda, 0xfc, 0x64, 0x00, 0x00, 0x13,
    0x00, 0x55, 0x30, 0x00, 0x0a, 0xfb, 0x00, 0x3d,
    0xfd, 0xa8, 0x77, 0x77, 0x78, 0x9a, 0xab, 0xc1,
    0x0b, 0xb0, 0x00, 0x00, 0x5a, 0xdf, 0xff, 0xff,
    0xff, 0xff, 0xfe, 0xb0, 0x01, 0x10, 0x00, 0x00,
    0x00, 0x00, 0x11, 0x11, 0x10, 0x00, 0x00, 0x00,

    /* U+90E8 "部" */
    0x00, 0x00, 0x03, 0x40, 0x00, 0x00, 0x00, 0x00,
    0x00, 0x00, 0x00, 0x00, 0x00, 0x0d, 0xf1, 0x00,
    0x00, 0x00, 0x11, 0x11, 0x11, 0x20, 0x00, 0x00,
    0x06, 0xf7, 0x00, 0x00, 0x00, 0xef, 0xff, 0xff,
    0xf8, 0x08, 0x88, 0x89, 0xfe, 0x88, 0x88, 0x20,
    0xed, 0x88, 0x8c, 0xf8, 0x0f, 0xff, 0xff, 0xff,
    0xff, 0xff, 0x50, 0xeb, 0x00, 0x0b, 0xf2, 0x01,
    0x4a, 0x21, 0x11, 0x19, 0x92, 0x00, 0xeb, 0x00,
    0x1f, 0xc0, 0x00, 0x4f, 0x80, 0x00, 0x0f, 0xd0,
    0x00, 0xeb, 0x00, 0x7f, 0x50, 0x00, 0x0d, 0xe0,
    0x00, 0x5f, 0x70, 0x00, 0xeb, 0x00, 0xde, 0x00,
    0x00, 0x08, 0xf4, 0x00, 0xbf, 0x10, 0x00, 0xeb,
    0x03, 0xf8, 0x00, 0x00, 0x03, 0xc4, 0x02, 0xfa,
    0x00, 0x00, 0xeb, 0x0a, 0xf1, 0x00, 0xaf, 0xff,
    0xff, 0xff, 0xff, 0xff, 0xe0, 0xeb, 0x09, 0xf6,
    0x00, 0x7b, 0xbb, 0xbb, 0xbb, 0xbb, 0xbb, 0xa0,
    0xeb, 0x00, 0xbf, 0x30, 0x00, 0x00, 0x00, 0x00,
    0x00, 0x00, 0x00, 0xeb, 0x00, 0x1f, 0xc0, 0x00,
    0x00, 0x00, 0x00, 0x00, 0x00, 0x00, 0xeb, 0x00,
    0x08, 0xf3, 0x06, 0xff, 0xff, 0xff, 0xff, 0xfb,
    0x00, 0xeb, 0x00, 0x04, 0xf7, 0x06, 0xfc, 0xaa,
    0xaa, 0xaa, 0xfb, 0x00, 0xeb, 0x00, 0x01, 0xf9,
    0x06, 0xf5, 0x00, 0x00, 0x01, 0xfb, 0x00, 0xeb,
    0x00, 0x02, 0xf8, 0x06, 0xf5, 0x00, 0x00, 0x01,
    0xfb, 0x00, 0xeb, 0x22, 0x3a, 0xf5, 0x06, 0xf5,
    0x00, 0x00, 0x01, 0xfb, 0x00, 0xeb, 0x5f, 0xff,
    0xd0, 0x06, 0xf5, 0x00, 0x00, 0x01, 0xfb, 0x00,
    0xeb, 0x17, 0x75, 0x00, 0x06, 0xff, 0xff, 0xff,
    0xff, 0xfb, 0x00, 0xeb, 0x00, 0x00, 0x00, 0x06,
    0xfc, 0xaa, 0xaa, 0xaa, 0xfb, 0x00, 0xeb, 0x00,
    0x00, 0x00, 0x06, 0xf5, 0x00, 0x00, 0x01, 0xfb,
    0x00, 0xeb, 0x00, 0x00, 0x00,

    /* U+9192 "醒" */
    0x45, 0x55, 0x55, 0x55, 0x55, 0x03, 0x66, 0x66,
    0x66, 0x66, 0x60, 0x0d, 0xff, 0xff, 0xff, 0xff,
    0xf1, 0x8f, 0xff, 0xff, 0xff, 0xff, 0x00, 0x23,
    0x3a, 0xd4, 0xf6, 0x33, 0x08, 0xf1, 0x00, 0x00,
    0x0b, 0xf0, 0x00, 0x00, 0x9c, 0x1f, 0x40, 0x00,
    0x8f, 0x10, 0x00, 0x00, 0xbf, 0x00, 0x00, 0x09,
    0xc1, 0xf4, 0x00, 0x08, 0xfc, 0xcc, 0xcc, 0xcf,
    0xf0, 0x03, 0x99, 0xde, 0x9f, 0xa9, 0x70, 0x8f,
    0xaa, 0xaa, 0xaa, 0xef, 0x00, 0x7f, 0xff, 0xff,
    0xff, 0xfd, 0x08, 0xf1, 0x00, 0x00, 0x0b, 0xf0,
    0x07, 0xf0, 0x5c, 0x1f, 0x0a, 0xd0, 0x8f, 0x55,
    0x55, 0x55, 0xcf, 0x00, 0x7f, 0x05, 0xc1, 0xf0,
    0xad, 0x08, 0xff, 0xff, 0xff, 0xff, 0xf0, 0x07,
    0xf0, 0x5b, 0x1f, 0x0a, 0xd0, 0x16, 0x52, 0x58,
    0x22, 0x21, 0x00, 0x7f, 0x09, 0x91, 0xf0, 0xad,
    0x00, 0xea, 0x09, 0xf1, 0x00, 0x00, 0x07, 0xf2,
    0xf4, 0x1f, 0x7d, 0xd0, 0x5f, 0x84, 0xaf, 0x44,
    0x44, 0x10, 0x7f, 0xda, 0x00, 0x8a, 0xed, 0x0d,
    0xff, 0xff, 0xff, 0xff, 0xf6, 0x07, 0xf2, 0x00,
    0x00, 0x0a, 0xd7, 0xf7, 0x33, 0xaf, 0x43, 0x33,
    0x10, 0x7f, 0x22, 0x22, 0x22, 0xbe, 0xeb, 0x00,
    0x09, 0xf1, 0x00, 0x00, 0x07, 0xff, 0xff, 0xff,
    0xff, 0xd0, 0x46, 0x66, 0xcf, 0x76, 0x66, 0x00,
    0x7f, 0x44, 0x44, 0x44, 0xcd, 0x06, 0xff, 0xff,
    0xff, 0xff, 0xf0, 0x07, 0xf0, 0x00, 0x00, 0x0a,
    0xd0, 0x00, 0x00, 0x9f, 0x20, 0x00, 0x00, 0x7f,
    0x33, 0x33, 0x33, 0xbd, 0x00, 0x00, 0x09, 0xf1,
    0x00, 0x00, 0x07, 0xff, 0xff, 0xff, 0xff, 0xd0,
    0x00, 0x00, 0x9f, 0x10, 0x00, 0x00, 0x7f, 0x55,
    0x55, 0x55, 0xcd, 0x7f, 0xff, 0xff, 0xff, 0xff,
    0xff, 0x17, 0xf0, 0x00, 0x00, 0x00, 0x00, 0x00,
    0x00, 0x00, 0x00, 0x00, 0x00,

    /* U+91CD "重" */
    0x00, 0x00, 0x00, 0x00, 0x00, 0x00, 0x12, 0x45,
    0x79, 0xb0, 0x00, 0x00, 0x59, 0x9a, 0xbc, 0xcd,
    0xef, 0xff, 0xff, 0xfe, 0xc4, 0x00, 0x00, 0x5d,
    0xdd, 0xcb, 0xa9, 0xff, 0x65, 0x42, 0x00, 0x00,
    0x00, 0x00, 0x00, 0x00, 0x00, 0x00, 0xee, 0x00,
    0x00, 0x00, 0x00, 0x00, 0x7f, 0xff, 0xff, 0xff,
    0xff, 0xff, 0xff, 0xff, 0xff, 0xff, 0xfb, 0x48,
    0x88, 0x88, 0x88, 0x88, 0xff, 0x88, 0x88, 0x88,
    0x88, 0x86, 0x00, 0x00, 0x00, 0x00, 0x00, 0xee,
    0x00, 0x00, 0x00, 0x00, 0x00, 0x00, 0x1f, 0xff,
    0xff, 0xff, 0xff, 0xff, 0xff, 0xff, 0xfa, 0x00,
    0x00, 0x1f, 0xc5, 0x55, 0x55, 0xef, 0x55, 0x55,
    0x57, 0xfb, 0x00, 0x00, 0x1f, 0xa0, 0x00, 0x00,
    0xee, 0x00, 0x00, 0x02, 0xfb, 0x00, 0x00, 0x1f,
    0xff, 0xff, 0xff, 0xff, 0xff, 0xff, 0xff, 0xfb,
    0x00, 0x00, 0x1f, 0xc4, 0x44, 0x44, 0xef, 0x44,
    0x44, 0x45, 0xfb, 0x00, 0x00, 0x1f, 0xa0, 0x00,
    0x00, 0xee, 0x00, 0x00, 0x02, 0xfb, 0x00, 0x00,
    0x1f, 0xff, 0xff, 0xff, 0xff, 0xff, 0xff, 0xff,
    0xfb, 0x00, 0x00, 0x05, 0x55, 0x55, 0x55, 0xef,
    0x55, 0x55, 0x55, 0x53, 0x00, 0x00, 0x00, 0x00,
    0x00, 0x00, 0xee, 0x00, 0x00, 0x00, 0x00, 0x00,
    0x00, 0xcf, 0xff, 0xff, 0xff, 0xff, 0xff, 0xff,
    0xff, 0xff, 0x50, 0x00, 0x67, 0x77, 0x77, 0x77,
    0xff, 0x77, 0x77, 0x77, 0x77, 0x20, 0x00, 0x00,
    0x00, 0x00, 0x00, 0xee, 0x00, 0x00, 0x00, 0x00,
    0x00, 0x11, 0x11, 0x11, 0x11, 0x11, 0xef, 0x11,
    0x11, 0x11, 0x11, 0x11, 0xaf, 0xff, 0xff, 0xff,
    0xff, 0xff, 0xff, 0xff, 0xff, 0xff, 0xfe,

    /* U+91CF "量" */
    0x00, 0x02, 0x22, 0x22, 0x22, 0x22, 0x22, 0x22,
    0x22, 0x20, 0x00, 0x00, 0x0c, 0xfe, 0xee, 0xee,
    0xee, 0xee, 0xee, 0xef, 0xb0, 0x00, 0x00, 0x0c,
    0xf0, 0x00, 0x00, 0x00, 0x00, 0x00, 0x1f, 0xb0,
    0x00, 0x00, 0x0c, 0xff, 0xff, 0xff, 0xff, 0xff,
    0xff, 0xff, 0xb0, 0x00, 0x00, 0x0c, 0xf0, 0x00,
    0x00, 0x00, 0x00, 0x00, 0x1f, 0xb0, 0x00, 0x00,
    0x0c, 0xfd, 0xdd, 0xdd, 0xdd, 0xdd, 0xdd, 0xdf,
    0xb0, 0x00, 0x00, 0x02, 0x33, 0x33, 0x33, 0x33,
    0x33, 0x33, 0x33, 0x20, 0x00, 0x46, 0x66, 0x66,
    0x66, 0x66, 0x66, 0x66, 0x66, 0x66, 0x66, 0x66,
    0x9f, 0xff, 0xff, 0xff, 0xff, 0xff, 0xff, 0xff,
    0xff, 0xff, 0xfe, 0x00, 0x02, 0x22, 0x22, 0x22,
    0x22, 0x22, 0x22, 0x22, 0x20, 0x00, 0x00, 0x3f,
    0xff, 0xff, 0xff, 0xff, 0xff, 0xff, 0xff, 0xf6,
    0x00, 0x00, 0x3f, 0x80, 0x00, 0x00, 0xed, 0x00,
    0x00, 0x05, 0xf6, 0x00, 0x00, 0x3f, 0xed, 0xdd,
    0xdd, 0xff, 0xdd, 0xdd, 0xde, 0xf6, 0x00, 0x00,
    0x3f, 0xa3, 0x33, 0x33, 0xee, 0x33, 0x33, 0x37,
    0xf6, 0x00, 0x00, 0x3f, 0x92, 0x22, 0x22, 0xee,
    0x22, 0x22, 0x27, 0xf6, 0x00, 0x00, 0x2f, 0xff,
    0xff, 0xff, 0xff, 0xff, 0xff, 0xff, 0xf6, 0x00,
    0x00, 0x00, 0x00, 0x00, 0x00, 0xed, 0x00, 0x00,
    0x00, 0x00, 0x00, 0x00, 0xdf, 0xff, 0xff, 0xff,
    0xff, 0xff, 0xff, 0xff, 0xfe, 0x00, 0x00, 0x45,
    0x55, 0x55, 0x55, 0xfe, 0x55, 0x55, 0x55, 0x54,
    0x00, 0x00, 0x00, 0x00, 0x00, 0x00, 0xed, 0x00,
    0x00, 0x00, 0x00, 0x00, 0xef, 0xff, 0xff, 0xff,
    0xff, 0xff, 0xff, 0xff, 0xff, 0xff, 0xfe,

    /* U+949F "钟" */
    0x00, 0x00, 0x00, 0x00, 0x00, 0x00, 0x00, 0x00,
    0x11, 0x00, 0x00, 0x00, 0x00, 0x0e, 0xa0, 0x00,
    0x00, 0x00, 0x00, 0x1f, 0xa0, 0x00, 0x00, 0x00,
    0x05, 0xf7, 0x00, 0x00, 0x00, 0x00, 0x01, 0xfa,
    0x00, 0x00, 0x00, 0x00, 0xdf, 0xa9, 0x99, 0x90,
    0x00, 0x00, 0x1f, 0xa0, 0x00, 0x00, 0x00, 0x7f,
    0xff, 0xff, 0xff, 0x00, 0x00, 0x01, 0xfa, 0x00,
    0x00, 0x00, 0x4f, 0xd1, 0x00, 0x00, 0x00, 0x55,
    0x55, 0x6f, 0xc5, 0x55, 0x53, 0x0e, 0xf3, 0x00,
    0x00, 0x00, 0x0f, 0xff, 0xff, 0xff, 0xff, 0xff,
    0xa0, 0x88, 0x55, 0x55, 0x55, 0x20, 0xfc, 0x77,
    0x8f, 0xd7, 0x77, 0xfa, 0x00, 0x5f, 0xff, 0xff,
    0xf7, 0x0f, 0x90, 0x01, 0xfa, 0x00, 0x1f, 0xa0,
    0x01, 0x45, 0xfb, 0x44, 0x20, 0xf9, 0x00, 0x1f,
    0xa0, 0x01, 0xfa, 0x00, 0x00, 0x1f, 0xa0, 0x00,
    0x0f, 0x90, 0x01, 0xfa, 0x00, 0x1f, 0xa0, 0x00,
    0x01, 0xfa, 0x00, 0x00, 0xf9, 0x00, 0x1f, 0xa0,
    0x01, 0xfa, 0x03, 0x55, 0x6f, 0xc5, 0x55, 0x0f,
    0x90, 0x01, 0xfa, 0x00, 0x1f, 0xa0, 0x9f, 0xff,
    0xff, 0xff, 0xf1, 0xfe, 0xbb, 0xbf, 0xeb, 0xbb,
    0xfa, 0x02, 0x55, 0x6f, 0xc5, 0x55, 0x0f, 0xff,
    0xff, 0xff, 0xff, 0xff, 0xa0, 0x00, 0x01, 0xfa,
    0x00, 0x00, 0xfa, 0x00, 0x2f, 0xb0, 0x02, 0xfa,
    0x00, 0x00, 0x1f, 0xa0, 0x00, 0x08, 0x40, 0x01,
    0xfa, 0x00, 0x05, 0x30, 0x00, 0x01, 0xfa, 0x00,
    0x00, 0x00, 0x00, 0x1f, 0xa0, 0x00, 0x00, 0x00,
    0x00, 0x1f, 0xa0, 0x5c, 0x00, 0x00, 0x01, 0xfa,
    0x00, 0x00, 0x00, 0x00, 0x01, 0xfd, 0xcf, 0xe2,
    0x00, 0x00, 0x1f, 0xa0, 0x00, 0x00, 0x00, 0x00,
    0x7f, 0xff, 0x81, 0x00, 0x00, 0x01, 0xfa, 0x00,
    0x00, 0x00, 0x00, 0x1f, 0xf9, 0x10, 0x00, 0x00,
    0x00, 0x1f, 0xa0, 0x00, 0x00, 0x00, 0x00, 0x72,
    0x00, 0x00, 0x00, 0x00, 0x01, 0xfa, 0x00, 0x00,
    0x00,

    /* U+952E "键" */
    0x00, 0x00, 0x00, 0x00, 0x00, 0x00, 0x00, 0x00,
    0x01, 0x00, 0x00, 0x00, 0x00, 0x07, 0xf2, 0x00,
    0x00, 0x00, 0x00, 0x00, 0x4f, 0x20, 0x00, 0x00,
    0x00, 0x0c, 0xe0, 0x00, 0x7c, 0xcc, 0xd3, 0x44,
    0x7f, 0x64, 0x43, 0x00, 0x00, 0x3f, 0xc7, 0x77,
    0x9e, 0xef, 0xf3, 0xff, 0xff, 0xff, 0xfe, 0x00,
    0x00, 0xbf, 0xff, 0xff, 0x00, 0x0e, 0xb0, 0x11,
    0x5f, 0x31, 0x7e, 0x00, 0x04, 0xfa, 0x33, 0x33,
    0x00, 0x4f, 0x40, 0x00, 0x4f, 0x30, 0x7e, 0x00,
    0x1d, 0xf2, 0x00, 0x00, 0x00, 0xbd, 0x0b, 0xff,
    0xff, 0xff, 0xff, 0xf6, 0x1f, 0x92, 0x22, 0x22,
    0x02, 0xf6, 0x04, 0x66, 0x8f, 0x76, 0xaf, 0x62,
    0x03, 0xdf, 0xff, 0xfe, 0x0a, 0xe0, 0x00, 0x00,
    0x4f, 0x20, 0x6e, 0x00, 0x00, 0x89, 0xfc, 0x98,
    0x6f, 0xd9, 0x92, 0x88, 0xaf, 0x98, 0xbe, 0x00,
    0x00, 0x00, 0xf8, 0x00, 0xaf, 0xff, 0xf4, 0xdd,
    0xdf, 0xdd, 0xdc, 0x00, 0x00, 0x00, 0xf8, 0x00,
    0x00, 0x07, 0xf1, 0x00, 0x4f, 0x20, 0x00, 0x00,
    0x06, 0x89, 0xfc, 0x88, 0x11, 0x09, 0xf2, 0xbb,
    0xcf, 0xcb, 0xbb, 0x00, 0x0c, 0xff, 0xff, 0xff,
    0x8e, 0x0b, 0xd2, 0xaa, 0xcf, 0xba, 0xaa, 0x00,
    0x01, 0x12, 0xf8, 0x11, 0x3f, 0x3e, 0xa0, 0x00,
    0x4f, 0x20, 0x00, 0x00, 0x00, 0x00, 0xf8, 0x00,
    0x0d, 0xaf, 0x71, 0x22, 0x5f, 0x42, 0x22, 0x10,
    0x00, 0x00, 0xf8, 0x00, 0x08, 0xff, 0x3c, 0xff,
    0xff, 0xff, 0xff, 0x90, 0x00, 0x00, 0xf8, 0x00,
    0x01, 0xfe, 0x03, 0x44, 0x7f, 0x64, 0x44, 0x20,
    0x00, 0x00, 0xf8, 0x3e, 0x12, 0xff, 0x40, 0x00,
    0x4f, 0x20, 0x00, 0x00, 0x00, 0x01, 0xfd, 0xfc,
    0x1a, 0xfd, 0xf4, 0x00, 0x4f, 0x20, 0x00, 0x00,
    0x00, 0x04, 0xff, 0x90, 0x5f, 0x91, 0xdf, 0xa2,
    0x13, 0x00, 0x00, 0x00, 0x00, 0x0e, 0xf6, 0x04,
    0xfd, 0x00, 0x19, 0xff, 0xeb, 0x98, 0x88, 0x81,
    0x00, 0x09, 0x40, 0x0c, 0xd1, 0x00, 0x00, 0x27,
    0xbe, 0xff, 0xff, 0xc0, 0x00, 0x00, 0x00, 0x02,
    0x10, 0x00, 0x00, 0x00, 0x00, 0x00, 0x00, 0x00,

    /* U+957F "长" */
    0x00, 0x00, 0x00, 0x00, 0x00, 0x00, 0x00, 0x00,
    0x00, 0x00, 0x00, 0x00, 0x00, 0x00, 0xfd, 0x00,
    0x00, 0x00, 0x00, 0x00, 0x73, 0x00, 0x00, 0x00,
    0x00, 0x0f, 0xd0, 0x00, 0x00, 0x00, 0x00, 0x9f,
    0xd0, 0x00, 0x00, 0x00, 0x00, 0xfd, 0x00, 0x00,
    0x00, 0x00, 0xbf, 0xd1, 0x00, 0x00, 0x00, 0x00,
    0x0f, 0xd0, 0x00, 0x00, 0x03, 0xdf, 0xc1, 0x00,
    0x00, 0x00, 0x00, 0x00, 0xfd, 0x00, 0x00, 0x08,
    0xff, 0x90, 0x00, 0x00, 0x00, 0x00, 0x00, 0x0f,
    0xd0, 0x00, 0x6e, 0xfe, 0x50, 0x00, 0x00, 0x00,
    0x00, 0x00, 0x00, 0xfd, 0x02, 0xef, 0xf9, 0x10,
    0x00, 0x00, 0x00, 0x00, 0x00, 0x00, 0x0f, 0xd0,
    0x07, 0xb3, 0x00, 0x00, 0x00, 0x00, 0x00, 0x00,
    0x00, 0x00, 0xfd, 0x00, 0x00, 0x00, 0x00, 0x00,
    0x00, 0x00, 0x00, 0x8c, 0xcc, 0xcf, 0xfc, 0xcc,
    0xcc, 0xcc, 0xcc, 0xcc, 0xcc, 0xc8, 0x0a, 0xff,
    0xff, 0xff, 0xff, 0xff, 0xff, 0xff, 0xff, 0xff,
    0xff, 0xa0, 0x00, 0x00, 0x1f, 0xd0, 0x00, 0x3f,
    0xb0, 0x00, 0x00, 0x00, 0x00, 0x00, 0x00, 0x00,
    0xfd, 0x00, 0x00, 0xbf, 0x30, 0x00, 0x00, 0x00,
    0x00, 0x00, 0x00, 0x0f, 0xd0, 0x00, 0x03, 0xfc,
    0x00, 0x00, 0x00, 0x00, 0x00, 0x00, 0x00, 0xfd,
    0x00, 0x00, 0x0a, 0xf8, 0x00, 0x00, 0x00, 0x00,
    0x00, 0x00, 0x0f, 0xd0, 0x00, 0x00, 0x1e, 0xf6,
    0x00, 0x00, 0x00, 0x00, 0x00, 0x00, 0xfd, 0x00,
    0x00, 0x00, 0x3f, 0xf8, 0x00, 0x00, 0x00, 0x00,
    0x00, 0x0f, 0xd0, 0x00, 0x01, 0x20, 0x4f, 0xfb,
    0x10, 0x00, 0x00, 0x00, 0x00, 0xfd, 0x15, 0x9d,
    0xfa, 0x00, 0x3e, 0xff, 0x81, 0x00, 0x00, 0x00,
    0x4f, 0xff, 0xff, 0xfb, 0x50, 0x00, 0x19, 0xff,
    0xfb, 0x00, 0x00, 0x0c, 0xff, 0xc8, 0x30, 0x00,
    0x00, 0x00, 0x03, 0xaf, 0x60, 0x00, 0x00, 0x56,
    0x10, 0x00, 0x00, 0x00, 0x00, 0x00, 0x00, 0x10,
    0x00,

    /* U+95ED "闭" */
    0x08, 0x30, 0x00, 0x00, 0x00, 0x00, 0x00, 0x00,
    0x00, 0x00, 0x2e, 0xf3, 0x00, 0x6b, 0xbb, 0xbb,
    0xbb, 0xbb, 0xbb, 0xca, 0x03, 0xfe, 0x10, 0x8f,
    0xff, 0xff, 0xff, 0xff, 0xff, 0xfd, 0x00, 0x7f,
    0x90, 0x00, 0x00, 0x00, 0x00, 0x00, 0x00, 0xed,
    0x00, 0x07, 0x00, 0x00, 0x00, 0x03, 0x40, 0x00,
    0x00, 0xed, 0x9a, 0x00, 0x00, 0x00, 0x00, 0x0b,
    0xf3, 0x00, 0x00, 0xed, 0xde, 0x00, 0x00, 0x00,
    0x00, 0x0b, 0xf3, 0x00, 0x00, 0xed, 0xde, 0x00,
    0x11, 0x11, 0x11, 0x1b, 0xf4, 0x11, 0x00, 0xed,
    0xde, 0x06, 0xff, 0xff, 0xff, 0xff, 0xff, 0xff,
    0x80, 0xed, 0xde, 0x04, 0xaa, 0xaa, 0xaa, 0xef,
    0xfb, 0xaa, 0x50, 0xed, 0xde, 0x00, 0x00, 0x00,
    0x04, 0xff, 0xf3, 0x00, 0x00, 0xed, 0xde, 0x00,
    0x00, 0x00, 0x2e, 0xec, 0xf3, 0x00, 0x00, 0xed,
    0xde, 0x00, 0x00, 0x02, 0xef, 0x3b, 0xf3, 0x00,
    0x00, 0xed, 0xde, 0x00, 0x00, 0x3e, 0xf4, 0x0b,
    0xf3, 0x00, 0x00, 0xed, 0xde, 0x00, 0x07, 0xfe,
    0x30, 0x0b, 0xf3, 0x00, 0x00, 0xed, 0xde, 0x03,
    0xcf, 0xc1, 0x00, 0x0b, 0xf3, 0x00, 0x00, 0xed,
    0xde, 0x1e, 0xf7, 0x00, 0x00, 0x0b, 0xf3, 0x00,
    0x00, 0xed, 0xde, 0x03, 0x10, 0x00, 0x00, 0x0b,
    0xf2, 0x00, 0x00, 0xed, 0xde, 0x00, 0x00, 0x01,
    0xff, 0xff, 0xf1, 0x00, 0x00, 0xed, 0xde, 0x00,
    0x00, 0x00, 0x9c, 0xb9, 0x40, 0x00, 0x00, 0xed,
    0xde, 0x00, 0x00, 0x00, 0x00, 0x00, 0x00, 0x0a,
    0xbb, 0xfc, 0xde, 0x00, 0x00, 0x00, 0x00, 0x00,
    0x00, 0x0a, 0xff, 0xc3,

    /* U+95F4 "间" */
    0x08, 0x40, 0x00, 0x00, 0x00, 0x00, 0x00, 0x00,
    0x00, 0x00, 0x2e, 0xf4, 0x00, 0x6c, 0xcc, 0xcc,
    0xcc, 0xcc, 0xcc, 0xca, 0x02, 0xfe, 0x20, 0x8f,
    0xff, 0xff, 0xff, 0xff, 0xff, 0xfe, 0x00, 0x5f,
    0xb0, 0x00, 0x00, 0x00, 0x00, 0x00, 0x00, 0xfe,
    0x00, 0x05, 0x00, 0x00, 0x00, 0x00, 0x00, 0x00,
    0x00, 0xfe, 0x8b, 0x00, 0x00, 0x00, 0x00, 0x00,
    0x00, 0x00, 0x00, 0xfe, 0xdf, 0x00, 0x04, 0x77,
    0x77, 0x77, 0x77, 0x40, 0x00, 0xfe, 0xdf, 0x00,
    0x08, 0xff, 0xff, 0xff, 0xff, 0xa0, 0x00, 0xfe,
    0xdf, 0x00, 0x08, 0xf1, 0x00, 0x00, 0x1f, 0xa0,
    0x00, 0xfe, 0xdf, 0x00, 0x08, 0xf1, 0x00, 0x00,
    0x1f, 0xa0, 0x00, 0xfe, 0xdf, 0x00, 0x08, 0xf1,
    0x00, 0x00, 0x1f, 0xa0, 0x00, 0xfe, 0xdf, 0x00,
    0x08, 0xf9, 0x99, 0x99, 0x9f, 0xa0, 0x00, 0xfe,
    0xdf, 0x00, 0x08, 0xff, 0xff, 0xff, 0xff, 0xa0,
    0x00, 0xfe, 0xdf, 0x00, 0x08, 0xf1, 0x00, 0x00,
    0x1f, 0xa0, 0x00, 0xfe, 0xdf, 0x00, 0x08, 0xf1,
    0x00, 0x00, 0x1f, 0xa0, 0x00, 0xfe, 0xdf, 0x00,
    0x08, 0xf1, 0x00, 0x00, 0x1f, 0xa0, 0x00, 0xfe,
    0xdf, 0x00, 0x08, 0xff, 0xff, 0xff, 0xff, 0xa0,
    0x00, 0xfe, 0xdf, 0x00, 0x04, 0x88, 0x88, 0x88,
    0x88, 0x50, 0x00, 0xfe, 0xdf, 0x00, 0x00, 0x00,
    0x00, 0x00, 0x00, 0x00, 0x00, 0xfe, 0xdf, 0x00,
    0x00, 0x00, 0x00, 0x00, 0x00, 0x00, 0x00, 0xfe,
    0xdf, 0x00, 0x00, 0x00, 0x00, 0x00, 0x00, 0x04,
    0x9a, 0xfd, 0xdf, 0x00, 0x00, 0x00, 0x00, 0x00,
    0x00, 0x02, 0xff, 0xe5, 0x00, 0x00, 0x00, 0x00,
    0x00, 0x00, 0x00, 0x00, 0x00, 0x00,

    /* U+95F9 "闹" */
    0x06, 0x90, 0x00, 0x00, 0x00, 0x00, 0x00, 0x00,
    0x00, 0x00, 0x08, 0xfa, 0x00, 0x5c, 0xcc, 0xcc,
    0xcc, 0xcc, 0xcc, 0xc9, 0x00, 0xaf, 0x80, 0x6f,
    0xff, 0xff, 0xff, 0xff, 0xff, 0xfd, 0x00, 0x0d,
    0xf3, 0x00, 0x00, 0x00, 0x00, 0x00, 0x00, 0xed,
    0x00, 0x03, 0x60, 0x00, 0x8e, 0x10, 0x00, 0x00,
    0x00, 0xed, 0xec, 0x00, 0x00, 0x00, 0x3f, 0xa0,
    0x00, 0x00, 0x00, 0xed, 0xec, 0x00, 0x00, 0x00,
    0x0b, 0xe0, 0x00, 0x00, 0x00, 0xed, 0xec, 0x08,
    0xdd, 0xdd, 0xde, 0xed, 0xdd, 0xdd, 0x70, 0xed,
    0xec, 0x06, 0xaa, 0xaa, 0xaf, 0xea, 0xaa, 0xaa,
    0x50, 0xed, 0xec, 0x00, 0x00, 0x00, 0x0e, 0xb0,
    0x00, 0x00, 0x00, 0xed, 0xec, 0x00, 0x25, 0x55,
    0x5f, 0xd5, 0x55, 0x52, 0x00, 0xed, 0xec, 0x00,
    0x8f, 0xff, 0xff, 0xff, 0xff, 0xf9, 0x00, 0xed,
    0xec, 0x00, 0x8f, 0x32, 0x2f, 0xc2, 0x22, 0xf9,
    0x00, 0xed, 0xec, 0x00, 0x8f, 0x00, 0x0e, 0xb0,
    0x00, 0xf9, 0x00, 0xed, 0xec, 0x00, 0x8f, 0x00,
    0x0e, 0xb0, 0x00, 0xf9, 0x00, 0xed, 0xec, 0x00,
    0x8f, 0x00, 0x0e, 0xb0, 0x00, 0xf9, 0x00, 0xed,
    0xec, 0x00, 0x8f, 0x00, 0x0e, 0xb0, 0x00, 0xf8,
    0x00, 0xed, 0xec, 0x00, 0x8f, 0x00, 0x0e, 0xb0,
    0xbf, 0xf6, 0x00, 0xed, 0xec, 0x00, 0x47, 0x00,
    0x0e, 0xb0, 0x13, 0x10, 0x00, 0xed, 0xec, 0x00,
    0x00, 0x00, 0x0e, 0xb0, 0x00, 0x00, 0x00, 0xed,
    0xec, 0x00, 0x00, 0x00, 0x07, 0x50, 0x00, 0x49,
    0x9a, 0xfc, 0xec, 0x00, 0x00, 0x00, 0x00, 0x00,
    0x00, 0x2f, 0xff, 0xd4, 0x00, 0x00, 0x00, 0x00,
    0x00, 0x00, 0x00, 0x00, 0x00, 0x00,

    /* U+9645 "际" */
    0xde, 0xee, 0xef, 0xd3, 0x01, 0x22, 0x22, 0x22,
    0x22, 0x21, 0x0f, 0xeb, 0xbb, 0xff, 0x20, 0xef,
    0xff, 0xff, 0xff, 0xff, 0x90, 0xfc, 0x00, 0x1f,
    0xc0, 0x08, 0x99, 0x99, 0x99, 0x99, 0x95, 0x0f,
    0xc0, 0x06, 0xf5, 0x00, 0x00, 0x00, 0x00, 0x00,
    0x00, 0x00, 0xfc, 0x00, 0xce, 0x00, 0x00, 0x00,
    0x00, 0x00, 0x00, 0x00, 0x0f, 0xc0, 0x2f, 0x80,
    0x00, 0x00, 0x00, 0x00, 0x00, 0x00, 0x00, 0xfc,
    0x08, 0xf2, 0x00, 0xab, 0xbb, 0xbb, 0xbb, 0xbb,
    0xbb, 0x9f, 0xc0, 0x2f, 0xb0, 0x0f, 0xff, 0xff,
    0xff, 0xff, 0xff, 0xfe, 0xfc, 0x00, 0x6f, 0x60,
    0x00, 0x00, 0x0d, 0xf0, 0x00, 0x00, 0x0f, 0xc0,
    0x00, 0xed, 0x00, 0x00, 0x00, 0xdf, 0x00, 0x00,
    0x00, 0xfc, 0x00, 0x0a, 0xf1, 0x01, 0x20, 0x0d,
    0xf0, 0x03, 0x10, 0x0f, 0xc0, 0x00, 0x8f, 0x30,
    0x8f, 0x30, 0xdf, 0x03, 0xf9, 0x00, 0xfc, 0x00,
    0x09, 0xf3, 0x0d, 0xe0, 0x0d, 0xf0, 0x0c, 0xf0,
    0x0f, 0xc0, 0x79, 0xff, 0x03, 0xf9, 0x00, 0xdf,
    0x00, 0x6f, 0x60, 0xfc, 0x0c, 0xfe, 0x50, 0xaf,
    0x30, 0x0d, 0xf0, 0x00, 0xfc, 0x0f, 0xc0, 0x00,
    0x00, 0x1f, 0xc0, 0x00, 0xdf, 0x00, 0x0a, 0xf2,
    0xfc, 0x00, 0x00, 0x0a, 0xf5, 0x00, 0x0d, 0xf0,
    0x00, 0x5f, 0x7f, 0xc0, 0x00, 0x02, 0xfd, 0x00,
    0x00, 0xdf, 0x00, 0x01, 0xfc, 0xfc, 0x00, 0x00,
    0x04, 0x30, 0x00, 0x0d, 0xf0, 0x00, 0x08, 0x3f,
    0xc0, 0x00, 0x00, 0x00, 0x0a, 0xcc, 0xfe, 0x00,
    0x00, 0x00, 0xfc, 0x00, 0x00, 0x00, 0x00, 0x8f,
    0xfd, 0x50, 0x00, 0x00, 0x00, 0x00, 0x00, 0x00,
    0x00, 0x00, 0x00, 0x00, 0x00, 0x00, 0x00,

    /* U+9664 "除" */
    0x00, 0x00, 0x00, 0x00, 0x00, 0x00, 0x00, 0x00,
    0x00, 0x00, 0x00, 0x00, 0x00, 0x00, 0x01, 0x00,
    0x00, 0x00, 0x08, 0xe3, 0x00, 0x00, 0x00, 0x1f,
    0xff, 0xff, 0xf7, 0x00, 0x00, 0x03, 0xff, 0x20,
    0x00, 0x00, 0x01, 0xfc, 0x99, 0xcf, 0x60, 0x00,
    0x01, 0xef, 0xfd, 0x10, 0x00, 0x00, 0x1f, 0x80,
    0x0b, 0xf0, 0x00, 0x01, 0xdf, 0x44, 0xfd, 0x10,
    0x00, 0x01, 0xf8, 0x01, 0xf9, 0x00, 0x02, 0xdf,
    0x50, 0x05, 0xfe, 0x30, 0x00, 0x1f, 0x80, 0x6f,
    0x30, 0x04, 0xef, 0x50, 0x00, 0x05, 0xff, 0x80,
    0x01, 0xf8, 0x0c, 0xc0, 0x1a, 0xfe, 0x40, 0x00,
    0x00, 0x03, 0xdf, 0xd2, 0x1f, 0x83, 0xf5, 0x04,
    0xfb, 0x9a, 0xaa, 0xaa, 0xaa, 0xa8, 0xaa, 0x01,
    0xf8, 0x1e, 0xb0, 0x02, 0x0c, 0xff, 0xff, 0xff,
    0xff, 0xa0, 0x00, 0x1f, 0x80, 0x3f, 0x70, 0x00,
    0x00, 0x00, 0xbf, 0x00, 0x00, 0x00, 0x01, 0xf8,
    0x00, 0xaf, 0x00, 0x00, 0x00, 0x0b, 0xf0, 0x00,
    0x00, 0x00, 0x1f, 0x80, 0x04, 0xf5, 0x11, 0x11,
    0x11, 0xcf, 0x11, 0x11, 0x10, 0x01, 0xf8, 0x00,
    0x2f, 0x8f, 0xff, 0xff, 0xff, 0xff, 0xff, 0xff,
    0xf0, 0x1f, 0x80, 0x03, 0xf7, 0x99, 0x99, 0x99,
    0xef, 0x99, 0x99, 0x98, 0x01, 0xf8, 0x68, 0xdf,
    0x30, 0x04, 0x20, 0x0b, 0xf0, 0x06, 0x00, 0x00,
    0x1f, 0x89, 0xff, 0x80, 0x01, 0xfc, 0x00, 0xbf,
    0x05, 0xfa, 0x00, 0x01, 0xf8, 0x00, 0x00, 0x00,
    0xaf, 0x40, 0x0b, 0xf0, 0x09, 0xf6, 0x00, 0x1f,
    0x80, 0x00, 0x00, 0x4f, 0xa0, 0x00, 0xbf, 0x00,
    0x0d, 0xf2, 0x01, 0xf8, 0x00, 0x00, 0x1e, 0xf1,
    0x00, 0x0b, 0xf0, 0x00, 0x4f, 0xb0, 0x1f, 0x80,
    0x00, 0x09, 0xf5, 0x00, 0x00, 0xbf, 0x00, 0x00,
    0xae, 0x11, 0xf8, 0x00, 0x00, 0x05, 0x00, 0x89,
    0x9e, 0xf0, 0x00, 0x01, 0x00, 0x1f, 0x80, 0x00,
    0x00, 0x00, 0x09, 0xff, 0xe6, 0x00, 0x00, 0x00,
    0x00, 0x00, 0x00, 0x00, 0x00, 0x00, 0x00, 0x00,
    0x00, 0x00, 0x00, 0x00,

    /* U+9762 "面" */
    0x4b, 0xbb, 0xbb, 0xbb, 0xbb, 0xbb, 0xbb, 0xbb,
    0xbb, 0xbb, 0xba, 0x6f, 0xff, 0xff, 0xff, 0xff,
    0xff, 0xff, 0xff, 0xff, 0xff, 0xfe, 0x00, 0x00,
    0x00, 0x00, 0x06, 0xfa, 0x00, 0x00, 0x00, 0x00,
    0x00, 0x00, 0x00, 0x00, 0x00, 0x09, 0xf5, 0x00,
    0x00, 0x00, 0x00, 0x00, 0x00, 0x00, 0x00, 0x00,
    0x0d, 0xf1, 0x00, 0x00, 0x00, 0x00, 0x00, 0x06,
    0xdd, 0xdd, 0xdd, 0xdf, 0xfd, 0xdd, 0xdd, 0xdd,
    0xdd, 0x60, 0x08, 0xfe, 0xdd, 0xef, 0xed, 0xdd,
    0xdf, 0xfe, 0xdd, 0xef, 0x80, 0x08, 0xf3, 0x00,
    0x5f, 0x50, 0x00, 0x09, 0xf1, 0x00, 0x5f, 0x80,
    0x08, 0xf3, 0x00, 0x5f, 0x50, 0x00, 0x09, 0xf1,
    0x00, 0x5f, 0x80, 0x08, 0xf3, 0x00, 0x5f, 0xa7,
    0x77, 0x7c, 0xf1, 0x00, 0x5f, 0x80, 0x08, 0xf3,
    0x00, 0x5f, 0xff, 0xff, 0xff, 0xf1, 0x00, 0x5f,
    0x80, 0x08, 0xf3, 0x00, 0x5f, 0x50, 0x00, 0x09,
    0xf1, 0x00, 0x5f, 0x80, 0x08, 0xf3, 0x00, 0x5f,
    0x50, 0x00, 0x09, 0xf1, 0x00, 0x5f, 0x80, 0x08,
    0xf3, 0x00, 0x5f, 0x84, 0x44, 0x4b, 0xf1, 0x00,
    0x5f, 0x80, 0x08, 0xf3, 0x00, 0x5f, 0xff, 0xff,
    0xff, 0xf1, 0x00, 0x5f, 0x80, 0x08, 0xf3, 0x00,
    0x5f, 0x72, 0x22, 0x2a, 0xf1, 0x00, 0x5f, 0x80,
    0x08, 0xf3, 0x00, 0x5f, 0x50, 0x00, 0x09, 0xf1,
    0x00, 0x5f, 0x80, 0x08, 0xf3, 0x00, 0x5f, 0x50,
    0x00, 0x09, 0xf1, 0x00, 0x5f, 0x80, 0x08, 0xff,
    0xff, 0xff, 0xff, 0xff, 0xff, 0xff, 0xff, 0xff,
    0x80, 0x08, 0xfc, 0xaa, 0xaa, 0xaa, 0xaa, 0xaa,
    0xaa, 0xaa, 0xcf, 0x80, 0x08, 0xf3, 0x00, 0x00,
    0x00, 0x00, 0x00, 0x00, 0x00, 0x5f, 0x80,

    /* U+97F3 "音" */
    0x00, 0x00, 0x00, 0x00, 0x00, 0x31, 0x00, 0x00,
    0x00, 0x00, 0x00, 0x00, 0x00, 0x00, 0x00, 0x04,
    0xfb, 0x00, 0x00, 0x00, 0x00, 0x00, 0x00, 0x00,
    0x00, 0x00, 0x00, 0xdf, 0x20, 0x00, 0x00, 0x00,
    0x00, 0x02, 0xff, 0xff, 0xff, 0xff, 0xff, 0xff,
    0xff, 0xff, 0xff, 0xa0, 0x02, 0xaa, 0xaa, 0xca,
    0xaa, 0xaa, 0xaa, 0xad, 0xba, 0xaa, 0x60, 0x00,
    0x00, 0x0c, 0xf2, 0x00, 0x00, 0x00, 0x0e, 0xf2,
    0x00, 0x00, 0x00, 0x00, 0x05, 0xfa, 0x00, 0x00,
    0x00, 0x5f, 0xb0, 0x00, 0x00, 0x00, 0x00, 0x00,
    0xef, 0x00, 0x00, 0x00, 0xcf, 0x20, 0x00, 0x00,
    0x49, 0x99, 0x99, 0xef, 0x99, 0x99, 0x9a, 0xfe,
    0x99, 0x99, 0x98, 0x7f, 0xff, 0xff, 0xff, 0xff,
    0xff, 0xff, 0xff, 0xff, 0xff, 0xfe, 0x01, 0x11,
    0x11, 0x11, 0x11, 0x11, 0x11, 0x11, 0x11, 0x11,
    0x11, 0x00, 0x00, 0x00, 0x00, 0x00, 0x00, 0x00,
    0x00, 0x00, 0x00, 0x00, 0x00, 0x03, 0x99, 0x99,
    0x99, 0x99, 0x99, 0x99, 0x99, 0x50, 0x00, 0x00,
    0x06, 0xff, 0xff, 0xff, 0xff, 0xff, 0xff, 0xff,
    0xa0, 0x00, 0x00, 0x06, 0xf6, 0x00, 0x00, 0x00,
    0x00, 0x00, 0x4f, 0xa0, 0x00, 0x00, 0x06, 0xf6,
    0x00, 0x00, 0x00, 0x00, 0x00, 0x4f, 0xa0, 0x00,
    0x00, 0x06, 0xfb, 0x77, 0x77, 0x77, 0x77, 0x77,
    0x9f, 0xa0, 0x00, 0x00, 0x06, 0xff, 0xff, 0xff,
    0xff, 0xff, 0xff, 0xff, 0xa0, 0x00, 0x00, 0x06,
    0xf6, 0x00, 0x00, 0x00, 0x00, 0x00, 0x4f, 0xa0,
    0x00, 0x00, 0x06, 0xf6, 0x00, 0x00, 0x00, 0x00,
    0x00, 0x4f, 0xa0, 0x00, 0x00, 0x06, 0xfb, 0x88,
    0x88, 0x88, 0x88, 0x88, 0xaf, 0xa0, 0x00, 0x00,
    0x06, 0xff, 0xff, 0xff, 0xff, 0xff, 0xff, 0xff,
    0xa0, 0x00, 0x00, 0x06, 0xf6, 0x00, 0x00, 0x00,
    0x00, 0x00, 0x4f, 0xa0, 0x00, 0x00, 0x00, 0x00,
    0x00, 0x00, 0x00, 0x00, 0x00, 0x00, 0x00, 0x00,

    /* U+9875 "页" */
    0x0b, 0xbb, 0xbb, 0xbb, 0xbb, 0xbb, 0xbb, 0xbb,
    0xbb, 0xbb, 0xb6, 0x1f, 0xff, 0xff, 0xff, 0xff,
    0xff, 0xff, 0xff, 0xff, 0xff, 0xf8, 0x00, 0x00,
    0x00, 0x00, 0x04, 0xfb, 0x00, 0x00, 0x00, 0x00,
    0x00, 0x00, 0x00, 0x00, 0x00, 0x09, 0xf4, 0x00,
    0x00, 0x00, 0x00, 0x00, 0x00, 0x00, 0x11, 0x11,
    0x1f, 0xd1, 0x11, 0x11, 0x11, 0x10, 0x00, 0x00,
    0x0c, 0xff, 0xff, 0xff, 0xff, 0xff, 0xff, 0xff,
    0xf4, 0x00, 0x00, 0x0c, 0xfa, 0xaa, 0xaa, 0xaa,
    0xaa, 0xaa, 0xad, 0xf4, 0x00, 0x00, 0x0c, 0xf1,
    0x00, 0x00, 0x00, 0x00, 0x00, 0x0a, 0xf4, 0x00,
    0x00, 0x0c, 0xf1, 0x00, 0x00, 0x9d, 0x10, 0x00,
    0x0a, 0xf4, 0x00, 0x00, 0x0c, 0xf1, 0x00, 0x00,
    0xbf, 0x20, 0x00, 0x0a, 0xf4, 0x00, 0x00, 0x0c,
    0xf1, 0x00, 0x00, 0xbf, 0x20, 0x00, 0x0a, 0xf4,
    0x00, 0x00, 0x0c, 0xf1, 0x00, 0x00, 0xbf, 0x20,
    0x00, 0x0a, 0xf4, 0x00, 0x00, 0x0c, 0xf1, 0x00,
    0x00, 0xbf, 0x10, 0x00, 0x0a, 0xf4, 0x00, 0x00,
    0x0c, 0xf1, 0x00, 0x00, 0xcf, 0x00, 0x00, 0x0a,
    0xf4, 0x00, 0x00, 0x0c, 0xf1, 0x00, 0x01, 0xfe,
    0x00, 0x00, 0x0a, 0xf4, 0x00, 0x00, 0x0c, 0xf1,
    0x00, 0x09, 0xf8, 0x07, 0x10, 0x0a, 0xf4, 0x00,
    0x00, 0x01, 0x20, 0x00, 0x8f, 0xe1, 0x7f, 0xf9,
    0x20, 0x10, 0x00, 0x00, 0x00, 0x00, 0x3c, 0xfe,
    0x20, 0x03, 0xbf, 0xf9, 0x10, 0x00, 0x00, 0x01,
    0x6c, 0xff, 0xa1, 0x00, 0x00, 0x03, 0xcf, 0xf7,
    0x00, 0x39, 0xdf, 0xff, 0xa3, 0x00, 0x00, 0x00,
    0x00, 0x05, 0xef, 0xd2, 0x1e, 0xea, 0x50, 0x00,
    0x00, 0x00, 0x00, 0x00, 0x00, 0x09, 0xd1, 0x00,
    0x00, 0x00, 0x00, 0x00, 0x00, 0x00, 0x00, 0x00,
    0x00, 0x00,

    /* U+9884 "预" */
    0x00, 0x00, 0x00, 0x00, 0x00, 0x01, 0x11, 0x11,
    0x11, 0x11, 0x11, 0x10, 0x0c, 0xff, 0xff, 0xff,
    0xfe, 0x3d, 0xff, 0xff, 0xff, 0xff, 0xff, 0xf1,
    0x07, 0x99, 0x99, 0x9c, 0xfe, 0x06, 0x88, 0x88,
    0xef, 0x98, 0x88, 0x80, 0x00, 0x00, 0x00, 0x0d,
    0xf3, 0x00, 0x00, 0x00, 0xee, 0x00, 0x00, 0x00,
    0x00, 0x37, 0x00, 0xaf, 0x60, 0x00, 0x00, 0x03,
    0xf9, 0x00, 0x00, 0x00, 0x00, 0x9f, 0xc9, 0xf8,
    0x00, 0x00, 0xff, 0xff, 0xff, 0xff, 0xff, 0x10,
    0x00, 0x05, 0xef, 0xc0, 0x00, 0x00, 0xfe, 0x99,
    0x99, 0x99, 0xdf, 0x10, 0x00, 0x00, 0x1b, 0xfc,
    0x10, 0x00, 0xfb, 0x00, 0x00, 0x00, 0xaf, 0x10,
    0x08, 0x88, 0x88, 0xdf, 0xa8, 0x71, 0xfb, 0x00,
    0xed, 0x00, 0xaf, 0x10, 0x0f, 0xff, 0xff, 0xff,
    0xff, 0xf0, 0xfb, 0x00, 0xed, 0x00, 0xaf, 0x10,
    0x01, 0x11, 0x3f, 0xb1, 0x3f, 0x90, 0xfb, 0x00,
    0xed, 0x00, 0xaf, 0x10, 0x00, 0x00, 0x1f, 0xa0,
    0x6f, 0x30, 0xfb, 0x00, 0xed, 0x00, 0xaf, 0x10,
    0x00, 0x00, 0x1f, 0xa0, 0xcc, 0x00, 0xfb, 0x00,
    0xed, 0x00, 0xaf, 0x10, 0x00, 0x00, 0x1f, 0xa1,
    0xf5, 0x00, 0xfb, 0x00, 0xec, 0x00, 0xaf, 0x10,
    0x00, 0x00, 0x1f, 0xa0, 0x00, 0x00, 0xfb, 0x00,
    0xfb, 0x00, 0xaf, 0x10, 0x00, 0x00, 0x1f, 0xa0,
    0x00, 0x00, 0xfb, 0x03, 0xf9, 0x00, 0xaf, 0x10,
    0x00, 0x00, 0x1f, 0xa0, 0x00, 0x00, 0x54, 0x09,
    0xf4, 0x00, 0x35, 0x00, 0x00, 0x00, 0x1f, 0xa0,
    0x00, 0x00, 0x00, 0x3f, 0xd2, 0xe7, 0x00, 0x00,
    0x00, 0x00, 0x1f, 0xa0, 0x00, 0x00, 0x03, 0xef,
    0x31, 0xcf, 0xa0, 0x00, 0x00, 0x00, 0x1f, 0xa0,
    0x00, 0x01, 0x8f, 0xf4, 0x00, 0x0b, 0xfb, 0x00,
    0x02, 0xaa, 0xbf, 0x90, 0x00, 0x9f, 0xfc, 0x20,
    0x00, 0x00, 0xaf, 0xc0, 0x00, 0xef, 0xfc, 0x20,
    0x00, 0x6c, 0x50, 0x00, 0x00, 0x00, 0x0a, 0x60,
    0x00, 0x00, 0x00, 0x00, 0x00, 0x00, 0x00, 0x00,
    0x00, 0x00, 0x00, 0x00,

    /* U+9996 "首" */
    0x00, 0x00, 0x02, 0x10, 0x00, 0x00, 0x00, 0x01,
    0x20, 0x00, 0x00, 0x00, 0x00, 0x3f, 0xc0, 0x00,
    0x00, 0x00, 0x0a, 0xf8, 0x00, 0x00, 0x00, 0x00,
    0x09, 0xfa, 0x00, 0x00, 0x00, 0x4f, 0xd0, 0x00,
    0x00, 0x00, 0x00, 0x00, 0xde, 0x10, 0x00, 0x01,
    0xef, 0x20, 0x00, 0x00, 0x8f, 0xff, 0xff, 0xff,
    0xff, 0xff, 0xff, 0xff, 0xff, 0xff, 0xfe, 0x6b,
    0xbb, 0xbb, 0xbb, 0xbb, 0xff, 0xbb, 0xbb, 0xbb,
    0xbb, 0xba, 0x00, 0x00, 0x00, 0x00, 0x03, 0xfd,
    0x00, 0x00, 0x00, 0x00, 0x00, 0x00, 0x00, 0x00,
    0x00, 0x07, 0xf7, 0x00, 0x00, 0x00, 0x00, 0x00,
    0x00, 0x0e, 0xff, 0xff, 0xff, 0xff, 0xff, 0xff,
    0xff, 0xf0, 0x00, 0x00, 0x0f, 0xfa, 0xaa, 0xaa,
    0xaa, 0xaa, 0xaa, 0xaf, 0xf0, 0x00, 0x00, 0x0f,
    0xd0, 0x00, 0x00, 0x00, 0x00, 0x00, 0x0e, 0xf0,
    0x00, 0x00, 0x0f, 0xd0, 0x00, 0x00, 0x00, 0x00,
    0x00, 0x0e, 0xf0, 0x00, 0x00, 0x0f, 0xff, 0xff,
    0xff, 0xff, 0xff, 0xff, 0xff, 0xf0, 0x00, 0x00,
    0x0f, 0xe8, 0x88, 0x88, 0x88, 0x88, 0x88, 0x8f,
    0xf0, 0x00, 0x00, 0x0f, 0xd0, 0x00, 0x00, 0x00,
    0x00, 0x00, 0x0e, 0xf0, 0x00, 0x00, 0x0f, 0xd0,
    0x00, 0x00, 0x00, 0x00, 0x00, 0x0e, 0xf0, 0x00,
    0x00, 0x0f, 0xff, 0xff, 0xff, 0xff, 0xff, 0xff,
    0xff, 0xf0, 0x00, 0x00, 0x0f, 0xe6, 0x66, 0x66,
    0x66, 0x66, 0x66, 0x6f, 0xf0, 0x00, 0x00, 0x0f,
    0xd0, 0x00, 0x00, 0x00, 0x00, 0x00, 0x0e, 0xf0,
    0x00, 0x00, 0x0f, 0xd0, 0x00, 0x00, 0x00, 0x00,
    0x00, 0x0e, 0xf0, 0x00, 0x00, 0x0f, 0xff, 0xff,
    0xff, 0xff, 0xff, 0xff, 0xff, 0xf0, 0x00, 0x00,
    0x0f, 0xe9, 0x99, 0x99, 0x99, 0x99, 0x99, 0x9f,
    0xf0, 0x00, 0x00, 0x0f, 0xd0, 0x00, 0x00, 0x00,
    0x00, 0x00, 0x0e, 0xf0, 0x00,

    /* U+9EC4 "黄" */
    0x00, 0x00, 0x00, 0x12, 0x00, 0x00, 0x00, 0x22,
    0x00, 0x00, 0x00, 0x00, 0x00, 0x00, 0xbf, 0x10,
    0x00, 0x00, 0xfd, 0x00, 0x00, 0x00, 0x00, 0x00,
    0x00, 0xbf, 0x20, 0x00, 0x01, 0xfd, 0x00, 0x00,
    0x00, 0x00, 0xff, 0xff, 0xff, 0xff, 0xff, 0xff,
    0xff, 0xff, 0xff, 0x30, 0x00, 0x89, 0x99, 0xef,
    0x99, 0x99, 0x99, 0xfe, 0x99, 0x99, 0x10, 0x00,
    0x00, 0x00, 0xbf, 0x10, 0x00, 0x00, 0xfd, 0x00,
    0x00, 0x00, 0x00, 0x00, 0x00, 0xbf, 0x10, 0x00,
    0x00, 0xfd, 0x00, 0x00, 0x00, 0xaf, 0xff, 0xff,
    0xff, 0xff, 0xff, 0xff, 0xff, 0xff, 0xff, 0xfb,
    0x8c, 0xcc, 0xcc, 0xcc, 0xcc, 0xff, 0xcc, 0xcc,
    0xcc, 0xcc, 0xc9, 0x00, 0x00, 0x00, 0x00, 0x00,
    0xee, 0x00, 0x00, 0x00, 0x00, 0x00, 0x00, 0x1e,
    0xee, 0xee, 0xee, 0xff, 0xee, 0xee, 0xee, 0xe1,
    0x00, 0x00, 0x1f, 0xc6, 0x66, 0x66, 0xff, 0x66,
    0x66, 0x6d, 0xf1, 0x00, 0x00, 0x1f, 0xa0, 0x00,
    0x00, 0xee, 0x00, 0x00, 0x0b, 0xf1, 0x00, 0x00,
    0x1f, 0xc4, 0x44, 0x44, 0xff, 0x44, 0x44, 0x4c,
    0xf1, 0x00, 0x00, 0x1f, 0xff, 0xff, 0xff, 0xff,
    0xff, 0xff, 0xff, 0xf1, 0x00, 0x00, 0x1f, 0xa0,
    0x00, 0x00, 0xee, 0x00, 0x00, 0x0b, 0xf1, 0x00,
    0x00, 0x1f, 0xa0, 0x00, 0x00, 0xee, 0x00, 0x00,
    0x0b, 0xf1, 0x00, 0x00, 0x1f, 0xfd, 0xdd, 0xdd,
    0xff, 0xdd, 0xdd, 0xdf, 0xf1, 0x00, 0x00, 0x08,
    0x88, 0x88, 0x88, 0x88, 0x88, 0x88, 0x88, 0x80,
    0x00, 0x00, 0x00, 0x01, 0x9e, 0x60, 0x00, 0x04,
    0xfa, 0x50, 0x00, 0x00, 0x00, 0x04, 0xaf, 0xfd,
    0x40, 0x00, 0x02, 0x8e, 0xfe, 0x93, 0x00, 0x2a,
    0xef, 0xfb, 0x40, 0x00, 0x00, 0x00, 0x00, 0x4a,
    0xff, 0xc3, 0x0b, 0xb6, 0x10, 0x00, 0x00, 0x00,
    0x00, 0x00, 0x00, 0x18, 0xa0,

    /* U+FF0C "，" */
    0x01, 0x87, 0x00, 0xcf, 0xf8, 0x0e, 0xff, 0xd0,
    0x4c, 0xfe, 0x00, 0x0d, 0xc0, 0x04, 0xf6, 0x05,
    0xfc, 0x08, 0xfb, 0x10, 0x34, 0x00, 0x00,

    /* U+FF1F "？" */
    0x00, 0x00, 0x01, 0x20, 0x00, 0x00, 0x00, 0x18,
    0xef, 0xff, 0xb2, 0x00, 0x03, 0xef, 0xeb, 0xbe,
    0xff, 0x30, 0x0e, 0xf7, 0x00, 0x00, 0xcf, 0xb0,
    0x02, 0x40, 0x00, 0x00, 0x3f, 0xf0, 0x00, 0x00,
    0x00, 0x00, 0x1f, 0xf0, 0x00, 0x00, 0x00, 0x00,
    0x5f, 0xd0, 0x00, 0x00, 0x00, 0x02, 0xef, 0x50,
    0x00, 0x00, 0x00, 0x2e, 0xf7, 0x00, 0x00, 0x00,
    0x02, 0xef, 0x60, 0x00, 0x00, 0x00, 0x0c, 0xf8,
    0x00, 0x00, 0x00, 0x00, 0x3f, 0xd0, 0x00, 0x00,
    0x00, 0x00, 0x6f, 0xa0, 0x00, 0x00, 0x00, 0x00,
    0x15, 0x30, 0x00, 0x00, 0x00, 0x00, 0x00, 0x00,
    0x00, 0x00, 0x00, 0x00, 0x00, 0x00, 0x00, 0x00,
    0x00, 0x00, 0x7f, 0xc0, 0x00, 0x00, 0x00, 0x00,
    0xdf, 0xf3, 0x00, 0x00, 0x00, 0x00, 0x7f, 0xd0,
    0x00, 0x00, 0x00, 0x00, 0x01, 0x00, 0x00, 0x00
};

/*---------------------
 *  GLYPH DESCRIPTION
 *--------------------*/

static const lv_font_fmt_txt_glyph_dsc_t glyph_dsc[] = {
    {.bitmap_index = 0, .adv_w = 0, .box_w = 0, .box_h = 0, .ofs_x = 0, .ofs_y = 0} /* id = 0 reserved */,
    {.bitmap_index = 0, .adv_w = 86, .box_w = 0, .box_h = 0, .ofs_x = 0, .ofs_y = 0},
    {.bitmap_index = 0, .adv_w = 124, .box_w = 4, .box_h = 18, .ofs_x = 2, .ofs_y = 0},
    {.bitmap_index = 36, .adv_w = 182, .box_w = 8, .box_h = 8, .ofs_x = 2, .ofs_y = 12},
    {.bitmap_index = 68, .adv_w = 213, .box_w = 13, .box_h = 18, .ofs_x = 0, .ofs_y = 0},
    {.bitmap_index = 185, .adv_w = 213, .box_w = 11, .box_h = 25, .ofs_x = 1, .ofs_y = -3},
    {.bitmap_index = 323, .adv_w = 354, .box_w = 22, .box_h = 18, .ofs_x = 0, .ofs_y = 0},
    {.bitmap_index = 521, .adv_w = 261, .box_w = 16, .box_h = 18, .ofs_x = 0, .ofs_y = 0},
    {.bitmap_index = 665, .adv_w = 107, .box_w = 3, .box_h = 8, .ofs_x = 2, .ofs_y = 12},
    {.bitmap_index = 677, .adv_w = 130, .box_w = 6, .box_h = 26, .ofs_x = 2, .ofs_y = -5},
    {.bitmap_index = 755, .adv_w = 130, .box_w = 5, .box_h = 26, .ofs_x = 1, .ofs_y = -5},
    {.bitmap_index = 820, .adv_w = 179, .box_w = 9, .box_h = 9, .ofs_x = 1, .ofs_y = 11},
    {.bitmap_index = 861, .adv_w = 213, .box_w = 13, .box_h = 13, .ofs_x = 0, .ofs_y = 3},
    {.bitmap_index = 946, .adv_w = 107, .box_w = 5, .box_h = 9, .ofs_x = 1, .ofs_y = -5},
    {.bitmap_index = 969, .adv_w = 133, .box_w = 7, .box_h = 2, .ofs_x = 1, .ofs_y = 6},
    {.bitmap_index = 976, .adv_w = 107, .box_w = 4, .box_h = 4, .ofs_x = 1, .ofs_y = 0},
    {.bitmap_index = 984, .adv_w = 151, .box_w = 10, .box_h = 25, .ofs_x = 0, .ofs_y = -5},
    {.bitmap_index = 1109, .adv_w = 213, .box_w = 12, .box_h = 18, .ofs_x = 1, .ofs_y = 0},
    {.bitmap_index = 1217, .adv_w = 213, .box_w = 10, .box_h = 18, .ofs_x = 2, .ofs_y = 0},
    {.bitmap_index = 1307, .adv_w = 213, .box_w = 13, .box_h = 18, .ofs_x = 0, .ofs_y = 0},
    {.bitmap_index = 1424, .adv_w = 213, .box_w = 12, .box_h = 18, .ofs_x = 0, .ofs_y = 0},
    {.bitmap_index = 1532, .adv_w = 213, .box_w = 13, .box_h = 18, .ofs_x = 0, .ofs_y = 0},
    {.bitmap_index = 1649, .adv_w = 213, .box_w = 13, .box_h = 18, .ofs_x = 0, .ofs_y = 0},
    {.bitmap_index = 1766, .adv_w = 213, .box_w = 12, .box_h = 18, .ofs_x = 1, .ofs_y = 0},
    {.bitmap_index = 1874, .adv_w = 213, .box_w = 12, .box_h = 18, .ofs_x = 1, .ofs_y = 0},
    {.bitmap_index = 1982, .adv_w = 213, .box_w = 12, .box_h = 18, .ofs_x = 1, .ofs_y = 0},
    {.bitmap_index = 2090, .adv_w = 213, .box_w = 12, .box_h = 18, .ofs_x = 1, .ofs_y = 0},
    {.bitmap_index = 2198, .adv_w = 107, .box_w = 4, .box_h = 14, .ofs_x = 1, .ofs_y = 0},
    {.bitmap_index = 2226, .adv_w = 107, .box_w = 5, .box_h = 19, .ofs_x = 1, .ofs_y = -5},
    {.bitmap_index = 2274, .adv_w = 213, .box_w = 13, .box_h = 12, .ofs_x = 0, .ofs_y = 3},
    {.bitmap_index = 2352, .adv_w = 213, .box_w = 13, .box_h = 8, .ofs_x = 0, .ofs_y = 5},
    {.bitmap_index = 2404, .adv_w = 213, .box_w = 13, .box_h = 12, .ofs_x = 0, .ofs_y = 3},
    {.bitmap_index = 2482, .adv_w = 182, .box_w = 10, .box_h = 18, .ofs_x = 1, .ofs_y = 0},
    {.bitmap_index = 2572, .adv_w = 363, .box_w = 21, .box_h = 23, .ofs_x = 1, .ofs_y = -5},
    {.bitmap_index = 2814, .adv_w = 233, .box_w = 15, .box_h = 18, .ofs_x = 0, .ofs_y = 0},
    {.bitmap_index = 2949, .adv_w = 252, .box_w = 13, .box_h = 18, .ofs_x = 2, .ofs_y = 0},
    {.bitmap_index = 3066, .adv_w = 245, .box_w = 14, .box_h = 18, .ofs_x = 1, .ofs_y = 0},
    {.bitmap_index = 3192, .adv_w = 264, .box_w = 14, .box_h = 18, .ofs_x = 2, .ofs_y = 0},
    {.bitmap_index = 3318, .adv_w = 226, .box_w = 11, .box_h = 18, .ofs_x = 2, .ofs_y = 0},
    {.bitmap_index = 3417, .adv_w = 212, .box_w = 11, .box_h = 18, .ofs_x = 2, .ofs_y = 0},
    {.bitmap_index = 3516, .adv_w = 265, .box_w = 14, .box_h = 18, .ofs_x = 1, .ofs_y = 0},
    {.bitmap_index = 3642, .adv_w = 280, .box_w = 14, .box_h = 18, .ofs_x = 2, .ofs_y = 0},
    {.bitmap_index = 3768, .adv_w = 113, .box_w = 3, .box_h = 18, .ofs_x = 2, .ofs_y = 0},
    {.bitmap_index = 3795, .adv_w = 205, .box_w = 11, .box_h = 18, .ofs_x = 0, .ofs_y = 0},
    {.bitmap_index = 3894, .adv_w = 248, .box_w = 14, .box_h = 18, .ofs_x = 2, .ofs_y = 0},
    {.bitmap_index = 4020, .adv_w = 209, .box_w = 11, .box_h = 18, .ofs_x = 2, .ofs_y = 0},
    {.bitmap_index = 4119, .adv_w = 312, .box_w = 16, .box_h = 18, .ofs_x = 2, .ofs_y = 0},
    {.bitmap_index = 4263, .adv_w = 278, .box_w = 13, .box_h = 18, .ofs_x = 2, .ofs_y = 0},
    {.bitmap_index = 4380, .adv_w = 285, .box_w = 16, .box_h = 18, .ofs_x = 1, .ofs_y = 0},
    {.bitmap_index = 4524, .adv_w = 243, .box_w = 13, .box_h = 18, .ofs_x = 2, .ofs_y = 0},
    {.bitmap_index = 4641, .adv_w = 285, .box_w = 16, .box_h = 22, .ofs_x = 1, .ofs_y = -4},
    {.bitmap_index = 4817, .adv_w = 244, .box_w = 13, .box_h = 18, .ofs_x = 2, .ofs_y = 0},
    {.bitmap_index = 4934, .adv_w = 229, .box_w = 13, .box_h = 18, .ofs_x = 1, .ofs_y = 0},
    {.bitmap_index = 5051, .adv_w = 230, .box_w = 14, .box_h = 18, .ofs_x = 0, .ofs_y = 0},
    {.bitmap_index = 5177, .adv_w = 277, .box_w = 13, .box_h = 18, .ofs_x = 2, .ofs_y = 0},
    {.bitmap_index = 5294, .adv_w = 221, .box_w = 14, .box_h = 18, .ofs_x = 0, .ofs_y = 0},
    {.bitmap_index = 5420, .adv_w = 337, .box_w = 21, .box_h = 18, .ofs_x = 0, .ofs_y = 0},
    {.bitmap_index = 5609, .adv_w = 220, .box_w = 14, .box_h = 18, .ofs_x = 0, .ofs_y = 0},
    {.bitmap_index = 5735, .adv_w = 204, .box_w = 14, .box_h = 18, .ofs_x = -1, .ofs_y = 0},
    {.bitmap_index = 5861, .adv_w = 232, .box_w = 13, .box_h = 18, .ofs_x = 1, .ofs_y = 0},
    {.bitmap_index = 5978, .adv_w = 130, .box_w = 6, .box_h = 25, .ofs_x = 2, .ofs_y = -5},
    {.bitmap_index = 6053, .adv_w = 151, .box_w = 10, .box_h = 25, .ofs_x = 0, .ofs_y = -5},
    {.bitmap_index = 6178, .adv_w = 130, .box_w = 6, .box_h = 25, .ofs_x = 0, .ofs_y = -5},
    {.bitmap_index = 6253, .adv_w = 213, .box_w = 11, .box_h = 11, .ofs_x = 1, .ofs_y = 8},
    {.bitmap_index = 6314, .adv_w = 215, .box_w = 14, .box_h = 2, .ofs_x = 0, .ofs_y = -4},
    {.bitmap_index = 6328, .adv_w = 233, .box_w = 6, .box_h = 6, .ofs_x = 3, .ofs_y = 16},
    {.bitmap_index = 6346, .adv_w = 216, .box_w = 11, .box_h = 14, .ofs_x = 1, .ofs_y = 0},
    {.bitmap_index = 6423, .adv_w = 237, .box_w = 12, .box_h = 20, .ofs_x = 2, .ofs_y = 0},
    {.bitmap_index = 6543, .adv_w = 196, .box_w = 11, .box_h = 14, .ofs_x = 1, .ofs_y = 0},
    {.bitmap_index = 6620, .adv_w = 238, .box_w = 12, .box_h = 20, .ofs_x = 1, .ofs_y = 0},
    {.bitmap_index = 6740, .adv_w = 213, .box_w = 12, .box_h = 14, .ofs_x = 1, .ofs_y = 0},
    {.bitmap_index = 6824, .adv_w = 125, .box_w = 9, .box_h = 20, .ofs_x = 0, .ofs_y = 0},
    {.bitmap_index = 6914, .adv_w = 217, .box_w = 13, .box_h = 20, .ofs_x = 1, .ofs_y = -6},
    {.bitmap_index = 7044, .adv_w = 233, .box_w = 11, .box_h = 20, .ofs_x = 2, .ofs_y = 0},
    {.bitmap_index = 7154, .adv_w = 106, .box_w = 4, .box_h = 20, .ofs_x = 1, .ofs_y = 0},
    {.bitmap_index = 7194, .adv_w = 106, .box_w = 7, .box_h = 26, .ofs_x = -2, .ofs_y = -6},
    {.bitmap_index = 7285, .adv_w = 212, .box_w = 12, .box_h = 20, .ofs_x = 2, .ofs_y = 0},
    {.bitmap_index = 7405, .adv_w = 109, .box_w = 4, .box_h = 20, .ofs_x = 2, .ofs_y = 0},
    {.bitmap_index = 7445, .adv_w = 356, .box_w = 19, .box_h = 14, .ofs_x = 2, .ofs_y = 0},
    {.bitmap_index = 7578, .adv_w = 234, .box_w = 11, .box_h = 14, .ofs_x = 2, .ofs_y = 0},
    {.bitmap_index = 7655, .adv_w = 233, .box_w = 13, .box_h = 14, .ofs_x = 1, .ofs_y = 0},
    {.bitmap_index = 7746, .adv_w = 238, .box_w = 12, .box_h = 20, .ofs_x = 2, .ofs_y = -6},
    {.bitmap_index = 7866, .adv_w = 238, .box_w = 12, .box_h = 20, .ofs_x = 1, .ofs_y = -6},
    {.bitmap_index = 7986, .adv_w = 149, .box_w = 8, .box_h = 14, .ofs_x = 2, .ofs_y = 0},
    {.bitmap_index = 8042, .adv_w = 180, .box_w = 11, .box_h = 14, .ofs_x = 0, .ofs_y = 0},
    {.bitmap_index = 8119, .adv_w = 145, .box_w = 9, .box_h = 18, .ofs_x = 0, .ofs_y = 0},
    {.bitmap_index = 8200, .adv_w = 233, .box_w = 11, .box_h = 14, .ofs_x = 2, .ofs_y = 0},
    {.bitmap_index = 8277, .adv_w = 200, .box_w = 13, .box_h = 14, .ofs_x = 0, .ofs_y = 0},
    {.bitmap_index = 8368, .adv_w = 308, .box_w = 19, .box_h = 14, .ofs_x = 0, .ofs_y = 0},
    {.bitmap_index = 8501, .adv_w = 191, .box_w = 12, .box_h = 14, .ofs_x = 0, .ofs_y = 0},
    {.bitmap_index = 8585, .adv_w = 200, .box_w = 13, .box_h = 20, .ofs_x = 0, .ofs_y = -6},
    {.bitmap_index = 8715, .adv_w = 182, .box_w = 11, .box_h = 14, .ofs_x = 0, .ofs_y = 0},
    {.bitmap_index = 8792, .adv_w = 130, .box_w = 8, .box_h = 25, .ofs_x = 0, .ofs_y = -5},
    {.bitmap_index = 8892, .adv_w = 104, .box_w = 3, .box_h = 28, .ofs_x = 2, .ofs_y = -7},
    {.bitmap_index = 8934, .adv_w = 130, .box_w = 8, .box_h = 25, .ofs_x = 0, .ofs_y = -5},
    {.bitmap_index = 9034, .adv_w = 213, .box_w = 13, .box_h = 4, .ofs_x = 0, .ofs_y = 7},
    {.bitmap_index = 9060, .adv_w = 142, .box_w = 7, .box_h = 9, .ofs_x = 1, .ofs_y = 11},
    {.bitmap_index = 9092, .adv_w = 384, .box_w = 6, .box_h = 6, .ofs_x = 9, .ofs_y = 7},
    {.bitmap_index = 9110, .adv_w = 384, .box_w = 8, .box_h = 7, .ofs_x = 1, .ofs_y = -1},
    {.bitmap_index = 9138, .adv_w = 384, .box_w = 22, .box_h = 19, .ofs_x = 1, .ofs_y = -1},
    {.bitmap_index = 9347, .adv_w = 384, .box_w = 22, .box_h = 21, .ofs_x = 1, .ofs_y = -2},
    {.bitmap_index = 9578, .adv_w = 384, .box_w = 23, .box_h = 21, .ofs_x = 1, .ofs_y = -2},
    {.bitmap_index = 9820, .adv_w = 384, .box_w = 21, .box_h = 23, .ofs_x = 1, .ofs_y = -3},
    {.bitmap_index = 10062, .adv_w = 384, .box_w = 20, .box_h = 23, .ofs_x = 2, .ofs_y = -2},
    {.bitmap_index = 10292, .adv_w = 384, .box_w = 24, .box_h = 23, .ofs_x = 0, .ofs_y = -2},
    {.bitmap_index = 10568, .adv_w = 384, .box_w = 22, .box_h = 17, .ofs_x = 1, .ofs_y = 0},
    {.bitmap_index = 10755, .adv_w = 384, .box_w = 22, .box_h = 22, .ofs_x = 1, .ofs_y = -3},
    {.bitmap_index = 10997, .adv_w = 384, .box_w = 22, .box_h = 21, .ofs_x = 1, .ofs_y = -2},
    {.bitmap_index = 11228, .adv_w = 384, .box_w = 22, .box_h = 24, .ofs_x = 1, .ofs_y = -3},
    {.bitmap_index = 11492, .adv_w = 384, .box_w = 24, .box_h = 24, .ofs_x = 0, .ofs_y = -3},
    {.bitmap_index = 11780, .adv_w = 384, .box_w = 24, .box_h = 24, .ofs_x = 0, .ofs_y = -3},
    {.bitmap_index = 12068, .adv_w = 384, .box_w = 22, .box_h = 23, .ofs_x = 2, .ofs_y = -3},
    {.bitmap_index = 12321, .adv_w = 384, .box_w = 23, .box_h = 22, .ofs_x = 0, .ofs_y = -2},
    {.bitmap_index = 12574, .adv_w = 384, .box_w = 23, .box_h = 23, .ofs_x = 1, .ofs_y = -2},
    {.bitmap_index = 12839, .adv_w = 384, .box_w = 23, .box_h = 24, .ofs_x = 0, .ofs_y = -3},
    {.bitmap_index = 13115, .adv_w = 384, .box_w = 24, .box_h = 22, .ofs_x = 0, .ofs_y = -2},
    {.bitmap_index = 13379, .adv_w = 384, .box_w = 24, .box_h = 23, .ofs_x = 0, .ofs_y = -2},
    {.bitmap_index = 13655, .adv_w = 384, .box_w = 23, .box_h = 24, .ofs_x = 0, .ofs_y = -3},
    {.bitmap_index = 13931, .adv_w = 384, .box_w = 24, .box_h = 23, .ofs_x = 0, .ofs_y = -2},
    {.bitmap_index = 14207, .adv_w = 384, .box_w = 23, .box_h = 23, .ofs_x = 0, .ofs_y = -2},
    {.bitmap_index = 14472, .adv_w = 384, .box_w = 23, .box_h = 24, .ofs_x = 0, .ofs_y = -3},
    {.bitmap_index = 14748, .adv_w = 384, .box_w = 24, .box_h = 23, .ofs_x = 0, .ofs_y = -2},
    {.bitmap_index = 15024, .adv_w = 384, .box_w = 23, .box_h = 23, .ofs_x = 1, .ofs_y = -2},
    {.bitmap_index = 15289, .adv_w = 384, .box_w = 24, .box_h = 22, .ofs_x = 0, .ofs_y = -2},
    {.bitmap_index = 15553, .adv_w = 384, .box_w = 24, .box_h = 22, .ofs_x = 0, .ofs_y = -1},
    {.bitmap_index = 15817, .adv_w = 384, .box_w = 23, .box_h = 22, .ofs_x = 1, .ofs_y = -2},
    {.bitmap_index = 16070, .adv_w = 384, .box_w = 24, .box_h = 22, .ofs_x = 0, .ofs_y = -3},
    {.bitmap_index = 16334, .adv_w = 384, .box_w = 24, .box_h = 23, .ofs_x = 0, .ofs_y = -3},
    {.bitmap_index = 16610, .adv_w = 384, .box_w = 20, .box_h = 23, .ofs_x = 2, .ofs_y = -2},
    {.bitmap_index = 16840, .adv_w = 384, .box_w = 23, .box_h = 23, .ofs_x = 0, .ofs_y = -3},
    {.bitmap_index = 17105, .adv_w = 384, .box_w = 22, .box_h = 23, .ofs_x = 1, .ofs_y = -3},
    {.bitmap_index = 17358, .adv_w = 384, .box_w = 23, .box_h = 23, .ofs_x = 0, .ofs_y = -3},
    {.bitmap_index = 17623, .adv_w = 384, .box_w = 22, .box_h = 23, .ofs_x = 0, .ofs_y = -3},
    {.bitmap_index = 17876, .adv_w = 384, .box_w = 21, .box_h = 21, .ofs_x = 1, .ofs_y = -1},
    {.bitmap_index = 18097, .adv_w = 384, .box_w = 23, .box_h = 24, .ofs_x = 0, .ofs_y = -3},
    {.bitmap_index = 18373, .adv_w = 384, .box_w = 22, .box_h = 24, .ofs_x = 1, .ofs_y = -3},
    {.bitmap_index = 18637, .adv_w = 384, .box_w = 21, .box_h = 24, .ofs_x = 1, .ofs_y = -3},
    {.bitmap_index = 18889, .adv_w = 384, .box_w = 22, .box_h = 23, .ofs_x = 1, .ofs_y = -3},
    {.bitmap_index = 19142, .adv_w = 384, .box_w = 22, .box_h = 23, .ofs_x = 1, .ofs_y = -3},
    {.bitmap_index = 19395, .adv_w = 384, .box_w = 23, .box_h = 24, .ofs_x = 0, .ofs_y = -3},
    {.bitmap_index = 19671, .adv_w = 384, .box_w = 23, .box_h = 23, .ofs_x = 0, .ofs_y = -2},
    {.bitmap_index = 19936, .adv_w = 384, .box_w = 22, .box_h = 22, .ofs_x = 1, .ofs_y = -2},
    {.bitmap_index = 20178, .adv_w = 384, .box_w = 21, .box_h = 21, .ofs_x = 1, .ofs_y = -2},
    {.bitmap_index = 20399, .adv_w = 384, .box_w = 23, .box_h = 21, .ofs_x = 0, .ofs_y = -2},
    {.bitmap_index = 20641, .adv_w = 384, .box_w = 24, .box_h = 23, .ofs_x = 0, .ofs_y = -3},
    {.bitmap_index = 20917, .adv_w = 384, .box_w = 23, .box_h = 24, .ofs_x = 1, .ofs_y = -3},
    {.bitmap_index = 21193, .adv_w = 384, .box_w = 22, .box_h = 22, .ofs_x = 1, .ofs_y = -3},
    {.bitmap_index = 21435, .adv_w = 384, .box_w = 21, .box_h = 24, .ofs_x = 2, .ofs_y = -3},
    {.bitmap_index = 21687, .adv_w = 384, .box_w = 20, .box_h = 21, .ofs_x = 2, .ofs_y = -2},
    {.bitmap_index = 21897, .adv_w = 384, .box_w = 23, .box_h = 23, .ofs_x = 0, .ofs_y = -3},
    {.bitmap_index = 22162, .adv_w = 384, .box_w = 23, .box_h = 22, .ofs_x = 1, .ofs_y = -3},
    {.bitmap_index = 22415, .adv_w = 384, .box_w = 22, .box_h = 24, .ofs_x = 0, .ofs_y = -3},
    {.bitmap_index = 22679, .adv_w = 384, .box_w = 21, .box_h = 23, .ofs_x = 0, .ofs_y = -3},
    {.bitmap_index = 22921, .adv_w = 384, .box_w = 21, .box_h = 23, .ofs_x = 2, .ofs_y = -2},
    {.bitmap_index = 23163, .adv_w = 384, .box_w = 23, .box_h = 23, .ofs_x = 1, .ofs_y = -2},
    {.bitmap_index = 23428, .adv_w = 384, .box_w = 24, .box_h = 22, .ofs_x = 0, .ofs_y = -2},
    {.bitmap_index = 23692, .adv_w = 384, .box_w = 21, .box_h = 22, .ofs_x = 1, .ofs_y = -2},
    {.bitmap_index = 23923, .adv_w = 384, .box_w = 20, .box_h = 22, .ofs_x = 2, .ofs_y = -2},
    {.bitmap_index = 24143, .adv_w = 384, .box_w = 24, .box_h = 22, .ofs_x = 0, .ofs_y = -1},
    {.bitmap_index = 24407, .adv_w = 384, .box_w = 21, .box_h = 22, .ofs_x = 1, .ofs_y = -2},
    {.bitmap_index = 24638, .adv_w = 384, .box_w = 23, .box_h = 23, .ofs_x = 0, .ofs_y = -2},
    {.bitmap_index = 24903, .adv_w = 384, .box_w = 24, .box_h = 24, .ofs_x = 0, .ofs_y = -3},
    {.bitmap_index = 25191, .adv_w = 384, .box_w = 24, .box_h = 23, .ofs_x = 0, .ofs_y = -2},
    {.bitmap_index = 25467, .adv_w = 384, .box_w = 22, .box_h = 23, .ofs_x = 1, .ofs_y = -2},
    {.bitmap_index = 25720, .adv_w = 384, .box_w = 23, .box_h = 21, .ofs_x = 1, .ofs_y = -2},
    {.bitmap_index = 25962, .adv_w = 384, .box_w = 23, .box_h = 24, .ofs_x = 1, .ofs_y = -3},
    {.bitmap_index = 26238, .adv_w = 384, .box_w = 24, .box_h = 23, .ofs_x = 0, .ofs_y = -3},
    {.bitmap_index = 26514, .adv_w = 384, .box_w = 23, .box_h = 24, .ofs_x = 0, .ofs_y = -3},
    {.bitmap_index = 26790, .adv_w = 384, .box_w = 22, .box_h = 24, .ofs_x = 1, .ofs_y = -3},
    {.bitmap_index = 27054, .adv_w = 384, .box_w = 24, .box_h = 24, .ofs_x = 0, .ofs_y = -3},
    {.bitmap_index = 27342, .adv_w = 384, .box_w = 22, .box_h = 23, .ofs_x = 1, .ofs_y = -2},
    {.bitmap_index = 27595, .adv_w = 384, .box_w = 24, .box_h = 23, .ofs_x = 0, .ofs_y = -2},
    {.bitmap_index = 27871, .adv_w = 384, .box_w = 23, .box_h = 24, .ofs_x = 0, .ofs_y = -3},
    {.bitmap_index = 28147, .adv_w = 384, .box_w = 24, .box_h = 23, .ofs_x = 0, .ofs_y = -3},
    {.bitmap_index = 28423, .adv_w = 384, .box_w = 24, .box_h = 23, .ofs_x = 0, .ofs_y = -2},
    {.bitmap_index = 28699, .adv_w = 384, .box_w = 19, .box_h = 24, .ofs_x = 2, .ofs_y = -3},
    {.bitmap_index = 28927, .adv_w = 384, .box_w = 22, .box_h = 21, .ofs_x = 0, .ofs_y = -2},
    {.bitmap_index = 29158, .adv_w = 384, .box_w = 23, .box_h = 23, .ofs_x = 0, .ofs_y = -3},
    {.bitmap_index = 29423, .adv_w = 384, .box_w = 20, .box_h = 22, .ofs_x = 2, .ofs_y = -2},
    {.bitmap_index = 29643, .adv_w = 384, .box_w = 21, .box_h = 20, .ofs_x = 2, .ofs_y = -1},
    {.bitmap_index = 29853, .adv_w = 384, .box_w = 23, .box_h = 23, .ofs_x = 0, .ofs_y = -2},
    {.bitmap_index = 30118, .adv_w = 384, .box_w = 21, .box_h = 23, .ofs_x = 2, .ofs_y = -2},
    {.bitmap_index = 30360, .adv_w = 384, .box_w = 24, .box_h = 23, .ofs_x = 0, .ofs_y = -2},
    {.bitmap_index = 30636, .adv_w = 384, .box_w = 23, .box_h = 24, .ofs_x = 1, .ofs_y = -3},
    {.bitmap_index = 30912, .adv_w = 384, .box_w = 23, .box_h = 23, .ofs_x = 1, .ofs_y = -2},
    {.bitmap_index = 31177, .adv_w = 384, .box_w = 22, .box_h = 22, .ofs_x = 1, .ofs_y = -3},
    {.bitmap_index = 31419, .adv_w = 384, .box_w = 22, .box_h = 23, .ofs_x = 1, .ofs_y = -2},
    {.bitmap_index = 31672, .adv_w = 384, .box_w = 20, .box_h = 23, .ofs_x = 2, .ofs_y = -2},
    {.bitmap_index = 31902, .adv_w = 384, .box_w = 22, .box_h = 23, .ofs_x = 1, .ofs_y = -3},
    {.bitmap_index = 32155, .adv_w = 384, .box_w = 24, .box_h = 24, .ofs_x = 0, .ofs_y = -3},
    {.bitmap_index = 32443, .adv_w = 384, .box_w = 23, .box_h = 21, .ofs_x = 1, .ofs_y = -1},
    {.bitmap_index = 32685, .adv_w = 384, .box_w = 23, .box_h = 22, .ofs_x = 1, .ofs_y = -1},
    {.bitmap_index = 32938, .adv_w = 384, .box_w = 23, .box_h = 24, .ofs_x = 0, .ofs_y = -3},
    {.bitmap_index = 33214, .adv_w = 384, .box_w = 23, .box_h = 22, .ofs_x = 1, .ofs_y = -1},
    {.bitmap_index = 33467, .adv_w = 384, .box_w = 23, .box_h = 24, .ofs_x = 0, .ofs_y = -3},
    {.bitmap_index = 33743, .adv_w = 384, .box_w = 22, .box_h = 23, .ofs_x = 1, .ofs_y = -2},
    {.bitmap_index = 33996, .adv_w = 384, .box_w = 24, .box_h = 24, .ofs_x = 0, .ofs_y = -3},
    {.bitmap_index = 34284, .adv_w = 384, .box_w = 22, .box_h = 22, .ofs_x = 1, .ofs_y = -2},
    {.bitmap_index = 34526, .adv_w = 384, .box_w = 22, .box_h = 24, .ofs_x = 1, .ofs_y = -3},
    {.bitmap_index = 34790, .adv_w = 384, .box_w = 23, .box_h = 23, .ofs_x = 1, .ofs_y = -3},
    {.bitmap_index = 35055, .adv_w = 384, .box_w = 23, .box_h = 23, .ofs_x = 0, .ofs_y = -3},
    {.bitmap_index = 35320, .adv_w = 384, .box_w = 24, .box_h = 23, .ofs_x = 0, .ofs_y = -2},
    {.bitmap_index = 35596, .adv_w = 384, .box_w = 24, .box_h = 22, .ofs_x = 0, .ofs_y = -2},
    {.bitmap_index = 35860, .adv_w = 384, .box_w = 24, .box_h = 23, .ofs_x = 0, .ofs_y = -2},
    {.bitmap_index = 36136, .adv_w = 384, .box_w = 24, .box_h = 24, .ofs_x = 0, .ofs_y = -3},
    {.bitmap_index = 36424, .adv_w = 384, .box_w = 23, .box_h = 24, .ofs_x = 0, .ofs_y = -3},
    {.bitmap_index = 36700, .adv_w = 384, .box_w = 24, .box_h = 24, .ofs_x = 0, .ofs_y = -3},
    {.bitmap_index = 36988, .adv_w = 384, .box_w = 24, .box_h = 24, .ofs_x = 0, .ofs_y = -3},
    {.bitmap_index = 37276, .adv_w = 384, .box_w = 24, .box_h = 24, .ofs_x = 0, .ofs_y = -3},
    {.bitmap_index = 37564, .adv_w = 384, .box_w = 23, .box_h = 23, .ofs_x = 0, .ofs_y = -2},
    {.bitmap_index = 37829, .adv_w = 384, .box_w = 24, .box_h = 23, .ofs_x = 0, .ofs_y = -3},
    {.bitmap_index = 38105, .adv_w = 384, .box_w = 24, .box_h = 23, .ofs_x = 0, .ofs_y = -2},
    {.bitmap_index = 38381, .adv_w = 384, .box_w = 23, .box_h = 24, .ofs_x = 0, .ofs_y = -3},
    {.bitmap_index = 38657, .adv_w = 384, .box_w = 24, .box_h = 24, .ofs_x = 0, .ofs_y = -3},
    {.bitmap_index = 38945, .adv_w = 384, .box_w = 23, .box_h = 23, .ofs_x = 1, .ofs_y = -2},
    {.bitmap_index = 39210, .adv_w = 384, .box_w = 24, .box_h = 23, .ofs_x = 0, .ofs_y = -2},
    {.bitmap_index = 39486, .adv_w = 384, .box_w = 23, .box_h = 23, .ofs_x = 1, .ofs_y = -2},
    {.bitmap_index = 39751, .adv_w = 384, .box_w = 24, .box_h = 24, .ofs_x = 0, .ofs_y = -3},
    {.bitmap_index = 40039, .adv_w = 384, .box_w = 24, .box_h = 24, .ofs_x = 0, .ofs_y = -3},
    {.bitmap_index = 40327, .adv_w = 384, .box_w = 24, .box_h = 24, .ofs_x = 0, .ofs_y = -3},
    {.bitmap_index = 40615, .adv_w = 384, .box_w = 23, .box_h = 24, .ofs_x = 1, .ofs_y = -3},
    {.bitmap_index = 40891, .adv_w = 384, .box_w = 23, .box_h = 23, .ofs_x = 0, .ofs_y = -2},
    {.bitmap_index = 41156, .adv_w = 384, .box_w = 23, .box_h = 21, .ofs_x = 1, .ofs_y = -2},
    {.bitmap_index = 41398, .adv_w = 384, .box_w = 16, .box_h = 21, .ofs_x = 4, .ofs_y = -2},
    {.bitmap_index = 41566, .adv_w = 384, .box_w = 22, .box_h = 23, .ofs_x = 2, .ofs_y = -3},
    {.bitmap_index = 41819, .adv_w = 384, .box_w = 24, .box_h = 22, .ofs_x = 0, .ofs_y = -2},
    {.bitmap_index = 42083, .adv_w = 384, .box_w = 24, .box_h = 20, .ofs_x = 0, .ofs_y = -1},
    {.bitmap_index = 42323, .adv_w = 384, .box_w = 22, .box_h = 24, .ofs_x = 1, .ofs_y = -3},
    {.bitmap_index = 42587, .adv_w = 384, .box_w = 22, .box_h = 24, .ofs_x = 2, .ofs_y = -3},
    {.bitmap_index = 42851, .adv_w = 384, .box_w = 23, .box_h = 22, .ofs_x = 1, .ofs_y = -3},
    {.bitmap_index = 43104, .adv_w = 384, .box_w = 22, .box_h = 22, .ofs_x = 1, .ofs_y = -2},
    {.bitmap_index = 43346, .adv_w = 384, .box_w = 20, .box_h = 22, .ofs_x = 0, .ofs_y = -3},
    {.bitmap_index = 43566, .adv_w = 384, .box_w = 24, .box_h = 22, .ofs_x = 0, .ofs_y = -2},
    {.bitmap_index = 43830, .adv_w = 384, .box_w = 24, .box_h = 23, .ofs_x = 0, .ofs_y = -2},
    {.bitmap_index = 44106, .adv_w = 384, .box_w = 24, .box_h = 24, .ofs_x = 0, .ofs_y = -3},
    {.bitmap_index = 44394, .adv_w = 384, .box_w = 24, .box_h = 22, .ofs_x = 0, .ofs_y = -1},
    {.bitmap_index = 44658, .adv_w = 384, .box_w = 23, .box_h = 24, .ofs_x = 0, .ofs_y = -3},
    {.bitmap_index = 44934, .adv_w = 384, .box_w = 23, .box_h = 24, .ofs_x = 0, .ofs_y = -3},
    {.bitmap_index = 45210, .adv_w = 384, .box_w = 24, .box_h = 24, .ofs_x = 0, .ofs_y = -3},
    {.bitmap_index = 45498, .adv_w = 384, .box_w = 24, .box_h = 24, .ofs_x = 0, .ofs_y = -3},
    {.bitmap_index = 45786, .adv_w = 384, .box_w = 23, .box_h = 24, .ofs_x = 1, .ofs_y = -3},
    {.bitmap_index = 46062, .adv_w = 384, .box_w = 22, .box_h = 23, .ofs_x = 1, .ofs_y = -2},
    {.bitmap_index = 46315, .adv_w = 384, .box_w = 24, .box_h = 23, .ofs_x = 0, .ofs_y = -2},
    {.bitmap_index = 46591, .adv_w = 384, .box_w = 24, .box_h = 23, .ofs_x = 0, .ofs_y = -2},
    {.bitmap_index = 46867, .adv_w = 384, .box_w = 23, .box_h = 23, .ofs_x = 0, .ofs_y = -2},
    {.bitmap_index = 47132, .adv_w = 384, .box_w = 22, .box_h = 23, .ofs_x = 1, .ofs_y = -2},
    {.bitmap_index = 47385, .adv_w = 384, .box_w = 23, .box_h = 22, .ofs_x = 0, .ofs_y = -2},
    {.bitmap_index = 47638, .adv_w = 384, .box_w = 23, .box_h = 24, .ofs_x = 1, .ofs_y = -3},
    {.bitmap_index = 47914, .adv_w = 384, .box_w = 23, .box_h = 23, .ofs_x = 0, .ofs_y = -3},
    {.bitmap_index = 48179, .adv_w = 384, .box_w = 23, .box_h = 23, .ofs_x = 0, .ofs_y = -3},
    {.bitmap_index = 48444, .adv_w = 384, .box_w = 23, .box_h = 24, .ofs_x = 0, .ofs_y = -3},
    {.bitmap_index = 48720, .adv_w = 384, .box_w = 24, .box_h = 24, .ofs_x = 0, .ofs_y = -3},
    {.bitmap_index = 49008, .adv_w = 384, .box_w = 23, .box_h = 24, .ofs_x = 0, .ofs_y = -3},
    {.bitmap_index = 49284, .adv_w = 384, .box_w = 22, .box_h = 21, .ofs_x = 1, .ofs_y = -2},
    {.bitmap_index = 49515, .adv_w = 384, .box_w = 24, .box_h = 23, .ofs_x = 0, .ofs_y = -2},
    {.bitmap_index = 49791, .adv_w = 384, .box_w = 22, .box_h = 23, .ofs_x = 1, .ofs_y = -2},
    {.bitmap_index = 50044, .adv_w = 384, .box_w = 24, .box_h = 21, .ofs_x = 0, .ofs_y = -1},
    {.bitmap_index = 50296, .adv_w = 384, .box_w = 22, .box_h = 22, .ofs_x = 1, .ofs_y = -1},
    {.bitmap_index = 50538, .adv_w = 384, .box_w = 22, .box_h = 22, .ofs_x = 0, .ofs_y = -3},
    {.bitmap_index = 50780, .adv_w = 384, .box_w = 21, .box_h = 22, .ofs_x = 3, .ofs_y = -1},
    {.bitmap_index = 51011, .adv_w = 384, .box_w = 22, .box_h = 22, .ofs_x = 1, .ofs_y = -1},
    {.bitmap_index = 51253, .adv_w = 384, .box_w = 18, .box_h = 21, .ofs_x = 3, .ofs_y = -2},
    {.bitmap_index = 51442, .adv_w = 384, .box_w = 23, .box_h = 22, .ofs_x = 0, .ofs_y = -2},
    {.bitmap_index = 51695, .adv_w = 384, .box_w = 23, .box_h = 23, .ofs_x = 1, .ofs_y = -3},
    {.bitmap_index = 51960, .adv_w = 384, .box_w = 22, .box_h = 21, .ofs_x = 2, .ofs_y = -1},
    {.bitmap_index = 52191, .adv_w = 384, .box_w = 22, .box_h = 23, .ofs_x = 0, .ofs_y = -2},
    {.bitmap_index = 52444, .adv_w = 384, .box_w = 24, .box_h = 23, .ofs_x = 0, .ofs_y = -2},
    {.bitmap_index = 52720, .adv_w = 384, .box_w = 24, .box_h = 23, .ofs_x = 0, .ofs_y = -3},
    {.bitmap_index = 52996, .adv_w = 384, .box_w = 22, .box_h = 24, .ofs_x = 0, .ofs_y = -3},
    {.bitmap_index = 53260, .adv_w = 384, .box_w = 23, .box_h = 22, .ofs_x = 0, .ofs_y = -3},
    {.bitmap_index = 53513, .adv_w = 384, .box_w = 22, .box_h = 24, .ofs_x = 1, .ofs_y = -3},
    {.bitmap_index = 53777, .adv_w = 384, .box_w = 23, .box_h = 23, .ofs_x = 0, .ofs_y = -2},
    {.bitmap_index = 54042, .adv_w = 384, .box_w = 22, .box_h = 23, .ofs_x = 1, .ofs_y = -3},
    {.bitmap_index = 54295, .adv_w = 384, .box_w = 22, .box_h = 22, .ofs_x = 1, .ofs_y = -1},
    {.bitmap_index = 54537, .adv_w = 384, .box_w = 22, .box_h = 22, .ofs_x = 1, .ofs_y = -1},
    {.bitmap_index = 54779, .adv_w = 384, .box_w = 23, .box_h = 23, .ofs_x = 1, .ofs_y = -2},
    {.bitmap_index = 55044, .adv_w = 384, .box_w = 23, .box_h = 24, .ofs_x = 0, .ofs_y = -3},
    {.bitmap_index = 55320, .adv_w = 384, .box_w = 23, .box_h = 24, .ofs_x = 0, .ofs_y = -3},
    {.bitmap_index = 55596, .adv_w = 384, .box_w = 23, .box_h = 24, .ofs_x = 0, .ofs_y = -3},
    {.bitmap_index = 55872, .adv_w = 384, .box_w = 23, .box_h = 24, .ofs_x = 0, .ofs_y = -3},
    {.bitmap_index = 56148, .adv_w = 384, .box_w = 24, .box_h = 23, .ofs_x = 0, .ofs_y = -2},
    {.bitmap_index = 56424, .adv_w = 384, .box_w = 22, .box_h = 23, .ofs_x = 1, .ofs_y = -3},
    {.bitmap_index = 56677, .adv_w = 384, .box_w = 23, .box_h = 22, .ofs_x = 0, .ofs_y = -1},
    {.bitmap_index = 56930, .adv_w = 384, .box_w = 23, .box_h = 23, .ofs_x = 1, .ofs_y = -2},
    {.bitmap_index = 57195, .adv_w = 384, .box_w = 23, .box_h = 22, .ofs_x = 0, .ofs_y = -1},
    {.bitmap_index = 57448, .adv_w = 384, .box_w = 23, .box_h = 23, .ofs_x = 0, .ofs_y = -2},
    {.bitmap_index = 57713, .adv_w = 384, .box_w = 23, .box_h = 23, .ofs_x = 0, .ofs_y = -2},
    {.bitmap_index = 57978, .adv_w = 384, .box_w = 22, .box_h = 21, .ofs_x = 1, .ofs_y = -1},
    {.bitmap_index = 58209, .adv_w = 384, .box_w = 23, .box_h = 24, .ofs_x = 1, .ofs_y = -3},
    {.bitmap_index = 58485, .adv_w = 384, .box_w = 23, .box_h = 24, .ofs_x = 0, .ofs_y = -3},
    {.bitmap_index = 58761, .adv_w = 384, .box_w = 18, .box_h = 23, .ofs_x = 3, .ofs_y = -2},
    {.bitmap_index = 58968, .adv_w = 384, .box_w = 23, .box_h = 24, .ofs_x = 0, .ofs_y = -3},
    {.bitmap_index = 59244, .adv_w = 384, .box_w = 22, .box_h = 22, .ofs_x = 1, .ofs_y = -1},
    {.bitmap_index = 59486, .adv_w = 384, .box_w = 23, .box_h = 22, .ofs_x = 0, .ofs_y = -1},
    {.bitmap_index = 59739, .adv_w = 384, .box_w = 23, .box_h = 24, .ofs_x = 0, .ofs_y = -3},
    {.bitmap_index = 60015, .adv_w = 384, .box_w = 24, .box_h = 23, .ofs_x = 0, .ofs_y = -2},
    {.bitmap_index = 60291, .adv_w = 384, .box_w = 22, .box_h = 24, .ofs_x = 1, .ofs_y = -3},
    {.bitmap_index = 60555, .adv_w = 384, .box_w = 23, .box_h = 22, .ofs_x = 1, .ofs_y = -2},
    {.bitmap_index = 60808, .adv_w = 384, .box_w = 23, .box_h = 23, .ofs_x = 1, .ofs_y = -2},
    {.bitmap_index = 61073, .adv_w = 384, .box_w = 23, .box_h = 23, .ofs_x = 1, .ofs_y = -2},
    {.bitmap_index = 61338, .adv_w = 384, .box_w = 23, .box_h = 22, .ofs_x = 0, .ofs_y = -2},
    {.bitmap_index = 61591, .adv_w = 384, .box_w = 22, .box_h = 22, .ofs_x = 1, .ofs_y = -2},
    {.bitmap_index = 61833, .adv_w = 384, .box_w = 23, .box_h = 24, .ofs_x = 1, .ofs_y = -3},
    {.bitmap_index = 62109, .adv_w = 384, .box_w = 23, .box_h = 23, .ofs_x = 0, .ofs_y = -2},
    {.bitmap_index = 62374, .adv_w = 384, .box_w = 24, .box_h = 22, .ofs_x = 0, .ofs_y = -2},
    {.bitmap_index = 62638, .adv_w = 384, .box_w = 23, .box_h = 21, .ofs_x = 0, .ofs_y = -1},
    {.bitmap_index = 62880, .adv_w = 384, .box_w = 23, .box_h = 23, .ofs_x = 0, .ofs_y = -2},
    {.bitmap_index = 63145, .adv_w = 384, .box_w = 23, .box_h = 22, .ofs_x = 0, .ofs_y = -2},
    {.bitmap_index = 63398, .adv_w = 384, .box_w = 24, .box_h = 22, .ofs_x = 0, .ofs_y = -3},
    {.bitmap_index = 63662, .adv_w = 384, .box_w = 23, .box_h = 23, .ofs_x = 0, .ofs_y = -2},
    {.bitmap_index = 63927, .adv_w = 384, .box_w = 24, .box_h = 22, .ofs_x = 0, .ofs_y = -2},
    {.bitmap_index = 64191, .adv_w = 384, .box_w = 23, .box_h = 22, .ofs_x = 0, .ofs_y = -2},
    {.bitmap_index = 64444, .adv_w = 384, .box_w = 24, .box_h = 24, .ofs_x = 0, .ofs_y = -3},
    {.bitmap_index = 64732, .adv_w = 384, .box_w = 23, .box_h = 22, .ofs_x = 0, .ofs_y = -2},
    {.bitmap_index = 64985, .adv_w = 384, .box_w = 23, .box_h = 23, .ofs_x = 1, .ofs_y = -2},
    {.bitmap_index = 65250, .adv_w = 384, .box_w = 24, .box_h = 22, .ofs_x = 0, .ofs_y = -2},
    {.bitmap_index = 65514, .adv_w = 384, .box_w = 22, .box_h = 23, .ofs_x = 1, .ofs_y = -2},
    {.bitmap_index = 65767, .adv_w = 384, .box_w = 23, .box_h = 22, .ofs_x = 1, .ofs_y = -2},
    {.bitmap_index = 66020, .adv_w = 384, .box_w = 22, .box_h = 21, .ofs_x = 1, .ofs_y = -1},
    {.bitmap_index = 66251, .adv_w = 384, .box_w = 22, .box_h = 21, .ofs_x = 1, .ofs_y = -1},
    {.bitmap_index = 66482, .adv_w = 384, .box_w = 23, .box_h = 23, .ofs_x = 0, .ofs_y = -2},
    {.bitmap_index = 66747, .adv_w = 384, .box_w = 24, .box_h = 24, .ofs_x = 0, .ofs_y = -3},
    {.bitmap_index = 67035, .adv_w = 384, .box_w = 23, .box_h = 23, .ofs_x = 1, .ofs_y = -2},
    {.bitmap_index = 67300, .adv_w = 384, .box_w = 20, .box_h = 22, .ofs_x = 2, .ofs_y = -2},
    {.bitmap_index = 67520, .adv_w = 384, .box_w = 20, .box_h = 23, .ofs_x = 2, .ofs_y = -3},
    {.bitmap_index = 67750, .adv_w = 384, .box_w = 20, .box_h = 23, .ofs_x = 2, .ofs_y = -3},
    {.bitmap_index = 67980, .adv_w = 384, .box_w = 21, .box_h = 22, .ofs_x = 2, .ofs_y = -3},
    {.bitmap_index = 68211, .adv_w = 384, .box_w = 23, .box_h = 24, .ofs_x = 1, .ofs_y = -3},
    {.bitmap_index = 68487, .adv_w = 384, .box_w = 22, .box_h = 21, .ofs_x = 1, .ofs_y = -2},
    {.bitmap_index = 68718, .adv_w = 384, .box_w = 22, .box_h = 24, .ofs_x = 1, .ofs_y = -3},
    {.bitmap_index = 68982, .adv_w = 384, .box_w = 22, .box_h = 22, .ofs_x = 1, .ofs_y = -3},
    {.bitmap_index = 69224, .adv_w = 384, .box_w = 24, .box_h = 23, .ofs_x = 0, .ofs_y = -3},
    {.bitmap_index = 69500, .adv_w = 384, .box_w = 22, .box_h = 23, .ofs_x = 1, .ofs_y = -2},
    {.bitmap_index = 69753, .adv_w = 384, .box_w = 22, .box_h = 23, .ofs_x = 1, .ofs_y = -2},
    {.bitmap_index = 70006, .adv_w = 384, .box_w = 5, .box_h = 9, .ofs_x = 3, .ofs_y = -3},
    {.bitmap_index = 70029, .adv_w = 384, .box_w = 12, .box_h = 20, .ofs_x = 0, .ofs_y = -1}
};

/*---------------------
 *  CHARACTER MAPPING
 *--------------------*/

static const uint16_t unicode_list_1[] = {
    0x00, 0x07, 0x2f52, 0x4d59, 0x4d5b, 0x4d5d, 0x4d5e, 0x4d7d,
    0x4d99, 0x4ddc, 0x4dde, 0x4de1, 0x4dfe, 0x4e15, 0x4e1a, 0x4e35,
    0x4e46, 0x4e6a, 0x4e70, 0x4eac, 0x4ecf, 0x4eeb, 0x4f2d, 0x4f62,
    0x4fac, 0x5091, 0x5095, 0x50b5, 0x50b8, 0x50c3, 0x50dd, 0x511f,
    0x514a, 0x5156, 0x5167, 0x5170, 0x517b, 0x5180, 0x5186, 0x519d,
    0x51eb, 0x51ef, 0x51f8, 0x51f9, 0x524f, 0x5293, 0x52c3, 0x52d2,
    0x52db, 0x5328, 0x533f, 0x5340, 0x535c, 0x535e, 0x5376, 0x537f,
    0x53b8, 0x541d, 0x5474, 0x55b8, 0x562e, 0x564a, 0x5680, 0x57ee,
    0x5840, 0x5857, 0x585d, 0x586a, 0x5879, 0x5881, 0x591b, 0x5aa8,
    0x5adc, 0x5aea, 0x5aee, 0x5b09, 0x5b56, 0x5b5f, 0x5b61, 0x5b6a,
    0x5b90, 0x5b9f, 0x5bc1, 0x5d42, 0x5d53, 0x5d88, 0x5da5, 0x5de4,
    0x5df6, 0x5e50, 0x5e5f, 0x5ea3, 0x5ec1, 0x5ed5, 0x5f13, 0x5f51,
    0x5fb2, 0x5fbf, 0x6015, 0x606f, 0x6160, 0x6166, 0x619b, 0x61a3,
    0x61b9, 0x61c0, 0x61fc, 0x6239, 0x6251, 0x6257, 0x6259, 0x627f,
    0x62b2, 0x62be, 0x62f5, 0x62f7, 0x62f8, 0x6320, 0x641d, 0x647f,
    0x6486, 0x648e, 0x6498, 0x64b3, 0x64c0, 0x6500, 0x6530, 0x6535,
    0x6546, 0x657f, 0x658e, 0x65d2, 0x65e7, 0x6644, 0x6650, 0x6658,
    0x667a, 0x667c, 0x668a, 0x6735, 0x6757, 0x6771, 0x6788, 0x6971,
    0x6a71, 0x6ab5, 0x6b64, 0x6b77, 0x6bb0, 0x6c51, 0x6c8b, 0x6c8e,
    0x6c9b, 0x6cd8, 0x6d55, 0x70d4, 0x7198, 0x71a9, 0x7206, 0x72d7,
    0x7356, 0x746f, 0x7478, 0x7485, 0x7628, 0x763e, 0x765b, 0x7670,
    0x76b1, 0x7735, 0x773d, 0x77bc, 0x77be, 0x788a, 0x790b, 0x7922,
    0x795d, 0x79ca, 0x7a1b, 0x7a29, 0x7a99, 0x7aa2, 0x7ad0, 0x7af1,
    0x7bc3, 0x7c4b, 0x7e14, 0x7e2f, 0x7e37, 0x7e3d, 0x7e66, 0x7ebe,
    0x804d, 0x80a5, 0x813a, 0x817a, 0x842d, 0x8790, 0x879c, 0x87b8,
    0x8918, 0x8af1, 0x8af4, 0x8b08, 0x8b0e, 0x8b16, 0x8b25, 0x8b36,
    0x8c75, 0x8d2d, 0x8ee1, 0x8f17, 0x8f20, 0x8f21, 0x8f24, 0x8f2b,
    0x8f2e, 0x8f50, 0x8f59, 0x8f6a, 0x9038, 0x90e2, 0x911d, 0x911f,
    0x93ef, 0x947e, 0x94cf, 0x953d, 0x9544, 0x9549, 0x9595, 0x95b4,
    0x96b2, 0x9743, 0x97c5, 0x97d4, 0x98e6, 0x9e14, 0xfe5c, 0xfe6f
};

/*Collect the unicode lists and glyph_id offsets*/
static const lv_font_fmt_txt_cmap_t cmaps[] =
{
    {
        .range_start = 32, .range_length = 95, .glyph_id_start = 1,
        .unicode_list = NULL, .glyph_id_ofs_list = NULL, .list_length = 0, .type = LV_FONT_FMT_TXT_CMAP_FORMAT0_TINY
    },
    {
        .range_start = 176, .range_length = 65136, .glyph_id_start = 96,
        .unicode_list = unicode_list_1, .glyph_id_ofs_list = NULL, .list_length = 240, .type = LV_FONT_FMT_TXT_CMAP_SPARSE_TINY
    }
};

/*-----------------
 *    KERNING
 *----------------*/

/*Map glyph_ids to kern left classes*/
static const uint8_t kern_left_class_mapping[] =
{
    0, 0, 0, 1, 0, 0, 0, 0,
    1, 2, 0, 0, 0, 3, 4, 3,
    5, 0, 0, 0, 0, 0, 0, 0,
    0, 0, 0, 6, 6, 0, 0, 0,
    0, 0, 7, 8, 9, 10, 11, 12,
    13, 0, 0, 14, 15, 16, 0, 0,
    10, 17, 10, 18, 19, 20, 21, 22,
    23, 24, 25, 26, 2, 27, 0, 0,
    0, 0, 28, 29, 30, 0, 31, 32,
    33, 34, 0, 0, 35, 36, 34, 34,
    29, 29, 37, 38, 39, 40, 37, 41,
    42, 43, 44, 45, 2, 0, 0, 0,
    0, 0, 0, 0, 0, 0, 0, 0,
    0, 0, 0, 0, 0, 0, 0, 0,
    0, 0, 0, 0, 0, 0, 0, 0,
    0, 0, 0, 0, 0, 0, 0, 0,
    0, 0, 0, 0, 0, 0, 0, 0,
    0, 0, 0, 0, 0, 0, 0, 0,
    0, 0, 0, 0, 0, 0, 0, 0,
    0, 0, 0, 0, 0, 0, 0, 0,
    0, 0, 0, 0, 0, 0, 0, 0,
    0, 0, 0, 0, 0, 0, 0, 0,
    0, 0, 0, 0, 0, 0, 0, 0,
    0, 0, 0, 0, 0, 0, 0, 0,
    0, 0, 0, 0, 0, 0, 0, 0,
    0, 0, 0, 0, 0, 0, 0, 0,
    0, 0, 0, 0, 0, 0, 0, 0,
    0, 0, 0, 0, 0, 0, 0, 0,
    0, 0, 0, 0, 0, 0, 0, 0,
    0, 0, 0, 0, 0, 0, 0, 0,
    0, 0, 0, 0, 0, 0, 0, 0,
    0, 0, 0, 0, 0, 0, 0, 0,
    0, 0, 0, 0, 0, 0, 0, 0,
    0, 0, 0, 0, 0, 0, 0, 0,
    0, 0, 0, 0, 0, 0, 0, 0,
    0, 0, 0, 0, 0, 0, 0, 0,
    0, 0, 0, 0, 0, 0, 0, 0,
    0, 0, 0, 0, 0, 0, 0, 0,
    0, 0, 0, 0, 0, 0, 0, 0,
    0, 0, 0, 0, 0, 0, 0, 0,
    0, 0, 0, 0, 0, 0, 0, 0,
    0, 0, 0, 0, 0, 0, 0, 0
};

/*Map glyph_ids to kern right classes*/
static const uint8_t kern_right_class_mapping[] =
{
    0, 0, 1, 2, 0, 0, 0, 0,
    2, 0, 3, 4, 0, 5, 6, 7,
    8, 0, 0, 0, 0, 0, 0, 0,
    0, 0, 0, 9, 10, 0, 0, 0,
    11, 0, 12, 0, 13, 0, 0, 0,
    13, 0, 0, 14, 0, 0, 0, 0,
    13, 0, 13, 0, 15, 16, 17, 18,
    19, 20, 21, 22, 0, 23, 3, 0,
    0, 0, 24, 0, 25, 25, 25, 26,
    27, 0, 28, 29, 0, 0, 30, 30,
    25, 30, 25, 30, 31, 32, 33, 34,
    35, 36, 37, 38, 0, 0, 3, 0,
    0, 0, 0, 0, 0, 0, 0, 0,
    0, 0, 0, 0, 0, 0, 0, 0,
    0, 0, 0, 0, 0, 0, 0, 0,
    0, 0, 0, 0, 0, 0, 0, 0,
    0, 0, 0, 0, 0, 0, 0, 0,
    0, 0, 0, 0, 0, 0, 0, 0,
    0, 0, 0, 0, 0, 0, 0, 0,
    0, 0, 0, 0, 0, 0, 0, 0,
    0, 0, 0, 0, 0, 0, 0, 0,
    0, 0, 0, 0, 0, 0, 0, 0,
    0, 0, 0, 0, 0, 0, 0, 0,
    0, 0, 0, 0, 0, 0, 0, 0,
    0, 0, 0, 0, 0, 0, 0, 0,
    0, 0, 0, 0, 0, 0, 0, 0,
    0, 0, 0, 0, 0, 0, 0, 0,
    0, 0, 0, 0, 0, 0, 0, 0,
    0, 0, 0, 0, 0, 0, 0, 0,
    0, 0, 0, 0, 0, 0, 0, 0,
    0, 0, 0, 0, 0, 0, 0, 0,
    0, 0, 0, 0, 0, 0, 0, 0,
    0, 0, 0, 0, 0, 0, 0, 0,
    0, 0, 0, 0, 0, 0, 0, 0,
    0, 0, 0, 0, 0, 0, 0, 0,
    0, 0, 0, 0, 0, 0, 0, 0,
    0, 0, 0, 0, 0, 0, 0, 0,
    0, 0, 0, 0, 0, 0, 0, 0,
    0, 0, 0, 0, 0, 0, 0, 0,
    0, 0, 0, 0, 0, 0, 0, 0,
    0, 0, 0, 0, 0, 0, 0, 0,
    0, 0, 0, 0, 0, 0, 0, 0
};

/*Kern values between classes*/
static const int8_t kern_class_values[] =
{
    0, 0, 0, 0, -50, 0, -50, 0,
    0, 0, 0, -24, 0, -41, -5, 0,
    0, 0, 0, -5, 0, 0, 0, 0,
    -14, 0, 0, 0, 0, 0, -10, 0,
    0, 0, 0, 0, 0, 0, 0, 0,
    0, 0, 0, 0, 0, 0, 0, 0,
    0, 0, 0, -10, 0, 0, 0, 0,
    0, 0, 0, 0, 0, 0, 0, 0,
    0, 0, 33, 0, 0, 0, 0, 0,
    0, 0, 0, 0, 0, -41, 0, -60,
    0, 0, 0, 0, 0, 0, 0, 0,
    0, 0, 0, -43, -10, -29, -15, 0,
    -41, 0, 0, 0, -6, 0, 0, 0,
    10, 0, 0, -21, 0, -15, -10, 0,
    -10, 0, 0, 0, 0, 0, 0, 0,
    0, 0, 0, 0, 0, 0, 0, -10,
    -8, -21, 0, -9, -5, -13, -29, -10,
    0, 0, 0, 0, 0, 0, 0, 0,
    0, -12, 0, -4, 0, -7, 0, 0,
    0, 0, 0, 0, 0, 0, 0, 0,
    0, 0, 0, -18, -5, -35, 0, 0,
    0, 0, 0, 0, 0, 0, 0, -11,
    -15, 0, -5, 10, 10, 0, 0, 3,
    -10, 0, 0, 0, 0, 0, 0, 0,
    0, -23, 0, 0, 0, 0, 0, 0,
    0, 0, 0, 0, 0, 0, 0, 0,
    0, 0, -12, 0, 0, 0, 0, 0,
    0, 0, 0, 0, 0, 0, 0, 0,
    0, 0, 0, 0, 0, -24, 0, -41,
    0, 0, 0, 0, 0, 0, -12, -3,
    -5, 0, 0, -24, -8, -7, 0, 1,
    -7, -4, -18, 9, 0, -5, 0, 0,
    0, 0, 9, -7, -3, -4, -3, -3,
    -4, 0, 0, 0, 0, -14, 0, 0,
    0, 0, 0, 0, 0, 0, 0, -8,
    -7, -11, 0, -3, -3, -3, -7, -3,
    0, 0, 0, 0, 0, 0, 0, 0,
    0, -5, 0, -7, -5, -5, -7, 0,
    0, 0, 0, 0, 0, -12, 0, 0,
    0, 0, 0, 0, -13, -5, -11, -8,
    -7, -3, -3, -3, -4, -5, 0, 0,
    0, 0, -10, 0, 0, 0, 0, -13,
    -5, -7, -5, 0, -7, 0, 0, 0,
    0, -16, 0, 0, 0, -8, 0, 0,
    0, -5, 0, -18, 0, -11, 0, -5,
    -3, -8, -10, -10, 0, 0, 0, 0,
    0, 0, 0, 0, 0, 0, 0, 0,
    0, -7, 0, -4, 0, 0, 0, 0,
    0, 0, 0, 0, 0, 0, 0, 0,
    0, 0, 0, 0, 0, 0, 0, 0,
    0, 0, 0, 0, -5, 0, 0, 0,
    0, 0, 0, -11, 0, -5, 0, -14,
    -5, 0, 0, 0, 0, 0, -32, 0,
    -32, -31, 0, 0, 0, -17, -5, -61,
    -10, 0, 0, 1, 1, -11, 0, -14,
    0, -15, -7, 0, -11, 0, 0, -10,
    -10, -5, -8, -10, -8, -12, -8, -13,
    0, 0, 0, -13, 0, 0, 0, 0,
    0, 0, 0, -3, 0, 0, 0, -10,
    0, -7, -3, 0, 0, 0, 0, 0,
    0, 0, 0, 0, 0, 0, 0, 0,
    0, 0, 0, 0, 0, 0, 0, 0,
    0, 0, -11, 0, -11, 0, 0, 0,
    0, 0, 0, -18, 0, 0, 0, 0,
    0, 0, 0, 0, 0, 0, 0, 0,
    0, 0, 0, 0, 0, 0, 0, 0,
    0, 0, 0, 0, 0, -10, 0, -18,
    0, -13, 0, 0, 0, 0, -4, -5,
    -10, 0, -5, -8, -7, -6, -5, 0,
    -8, 0, 0, 0, -4, 0, 0, 0,
    -5, 0, 0, -15, -7, -10, -8, -8,
    -10, -7, 0, -38, 0, -66, 0, -24,
    0, 0, 0, 0, -15, 0, -12, 0,
    -11, -53, -13, -34, -25, 0, -33, 0,
    -35, 0, -6, -7, -3, 0, 0, 0,
    0, -10, -5, -17, -15, 0, -17, 0,
    0, 0, 0, 0, -49, -15, -49, -35,
    0, 0, 0, -23, 0, -64, -5, -12,
    0, 0, 0, -11, -5, -36, 0, -20,
    -12, 0, -14, 0, 0, 0, -5, 0,
    0, 0, 0, -7, 0, -10, 0, 0,
    0, -5, 0, -13, 0, 0, 0, 0,
    0, -3, 0, -8, -7, -7, 0, 1,
    2, -3, -2, -5, 0, -3, -5, 0,
    -3, 0, 0, 0, 0, 0, 0, 0,
    0, -4, 0, -4, 0, 0, 0, -8,
    0, 5, 0, 0, 0, 0, 0, 0,
    0, -7, -7, -10, 0, 0, 0, 0,
    -7, 0, 0, 0, 0, 0, 0, 0,
    0, 0, 0, -11, 0, 0, 0, 0,
    0, -1, 0, 0, 0, 0, -46, -32,
    -46, -40, -10, -10, 0, -18, -11, -56,
    -18, 0, 0, 0, 0, -10, -7, -24,
    0, -32, -29, -8, -32, 0, 0, -21,
    -26, -8, -21, -15, -16, -18, -15, -33,
    0, 0, 0, 0, -8, 0, -8, -15,
    0, 0, 0, -8, 0, -21, -5, 0,
    0, -3, 0, -5, -7, 0, 0, -3,
    0, 0, -5, 0, 0, 0, -3, 0,
    0, 0, 0, -4, 0, 0, 0, 0,
    0, 0, -29, -9, -29, -22, 0, 0,
    0, -7, -5, -32, -5, 0, -5, 3,
    0, 0, 0, -9, 0, -10, -7, 0,
    -10, 0, 0, -10, -6, 0, -14, -5,
    -5, -7, -5, -12, 0, 0, 0, 0,
    -15, -5, -15, -14, 0, 0, 0, 0,
    -3, -30, -3, 0, 0, 0, 0, 0,
    0, -3, 0, -8, 0, 0, -7, 0,
    0, 0, 0, 0, 0, 0, 0, 0,
    0, -5, 0, -5, 0, -5, 0, -13,
    0, 0, 0, 0, 0, 0, -8, -2,
    -7, -10, -5, 0, 0, 0, 0, 0,
    0, -5, -4, -8, 0, 0, 0, 0,
    0, -8, -5, -8, -7, -5, -8, -7,
    0, 0, 0, 0, -40, -29, -40, -30,
    -12, -12, -4, -7, -7, -44, -8, -7,
    -5, 0, 0, 0, 0, -12, 0, -30,
    -19, 0, -27, 0, 0, -18, -19, -13,
    -15, -7, -11, -15, -7, -21, 0, 0,
    0, 0, 0, -16, 0, 0, 0, 0,
    0, -3, -10, -15, -14, 0, -5, -3,
    -3, 0, -7, -8, 0, -8, -10, -10,
    -7, 0, 0, 0, 0, -7, -11, -8,
    -8, -11, -8, 0, 0, 0, 0, 0,
    0, 0, 0, 0, 0, 0, 0, 0,
    0, 0, 0, -38, -14, -24, -14, 0,
    -32, 0, 0, 0, 0, 0, 13, 0,
    30, 0, 0, 0, 0, -10, -5, 0,
    5, 0, 0, 0, 0, -24, 0, 0,
    0, 0, 0, 0, -6, 0, 0, 0,
    0, -11, 0, -8, -3, 0, -11, 0,
    0, 0, 0, 0, 0, 0, 0, 0,
    0, -7, 0, 0, 0, 0, 0, 0,
    0, -14, 0, -12, -5, 2, -5, 0,
    0, 0, -6, 0, 0, 0, 0, -26,
    0, -9, 0, -3, -21, 0, -12, -7,
    0, -2, 0, 0, 0, 0, -2, -8,
    0, -3, -3, -8, -3, -3, 0, 0,
    0, 0, 0, -10, 0, 0, 0, 0,
    0, 0, 0, 0, 0, -10, 0, -7,
    0, 0, -11, 0, 0, -5, -10, 0,
    -5, 0, 0, 0, 0, -5, 0, 2,
    2, 2, 2, 0, 0, 0, 0, -16,
    0, 3, 0, 0, 0, 0, -4, 0,
    0, -10, -10, -11, 0, -8, -5, 0,
    -12, 0, -10, -7, 0, -2, -5, 0,
    0, 0, 0, -5, 0, 1, 1, -4,
    1, -1, 5, 16, 20, 0, -23, -7,
    -23, -7, 0, 0, 10, 0, 0, 0,
    0, 19, 0, 28, 19, 13, 25, 0,
    26, -10, -5, 0, -7, 0, -5, 0,
    -3, 0, 0, 5, 0, -3, 0, -7,
    0, 0, 5, -15, 0, 0, 0, 20,
    0, 0, -17, 0, 0, 0, 0, -12,
    0, 0, 0, 0, -7, 0, 0, -8,
    -7, 0, 0, 0, 15, 0, 0, 0,
    0, -3, -3, 0, 5, -7, 0, 0,
    0, -16, 0, 0, 0, 0, 0, 0,
    -4, 0, 0, 0, 0, -11, 0, -5,
    0, 0, -8, 0, 0, 0, 0, 0,
    0, 0, 0, 0, 0, 0, 0, 0,
    0, 0, 0, 0, 0, 0, 0, -10,
    5, -19, 5, 0, 5, 5, -6, 0,
    0, 0, 0, -16, 0, 0, 0, 0,
    -6, 0, 0, -5, -9, 0, -5, 0,
    -5, 0, 0, -10, -7, 0, 0, -4,
    0, -4, 0, 0, 0, 0, 0, 0,
    0, 0, 0, 0, 0, 0, 0, 0,
    0, 0, 0, 0, 0, 0, 0, 0,
    0, 0, 0, 0, 0, 0, 2, 0,
    0, 0, 0, 0, 0, 0, 0, 0,
    0, 0, 0, -12, 0, 0, 0, 0,
    0, 0, 0, 0, 0, 0, 0, -10,
    0, -7, 0, 0, -14, 0, 0, 0,
    0, 0, 0, 0, 0, 0, 0, 0,
    0, 0, 0, 0, 0, 0, 0, 0,
    0, 0, -25, -11, -25, -16, 10, 10,
    0, -7, 0, -24, 0, 0, 0, 0,
    0, 0, 0, -5, 5, -11, -5, 0,
    -5, 0, 0, 0, -3, 0, 0, 10,
    7, 0, 10, -3, 0, 0, 0, -23,
    0, 3, 0, 0, 0, 0, -6, 0,
    0, 0, 0, -11, 0, -5, 0, 0,
    -10, 0, 0, 0, 0, 0, 0, 0,
    0, 0, 0, -10, 0, 0, 0, 0,
    0, 0, 0, 0, 0, 0, 2, -12,
    2, 3, 5, 5, -12, 0, 0, 0,
    0, -7, 0, 0, 0, 0, -3, 0,
    0, -10, -7, 0, -5, 0, 0, 0,
    -5, -10, 0, 0, 0, -8, 0, 0,
    0, 0, 0, -6, -15, -4, -15, -10,
    0, 0, 0, -6, 0, -18, 0, -10,
    0, -5, 0, 0, -7, -5, 0, -10,
    -3, 0, 0, 0, -5, 0, 0, 0,
    0, 0, 0, 0, 0, -11, 0, 0,
    0, -6, -17, 0, -17, -4, 0, 0,
    0, -3, 0, -14, 0, -11, 0, -5,
    0, -7, -11, 0, 0, -5, -3, 0,
    0, 0, -5, 0, 0, 0, 0, 0,
    0, 0, 0, -8, -7, 0, 0, -11,
    2, -7, -4, 0, 0, 2, 0, 0,
    -5, 0, -3, -15, 0, -7, 0, -5,
    -15, 0, 0, -5, -8, 0, 0, 0,
    0, 0, 0, -11, 0, 0, 0, 0,
    -2, 0, 0, 0, 0, 0, -15, 0,
    -15, -7, 0, 0, 0, 0, 0, -18,
    0, -10, 0, -3, 0, -3, -4, 0,
    0, -10, -3, 0, 0, 0, -5, 0,
    0, 0, 0, 0, 0, -7, 0, -11,
    0, 0, 0, 0, 0, -8, 0, 0,
    0, 0, 0, 0, 0, 0, 0, -12,
    0, 0, 0, 0, -14, 0, 0, -11,
    -5, 0, -3, 0, 0, 0, 0, 0,
    -5, -3, 0, 0, -3, 0
};

/*Collect the kern class' data in one place*/
static const lv_font_fmt_txt_kern_classes_t kern_classes =
{
    .class_pair_values   = kern_class_values,
    .left_class_mapping  = kern_left_class_mapping,
    .right_class_mapping = kern_right_class_mapping,
    .left_class_cnt      = 45,
    .right_class_cnt     = 38,
};

/*--------------------
 *  ALL CUSTOM DATA
 *--------------------*/

#if LVGL_VERSION_MAJOR == 8
/*Store all the custom data of the font*/
static  lv_font_fmt_txt_glyph_cache_t cache;
#endif

#if LVGL_VERSION_MAJOR >= 8
static const lv_font_fmt_txt_dsc_t font_dsc = {
#else
static lv_font_fmt_txt_dsc_t font_dsc = {
#endif
    .glyph_bitmap = glyph_bitmap,
    .glyph_dsc = glyph_dsc,
    .cmaps = cmaps,
    .kern_dsc = &kern_classes,
    .kern_scale = 16,
    .cmap_num = 2,
    .bpp = 4,
    .kern_classes = 1,
    .bitmap_format = 0,
#if LVGL_VERSION_MAJOR == 8
    .cache = &cache
#endif

};



/*-----------------
 *  PUBLIC FONT
 *----------------*/

/*Initialize a public general font descriptor*/
#if LVGL_VERSION_MAJOR >= 8
const lv_font_t title_24_data = {
#else
lv_font_t title_24_data = {
#endif
    .get_glyph_dsc = lv_font_get_glyph_dsc_fmt_txt,    /*Function pointer to get glyph's data*/
    .get_glyph_bitmap = lv_font_get_bitmap_fmt_txt,    /*Function pointer to get glyph's bitmap*/
    .line_height = 29,          /*The maximum line height required by the font*/
    .base_line = 7,             /*Baseline measured from the bottom of the line*/
#if LV_VERSION_CHECK(9, 6, 0) || LVGL_VERSION_MAJOR >= 10
    .cap_height = 18,           /*Cap height of the font*/
    .x_height = 13,               /*x-height of the font*/
#endif
#if !(LVGL_VERSION_MAJOR == 6 && LVGL_VERSION_MINOR == 0)
    .subpx = LV_FONT_SUBPX_NONE,
#endif
#if LV_VERSION_CHECK(7, 4, 0) || LVGL_VERSION_MAJOR >= 8
    .underline_position = -3,
    .underline_thickness = 1,
#endif

#if LV_VERSION_CHECK(9, 3, 0)
    .static_bitmap = 1,    /*Bitmaps are stored as const so they are always static if not compressed */
#endif

    .dsc = &font_dsc,          /*The custom font data. Will be accessed by `get_glyph_bitmap/dsc` */
#if LV_VERSION_CHECK(8, 2, 0) || LVGL_VERSION_MAJOR >= 9
    .fallback = NULL,
#endif
    .user_data = NULL,
};



#endif /*#if TITLE_24_DATA*/
